{
"label": "a",
"gestures": [
{
"l_hand_position": null,
"l_wrist": [
0.016602646559476852,
0.07566761225462017,
0.045327719300985635
],
"l_thumb_cmc": [
-0.016482636332511902,
0.055811472237110825,
0.024943774566054625
],
"l_thumb_mcp": [
-0.03651463985443115,
0.03054822422564067,
0.016000486910343253
],
"l_thumb_ip": [
-0.05402490869164467,
0.0008524036966264396,
0.004018058534711646
],
"l_thumb_tip": [
-0.05062725394964218,
-0.027140004560351667,
-0.005556728690862712
],
"l_index_mcp": [
-0.02923901379108429,
-0.001862390432506816,
0.0026026018895209126
],
"l_index_pip": [
-0.030170487239956856,
-0.01003452017903338,
-0.023598434403538916
],
"l_index_dip": [
-0.03186667710542679,
0.008313186466693958,
-0.027163097634911808
],
"l_index_tip": [
-0.033496130257844925,
0.030189076438546476,
-0.010129507631063631
],
"l_middle_mcp": [
-0.00506681390106678,
-0.002890407573431769,
0.0035451913718134585
],
"l_middle_pip": [
-0.010479763150215149,
-0.01489339023828532,
-0.03137226030230563
],
"l_middle_dip": [
-0.017138004302978516,
0.01081626117229472,
-0.0414389409124856
],
"l_middle_tip": [
-0.012893506325781345,
0.024613095447421296,
-0.018320577219128793
],
"l_ring_mcp": [
0.020156588405370712,
-0.00038665090687573596,
-0.0013864857610315269
],
"l_ring_pip": [
0.009648829698562622,
-0.005436968524009018,
-0.03265180811286002
],
"l_ring_dip": [
0.0020371088758111,
0.015801833942532734,
-0.04012745246291216
],
"l_ring_tip": [
0.00782379973679781,
0.03389299288392114,
-0.025536185130477316
],
"l_pinky_mcp": [
0.030919767916202545,
0.01630889438092727,
-0.0032799949403852875
],
"l_pinky_pip": [
0.027504311874508858,
0.004131246823817519,
-0.02150147035717994
],
"l_pinky_dip": [
0.018772484734654427,
0.01776615157723443,
-0.03758978471159961
],
"l_pinky_tip": [
0.01924232393503189,
0.033049270510673974,
-0.029050108045340004
],
"r_hand_position": null,
"r_wrist": null,
"r_thumb_cmc": null,
"r_thumb_mcp": null,
"r_thumb_ip": null,
"r_thumb_tip": null,
"r_index_mcp": null,
"r_index_pip": null,
"r_index_dip": null,
"r_index_tip": null,
"r_middle_mcp": null,
"r_middle_pip": null,
"r_middle_dip": null,
"r_middle_tip": null,
"r_ring_mcp": null,
"r_ring_pip": null,
"r_ring_dip": null,
"r_ring_tip": null,
"r_pinky_mcp": null,
"r_pinky_pip": null,
"r_pinky_dip": null,
"r_pinky_tip": null
}
],
"framerate": 30,
"mirrorable": true
}