{
    "label": "a",
    "label_id": 1,
    "gestures": [
        {
            "wrist": [
                0.016602646559476852,
                0.0756676122546196,
                0.045327719300985336
            ],
            "thumb_cmc": [
                -0.016482636332511902,
                0.05581147223711014,
                0.024943774566054344
            ],
            "thumb_mcp": [
                -0.03651463985443115,
                0.030548224225640297,
                0.01600048691034317
            ],
            "thumb_ip": [
                -0.05402490869164467,
                0.0008524036966264248,
                0.004018058534711599
            ],
            "thumb_tip": [
                -0.05062725394964218,
                -0.027140004560351372,
                -0.005556728690862656
            ],
            "index_mcp": [
                -0.02923901379108429,
                -0.0018623904325067997,
                0.0026026018895208836
            ],
            "index_pip": [
                -0.030170487239956856,
                -0.01003452017903328,
                -0.023598434403538704
            ],
            "index_dip": [
                -0.03186667710542679,
                0.008313186466693878,
                -0.027163097634911537
            ],
            "index_tip": [
                -0.033496130257844925,
                0.03018907643854618,
                -0.010129507631063461
            ],
            "middle_mcp": [
                -0.00506681390106678,
                -0.0028904075734317303,
                0.0035451913718134165
            ],
            "middle_pip": [
                -0.010479763150215149,
                -0.014893390238285065,
                -0.03137226030230522
            ],
            "middle_dip": [
                -0.017138004302978516,
                0.010816261172294617,
                -0.04143894091248512
            ],
            "middle_tip": [
                -0.012893506325781345,
                0.024613095447421074,
                -0.01832057721912861
            ],
            "ring_mcp": [
                0.020156588405370712,
                -0.00038665090687572956,
                -0.0013864857610315084
            ],
            "ring_pip": [
                0.009648829698562622,
                -0.005436968524008989,
                -0.032651808112859726
            ],
            "ring_dip": [
                0.0020371088758111,
                0.01580183394253254,
                -0.040127452462911606
            ],
            "ring_tip": [
                0.00782379973679781,
                0.03389299288392067,
                -0.02553618513047695
            ],
            "pinky_mcp": [
                0.030919767916202545,
                0.016308894380927086,
                -0.0032799949403852224
            ],
            "pinky_pip": [
                0.027504311874508858,
                0.0041312468238174915,
                -0.02150147035717964
            ],
            "pinky_dip": [
                0.018772484734654427,
                0.017766151577234268,
                -0.03758978471159935
            ],
            "pinky_tip": [
                0.01924232393503189,
                0.03304927051067352,
                -0.029050108045339584
            ]
        }
    ]
}