{
"label": "a",
"gestures": [
{
"l_hand_position": [
0.8693804144859314,
0.6156790256500244,
-3.5064041981058836e-07
],
"l_wrist": [
0.014280162751674652,
0.07867643237113953,
0.041062094271183014
],
"l_thumb_cmc": [
-0.017140690237283707,
0.062302615493535995,
0.014415971003472805
],
"l_thumb_mcp": [
-0.04134407266974449,
0.04264695197343826,
0.013481956906616688
],
"l_thumb_ip": [
-0.07620956748723984,
0.02105260267853737,
0.013347737491130829
],
"l_thumb_tip": [
-0.10266215354204178,
0.0075988369062542915,
0.020873624831438065
],
"l_index_mcp": [
-0.028369342908263206,
-0.005749537609517574,
1.0421583283459768e-05
],
"l_index_pip": [
-0.02027377299964428,
-0.012686850503087044,
-0.024364173412322998
],
"l_index_dip": [
-0.021955261006951332,
0.0016608855221420527,
-0.032814204692840576
],
"l_index_tip": [
-0.029740650206804276,
0.008090662769973278,
-0.017856990918517113
],
"l_middle_mcp": [
-0.006324532441794872,
-0.004696100018918514,
0.005085998680442572
],
"l_middle_pip": [
0.0023460041265934706,
-0.014878674410283566,
-0.03718094900250435
],
"l_middle_dip": [
-0.008566990494728088,
0.014341935515403748,
-0.048507209867239
],
"l_middle_tip": [
-0.011007404886186123,
0.010525772348046303,
-0.009861545637249947
],
"l_ring_mcp": [
0.019378362223505974,
0.0008128124754875898,
0.0017595482058823109
],
"l_ring_pip": [
0.019584309309720993,
0.001154520083218813,
-0.033450618386268616
],
"l_ring_dip": [
0.010489515960216522,
0.022324273362755775,
-0.03699431195855141
],
"l_ring_tip": [
0.01189593318849802,
0.024892153218388557,
-0.004546194802969694
],
"l_pinky_mcp": [
0.03449844941496849,
0.017955288290977478,
-0.0003723623522091657
],
"l_pinky_pip": [
0.03873128071427345,
0.01323439460247755,
-0.022983670234680176
],
"l_pinky_dip": [
0.02839810587465763,
0.026484375819563866,
-0.036994725465774536
],
"l_pinky_tip": [
0.022474363446235657,
0.03534083068370819,
-0.025459375232458115
],
"r_hand_position": null,
"r_wrist": null,
"r_thumb_cmc": null,
"r_thumb_mcp": null,
"r_thumb_ip": null,
"r_thumb_tip": null,
"r_index_mcp": null,
"r_index_pip": null,
"r_index_dip": null,
"r_index_tip": null,
"r_middle_mcp": null,
"r_middle_pip": null,
"r_middle_dip": null,
"r_middle_tip": null,
"r_ring_mcp": null,
"r_ring_pip": null,
"r_ring_dip": null,
"r_ring_tip": null,
"r_pinky_mcp": null,
"r_pinky_pip": null,
"r_pinky_dip": null,
"r_pinky_tip": null
}
],
"framerate": 30,
"mirrorable": true
}