{
"label": "a",
"gestures": [
{
"l_hand_position": [
0.7987008094787598,
0.5879350304603577,
-4.1032251374417683e-07
],
"l_wrist": [
0.02223794348537922,
0.07678155601024628,
0.0005494107026606798
],
"l_thumb_cmc": [
-0.0110976193100214,
0.059622060507535934,
-0.013530327938497066
],
"l_thumb_mcp": [
-0.038193266838788986,
0.041609007865190506,
-0.005964240990579128
],
"l_thumb_ip": [
-0.07259039580821991,
0.021288394927978516,
0.004676674492657185
],
"l_thumb_tip": [
-0.0950048491358757,
0.003009953536093235,
0.018444621935486794
],
"l_index_mcp": [
-0.030453214421868324,
-0.0005725163500756025,
0.002893575467169285
],
"l_index_pip": [
-0.0252513624727726,
-0.013716698624193668,
-0.019579444080591202
],
"l_index_dip": [
-0.0250050388276577,
-0.0013839193852618337,
-0.030696231871843338
],
"l_index_tip": [
-0.028192436322569847,
0.012899043969810009,
-0.01760021597146988
],
"l_middle_mcp": [
-0.007679005153477192,
-0.0033402428962290287,
0.008116885088384151
],
"l_middle_pip": [
-0.0031134109012782574,
-0.016042018309235573,
-0.03573106601834297
],
"l_middle_dip": [
-0.01114429160952568,
0.014049036428332329,
-0.04720068350434303
],
"l_middle_tip": [
-0.010589856654405594,
0.012173306196928024,
-0.007666410878300667
],
"l_ring_mcp": [
0.02089116722345352,
-0.0009594068396836519,
0.0005213355179876089
],
"l_ring_pip": [
0.01613580621778965,
-0.0046911826357245445,
-0.03501378744840622
],
"l_ring_dip": [
0.011359496973454952,
0.019329970702528954,
-0.04132208600640297
],
"l_ring_tip": [
0.01642664521932602,
0.023990372195839882,
-0.012212074361741543
],
"l_pinky_mcp": [
0.03661338984966278,
0.011224325746297836,
-0.009018396027386189
],
"l_pinky_pip": [
0.03842562437057495,
0.004294724203646183,
-0.030881961807608604
],
"l_pinky_dip": [
0.030395405367016792,
0.023020677268505096,
-0.04383676499128342
],
"l_pinky_tip": [
0.031409457325935364,
0.031087800860404968,
-0.027432814240455627
],
"r_hand_position": null,
"r_wrist": null,
"r_thumb_cmc": null,
"r_thumb_mcp": null,
"r_thumb_ip": null,
"r_thumb_tip": null,
"r_index_mcp": null,
"r_index_pip": null,
"r_index_dip": null,
"r_index_tip": null,
"r_middle_mcp": null,
"r_middle_pip": null,
"r_middle_dip": null,
"r_middle_tip": null,
"r_ring_mcp": null,
"r_ring_pip": null,
"r_ring_dip": null,
"r_ring_tip": null,
"r_pinky_mcp": null,
"r_pinky_pip": null,
"r_pinky_dip": null,
"r_pinky_tip": null
}
],
"framerate": 30,
"mirrorable": true
}