{
"label": "a",
"gestures": [
{
"l_hand_position": null,
"l_wrist": null,
"l_thumb_cmc": null,
"l_thumb_mcp": null,
"l_thumb_ip": null,
"l_thumb_tip": null,
"l_index_mcp": null,
"l_index_pip": null,
"l_index_dip": null,
"l_index_tip": null,
"l_middle_mcp": null,
"l_middle_pip": null,
"l_middle_dip": null,
"l_middle_tip": null,
"l_ring_mcp": null,
"l_ring_pip": null,
"l_ring_dip": null,
"l_ring_tip": null,
"l_pinky_mcp": null,
"l_pinky_pip": null,
"l_pinky_dip": null,
"l_pinky_tip": null,
"r_hand_position": [
-0.1554160714149475,
0.09585922956466675,
-0.5000002725975321
],
"r_wrist": [
-0.02252848632633686,
0.07623734325170517,
0.056430138647556305
],
"r_thumb_cmc": [
0.009695947170257568,
0.06291965395212173,
0.02713424526154995
],
"r_thumb_mcp": [
0.03522176668047905,
0.041405562311410904,
0.013698949478566647
],
"r_thumb_ip": [
0.05594364553689957,
0.01885288953781128,
0.00209402060136199
],
"r_thumb_tip": [
0.07586847245693207,
-0.006653148680925369,
-0.00535326823592186
],
"r_index_mcp": [
0.025147978216409683,
-0.0013213437050580978,
-0.0028825330082327127
],
"r_index_pip": [
0.02258019708096981,
0.0006215320900082588,
-0.030681828036904335
],
"r_index_dip": [
0.017792154103517532,
0.012792122550308704,
-0.029746241867542267
],
"r_index_tip": [
0.015410058200359344,
0.032507218420505524,
-0.019798291847109795
],
"r_middle_mcp": [
0.002406273502856493,
-0.0056708501651883125,
0.0025913717690855265
],
"r_middle_pip": [
0.0005433214246295393,
-0.0023301858454942703,
-0.03368770331144333
],
"r_middle_dip": [
-0.0011368300765752792,
0.02590847946703434,
-0.037500541657209396
],
"r_middle_tip": [
0.0033847689628601074,
0.044152550399303436,
-0.010378550738096237
],
"r_ring_mcp": [
-0.015289871022105217,
-0.001181026455014944,
0.0036033433862030506
],
"r_ring_pip": [
-0.018151581287384033,
0.005627083592116833,
-0.02945314347743988
],
"r_ring_dip": [
-0.01686348021030426,
0.030672570690512657,
-0.030504794791340828
],
"r_ring_tip": [
-0.012042595073580742,
0.049424320459365845,
-0.01107775792479515
],
"r_pinky_mcp": [
-0.0393013134598732,
0.011208373121917248,
0.00534230750054121
],
"r_pinky_pip": [
-0.03868455812335014,
0.011184796690940857,
-0.01808721385896206
],
"r_pinky_dip": [
-0.0319301076233387,
0.02823365107178688,
-0.029406651854515076
],
"r_pinky_tip": [
-0.02726512961089611,
0.04839393496513367,
-0.018498878926038742
]
}
],
"framerate": 30,
"mirrorable": true
}