{
"label": "a",
"gestures": [
{
"l_hand_position": [
0.8710981607437134,
0.6212906837463379,
-3.7331719227040594e-07
],
"l_wrist": [
0.013149449601769447,
0.081571564078331,
0.02600526064634323
],
"l_thumb_cmc": [
-0.018113134428858757,
0.06269660592079163,
0.004767043981701136
],
"l_thumb_mcp": [
-0.04113316535949707,
0.040481045842170715,
0.00773893715813756
],
"l_thumb_ip": [
-0.07444778829813004,
0.017367389053106308,
0.012501801364123821
],
"l_thumb_tip": [
-0.09958561509847641,
0.0009043663740158081,
0.02430141344666481
],
"l_index_mcp": [
-0.027896124869585037,
-0.0055545917712152,
0.0017995134694501758
],
"l_index_pip": [
-0.018979141488671303,
-0.012705625966191292,
-0.022220205515623093
],
"l_index_dip": [
-0.02220141515135765,
0.0001313658431172371,
-0.0303676575422287
],
"l_index_tip": [
-0.030844377353787422,
0.007098809815943241,
-0.016573717817664146
],
"l_middle_mcp": [
-0.006349226925522089,
-0.005577903240919113,
0.005927565041929483
],
"l_middle_pip": [
0.0028922653291374445,
-0.014627750962972641,
-0.03702492266893387
],
"l_middle_dip": [
-0.0097626568749547,
0.014409643597900867,
-0.04713141918182373
],
"l_middle_tip": [
-0.012124327011406422,
0.010370150208473206,
-0.008250639773905277
],
"l_ring_mcp": [
0.01945941150188446,
0.001646279590204358,
0.0008676627767272294
],
"l_ring_pip": [
0.02038736082613468,
0.001091350568458438,
-0.03411953151226044
],
"l_ring_dip": [
0.009794224053621292,
0.02288026362657547,
-0.037733785808086395
],
"l_ring_tip": [
0.01122928038239479,
0.025190455839037895,
-0.006345028057694435
],
"l_pinky_mcp": [
0.034969527274370193,
0.01821807771921158,
-0.0036005110014230013
],
"l_pinky_pip": [
0.03957255929708481,
0.012264174409210682,
-0.025674378499388695
],
"l_pinky_dip": [
0.030420007184147835,
0.02706926316022873,
-0.038283638656139374
],
"l_pinky_tip": [
0.02236228995025158,
0.035543594509363174,
-0.02453945018351078
],
"r_hand_position": null,
"r_wrist": null,
"r_thumb_cmc": null,
"r_thumb_mcp": null,
"r_thumb_ip": null,
"r_thumb_tip": null,
"r_index_mcp": null,
"r_index_pip": null,
"r_index_dip": null,
"r_index_tip": null,
"r_middle_mcp": null,
"r_middle_pip": null,
"r_middle_dip": null,
"r_middle_tip": null,
"r_ring_mcp": null,
"r_ring_pip": null,
"r_ring_dip": null,
"r_ring_tip": null,
"r_pinky_mcp": null,
"r_pinky_pip": null,
"r_pinky_dip": null,
"r_pinky_tip": null
}
],
"framerate": 30,
"mirrorable": true
}