{
"label": "a",
"gestures": [
{
"l_hand_position": null,
"l_wrist": null,
"l_thumb_cmc": null,
"l_thumb_mcp": null,
"l_thumb_ip": null,
"l_thumb_tip": null,
"l_index_mcp": null,
"l_index_pip": null,
"l_index_dip": null,
"l_index_tip": null,
"l_middle_mcp": null,
"l_middle_pip": null,
"l_middle_dip": null,
"l_middle_tip": null,
"l_ring_mcp": null,
"l_ring_pip": null,
"l_ring_dip": null,
"l_ring_tip": null,
"l_pinky_mcp": null,
"l_pinky_pip": null,
"l_pinky_dip": null,
"l_pinky_tip": null,
"r_hand_position": [
-0.3511722683906555,
0.30058997869491577,
-0.4999999608057273
],
"r_wrist": [
0.015201423317193985,
0.08961297571659088,
0.022295238450169563
],
"r_thumb_cmc": [
0.03673941642045975,
0.05959516763687134,
0.0177635308355093
],
"r_thumb_mcp": [
0.04657936841249466,
0.025672268122434616,
0.02119714394211769
],
"r_thumb_ip": [
0.04472420737147331,
-0.009325065650045872,
0.018712647259235382
],
"r_thumb_tip": [
0.03590714931488037,
-0.037358928471803665,
0.019598685204982758
],
"r_index_mcp": [
0.017225414514541626,
-0.011336129158735275,
0.016001278534531593
],
"r_index_pip": [
0.03509845584630966,
-0.01778954267501831,
-0.002549391007050872
],
"r_index_dip": [
0.043956827372312546,
-0.00265358854085207,
-0.0015583898639306426
],
"r_index_tip": [
0.0463995598256588,
0.021382683888077736,
0.0052998424507677555
],
"r_middle_mcp": [
-0.0030686710961163044,
-0.004800299182534218,
0.007120596244931221
],
"r_middle_pip": [
0.024708114564418793,
-0.014148488640785217,
-0.019839119166135788
],
"r_middle_dip": [
0.036625780165195465,
0.01291585061699152,
-0.016288399696350098
],
"r_middle_tip": [
0.03869566321372986,
0.03420919552445412,
-0.002175721572712064
],
"r_ring_mcp": [
-0.0118614062666893,
0.005047053098678589,
-0.010611448436975479
],
"r_ring_pip": [
0.015849681571125984,
0.004437454976141453,
-0.030911549925804138
],
"r_ring_dip": [
0.027468310669064522,
0.027318734675645828,
-0.026139821857213974
],
"r_ring_tip": [
0.027982857078313828,
0.052491627633571625,
-0.013067607767879963
],
"r_pinky_mcp": [
-0.02020448073744774,
0.024115361273288727,
-0.024758027866482735
],
"r_pinky_pip": [
0.0011802418157458305,
0.01770227961242199,
-0.03921932354569435
],
"r_pinky_dip": [
0.015408671461045742,
0.03108932450413704,
-0.0399029515683651
],
"r_pinky_tip": [
0.015495231375098228,
0.049011893570423126,
-0.029118603095412254
]
}
],
"framerate": 30,
"mirrorable": true
}