{
"label": "a",
"gestures": [
{
"l_hand_position": null,
"l_wrist": [
0.002180803567171097,
0.08759620785713318,
-0.0019179736264049547
],
"l_thumb_cmc": [
-0.025016432628035545,
0.06614159792661714,
-0.0115309190005065
],
"l_thumb_mcp": [
-0.04400261864066124,
0.039169024676084976,
-0.013050208799541092
],
"l_thumb_ip": [
-0.05877985805273056,
0.00816249009221802,
-0.01560133881866953
],
"l_thumb_tip": [
-0.05746689438819885,
-0.02531482651829747,
-0.014079075306654136
],
"l_index_mcp": [
-0.027882378548383713,
-0.0008031665347516571,
0.004467747174203447
],
"l_index_pip": [
-0.033576350659132004,
-0.009111033752560747,
-0.022569883614778748
],
"l_index_dip": [
-0.03372461348772049,
0.005016937851905854,
-0.025935031473636936
],
"l_index_tip": [
-0.027860868722200394,
0.012666360475123092,
-0.008602775633335221
],
"l_middle_mcp": [
-0.0042511778883636,
-0.0035840456839651112,
0.006820568814873747
],
"l_middle_pip": [
-0.012381565757095814,
-0.014106897637248234,
-0.032783746719360705
],
"l_middle_dip": [
-0.021980807185173035,
0.013605043292045645,
-0.03959425538778343
],
"l_middle_tip": [
-0.010389301925897598,
0.014886585995555104,
-0.007203554734587716
],
"l_ring_mcp": [
0.0194817204028368,
-0.0025939410552382686,
-0.0019803496543318237
],
"l_ring_pip": [
0.006689572706818581,
-0.009237336926162345,
-0.03336922824382807
],
"l_ring_dip": [
-0.00043940870091319084,
0.013636389747262136,
-0.04236691072583241
],
"l_ring_tip": [
0.01218169741332531,
0.020014962181449075,
-0.01710639335215109
],
"l_pinky_mcp": [
0.03084762766957283,
0.010238464921712978,
-0.01249788049608481
],
"l_pinky_pip": [
0.026834113523364067,
-0.0010859100148082085,
-0.03270421177148864
],
"l_pinky_dip": [
0.01736496388912201,
0.014373791404068643,
-0.043687026947737205
],
"l_pinky_tip": [
0.02534102462232113,
0.023740906268358446,
-0.033159952610731395
],
"r_hand_position": null,
"r_wrist": null,
"r_thumb_cmc": null,
"r_thumb_mcp": null,
"r_thumb_ip": null,
"r_thumb_tip": null,
"r_index_mcp": null,
"r_index_pip": null,
"r_index_dip": null,
"r_index_tip": null,
"r_middle_mcp": null,
"r_middle_pip": null,
"r_middle_dip": null,
"r_middle_tip": null,
"r_ring_mcp": null,
"r_ring_pip": null,
"r_ring_dip": null,
"r_ring_tip": null,
"r_pinky_mcp": null,
"r_pinky_pip": null,
"r_pinky_dip": null,
"r_pinky_tip": null
}
],
"framerate": 30,
"mirrorable": true
}