{
"label": "a",
"gestures": [
{
"l_hand_position": [
0.7852615118026733,
0.5630547404289246,
-4.357287082257244e-07
],
"l_wrist": [
0.025519663468003273,
0.06993488222360611,
-0.01947990246117115
],
"l_thumb_cmc": [
-0.010990516282618046,
0.05550907924771309,
-0.02446708269417286
],
"l_thumb_mcp": [
-0.04064573720097542,
0.037910882383584976,
-0.012555942870676517
],
"l_thumb_ip": [
-0.07441461831331253,
0.015638276934623718,
0.01235115248709917
],
"l_thumb_tip": [
-0.09652075916528702,
-0.003956735134124756,
0.03403528034687042
],
"l_index_mcp": [
-0.031294085085392,
0.001750885508954525,
0.003679694375023246
],
"l_index_pip": [
-0.02708887867629528,
-0.01642676629126072,
-0.01688813418149948
],
"l_index_dip": [
-0.02478361874818802,
-0.002512015402317047,
-0.02991596609354019
],
"l_index_tip": [
-0.028198223561048508,
0.016389718279242516,
-0.020166615024209023
],
"l_middle_mcp": [
-0.007577263750135899,
-0.002091547939926386,
0.008518476039171219
],
"l_middle_pip": [
-0.0036687441170215607,
-0.019140401855111122,
-0.03359447047114372
],
"l_middle_dip": [
-0.008145799860358238,
0.010075293481349945,
-0.04746658354997635
],
"l_middle_tip": [
-0.01060898881405592,
0.015535893850028515,
-0.013218418695032597
],
"l_ring_mcp": [
0.02264796756207943,
-0.0028355938848108053,
-0.0004662720311898738
],
"l_ring_pip": [
0.016789061948657036,
-0.011864518746733665,
-0.03556397557258606
],
"l_ring_dip": [
0.013379352167248726,
0.013159225694835186,
-0.043558016419410706
],
"l_ring_tip": [
0.014451510272920132,
0.024580199271440506,
-0.018293099477887154
],
"l_pinky_mcp": [
0.03835882246494293,
0.006722977850586176,
-0.011103620752692223
],
"l_pinky_pip": [
0.041017141193151474,
-0.00661357119679451,
-0.032200127840042114
],
"l_pinky_dip": [
0.034189458936452866,
0.011686570011079311,
-0.04722485691308975
],
"l_pinky_tip": [
0.03000980243086815,
0.02488844469189644,
-0.029195625334978104
],
"r_hand_position": null,
"r_wrist": null,
"r_thumb_cmc": null,
"r_thumb_mcp": null,
"r_thumb_ip": null,
"r_thumb_tip": null,
"r_index_mcp": null,
"r_index_pip": null,
"r_index_dip": null,
"r_index_tip": null,
"r_middle_mcp": null,
"r_middle_pip": null,
"r_middle_dip": null,
"r_middle_tip": null,
"r_ring_mcp": null,
"r_ring_pip": null,
"r_ring_dip": null,
"r_ring_tip": null,
"r_pinky_mcp": null,
"r_pinky_pip": null,
"r_pinky_dip": null,
"r_pinky_tip": null
}
],
"framerate": 30,
"mirrorable": true
}