{
"label": "a",
"gestures": [
{
"l_hand_position": null,
"l_wrist": null,
"l_thumb_cmc": null,
"l_thumb_mcp": null,
"l_thumb_ip": null,
"l_thumb_tip": null,
"l_index_mcp": null,
"l_index_pip": null,
"l_index_dip": null,
"l_index_tip": null,
"l_middle_mcp": null,
"l_middle_pip": null,
"l_middle_dip": null,
"l_middle_tip": null,
"l_ring_mcp": null,
"l_ring_pip": null,
"l_ring_dip": null,
"l_ring_tip": null,
"l_pinky_mcp": null,
"l_pinky_pip": null,
"l_pinky_dip": null,
"l_pinky_tip": null,
"r_hand_position": [
-0.16936805844306946,
0.07382750511169434,
-0.5000000127673854
],
"r_wrist": [
-0.01880900003015995,
0.06724918633699417,
0.05240735784173012
],
"r_thumb_cmc": [
0.008270958438515663,
0.05341024696826935,
0.03059622272849083
],
"r_thumb_mcp": [
0.037872347980737686,
0.03508372604846954,
0.021506493911147118
],
"r_thumb_ip": [
0.0648498386144638,
0.007993653416633606,
0.016211196780204773
],
"r_thumb_tip": [
0.08610764890909195,
-0.015310898423194885,
0.008504055440425873
],
"r_index_mcp": [
0.025296324864029884,
-0.0022575808688998222,
0.0014164375606924295
],
"r_index_pip": [
0.026511486619710922,
-0.0008843857795000076,
-0.028440000489354134
],
"r_index_dip": [
0.02035926654934883,
0.018026376143097878,
-0.027196619659662247
],
"r_index_tip": [
0.015609160996973515,
0.03625349700450897,
-0.00547461723908782
],
"r_middle_mcp": [
0.002023029839619994,
-0.0038484628312289715,
0.004267023876309395
],
"r_middle_pip": [
0.010071603581309319,
-0.007716377265751362,
-0.037409886717796326
],
"r_middle_dip": [
0.007310171145945787,
0.021140877157449722,
-0.043771546334028244
],
"r_middle_tip": [
0.009647846221923828,
0.038547176867723465,
-0.021132677793502808
],
"r_ring_mcp": [
-0.01437719538807869,
-0.00010599149391055107,
0.0001454933371860534
],
"r_ring_pip": [
-0.01181122474372387,
0.0030170860700309277,
-0.036707714200019836
],
"r_ring_dip": [
-0.01137598603963852,
0.024489982053637505,
-0.039073873311281204
],
"r_ring_tip": [
-0.010077055543661118,
0.04749103635549545,
-0.01604139804840088
],
"r_pinky_mcp": [
-0.039355065673589706,
0.009706050157546997,
-0.0009220707579515874
],
"r_pinky_pip": [
-0.03622729703783989,
0.009896141476929188,
-0.02417413890361786
],
"r_pinky_dip": [
-0.030291922390460968,
0.024935981258749962,
-0.03759698197245598
],
"r_pinky_tip": [
-0.029009517282247543,
0.04130062460899353,
-0.024606073275208473
]
}
],
"framerate": 30,
"mirrorable": true
}