{
"label": "a",
"gestures": [
{
"l_hand_position": [
0.7513972520828247,
0.5991158485412598,
-4.1244902604375966e-07
],
"l_wrist": [
0.036706142127513885,
0.0708422064781189,
0.05002089962363243
],
"l_thumb_cmc": [
0.003289661603048444,
0.06253314018249512,
0.02736576460301876
],
"l_thumb_mcp": [
-0.02243746817111969,
0.04960910975933075,
0.018193528056144714
],
"l_thumb_ip": [
-0.05673864483833313,
0.040171995759010315,
0.005171580705791712
],
"l_thumb_tip": [
-0.08020945638418198,
0.029131656512618065,
0.0034608657006174326
],
"l_index_mcp": [
-0.030657250434160233,
0.009047025814652443,
0.0021746279671788216
],
"l_index_pip": [
-0.02963850274682045,
0.005939147435128689,
-0.026243997737765312
],
"l_index_dip": [
-0.023461822420358658,
0.020419873297214508,
-0.026955759152770042
],
"l_index_tip": [
-0.014938208274543285,
0.038465581834316254,
-0.012941651977598667
],
"l_middle_mcp": [
-0.0066062090918421745,
-0.0023475391790270805,
0.0033335131593048573
],
"l_middle_pip": [
-0.010730232112109661,
-0.0059714773669838905,
-0.034621283411979675
],
"l_middle_dip": [
-0.005823718849569559,
0.0220164954662323,
-0.04159248620271683
],
"l_middle_tip": [
0.003948920872062445,
0.03769342973828316,
-0.016945062205195427
],
"l_ring_mcp": [
0.020261552184820175,
-0.007929260842502117,
-0.0018378677777945995
],
"l_ring_pip": [
0.01010748092085123,
-0.0020758777391165495,
-0.033716101199388504
],
"l_ring_dip": [
0.014110054820775986,
0.025204746052622795,
-0.03399001806974411
],
"l_ring_tip": [
0.02525024116039276,
0.0447513572871685,
-0.01596878096461296
],
"l_pinky_mcp": [
0.03472282737493515,
0.0015473500825464725,
-0.0019361473387107253
],
"l_pinky_pip": [
0.029737090691924095,
-0.0009071681415662169,
-0.023765962570905685
],
"l_pinky_dip": [
0.028576597571372986,
0.01709311082959175,
-0.038333725184202194
],
"l_pinky_tip": [
0.031143438071012497,
0.03537098318338394,
-0.026306884363293648
],
"r_hand_position": null,
"r_wrist": null,
"r_thumb_cmc": null,
"r_thumb_mcp": null,
"r_thumb_ip": null,
"r_thumb_tip": null,
"r_index_mcp": null,
"r_index_pip": null,
"r_index_dip": null,
"r_index_tip": null,
"r_middle_mcp": null,
"r_middle_pip": null,
"r_middle_dip": null,
"r_middle_tip": null,
"r_ring_mcp": null,
"r_ring_pip": null,
"r_ring_dip": null,
"r_ring_tip": null,
"r_pinky_mcp": null,
"r_pinky_pip": null,
"r_pinky_dip": null,
"r_pinky_tip": null,
"l_hand_velocity": null,
"r_hand_velocity": null
}
],
"framerate": 30,
"mirrorable": true
}