{
"label": "a",
"gestures": [
{
"l_hand_position": [
0.8003084659576416,
0.6778090000152588,
-1.8658759870504582e-07
],
"l_wrist": [
-0.0163271464407444,
0.07779354602098465,
0.043538711965084076
],
"l_thumb_cmc": [
-0.036797575652599335,
0.057094842195510864,
0.0013902903301641345
],
"l_thumb_mcp": [
-0.03331180661916733,
0.02779054455459118,
-0.01361662708222866
],
"l_thumb_ip": [
-0.02279074117541313,
-0.005215954035520554,
-0.03010166808962822
],
"l_thumb_tip": [
-0.0014283182099461555,
-0.02929580584168434,
-0.03628375381231308
],
"l_index_mcp": [
-0.028006087988615036,
-0.005120106041431427,
-0.019307320937514305
],
"l_index_pip": [
-0.026208067312836647,
-0.018491415306925774,
-0.04370489344000816
],
"l_index_dip": [
-0.02449658513069153,
-0.00827352236956358,
-0.05007709562778473
],
"l_index_tip": [
-0.028283778578042984,
0.012230264022946358,
-0.048729997128248215
],
"l_middle_mcp": [
-0.005310316104441881,
-0.004278910346329212,
0.0015258884523063898
],
"l_middle_pip": [
0.0045834872871637344,
-0.008559527806937695,
-0.036747321486473083
],
"l_middle_dip": [
-0.004891511052846909,
0.01744401827454567,
-0.04470772296190262
],
"l_middle_tip": [
-0.012914059683680534,
0.03341952711343765,
-0.01839165948331356
],
"l_ring_mcp": [
0.01764747127890587,
0.001775464043021202,
0.013969349674880505
],
"l_ring_pip": [
0.02156546339392662,
0.006053919438272715,
-0.023130251094698906
],
"l_ring_dip": [
0.009611816145479679,
0.02568313665688038,
-0.026926390826702118
],
"l_ring_tip": [
7.548369467258453e-05,
0.0404316745698452,
-0.0073449923656880856
],
"l_pinky_mcp": [
0.026096608489751816,
0.01424583699554205,
0.02401692420244217
],
"l_pinky_pip": [
0.03656640648841858,
0.013414813205599785,
-0.002839609980583191
],
"l_pinky_dip": [
0.024560019373893738,
0.03006311133503914,
-0.020254215225577354
],
"l_pinky_tip": [
0.015474752523005009,
0.03960533067584038,
-0.01173851452767849
],
"r_hand_position": null,
"r_wrist": null,
"r_thumb_cmc": null,
"r_thumb_mcp": null,
"r_thumb_ip": null,
"r_thumb_tip": null,
"r_index_mcp": null,
"r_index_pip": null,
"r_index_dip": null,
"r_index_tip": null,
"r_middle_mcp": null,
"r_middle_pip": null,
"r_middle_dip": null,
"r_middle_tip": null,
"r_ring_mcp": null,
"r_ring_pip": null,
"r_ring_dip": null,
"r_ring_tip": null,
"r_pinky_mcp": null,
"r_pinky_pip": null,
"r_pinky_dip": null,
"r_pinky_tip": null
}
],
"framerate": 30,
"mirrorable": true
}