{
"label": "a",
"gestures": [
{
"l_hand_position": null,
"l_wrist": [
0.004821868613362312,
0.07967052608728488,
0.027702813968062776
],
"l_thumb_cmc": [
-0.02276630699634552,
0.057413697242737434,
0.01362267695367343
],
"l_thumb_mcp": [
-0.03650283440947533,
0.024419652298093144,
0.012461533769965297
],
"l_thumb_ip": [
-0.05038410425186157,
-0.005780813749879661,
0.010571512393653539
],
"l_thumb_tip": [
-0.054147131741046906,
-0.03995428979396848,
0.012353803031146667
],
"l_index_mcp": [
-0.028553597629070282,
-0.005141495261341372,
0.006605926435440852
],
"l_index_pip": [
-0.030586881563067436,
-0.01412181649357097,
-0.014952142722904845
],
"l_index_dip": [
-0.03434339910745621,
-0.0015475410036743065,
-0.015982022508979035
],
"l_index_tip": [
-0.03832307830452919,
0.02277568355202694,
-0.003848171327263155
],
"l_middle_mcp": [
-0.005116185639053583,
-0.004122073762118849,
0.0045430334284902105
],
"l_middle_pip": [
-0.009923144243657589,
-0.019187068566680194,
-0.02588306181132828
],
"l_middle_dip": [
-0.018836889415979385,
0.00624077068641784,
-0.034730397164821875
],
"l_middle_tip": [
-0.018993748351931572,
0.026013001799583758,
-0.015485933981836088
],
"l_ring_mcp": [
0.01739184558391571,
0.000835615443065763,
-0.004317539744079174
],
"l_ring_pip": [
0.00873040221631527,
-0.004373732954263723,
-0.03211450576782264
],
"l_ring_dip": [
-0.0009533076081424952,
0.019658297300339012,
-0.03607155382633259
],
"l_ring_tip": [
-0.0018097292631864548,
0.039475608617067705,
-0.01950640045106428
],
"l_pinky_mcp": [
0.029648106545209885,
0.01585652679204964,
-0.010839250870049154
],
"l_pinky_pip": [
0.02663639560341835,
0.005007016472518494,
-0.0298146773129705
],
"l_pinky_dip": [
0.016658635810017586,
0.017286010086536574,
-0.03903750702738814
],
"l_pinky_tip": [
0.011553680524230003,
0.03361088782548935,
-0.03011900931596789
],
"r_hand_position": null,
"r_wrist": null,
"r_thumb_cmc": null,
"r_thumb_mcp": null,
"r_thumb_ip": null,
"r_thumb_tip": null,
"r_index_mcp": null,
"r_index_pip": null,
"r_index_dip": null,
"r_index_tip": null,
"r_middle_mcp": null,
"r_middle_pip": null,
"r_middle_dip": null,
"r_middle_tip": null,
"r_ring_mcp": null,
"r_ring_pip": null,
"r_ring_dip": null,
"r_ring_tip": null,
"r_pinky_mcp": null,
"r_pinky_pip": null,
"r_pinky_dip": null,
"r_pinky_tip": null
}
],
"framerate": 30,
"mirrorable": true
}