{
"label": "a",
"gestures": [
{
"l_hand_position": null,
"l_wrist": [
-0.00036897510290145874,
0.08123221993446403,
0.0024293102324008152
],
"l_thumb_cmc": [
-0.026854513213038445,
0.05831558629870483,
-0.0041994531638920776
],
"l_thumb_mcp": [
-0.04026182368397713,
0.026702385395765638,
0.000958711490966351
],
"l_thumb_ip": [
-0.05376071855425835,
-0.0016866894438862978,
0.0003546465886756826
],
"l_thumb_tip": [
-0.060171399265527725,
-0.03393175080418635,
0.006137706805020639
],
"l_index_mcp": [
-0.028007298707962036,
-0.003463899483904269,
0.008218440227210636
],
"l_index_pip": [
-0.03167594224214554,
-0.016504496335983436,
-0.01355483569204819
],
"l_index_dip": [
-0.03864496201276779,
-0.006759654730558466,
-0.0208462942391636
],
"l_index_tip": [
-0.04270823672413826,
0.018233552575111528,
-0.01590168289840236
],
"l_middle_mcp": [
-0.004359808750450611,
-0.003649217542260921,
0.006571815349161695
],
"l_middle_pip": [
-0.011982386931777,
-0.022255603224039355,
-0.024977188557386617
],
"l_middle_dip": [
-0.024945782497525215,
0.00029175588861108574,
-0.03948554024100335
],
"l_middle_tip": [
-0.026430238038301468,
0.022158736363053468,
-0.026993950828910124
],
"l_ring_mcp": [
0.017981955781579018,
0.0005541571881622064,
-0.004792846273630895
],
"l_ring_pip": [
0.006180217955261469,
-0.01100029889494208,
-0.033229682594538214
],
"l_ring_dip": [
-0.004798624664545059,
0.011939596384763848,
-0.043222252279520416
],
"l_ring_tip": [
-0.007721547037363052,
0.033519342541695,
-0.032304644584656025
],
"l_pinky_mcp": [
0.02924773283302784,
0.01406938768923299,
-0.01587428152561204
],
"l_pinky_pip": [
0.024825487285852432,
-4.4986139982952536e-05,
-0.033596161752939564
],
"l_pinky_dip": [
0.012351363897323608,
0.010038483887910947,
-0.04503988102078488
],
"l_pinky_tip": [
0.007631095591932535,
0.029275791719556132,
-0.03911970928311397
],
"r_hand_position": null,
"r_wrist": null,
"r_thumb_cmc": null,
"r_thumb_mcp": null,
"r_thumb_ip": null,
"r_thumb_tip": null,
"r_index_mcp": null,
"r_index_pip": null,
"r_index_dip": null,
"r_index_tip": null,
"r_middle_mcp": null,
"r_middle_pip": null,
"r_middle_dip": null,
"r_middle_tip": null,
"r_ring_mcp": null,
"r_ring_pip": null,
"r_ring_dip": null,
"r_ring_tip": null,
"r_pinky_mcp": null,
"r_pinky_pip": null,
"r_pinky_dip": null,
"r_pinky_tip": null
}
],
"framerate": 30,
"mirrorable": true
}