{
"label": "a",
"gestures": [
{
"l_hand_position": null,
"l_wrist": [
0.02382127195596695,
0.06801315397024246,
-0.019246950745582896
],
"l_thumb_cmc": [
-0.008521663956344128,
0.048789698630572004,
-0.024363804608583808
],
"l_thumb_mcp": [
-0.028054866939783096,
0.023394031450152737,
-0.013738159090280738
],
"l_thumb_ip": [
-0.05037221685051918,
-0.0017584762535989482,
-0.0009971660329029044
],
"l_thumb_tip": [
-0.0620659664273262,
-0.03055560961365732,
0.01433057989925158
],
"l_index_mcp": [
-0.028635304421186447,
-0.0001101605594158184,
0.004117313306778709
],
"l_index_pip": [
-0.029833264648914337,
-0.018538955599069807,
-0.009250113740563502
],
"l_index_dip": [
-0.028876934200525284,
-0.012434508651495136,
-0.01898432523012182
],
"l_index_tip": [
-0.025844497606158257,
0.006549995392561028,
-0.02922815084457434
],
"l_middle_mcp": [
-0.006548720877617598,
-0.001683810725808149,
0.00726501550525434
],
"l_middle_pip": [
-0.009190625511109829,
-0.02543504349887398,
-0.019465023651719322
],
"l_middle_dip": [
-0.012232622131705284,
-0.008537116460502349,
-0.04144518822431608
],
"l_middle_tip": [
-0.007918600924313068,
0.00796580594033014,
-0.035072423517704544
],
"l_ring_mcp": [
0.017546238377690315,
-0.002269317395985152,
-0.001850033411756176
],
"l_ring_pip": [
0.01235916092991829,
-0.018835818395018824,
-0.02478547766804722
],
"l_ring_dip": [
0.009326944127678871,
-0.0019258108222857374,
-0.04097651317715694
],
"l_ring_tip": [
0.012539706192910671,
0.01483165286481394,
-0.037327971309423814
],
"l_pinky_mcp": [
0.03333767130970955,
0.00803344324231157,
-0.012993312440812702
],
"l_pinky_pip": [
0.03185562416911125,
-0.00693371612578639,
-0.02495222352445152
],
"l_pinky_dip": [
0.02899925783276558,
0.00033289904240522224,
-0.038181953132152856
],
"l_pinky_tip": [
0.02729862928390503,
0.01637722179293644,
-0.0361678488552574
],
"r_hand_position": null,
"r_wrist": null,
"r_thumb_cmc": null,
"r_thumb_mcp": null,
"r_thumb_ip": null,
"r_thumb_tip": null,
"r_index_mcp": null,
"r_index_pip": null,
"r_index_dip": null,
"r_index_tip": null,
"r_middle_mcp": null,
"r_middle_pip": null,
"r_middle_dip": null,
"r_middle_tip": null,
"r_ring_mcp": null,
"r_ring_pip": null,
"r_ring_dip": null,
"r_ring_tip": null,
"r_pinky_mcp": null,
"r_pinky_pip": null,
"r_pinky_dip": null,
"r_pinky_tip": null
}
],
"framerate": 30,
"mirrorable": true
}