{
"label": "k",
"gestures": [
{
"l_hand_position": [
0.5301922559738159,
0.6930478811264038,
1.203336239541386e-07
],
"l_wrist": [
0.019467653706669807,
0.08687205612659454,
0.03290107846260071
],
"l_thumb_cmc": [
-0.011792954988777637,
0.06680890917778015,
0.02481425739824772
],
"l_thumb_mcp": [
-0.02505912259221077,
0.03980559483170509,
0.014069215394556522
],
"l_thumb_ip": [
-0.03571034222841263,
0.007316591218113899,
0.0022772219963371754
],
"l_thumb_tip": [
-0.04681283235549927,
-0.016800913959741592,
-0.009708520956337452
],
"l_index_mcp": [
-0.028780793771147728,
-0.005523488856852055,
0.012157382443547249
],
"l_index_pip": [
-0.04190262407064438,
-0.026630662381649017,
0.0036147190257906914
],
"l_index_dip": [
-0.05111169070005417,
-0.045940570533275604,
-0.0009280057856813073
],
"l_index_tip": [
-0.06515824794769287,
-0.06328956037759781,
-0.018045969307422638
],
"l_middle_mcp": [
-0.005974764470010996,
-0.005756234750151634,
0.005359411705285311
],
"l_middle_pip": [
-0.007930154912173748,
-0.03320474550127983,
-0.01354377344250679
],
"l_middle_dip": [
-0.019104406237602234,
-0.05515487119555473,
-0.029127314686775208
],
"l_middle_tip": [
-0.027090029790997505,
-0.07849287986755371,
-0.043012965470552444
],
"l_ring_mcp": [
0.018375637009739876,
0.0019792946986854076,
-0.008292961865663528
],
"l_ring_pip": [
-0.00448331143707037,
0.013857701793313026,
-0.03055024892091751
],
"l_ring_dip": [
-0.011237113736569881,
0.03947889432311058,
-0.027470409870147705
],
"l_ring_tip": [
-0.005080234259366989,
0.06218649819493294,
-0.014902770519256592
],
"l_pinky_mcp": [
0.028793446719646454,
0.019395189359784126,
-0.015157066285610199
],
"l_pinky_pip": [
0.010085037909448147,
0.028751768171787262,
-0.030581427738070488
],
"l_pinky_dip": [
0.00035673007369041443,
0.04477299377322197,
-0.026879824697971344
],
"l_pinky_tip": [
0.006307813338935375,
0.06041213497519493,
-0.01550805103033781
],
"r_hand_position": null,
"r_wrist": null,
"r_thumb_cmc": null,
"r_thumb_mcp": null,
"r_thumb_ip": null,
"r_thumb_tip": null,
"r_index_mcp": null,
"r_index_pip": null,
"r_index_dip": null,
"r_index_tip": null,
"r_middle_mcp": null,
"r_middle_pip": null,
"r_middle_dip": null,
"r_middle_tip": null,
"r_ring_mcp": null,
"r_ring_pip": null,
"r_ring_dip": null,
"r_ring_tip": null,
"r_pinky_mcp": null,
"r_pinky_pip": null,
"r_pinky_dip": null,
"r_pinky_tip": null,
"l_hand_velocity": null,
"r_hand_velocity": null
}
],
"framerate": 30,
"mirrorable": true
}