{
"label": "k",
"gestures": [
{
"l_hand_position": null,
"l_wrist": null,
"l_thumb_cmc": null,
"l_thumb_mcp": null,
"l_thumb_ip": null,
"l_thumb_tip": null,
"l_index_mcp": null,
"l_index_pip": null,
"l_index_dip": null,
"l_index_tip": null,
"l_middle_mcp": null,
"l_middle_pip": null,
"l_middle_dip": null,
"l_middle_tip": null,
"l_ring_mcp": null,
"l_ring_pip": null,
"l_ring_dip": null,
"l_ring_tip": null,
"l_pinky_mcp": null,
"l_pinky_pip": null,
"l_pinky_dip": null,
"l_pinky_tip": null,
"r_hand_position": [
-0.23664027452468872,
0.302858829498291,
-0.49999977500839066
],
"r_wrist": [
-0.015744591131806374,
0.07044751942157745,
0.05735551565885544
],
"r_thumb_cmc": [
-0.008230047300457954,
0.03694131597876549,
0.05776192992925644
],
"r_thumb_mcp": [
0.014662562869489193,
0.016225123777985573,
0.047622863203287125
],
"r_thumb_ip": [
0.03597581386566162,
0.0033940449357032776,
0.017283150926232338
],
"r_thumb_tip": [
0.03104935586452484,
0.005406132899224758,
-0.005809572990983725
],
"r_index_mcp": [
-0.009732043370604515,
-0.022047419100999832,
0.015324924141168594
],
"r_index_pip": [
0.006911749020218849,
-0.04598226398229599,
-0.0031669973395764828
],
"r_index_dip": [
0.01961512863636017,
-0.058063309639692307,
-0.01415935903787613
],
"r_index_tip": [
0.019745023921132088,
-0.08629053831100464,
-0.04133256897330284
],
"r_middle_mcp": [
-0.0067187827080488205,
-0.004252628423273563,
0.0011346183018758893
],
"r_middle_pip": [
0.0014113150537014008,
-0.030057966709136963,
-0.02363983727991581
],
"r_middle_dip": [
0.004769761115312576,
-0.060383833944797516,
-0.041404031217098236
],
"r_middle_tip": [
0.009466174989938736,
-0.08404908329248428,
-0.047736577689647675
],
"r_ring_mcp": [
0.005516075994819403,
0.011889856308698654,
-0.011354743503034115
],
"r_ring_pip": [
0.032637663185596466,
0.007553593255579472,
-0.01843191124498844
],
"r_ring_dip": [
0.038300126791000366,
0.012078561820089817,
-0.0034296936355531216
],
"r_ring_tip": [
0.037587106227874756,
0.021460652351379395,
0.02161266654729843
],
"r_pinky_mcp": [
0.007867757230997086,
0.03223324194550514,
-0.015501191839575768
],
"r_pinky_pip": [
0.037027567625045776,
0.022511720657348633,
-0.013085456565022469
],
"r_pinky_dip": [
0.04296384006738663,
0.018857957795262337,
0.0045391106978058815
],
"r_pinky_tip": [
0.038687970489263535,
0.03082473948597908,
0.02166343666613102
]
}
],
"framerate": 30,
"mirrorable": true
}