{
    "label": "i",
    "label_id": 9,
    "gestures": [
        {
            "wrist": [
                0.018949449062347412,
                0.08671534061431885,
                -0.01396283321082592
            ],
            "thumb_cmc": [
                -0.009745938703417778,
                0.06650155782699585,
                -0.027897708117961884
            ],
            "thumb_mcp": [
                -0.018206434324383736,
                0.033846333622932434,
                -0.03556659817695618
            ],
            "thumb_ip": [
                -0.01695999689400196,
                -0.0009705438278615475,
                -0.04024665802717209
            ],
            "thumb_tip": [
                0.007139893248677254,
                -0.021778447553515434,
                -0.03865111246705055
            ],
            "index_mcp": [
                -0.028680123388767242,
                0.00392678938806057,
                -0.001198680023662746
            ],
            "index_pip": [
                -0.03381621092557907,
                -0.01262407936155796,
                -0.024194277822971344
            ],
            "index_dip": [
                -0.0272690262645483,
                -0.00013716751709580421,
                -0.032083410769701004
            ],
            "index_tip": [
                -0.024469271302223206,
                0.016369957476854324,
                -0.020870856940746307
            ],
            "middle_mcp": [
                -0.006088133901357651,
                -0.0025506371166557074,
                0.0065694209188222885
            ],
            "middle_pip": [
                -0.009437615983188152,
                -0.023903008550405502,
                -0.023187987506389618
            ],
            "middle_dip": [
                -0.01387588307261467,
                -0.004375698510557413,
                -0.03737257793545723
            ],
            "middle_tip": [
                -0.011581695638597012,
                0.0073444172739982605,
                -0.021674711257219315
            ],
            "ring_mcp": [
                0.018237648531794548,
                -0.0046251434832811356,
                0.001336307032033801
            ],
            "ring_pip": [
                0.012303447350859642,
                -0.0198711808770895,
                -0.025531847029924393
            ],
            "ring_dip": [
                0.00613365089520812,
                0.0002680968027561903,
                -0.039614010602235794
            ],
            "ring_tip": [
                0.005181529559195042,
                0.017113426700234413,
                -0.029548583552241325
            ],
            "pinky_mcp": [
                0.03141016140580177,
                0.004442355129867792,
                -0.006238711066544056
            ],
            "pinky_pip": [
                0.03751367703080177,
                -0.01825665310025215,
                -0.007662265095859766
            ],
            "pinky_dip": [
                0.04200637340545654,
                -0.03950335457921028,
                -0.012657304294407368
            ],
            "pinky_tip": [
                0.045628223568201065,
                -0.06242610514163971,
                -0.01933126710355282
            ]
        }
    ]
}