{
    "label": "i",
    "label_id": 9,
    "gestures": [
        {
            "wrist": [
                -0.0188315249979496,
                0.08808980882167816,
                -0.05899371951818466
            ],
            "thumb_cmc": [
                0.013984477147459984,
                0.06716378778219223,
                -0.05591801926493645
            ],
            "thumb_mcp": [
                0.0339035838842392,
                0.03506041318178177,
                -0.05796346813440323
            ],
            "thumb_ip": [
                0.03461025282740593,
                -0.006861913949251175,
                -0.04667536914348602
            ],
            "thumb_tip": [
                0.017393816262483597,
                -0.03149706870317459,
                -0.030308334156870842
            ],
            "index_mcp": [
                0.028928615152835846,
                0.006532077677547932,
                -0.001650649239309132
            ],
            "index_pip": [
                0.03957916796207428,
                -0.016875945031642914,
                -0.00966910645365715
            ],
            "index_dip": [
                0.04436877369880676,
                -0.02033037319779396,
                -0.024205362424254417
            ],
            "index_tip": [
                0.04003142565488815,
                -0.014124764129519463,
                -0.04909520968794823
            ],
            "middle_mcp": [
                0.0014716731384396553,
                -0.0031881825998425484,
                0.009409177117049694
            ],
            "middle_pip": [
                0.014162126928567886,
                -0.028261851519346237,
                -0.01065616961568594
            ],
            "middle_dip": [
                0.020280415192246437,
                -0.023246334865689278,
                -0.02808506414294243
            ],
            "middle_tip": [
                0.027378665283322334,
                -0.012102959677577019,
                -0.04503608122467995
            ],
            "ring_mcp": [
                -0.019038444384932518,
                -0.004675013013184071,
                0.0022461353801190853
            ],
            "ring_pip": [
                -0.008784155361354351,
                -0.02668685093522072,
                -0.01573347859084606
            ],
            "ring_dip": [
                0.0010593878105282784,
                -0.01828276365995407,
                -0.031696856021881104
            ],
            "ring_tip": [
                0.014178229495882988,
                0.00040080351755023,
                -0.044219009578228
            ],
            "pinky_mcp": [
                -0.03967263549566269,
                0.00019085220992565155,
                -0.01079065352678299
            ],
            "pinky_pip": [
                -0.037877216935157776,
                -0.026415228843688965,
                -0.009850717149674892
            ],
            "pinky_dip": [
                -0.0336407795548439,
                -0.05139771103858948,
                -0.01550198346376419
            ],
            "pinky_tip": [
                -0.0233609676361084,
                -0.0707603394985199,
                -0.02548019215464592
            ]
        }
    ]
}