{
"label": "0",
"gestures": [
{
"l_hand_position": null,
"l_wrist": [
0.06064896658062935,
0.04211634397506777,
0.0525521822273737
],
"l_thumb_cmc": [
0.04501260071992874,
0.010579366236925226,
0.04865484684705782
],
"l_thumb_mcp": [
0.028503451496362686,
-0.014739608392119576,
0.050448324531317486
],
"l_thumb_ip": [
0.01844332367181778,
-0.03971917182207147,
0.04505930095911079
],
"l_thumb_tip": [
0.00823107548058033,
-0.060722865164280694,
0.03627078235149424
],
"l_index_mcp": [
0.0004682457074522972,
-0.020081102848053176,
0.004794650245457937
],
"l_index_pip": [
-0.01891004480421543,
-0.01894408836960814,
0.00665792031213652
],
"l_index_dip": [
-0.04177771881222725,
-0.024503692984581233,
0.015450707636773782
],
"l_index_tip": [
-0.06297635287046432,
-0.02359560504555715,
0.029969653114676732
],
"l_middle_mcp": [
-0.001336513552814722,
-0.0035400369670242474,
-0.0016545183025300678
],
"l_middle_pip": [
-0.030765127390623093,
-0.009700011461973291,
0.0025404568295926216
],
"l_middle_dip": [
-0.05989418178796768,
-0.011537628248334052,
0.01323874201625601
],
"l_middle_tip": [
-0.07985735684633255,
-0.01750831305980699,
0.027057310566306444
],
"l_ring_mcp": [
-0.0033500762656331062,
0.012696034274995471,
-0.005773164797574372
],
"l_ring_pip": [
-0.028879782184958458,
0.010414604097604844,
0.0007910656859166809
],
"l_ring_dip": [
-0.05180637538433075,
0.004333382472395949,
0.01128449942916646
],
"l_ring_tip": [
-0.06796212494373322,
-0.0040092431008816225,
0.01762283779680746
],
"l_pinky_mcp": [
-0.0018041152507066727,
0.03726144880056425,
0.0019800122827291875
],
"l_pinky_pip": [
-0.021115798503160477,
0.025237126275897234,
0.0034492108970880578
],
"l_pinky_dip": [
-0.04384423419833183,
0.018171045929193667,
0.013372823596000814
],
"l_pinky_tip": [
-0.05806945264339447,
0.010869549587369123,
0.021569903939962602
],
"r_hand_position": null,
"r_wrist": null,
"r_thumb_cmc": null,
"r_thumb_mcp": null,
"r_thumb_ip": null,
"r_thumb_tip": null,
"r_index_mcp": null,
"r_index_pip": null,
"r_index_dip": null,
"r_index_tip": null,
"r_middle_mcp": null,
"r_middle_pip": null,
"r_middle_dip": null,
"r_middle_tip": null,
"r_ring_mcp": null,
"r_ring_pip": null,
"r_ring_dip": null,
"r_ring_tip": null,
"r_pinky_mcp": null,
"r_pinky_pip": null,
"r_pinky_dip": null,
"r_pinky_tip": null
}
],
"framerate": 30,
"mirrorable": true
}