{
"label": "m",
"gestures": [
{
"l_hand_position": [
0.7445900440216064,
0.5998959541320801,
3.8662355450469477e-07
],
"l_wrist": [
0.0740647241473198,
0.033469345420598984,
0.041442543268203735
],
"l_thumb_cmc": [
0.051132407039403915,
0.007655572146177292,
0.044648487120866776
],
"l_thumb_mcp": [
0.02955571748316288,
-0.010185613296926022,
0.04880755767226219
],
"l_thumb_ip": [
0.005609589163213968,
-0.00719317514449358,
0.04523991793394089
],
"l_thumb_tip": [
-0.009666935540735722,
0.00836419127881527,
0.0390511155128479
],
"l_index_mcp": [
-0.0012322678230702877,
-0.01579103246331215,
0.007387828081846237
],
"l_index_pip": [
-0.02148474007844925,
-0.027893878519535065,
0.0004180485266260803
],
"l_index_dip": [
-0.04795444384217262,
-0.035815153270959854,
0.008475298061966896
],
"l_index_tip": [
-0.07075266540050507,
-0.04133131727576256,
0.010484074242413044
],
"l_middle_mcp": [
-0.0026067227590829134,
-0.0032680747099220753,
-0.0011004979023709893
],
"l_middle_pip": [
-0.029459742829203606,
-0.019840799272060394,
-0.009774855338037014
],
"l_middle_dip": [
-0.058449313044548035,
-0.02732681669294834,
-0.007931306026875973
],
"l_middle_tip": [
-0.08665240556001663,
-0.04157862812280655,
0.004188730847090483
],
"l_ring_mcp": [
-0.0006990479305386543,
0.00943929236382246,
-0.006644977256655693
],
"l_ring_pip": [
-0.027344565838575363,
0.009606942534446716,
-0.0012634185841307044
],
"l_ring_dip": [
-0.05485331639647484,
0.016702482476830482,
0.015761619433760643
],
"l_ring_tip": [
-0.07727840542793274,
0.018063880503177643,
0.029441263526678085
],
"l_pinky_mcp": [
0.007457021623849869,
0.031746797263622284,
0.0008041724213398993
],
"l_pinky_pip": [
-0.017292454838752747,
0.02945449762046337,
0.006038558203727007
],
"l_pinky_dip": [
-0.03938724100589752,
0.026258207857608795,
0.015591527335345745
],
"l_pinky_tip": [
-0.05500904843211174,
0.02519669011235237,
0.024910608306527138
],
"r_hand_position": null,
"r_wrist": null,
"r_thumb_cmc": null,
"r_thumb_mcp": null,
"r_thumb_ip": null,
"r_thumb_tip": null,
"r_index_mcp": null,
"r_index_pip": null,
"r_index_dip": null,
"r_index_tip": null,
"r_middle_mcp": null,
"r_middle_pip": null,
"r_middle_dip": null,
"r_middle_tip": null,
"r_ring_mcp": null,
"r_ring_pip": null,
"r_ring_dip": null,
"r_ring_tip": null,
"r_pinky_mcp": null,
"r_pinky_pip": null,
"r_pinky_dip": null,
"r_pinky_tip": null
}
],
"framerate": 30,
"mirrorable": true
}