{
"label": "m",
"gestures": [
{
"l_hand_position": [
0.6584824919700623,
0.6477823853492737,
2.2632050900028844e-07
],
"l_wrist": [
0.07150793075561523,
0.036541279405355453,
0.05395286902785301
],
"l_thumb_cmc": [
0.04932640492916107,
0.008050832897424698,
0.052883755415678024
],
"l_thumb_mcp": [
0.023755356669425964,
-0.008727211505174637,
0.0532318651676178
],
"l_thumb_ip": [
-0.0023967125453054905,
-0.0073405783623456955,
0.04151848703622818
],
"l_thumb_tip": [
-0.021544426679611206,
0.0017620902508497238,
0.02314353734254837
],
"l_index_mcp": [
0.0002695862203836441,
-0.020123295485973358,
0.008421504870057106
],
"l_index_pip": [
-0.025713270530104637,
-0.029147207736968994,
0.0035189585760235786
],
"l_index_dip": [
-0.049856267869472504,
-0.03316152095794678,
0.01338840089738369
],
"l_index_tip": [
-0.07526165246963501,
-0.03181592375040054,
0.024994729086756706
],
"l_middle_mcp": [
-0.0018757929792627692,
-0.00500077661126852,
-0.0026254351250827312
],
"l_middle_pip": [
-0.03509220480918884,
-0.016102125868201256,
-0.006449564825743437
],
"l_middle_dip": [
-0.0640328973531723,
-0.020139208063483238,
-0.0024067573249340057
],
"l_middle_tip": [
-0.090976282954216,
-0.03191627562046051,
0.018573909997940063
],
"l_ring_mcp": [
-0.0015619415789842606,
0.01310268696397543,
-0.007917632348835468
],
"l_ring_pip": [
-0.0333719402551651,
0.014316131360828876,
-0.0012750430032610893
],
"l_ring_dip": [
-0.06104186177253723,
0.01783367246389389,
0.013286248780786991
],
"l_ring_tip": [
-0.08302941918373108,
0.014088887721300125,
0.03224191814661026
],
"l_pinky_mcp": [
0.002789890393614769,
0.03741714358329773,
0.00013296958059072495
],
"l_pinky_pip": [
-0.021470556035637856,
0.031823426485061646,
0.005195906851440668
],
"l_pinky_dip": [
-0.044324930757284164,
0.02596558816730976,
0.015978502109646797
],
"l_pinky_tip": [
-0.0556735023856163,
0.021740159019827843,
0.025663407519459724
],
"r_hand_position": null,
"r_wrist": null,
"r_thumb_cmc": null,
"r_thumb_mcp": null,
"r_thumb_ip": null,
"r_thumb_tip": null,
"r_index_mcp": null,
"r_index_pip": null,
"r_index_dip": null,
"r_index_tip": null,
"r_middle_mcp": null,
"r_middle_pip": null,
"r_middle_dip": null,
"r_middle_tip": null,
"r_ring_mcp": null,
"r_ring_pip": null,
"r_ring_dip": null,
"r_ring_tip": null,
"r_pinky_mcp": null,
"r_pinky_pip": null,
"r_pinky_dip": null,
"r_pinky_tip": null,
"l_hand_velocity": null,
"r_hand_velocity": null
}
],
"framerate": 30,
"mirrorable": true,
"invalid": false
}