{
"label": "m",
"gestures": [
{
"l_hand_position": null,
"l_wrist": null,
"l_thumb_cmc": null,
"l_thumb_mcp": null,
"l_thumb_ip": null,
"l_thumb_tip": null,
"l_index_mcp": null,
"l_index_pip": null,
"l_index_dip": null,
"l_index_tip": null,
"l_middle_mcp": null,
"l_middle_pip": null,
"l_middle_dip": null,
"l_middle_tip": null,
"l_ring_mcp": null,
"l_ring_pip": null,
"l_ring_dip": null,
"l_ring_tip": null,
"l_pinky_mcp": null,
"l_pinky_pip": null,
"l_pinky_dip": null,
"l_pinky_tip": null,
"r_hand_position": [
-0.24910777807235718,
0.16095131635665894,
-0.4999994168160242
],
"r_wrist": [
-0.039820291101932526,
0.023492762818932533,
0.054194387048482895
],
"r_thumb_cmc": [
-0.022329101338982582,
-0.0002931790077127516,
0.043768759816884995
],
"r_thumb_mcp": [
-0.010705795139074326,
-0.006400562822818756,
0.03402481973171234
],
"r_thumb_ip": [
-0.0027064280584454536,
-0.0159003809094429,
0.015144480392336845
],
"r_thumb_tip": [
0.01460593193769455,
-0.023796631023287773,
-0.003999172244220972
],
"r_index_mcp": [
-1.2802222045138478e-05,
-0.010476402007043362,
0.001706208218820393
],
"r_index_pip": [
0.013348116539418697,
-0.008282826282083988,
0.0013012236449867487
],
"r_index_dip": [
0.036799587309360504,
-0.009910836815834045,
0.011612999252974987
],
"r_index_tip": [
0.05906858667731285,
-0.01097528263926506,
0.02382638491690159
],
"r_middle_mcp": [
-0.0001275600807275623,
-0.002359950914978981,
-0.0009095434797927737
],
"r_middle_pip": [
0.0177446361631155,
-0.005390269216150045,
-0.0020650369115173817
],
"r_middle_dip": [
0.046933624893426895,
-0.008893276564776897,
0.002118923468515277
],
"r_middle_tip": [
0.07750094681978226,
-0.012044860050082207,
0.016968470066785812
],
"r_ring_mcp": [
0.0007889497210271657,
0.005638716276735067,
-0.0017615611432120204
],
"r_ring_pip": [
0.013850533403456211,
3.2720272429287434e-06,
-0.0007344532059505582
],
"r_ring_dip": [
0.042580489069223404,
0.001073835650458932,
0.004124426282942295
],
"r_ring_tip": [
0.06995507329702377,
-0.0012562903575599194,
0.01558995433151722
],
"r_pinky_mcp": [
-0.0010357530554756522,
0.012054185383021832,
0.007236499805003405
],
"r_pinky_pip": [
0.010576644912362099,
0.009093929082155228,
0.00755613949149847
],
"r_pinky_dip": [
0.029360361397266388,
0.011366846039891243,
0.011168344877660275
],
"r_pinky_tip": [
0.0485275499522686,
0.005570895969867706,
0.016300763934850693
]
}
],
"framerate": 30,
"mirrorable": true
}