{
"label": "m",
"gestures": [
{
"l_hand_position": [
0.720317006111145,
0.5867002010345459,
1.9923437832858326e-07
],
"l_wrist": [
0.03450433909893036,
0.013591923750936985,
0.04190567508339882
],
"l_thumb_cmc": [
0.010949922725558281,
-0.004613520111888647,
0.03579410910606384
],
"l_thumb_mcp": [
0.0006489520892500877,
-0.014532789587974548,
0.03287443518638611
],
"l_thumb_ip": [
-0.0006500747986137867,
-0.014625035226345062,
0.020082563161849976
],
"l_thumb_tip": [
-0.01125428918749094,
-0.016978366300463676,
0.0037409032229334116
],
"l_index_mcp": [
-0.013857906684279442,
0.003484020009636879,
0.0009729531593620777
],
"l_index_pip": [
-0.009634818881750107,
-0.0029056270141154528,
-0.007126947864890099
],
"l_index_dip": [
-0.02201562188565731,
-0.01973738707602024,
-0.0015244632959365845
],
"l_index_tip": [
-0.04506503418087959,
-0.03272277116775513,
-5.7348206610186026e-05
],
"l_middle_mcp": [
-0.002299591200426221,
0.0023078094236552715,
-0.00044786068610846996
],
"l_middle_pip": [
-0.007552712224423885,
0.008679268881678581,
-0.005354277323931456
],
"l_middle_dip": [
-0.04062262549996376,
0.009923930279910564,
-0.003055611625313759
],
"l_middle_tip": [
-0.06703110784292221,
-5.603209137916565e-05,
0.016658278182148933
],
"l_ring_mcp": [
0.006777160335332155,
-0.0029732580296695232,
-0.002212208230048418
],
"l_ring_pip": [
-0.000862492248415947,
0.004676281474530697,
-0.002691436791792512
],
"l_ring_dip": [
-0.030608385801315308,
0.008479483425617218,
-0.00027377536753192544
],
"l_ring_tip": [
-0.055043838918209076,
0.0013207793235778809,
0.009985504671931267
],
"l_pinky_mcp": [
0.014433339238166809,
0.00012239953503012657,
0.005383966490626335
],
"l_pinky_pip": [
0.003942299634218216,
0.015124812722206116,
0.0020073363557457924
],
"l_pinky_dip": [
-0.019572263583540916,
0.024675283581018448,
-0.0016208734596148133
],
"l_pinky_tip": [
-0.03611196205019951,
0.026683282107114792,
-0.003896558890119195
],
"r_hand_position": null,
"r_wrist": null,
"r_thumb_cmc": null,
"r_thumb_mcp": null,
"r_thumb_ip": null,
"r_thumb_tip": null,
"r_index_mcp": null,
"r_index_pip": null,
"r_index_dip": null,
"r_index_tip": null,
"r_middle_mcp": null,
"r_middle_pip": null,
"r_middle_dip": null,
"r_middle_tip": null,
"r_ring_mcp": null,
"r_ring_pip": null,
"r_ring_dip": null,
"r_ring_tip": null,
"r_pinky_mcp": null,
"r_pinky_pip": null,
"r_pinky_dip": null,
"r_pinky_tip": null
}
],
"framerate": 30,
"mirrorable": true
}