{
"label": "m",
"gestures": [
{
"l_hand_position": [
0.7160097360610962,
0.5577373504638672,
4.1984574750131287e-07
],
"l_wrist": [
0.05859174579381943,
0.026910927146673203,
0.060599397867918015
],
"l_thumb_cmc": [
0.03855615481734276,
0.002758292481303215,
0.05321360006928444
],
"l_thumb_mcp": [
0.02047148160636425,
-0.019348591566085815,
0.05009884759783745
],
"l_thumb_ip": [
0.0026775458827614784,
-0.026652731001377106,
0.03622917830944061
],
"l_thumb_tip": [
-0.018470756709575653,
-0.02734217420220375,
0.016871891915798187
],
"l_index_mcp": [
-0.003880144562572241,
-0.013507227413356304,
0.003973675891757011
],
"l_index_pip": [
-0.02164638787508011,
-0.02055167779326439,
-0.001137988525442779
],
"l_index_dip": [
-0.04246049374341965,
-0.027536671608686447,
0.013361726887524128
],
"l_index_tip": [
-0.06576571613550186,
-0.02899041958153248,
0.022121809422969818
],
"l_middle_mcp": [
-0.001189999165944755,
-0.0018955253763124347,
-0.0031236454378813505
],
"l_middle_pip": [
-0.026446230709552765,
-0.014027595520019531,
-0.008662724867463112
],
"l_middle_dip": [
-0.05396820977330208,
-0.021396160125732422,
-0.003592399414628744
],
"l_middle_tip": [
-0.08270315825939178,
-0.03174202889204025,
0.013545682653784752
],
"l_ring_mcp": [
-0.0007622591219842434,
0.008501926437020302,
-0.003954150248318911
],
"l_ring_pip": [
-0.021938016638159752,
0.009564065374433994,
-2.9793891371809877e-05
],
"l_ring_dip": [
-0.05102258175611496,
0.017544951289892197,
0.01599227450788021
],
"l_ring_tip": [
-0.07357501983642578,
0.018561117351055145,
0.03488435968756676
],
"l_pinky_mcp": [
0.006184211000800133,
0.02593136392533779,
0.008696421980857849
],
"l_pinky_pip": [
-0.013874761760234833,
0.023042019456624985,
0.010611796751618385
],
"l_pinky_dip": [
-0.03503895550966263,
0.01739700883626938,
0.01969512179493904
],
"l_pinky_tip": [
-0.047932256013154984,
0.016210677102208138,
0.03073168359696865
],
"r_hand_position": null,
"r_wrist": null,
"r_thumb_cmc": null,
"r_thumb_mcp": null,
"r_thumb_ip": null,
"r_thumb_tip": null,
"r_index_mcp": null,
"r_index_pip": null,
"r_index_dip": null,
"r_index_tip": null,
"r_middle_mcp": null,
"r_middle_pip": null,
"r_middle_dip": null,
"r_middle_tip": null,
"r_ring_mcp": null,
"r_ring_pip": null,
"r_ring_dip": null,
"r_ring_tip": null,
"r_pinky_mcp": null,
"r_pinky_pip": null,
"r_pinky_dip": null,
"r_pinky_tip": null
}
],
"framerate": 30,
"mirrorable": true
}