{
"label": "m",
"gestures": [
{
"l_hand_position": null,
"l_wrist": null,
"l_thumb_cmc": null,
"l_thumb_mcp": null,
"l_thumb_ip": null,
"l_thumb_tip": null,
"l_index_mcp": null,
"l_index_pip": null,
"l_index_dip": null,
"l_index_tip": null,
"l_middle_mcp": null,
"l_middle_pip": null,
"l_middle_dip": null,
"l_middle_tip": null,
"l_ring_mcp": null,
"l_ring_pip": null,
"l_ring_dip": null,
"l_ring_tip": null,
"l_pinky_mcp": null,
"l_pinky_pip": null,
"l_pinky_dip": null,
"l_pinky_tip": null,
"r_hand_position": [
-0.32797175645828247,
0.2680623531341553,
-0.49999976137226554
],
"r_wrist": [
-0.04842327907681465,
0.024686560034751892,
0.06232810392975807
],
"r_thumb_cmc": [
-0.03119160234928131,
-0.004871229641139507,
0.04506668820977211
],
"r_thumb_mcp": [
-0.013115696609020233,
-0.002264418639242649,
0.04112644121050835
],
"r_thumb_ip": [
0.0006729337619617581,
0.006182115525007248,
0.02124570496380329
],
"r_thumb_tip": [
0.0013507242547348142,
0.007225915789604187,
0.00899695884436369
],
"r_index_mcp": [
0.0002181932795792818,
-0.015196396969258785,
-0.003521291073411703
],
"r_index_pip": [
0.016287796199321747,
-0.014206805266439915,
-0.008150237612426281
],
"r_index_dip": [
0.03607848286628723,
-0.01869361475110054,
-0.0014144362648949027
],
"r_index_tip": [
0.052734456956386566,
-0.023855237290263176,
0.0009196054306812584
],
"r_middle_mcp": [
0.0001238558324985206,
-0.003514906857162714,
-0.0020937956869602203
],
"r_middle_pip": [
0.015393612906336784,
-0.014614377170801163,
-0.010159545578062534
],
"r_middle_dip": [
0.03844503313302994,
-0.026998162269592285,
-0.009125425480306149
],
"r_middle_tip": [
0.057843491435050964,
-0.03520844131708145,
0.003619008231908083
],
"r_ring_mcp": [
-0.0004592258483171463,
0.009024132043123245,
0.00108251569326967
],
"r_ring_pip": [
0.012513172812759876,
0.00756085803732276,
0.0033743022941052914
],
"r_ring_dip": [
0.04723566398024559,
0.007865866646170616,
0.003153834491968155
],
"r_ring_tip": [
0.07343338429927826,
0.014564206823706627,
0.018052807077765465
],
"r_pinky_mcp": [
-0.0017311937408521771,
0.016728663817048073,
0.01223714929074049
],
"r_pinky_pip": [
0.006154595408588648,
0.0054694171994924545,
0.018486514687538147
],
"r_pinky_dip": [
0.009493853896856308,
-0.0014593744417652488,
0.03455236181616783
],
"r_pinky_tip": [
0.0003980001783929765,
-0.003401515306904912,
0.03942469134926796
]
}
],
"framerate": 30,
"mirrorable": true
}