{
"label": "m",
"gestures": [
{
"l_hand_position": null,
"l_wrist": null,
"l_thumb_cmc": null,
"l_thumb_mcp": null,
"l_thumb_ip": null,
"l_thumb_tip": null,
"l_index_mcp": null,
"l_index_pip": null,
"l_index_dip": null,
"l_index_tip": null,
"l_middle_mcp": null,
"l_middle_pip": null,
"l_middle_dip": null,
"l_middle_tip": null,
"l_ring_mcp": null,
"l_ring_pip": null,
"l_ring_dip": null,
"l_ring_tip": null,
"l_pinky_mcp": null,
"l_pinky_pip": null,
"l_pinky_dip": null,
"l_pinky_tip": null,
"r_hand_position": [
-0.17130765318870544,
0.18457812070846558,
-0.49999968948088735
],
"r_wrist": [
-0.05617952346801758,
0.028215233236551285,
0.0684441551566124
],
"r_thumb_cmc": [
-0.036809951066970825,
-0.0011936506489291787,
0.06057876721024513
],
"r_thumb_mcp": [
-0.013629734516143799,
-0.00611027330160141,
0.0516044981777668
],
"r_thumb_ip": [
0.006289410404860973,
-0.005773875396698713,
0.029643483459949493
],
"r_thumb_tip": [
0.018053552135825157,
0.004146592691540718,
0.011129582300782204
],
"r_index_mcp": [
0.0016922414069995284,
-0.019427945837378502,
0.00388237158767879
],
"r_index_pip": [
0.032235585153102875,
-0.020630035549402237,
0.0040291049517691135
],
"r_index_dip": [
0.054673243314027786,
-0.026458213105797768,
0.012020270340144634
],
"r_index_tip": [
0.07305120676755905,
-0.029742255806922913,
0.023054592311382294
],
"r_middle_mcp": [
2.179211878683418e-05,
-0.0046105473302304745,
-0.0016207110602408648
],
"r_middle_pip": [
0.03269847854971886,
-0.008978739380836487,
-0.009081977419555187
],
"r_middle_dip": [
0.05872970074415207,
-0.02127448283135891,
-0.0007348413928411901
],
"r_middle_tip": [
0.08366943895816803,
-0.029431134462356567,
0.020683515816926956
],
"r_ring_mcp": [
-0.001116653555072844,
0.012500113807618618,
-0.00356332678347826
],
"r_ring_pip": [
0.026127535849809647,
0.020317628979682922,
-0.004515708889812231
],
"r_ring_dip": [
0.05885038152337074,
0.02218206413090229,
0.002289754571393132
],
"r_ring_tip": [
0.08088090270757675,
0.022367725148797035,
0.023861631751060486
],
"r_pinky_mcp": [
-0.008104232139885426,
0.024489592760801315,
0.0056293075904250145
],
"r_pinky_pip": [
0.013815533369779587,
0.02878928929567337,
0.008136007003486156
],
"r_pinky_dip": [
0.03959855064749718,
0.03129991888999939,
0.01619994081556797
],
"r_pinky_tip": [
0.05658920109272003,
0.02894405834376812,
0.03157820925116539
],
"l_hand_velocity": null,
"r_hand_velocity": null
}
],
"framerate": 30,
"mirrorable": true,
"invalid": false
}