{
"label": "v",
"gestures": [
{
"l_hand_position": null,
"l_wrist": null,
"l_thumb_cmc": null,
"l_thumb_mcp": null,
"l_thumb_ip": null,
"l_thumb_tip": null,
"l_index_mcp": null,
"l_index_pip": null,
"l_index_dip": null,
"l_index_tip": null,
"l_middle_mcp": null,
"l_middle_pip": null,
"l_middle_dip": null,
"l_middle_tip": null,
"l_ring_mcp": null,
"l_ring_pip": null,
"l_ring_dip": null,
"l_ring_tip": null,
"l_pinky_mcp": null,
"l_pinky_pip": null,
"l_pinky_dip": null,
"l_pinky_tip": null,
"r_hand_position": null,
"r_wrist": [
-0.00979679450392723,
0.09030783176422234,
-0.01186009682714972
],
"r_thumb_cmc": [
0.015261156484484673,
0.06640428304672316,
-0.020222105085850064
],
"r_thumb_mcp": [
0.02768050506711006,
0.03402880579233195,
-0.028099877759814477
],
"r_thumb_ip": [
0.019888143986463547,
-9.0832822024823e-05,
-0.03832989186048561
],
"r_thumb_tip": [
-0.0037551582790911198,
-0.01933358237147354,
-0.045066442340612876
],
"r_index_mcp": [
0.020136112347245216,
-0.00483613088727002,
0.004740776028484167
],
"r_index_pip": [
0.03176615387201309,
-0.030382880941033717,
0.002658180426806241
],
"r_index_dip": [
0.04256879538297653,
-0.05334124714136187,
0.0011590827489272237
],
"r_index_tip": [
0.048395249992609024,
-0.07829026877880188,
-0.010186416096985439
],
"r_middle_mcp": [
0.0005037960363551974,
-0.005380052141845279,
0.007811290211975676
],
"r_middle_pip": [
-0.0023623518645763397,
-0.0424004346132282,
0.0010774106485769144
],
"r_middle_dip": [
-0.0033859051764011383,
-0.06767444312572574,
-0.013574496842921035
],
"r_middle_tip": [
-0.00375187024474144,
-0.0933562889695178,
-0.027303028851747978
],
"r_ring_mcp": [
-0.015040300786495209,
0.001179513055831204,
-0.0021993294358253726
],
"r_ring_pip": [
-0.009938059374690056,
-0.01519301347434537,
-0.025563037022948553
],
"r_ring_dip": [
0.0009160981862805784,
0.002745909616351094,
-0.03914184123277704
],
"r_ring_tip": [
0.006965922191739082,
0.020537249743938692,
-0.0393921025097375
],
"r_pinky_mcp": [
-0.03001696616411209,
0.015014117583632615,
-0.013530652970075763
],
"r_pinky_pip": [
-0.020377732813358307,
0.002001907676458348,
-0.027455760166049305
],
"r_pinky_dip": [
-0.006985108368098736,
0.00867075286805634,
-0.03946262225508738
],
"r_pinky_tip": [
-0.0007748780772089958,
0.027277814224362592,
-0.03778991848230408
]
}
],
"framerate": 30,
"mirrorable": true
}