{
    "label": "v",
    "label_id": 22,
    "gestures": [
        {
            "wrist": [
                -0.007917219772934914,
                0.09030616283416748,
                -0.019514279440045357
            ],
            "thumb_cmc": [
                0.01623454876244068,
                0.06539200246334076,
                -0.025059890002012253
            ],
            "thumb_mcp": [
                0.028835443779826164,
                0.03348907083272934,
                -0.030535217374563217
            ],
            "thumb_ip": [
                0.02046407200396061,
                -0.0008600428700447083,
                -0.037364453077316284
            ],
            "thumb_tip": [
                -0.002268363256007433,
                -0.02061934396624565,
                -0.03992728516459465
            ],
            "index_mcp": [
                0.01979125663638115,
                -0.004397906828671694,
                0.005576644092798233
            ],
            "index_pip": [
                0.03182264789938927,
                -0.029131392017006874,
                0.0029705322813242674
            ],
            "index_dip": [
                0.04262612387537956,
                -0.05163606256246567,
                -0.001701792236417532
            ],
            "index_tip": [
                0.04712565988302231,
                -0.07476793229579926,
                -0.015963053330779076
            ],
            "middle_mcp": [
                0.0008150804787874222,
                -0.00493988860398531,
                0.008147129788994789
            ],
            "middle_pip": [
                -0.004562804475426674,
                -0.04225121811032295,
                0.002286811824887991
            ],
            "middle_dip": [
                -0.008231114596128464,
                -0.06795740127563477,
                -0.01187807135283947
            ],
            "middle_tip": [
                -0.01200108602643013,
                -0.09412941336631775,
                -0.02545836754143238
            ],
            "ring_mcp": [
                -0.014644443988800049,
                0.0013282201252877712,
                -0.002762545831501484
            ],
            "ring_pip": [
                -0.008887830190360546,
                -0.015467558056116104,
                -0.025745447725057602
            ],
            "ring_dip": [
                0.0030696471221745014,
                0.0030880605336278677,
                -0.03965386748313904
            ],
            "ring_tip": [
                0.008395688608288765,
                0.020396433770656586,
                -0.039305370301008224
            ],
            "pinky_mcp": [
                -0.029307221993803978,
                0.015455001033842564,
                -0.015370828099548817
            ],
            "pinky_pip": [
                -0.019660113379359245,
                0.0019170739687979221,
                -0.029152896255254745
            ],
            "pinky_dip": [
                -0.005981717724353075,
                0.009108937345445156,
                -0.041302621364593506
            ],
            "pinky_tip": [
                0.00021300558000802994,
                0.02564728446304798,
                -0.03837727755308151
            ]
        }
    ]
}