{
"label": "v",
"gestures": [
{
"l_hand_position": null,
"l_wrist": [
0.0010827668011188507,
0.09832760691642863,
0.015411846339702676
],
"l_thumb_cmc": [
-0.031175032258033752,
0.07165084779262647,
-0.012080861255526723
],
"l_thumb_mcp": [
-0.02357759326696396,
0.048464305698872084,
-0.027991522103548258
],
"l_thumb_ip": [
-0.008525374345481396,
0.021391812711954318,
-0.050796877592802665
],
"l_thumb_tip": [
0.01240508258342743,
-0.005041177384555341,
-0.05271311104297693
],
"l_index_mcp": [
-0.03102077916264534,
-0.010736370459199063,
-0.006061835214495705
],
"l_index_pip": [
-0.0376230850815773,
-0.042089212685823926,
-0.00435340590775013
],
"l_index_dip": [
-0.03511051461100578,
-0.06830222904682219,
-0.008796360343694819
],
"l_index_tip": [
-0.04242481291294098,
-0.08610507100820645,
-0.03266939520835907
],
"l_middle_mcp": [
-0.003720579668879509,
-0.004666920751333293,
0.0012791211484000304
],
"l_middle_pip": [
0.003321138210594654,
-0.050643585622311194,
0.002754335757344994
],
"l_middle_dip": [
-0.004266543313860893,
-0.07778535038232877,
-0.01636257208883771
],
"l_middle_tip": [
-0.010329775512218475,
-0.10310290753841496,
-0.03773333132267029
],
"l_ring_mcp": [
0.021920032799243927,
-0.001105142757296567,
0.005478726234287069
],
"l_ring_pip": [
0.03253985941410065,
-0.021378293633461262,
-0.019932897761464338
],
"l_ring_dip": [
0.021979140117764473,
-0.011295735836029153,
-0.04343182593584094
],
"l_ring_tip": [
0.01880696415901184,
0.00021320162340994486,
-0.06813052296638532
],
"l_pinky_mcp": [
0.026679949834942818,
0.02483533695340188,
-0.0006970138638280566
],
"l_pinky_pip": [
0.03795153647661209,
0.01205545477569118,
-0.024992031976580932
],
"l_pinky_dip": [
0.03033394366502762,
0.023460077121854068,
-0.04365953803062492
],
"l_pinky_tip": [
0.020758910104632378,
0.0454417392611509,
-0.042852547019720605
],
"r_hand_position": null,
"r_wrist": null,
"r_thumb_cmc": null,
"r_thumb_mcp": null,
"r_thumb_ip": null,
"r_thumb_tip": null,
"r_index_mcp": null,
"r_index_pip": null,
"r_index_dip": null,
"r_index_tip": null,
"r_middle_mcp": null,
"r_middle_pip": null,
"r_middle_dip": null,
"r_middle_tip": null,
"r_ring_mcp": null,
"r_ring_pip": null,
"r_ring_dip": null,
"r_ring_tip": null,
"r_pinky_mcp": null,
"r_pinky_pip": null,
"r_pinky_dip": null,
"r_pinky_tip": null
}
],
"framerate": 30,
"mirrorable": true
}