{
    "label": "V",
    "label_id": 22,
    "gestures": [
        {
            "wrist": [
                -0.024515029042959213,
                0.08701300621032715,
                0.014154802076518536
            ],
            "thumb_cmc": [
                0.0025415942072868347,
                0.06846974790096283,
                0.0012062977766618133
            ],
            "thumb_mcp": [
                0.01999257132411003,
                0.04428941756486893,
                -0.016107620671391487
            ],
            "thumb_ip": [
                0.014977729879319668,
                0.012423384003341198,
                -0.03553680703043938
            ],
            "thumb_tip": [
                -0.0025023873895406723,
                -0.012706208974123001,
                -0.03954336419701576
            ],
            "index_mcp": [
                0.02026819810271263,
                -0.0011647222563624382,
                0.0034630729351192713
            ],
            "index_pip": [
                0.037272680550813675,
                -0.02530197612941265,
                0.0002848710282705724
            ],
            "index_dip": [
                0.049090225249528885,
                -0.04636643826961517,
                -0.0021673841401934624
            ],
            "index_tip": [
                0.05564774572849274,
                -0.06415525078773499,
                -0.02482755109667778
            ],
            "middle_mcp": [
                0.0024791830219328403,
                -0.0059817018918693066,
                0.007235583383589983
            ],
            "middle_pip": [
                0.002078648656606674,
                -0.041854050010442734,
                0.00024098502763081342
            ],
            "middle_dip": [
                -0.001707904040813446,
                -0.07184494286775589,
                -0.013484396040439606
            ],
            "middle_tip": [
                -0.002004127949476242,
                -0.09842883050441742,
                -0.032990261912345886
            ],
            "ring_mcp": [
                -0.012566955760121346,
                -4.06019389629364e-05,
                -0.0018038220005109906
            ],
            "ring_pip": [
                -0.00587218115106225,
                -0.01781509816646576,
                -0.027063649147748947
            ],
            "ring_dip": [
                -0.002179213799536228,
                -0.004324949346482754,
                -0.0497492216527462
            ],
            "ring_tip": [
                -0.0008229929953813553,
                0.010625919327139854,
                -0.05597742274403572
            ],
            "pinky_mcp": [
                -0.03245452046394348,
                0.01288362592458725,
                -0.01118388306349516
            ],
            "pinky_pip": [
                -0.018728608265519142,
                0.0077517395839095116,
                -0.023987777531147003
            ],
            "pinky_dip": [
                -0.004737207666039467,
                0.02222893014550209,
                -0.03782907500863075
            ],
            "pinky_tip": [
                0.0011121314018964767,
                0.03634919971227646,
                -0.030749965459108353
            ]
        }
    ]
}