{
"label": "v",
"gestures": [
{
"l_hand_position": [
0.7686521410942078,
0.8390859961509705,
3.77027106424066e-07
],
"l_wrist": [
-0.012248333543539047,
0.08982986956834793,
-0.007156184408813715
],
"l_thumb_cmc": [
-0.030152561143040657,
0.05874665081501007,
-0.02365320548415184
],
"l_thumb_mcp": [
-0.019480252638459206,
0.028647445142269135,
-0.026749122887849808
],
"l_thumb_ip": [
0.003421149682253599,
0.0018797439988702536,
-0.027016786858439445
],
"l_thumb_tip": [
0.026544228196144104,
-0.015194309875369072,
-0.01399934384971857
],
"l_index_mcp": [
-0.023520613089203835,
-0.01813695952296257,
-0.0036898294929414988
],
"l_index_pip": [
-0.02817828580737114,
-0.04303785413503647,
-0.006481586955487728
],
"l_index_dip": [
-0.027556374669075012,
-0.06522097438573837,
-0.006990982685238123
],
"l_index_tip": [
-0.028209712356328964,
-0.08638566732406616,
-0.02556784451007843
],
"l_middle_mcp": [
-0.004068877547979355,
-0.006464940495789051,
0.005197469145059586
],
"l_middle_pip": [
0.010850217193365097,
-0.04334085434675217,
0.0036516347900032997
],
"l_middle_dip": [
0.016420675441622734,
-0.06706154346466064,
-0.004244252573698759
],
"l_middle_tip": [
0.022779308259487152,
-0.0917830616235733,
-0.013021334074437618
],
"l_ring_mcp": [
0.01597817987203598,
0.008664757944643497,
0.003474203869700432
],
"l_ring_pip": [
0.022064263001084328,
0.0023876801133155823,
-0.023613043129444122
],
"l_ring_dip": [
0.01312323659658432,
0.018849454820156097,
-0.03633476793766022
],
"l_ring_tip": [
0.0065738363191485405,
0.03362516313791275,
-0.032363515347242355
],
"l_pinky_mcp": [
0.023233136162161827,
0.03128761053085327,
-0.0011463477276265621
],
"l_pinky_pip": [
0.027828209102153778,
0.021346164867281914,
-0.022380197420716286
],
"l_pinky_dip": [
0.019330577924847603,
0.028552155941724777,
-0.03546173870563507
],
"l_pinky_tip": [
0.016921579837799072,
0.04195490479469299,
-0.03220076113939285
],
"r_hand_position": null,
"r_wrist": null,
"r_thumb_cmc": null,
"r_thumb_mcp": null,
"r_thumb_ip": null,
"r_thumb_tip": null,
"r_index_mcp": null,
"r_index_pip": null,
"r_index_dip": null,
"r_index_tip": null,
"r_middle_mcp": null,
"r_middle_pip": null,
"r_middle_dip": null,
"r_middle_tip": null,
"r_ring_mcp": null,
"r_ring_pip": null,
"r_ring_dip": null,
"r_ring_tip": null,
"r_pinky_mcp": null,
"r_pinky_pip": null,
"r_pinky_dip": null,
"r_pinky_tip": null
}
],
"framerate": 30,
"mirrorable": true
}