{
"label": "v",
"gestures": [
{
"l_hand_position": null,
"l_wrist": null,
"l_thumb_cmc": null,
"l_thumb_mcp": null,
"l_thumb_ip": null,
"l_thumb_tip": null,
"l_index_mcp": null,
"l_index_pip": null,
"l_index_dip": null,
"l_index_tip": null,
"l_middle_mcp": null,
"l_middle_pip": null,
"l_middle_dip": null,
"l_middle_tip": null,
"l_ring_mcp": null,
"l_ring_pip": null,
"l_ring_dip": null,
"l_ring_tip": null,
"l_pinky_mcp": null,
"l_pinky_pip": null,
"l_pinky_dip": null,
"l_pinky_tip": null,
"r_hand_position": [
-0.2693142890930176,
0.23549431562423706,
-0.4999995050236521
],
"r_wrist": [
-0.0023331157863140106,
0.09542689472436905,
0.007384295575320721
],
"r_thumb_cmc": [
0.021879451349377632,
0.07289326936006546,
-0.012497225776314735
],
"r_thumb_mcp": [
0.01852637156844139,
0.043780285865068436,
-0.030344590544700623
],
"r_thumb_ip": [
-0.004284339491277933,
0.014897484332323074,
-0.04180075228214264
],
"r_thumb_tip": [
-0.030329400673508644,
-0.007002160884439945,
-0.03855695202946663
],
"r_index_mcp": [
0.022137153893709183,
-0.006570595316588879,
-0.003656493267044425
],
"r_index_pip": [
0.03273233771324158,
-0.03609162196516991,
-0.009936168789863586
],
"r_index_dip": [
0.03694606199860573,
-0.058136265724897385,
-0.010037979111075401
],
"r_index_tip": [
0.04037627950310707,
-0.07863327860832214,
-0.02583182416856289
],
"r_middle_mcp": [
0.002209867350757122,
-0.0062000504694879055,
0.006162361707538366
],
"r_middle_pip": [
0.0025494005531072617,
-0.04573138430714607,
-0.0017643781611695886
],
"r_middle_dip": [
0.003348143771290779,
-0.06934778392314911,
-0.015400860458612442
],
"r_middle_tip": [
0.004466338083148003,
-0.0946718379855156,
-0.028895417228341103
],
"r_ring_mcp": [
-0.015431620180606842,
0.0022162282839417458,
0.004239258356392384
],
"r_ring_pip": [
-0.02110365778207779,
-0.017252445220947266,
-0.02209288254380226
],
"r_ring_dip": [
-0.014686433598399162,
0.002833498176187277,
-0.03390092775225639
],
"r_ring_tip": [
-0.009888586588203907,
0.021341729909181595,
-0.03669249266386032
],
"r_pinky_mcp": [
-0.034729838371276855,
0.01992415264248848,
-0.0002534441591706127
],
"r_pinky_pip": [
-0.03014647588133812,
0.013116840273141861,
-0.016907401382923126
],
"r_pinky_dip": [
-0.01740841567516327,
0.02212606929242611,
-0.0275924950838089
],
"r_pinky_tip": [
-0.009406456723809242,
0.0390079990029335,
-0.022459883242845535
],
"l_hand_velocity": null,
"r_hand_velocity": null
}
],
"framerate": 30,
"mirrorable": true,
"invalid": false
}