{
"label": "v",
"gestures": [
{
"l_hand_position": null,
"l_wrist": [
0.010437775403261185,
0.0869322419166565,
0.0405934676527977
],
"l_thumb_cmc": [
-0.020735152065753937,
0.07086756080389023,
0.01558919157832861
],
"l_thumb_mcp": [
-0.026485590264201164,
0.04744529724121094,
-0.007631478365510702
],
"l_thumb_ip": [
-0.02412252128124237,
0.021662581712007523,
-0.035547249019145966
],
"l_thumb_tip": [
-0.004719039890915155,
0.0013019248144701123,
-0.05175141245126724
],
"l_index_mcp": [
-0.03047969378530979,
-0.004911771975457668,
-0.0008660717867314816
],
"l_index_pip": [
-0.036591194570064545,
-0.029893221333622932,
-0.008855448104441166
],
"l_index_dip": [
-0.042543649673461914,
-0.052097536623477936,
-0.01386437937617302
],
"l_index_tip": [
-0.04966561496257782,
-0.07295766472816467,
-0.038414232432842255
],
"l_middle_mcp": [
-0.005899268202483654,
-0.006003284826874733,
0.004293793346732855
],
"l_middle_pip": [
0.000151011161506176,
-0.045528773218393326,
-0.0039460440166294575
],
"l_middle_dip": [
-0.004708968102931976,
-0.07106529921293259,
-0.019513653591275215
],
"l_middle_tip": [
-0.003232734277844429,
-0.09487487375736237,
-0.03712767735123634
],
"l_ring_mcp": [
0.018755218014121056,
0.0007301121950149536,
0.0009682758245617151
],
"l_ring_pip": [
0.0170622318983078,
-0.015150356106460094,
-0.02714952826499939
],
"l_ring_dip": [
0.010083029977977276,
0.003441458335146308,
-0.04399798810482025
],
"l_ring_tip": [
0.011627246625721455,
0.026952240616083145,
-0.048820048570632935
],
"l_pinky_mcp": [
0.03153360262513161,
0.018711069598793983,
-0.0009677023044787347
],
"l_pinky_pip": [
0.032886017113924026,
0.004366437438875437,
-0.023115845397114754
],
"l_pinky_dip": [
0.027740323916077614,
0.014151297509670258,
-0.03978359326720238
],
"l_pinky_tip": [
0.02503000572323799,
0.03568199276924133,
-0.03658723458647728
],
"r_hand_position": [
0.15201473236083984,
0.40183591842651367,
-0.4999997408839931
],
"r_wrist": null,
"r_thumb_cmc": null,
"r_thumb_mcp": null,
"r_thumb_ip": null,
"r_thumb_tip": null,
"r_index_mcp": null,
"r_index_pip": null,
"r_index_dip": null,
"r_index_tip": null,
"r_middle_mcp": null,
"r_middle_pip": null,
"r_middle_dip": null,
"r_middle_tip": null,
"r_ring_mcp": null,
"r_ring_pip": null,
"r_ring_dip": null,
"r_ring_tip": null,
"r_pinky_mcp": null,
"r_pinky_pip": null,
"r_pinky_dip": null,
"r_pinky_tip": null,
"l_hand_velocity": null,
"r_hand_velocity": null,
"m_nose_point": null,
"m_top_nose": null,
"m_eyebrows": null,
"m_forehead": null,
"m_top_chin": null,
"m_bot_up_lip": null,
"m_top_low_lip": null,
"m_bot_nose": null,
"m_chin": null,
"m_nose": null,
"l_eye_exterior": null,
"l_temple": null,
"l_mid_chin": null,
"l_up_lip": null,
"l_ext_nostril": null,
"l_mid_cheek": null,
"l_mid_eyebrow": null,
"l_ext_eyebrow": null,
"l_ext_lips": null,
"l_jaw_angle": null,
"l_mid_ext_face": null,
"l_int_eyebrow": null,
"l_mid_jaw": null,
"l_mid_bot_eyelid": null,
"l_ext_mouth": null,
"l_top_eyelid": null,
"l_eye_int": null,
"l_pupil": null,
"r_eye_exterior": null,
"r_temple": null,
"r_mid_chin": null,
"r_up_lip": null,
"r_ext_nostril": null,
"r_mid_cheek": null,
"r_mid_eyebrow": null,
"r_ext_eyebrow": null,
"r_ext_lips": null,
"r_jaw_angle": null,
"r_mid_ext_face": null,
"r_int_eyebrow": null,
"r_mid_jaw": null,
"r_mid_bot_eyelid": null,
"r_ext_mouth": null,
"r_top_eyelid": null,
"r_eye_int": null,
"r_pupil": null,
"l_shoudler": null,
"l_elbow": null,
"l_hip": null,
"l_knee": null,
"l_ankle": null,
"r_shoudler": null,
"r_elbow": null,
"r_hip": null,
"r_knee": null,
"r_ankle": null
}
],
"framerate": 30,
"mirrorable": true,
"invalid": false
}