{
"label": "v",
"gestures": [
{
"l_hand_position": [
0.752945065498352,
0.8219640851020813,
3.845122975576487e-08
],
"l_wrist": [
-0.012973647564649582,
0.08584951609373093,
0.007184864487498999
],
"l_thumb_cmc": [
-0.03529980406165123,
0.05837951600551605,
-0.003686243202537298
],
"l_thumb_mcp": [
-0.02918107807636261,
0.02866361290216446,
-0.01670677959918976
],
"l_thumb_ip": [
-0.016289392486214638,
0.001307035330682993,
-0.029076410457491875
],
"l_thumb_tip": [
0.010478506796061993,
-0.014495215378701687,
-0.033547766506671906
],
"l_index_mcp": [
-0.02489560656249523,
-0.014299888163805008,
0.0035196058452129364
],
"l_index_pip": [
-0.02999456599354744,
-0.039421409368515015,
-0.0039988793432712555
],
"l_index_dip": [
-0.03147366642951965,
-0.061183515936136246,
-0.008808279410004616
],
"l_index_tip": [
-0.03453157842159271,
-0.08146093785762787,
-0.031862154603004456
],
"l_middle_mcp": [
-0.004058135207742453,
-0.00565259950235486,
0.0055425395257771015
],
"l_middle_pip": [
0.009884803555905819,
-0.04546920210123062,
0.0003493124677333981
],
"l_middle_dip": [
0.010954303666949272,
-0.07329179346561432,
-0.011155200190842152
],
"l_middle_tip": [
0.017581555992364883,
-0.09540794044733047,
-0.02614372968673706
],
"l_ring_mcp": [
0.01642778143286705,
0.005858813878148794,
-0.002192207844927907
],
"l_ring_pip": [
0.014863560907542706,
-0.007416544482111931,
-0.026316160336136818
],
"l_ring_dip": [
-0.002258230932056904,
0.005925038829445839,
-0.038568753749132156
],
"l_ring_tip": [
-0.013139278627932072,
0.024936487898230553,
-0.03708406165242195
],
"l_pinky_mcp": [
0.023763174191117287,
0.025576435029506683,
-0.008909248746931553
],
"l_pinky_pip": [
0.0209584292024374,
0.016843874007463455,
-0.02826257236301899
],
"l_pinky_dip": [
0.0045766946859657764,
0.019472600892186165,
-0.038915134966373444
],
"l_pinky_tip": [
-0.007083836942911148,
0.03688019886612892,
-0.033844247460365295
],
"r_hand_position": null,
"r_wrist": null,
"r_thumb_cmc": null,
"r_thumb_mcp": null,
"r_thumb_ip": null,
"r_thumb_tip": null,
"r_index_mcp": null,
"r_index_pip": null,
"r_index_dip": null,
"r_index_tip": null,
"r_middle_mcp": null,
"r_middle_pip": null,
"r_middle_dip": null,
"r_middle_tip": null,
"r_ring_mcp": null,
"r_ring_pip": null,
"r_ring_dip": null,
"r_ring_tip": null,
"r_pinky_mcp": null,
"r_pinky_pip": null,
"r_pinky_dip": null,
"r_pinky_tip": null
}
],
"framerate": 30,
"mirrorable": true
}