{
"label": "v",
"gestures": [
{
"l_hand_position": null,
"l_wrist": [
0.004921291023492813,
0.08448600023984909,
0.032429102808237076
],
"l_thumb_cmc": [
-0.022096622735261917,
0.06522782146930695,
0.007510934956371784
],
"l_thumb_mcp": [
-0.027164945378899574,
0.042103685438632965,
-0.01115948986262083
],
"l_thumb_ip": [
-0.023249557241797447,
0.014863258227705956,
-0.03555561602115631
],
"l_thumb_tip": [
-0.0028871684335172176,
-0.004883281420916319,
-0.04452427476644516
],
"l_index_mcp": [
-0.027773406356573105,
-0.0061250124126672745,
-0.0005481981788761914
],
"l_index_pip": [
-0.03806973248720169,
-0.031043794006109238,
-0.008402151055634022
],
"l_index_dip": [
-0.04626348242163658,
-0.05268741399049759,
-0.013023518957197666
],
"l_index_tip": [
-0.05429234355688095,
-0.06958971917629242,
-0.034985464066267014
],
"l_middle_mcp": [
-0.004798857029527426,
-0.005587294697761536,
0.003742409171536565
],
"l_middle_pip": [
0.0036040404811501503,
-0.046185944229364395,
-0.0026228525675833225
],
"l_middle_dip": [
0.0017356257885694504,
-0.07044223695993423,
-0.0173361673951149
],
"l_middle_tip": [
0.003389919176697731,
-0.0906888097524643,
-0.028948767110705376
],
"l_ring_mcp": [
0.017646964639425278,
0.001471156720072031,
0.0013011746341362596
],
"l_ring_pip": [
0.018586816266179085,
-0.01777922362089157,
-0.023667212575674057
],
"l_ring_dip": [
0.011231121607124805,
-0.00021152151748538017,
-0.04019717872142792
],
"l_ring_tip": [
0.008102470077574253,
0.022133799269795418,
-0.043704554438591
],
"l_pinky_mcp": [
0.029848612844944,
0.018345914781093597,
-0.00129148259293288
],
"l_pinky_pip": [
0.031429409980773926,
0.0021969303488731384,
-0.019885363057255745
],
"l_pinky_dip": [
0.02708948776125908,
0.008837364614009857,
-0.034713033586740494
],
"l_pinky_tip": [
0.022150110453367233,
0.027402140200138092,
-0.036782458424568176
],
"r_hand_position": [
0.1347605586051941,
0.2740696668624878,
-0.49999980315226367
],
"r_wrist": null,
"r_thumb_cmc": null,
"r_thumb_mcp": null,
"r_thumb_ip": null,
"r_thumb_tip": null,
"r_index_mcp": null,
"r_index_pip": null,
"r_index_dip": null,
"r_index_tip": null,
"r_middle_mcp": null,
"r_middle_pip": null,
"r_middle_dip": null,
"r_middle_tip": null,
"r_ring_mcp": null,
"r_ring_pip": null,
"r_ring_dip": null,
"r_ring_tip": null,
"r_pinky_mcp": null,
"r_pinky_pip": null,
"r_pinky_dip": null,
"r_pinky_tip": null,
"l_hand_velocity": null,
"r_hand_velocity": null,
"m_nose_point": null,
"m_top_nose": null,
"m_eyebrows": null,
"m_forehead": null,
"m_top_chin": null,
"m_bot_up_lip": null,
"m_top_low_lip": null,
"m_bot_nose": null,
"m_chin": null,
"m_nose": null,
"l_eye_exterior": null,
"l_temple": null,
"l_mid_chin": null,
"l_up_lip": null,
"l_ext_nostril": null,
"l_mid_cheek": null,
"l_mid_eyebrow": null,
"l_ext_eyebrow": null,
"l_ext_lips": null,
"l_jaw_angle": null,
"l_mid_ext_face": null,
"l_int_eyebrow": null,
"l_mid_jaw": null,
"l_mid_bot_eyelid": null,
"l_ext_mouth": null,
"l_top_eyelid": null,
"l_eye_int": null,
"l_pupil": null,
"r_eye_exterior": null,
"r_temple": null,
"r_mid_chin": null,
"r_up_lip": null,
"r_ext_nostril": null,
"r_mid_cheek": null,
"r_mid_eyebrow": null,
"r_ext_eyebrow": null,
"r_ext_lips": null,
"r_jaw_angle": null,
"r_mid_ext_face": null,
"r_int_eyebrow": null,
"r_mid_jaw": null,
"r_mid_bot_eyelid": null,
"r_ext_mouth": null,
"r_top_eyelid": null,
"r_eye_int": null,
"r_pupil": null,
"l_shoudler": null,
"l_elbow": null,
"l_hip": null,
"l_knee": null,
"l_ankle": null,
"r_shoudler": null,
"r_elbow": null,
"r_hip": null,
"r_knee": null,
"r_ankle": null
}
],
"framerate": 30,
"mirrorable": true,
"invalid": false
}