{
"label": "v",
"gestures": [
{
"l_hand_position": [
0.629125714302063,
0.7109116315841675,
2.023767393666276e-07
],
"l_wrist": [
-0.03217782825231552,
0.0802542194724083,
0.03937075287103653
],
"l_thumb_cmc": [
-0.052656110376119614,
0.05354542285203934,
0.01750883273780346
],
"l_thumb_mcp": [
-0.05233750119805336,
0.0294489786028862,
-0.004448548424988985
],
"l_thumb_ip": [
-0.034983079880476,
0.006866872310638428,
-0.030494440346956253
],
"l_thumb_tip": [
-0.00800052098929882,
-0.0008571173530071974,
-0.045107416808605194
],
"l_index_mcp": [
-0.02600371278822422,
-0.018649345263838768,
0.002928860252723098
],
"l_index_pip": [
-0.021881233900785446,
-0.04221199452877045,
-0.011817120015621185
],
"l_index_dip": [
-0.01961692050099373,
-0.06129409372806549,
-0.026576947420835495
],
"l_index_tip": [
-0.01707952655851841,
-0.0773240327835083,
-0.0531022772192955
],
"l_middle_mcp": [
-0.0028593335300683975,
-0.009026343002915382,
0.0046064830385148525
],
"l_middle_pip": [
0.019560357555747032,
-0.040996674448251724,
-0.004712409805506468
],
"l_middle_dip": [
0.030106069520115852,
-0.06619391590356827,
-0.019046040251851082
],
"l_middle_tip": [
0.04128359258174896,
-0.09034740924835205,
-0.03413398936390877
],
"l_ring_mcp": [
0.018822897225618362,
0.011051330715417862,
-0.0015813218196853995
],
"l_ring_pip": [
0.014421062543988228,
0.0004244176670908928,
-0.029128337278962135
],
"l_ring_dip": [
-0.003622980322688818,
0.011886904016137123,
-0.03689369559288025
],
"l_ring_tip": [
-0.01858079619705677,
0.02948278933763504,
-0.0350259467959404
],
"l_pinky_mcp": [
0.023771535605192184,
0.0343962237238884,
-0.0051382496021687984
],
"l_pinky_pip": [
0.012169679626822472,
0.034246716648340225,
-0.025962308049201965
],
"l_pinky_dip": [
-0.008141286671161652,
0.037592239677906036,
-0.027062933892011642
],
"l_pinky_tip": [
-0.02142418548464775,
0.04411773756146431,
-0.01602822355926037
],
"r_hand_position": null,
"r_wrist": null,
"r_thumb_cmc": null,
"r_thumb_mcp": null,
"r_thumb_ip": null,
"r_thumb_tip": null,
"r_index_mcp": null,
"r_index_pip": null,
"r_index_dip": null,
"r_index_tip": null,
"r_middle_mcp": null,
"r_middle_pip": null,
"r_middle_dip": null,
"r_middle_tip": null,
"r_ring_mcp": null,
"r_ring_pip": null,
"r_ring_dip": null,
"r_ring_tip": null,
"r_pinky_mcp": null,
"r_pinky_pip": null,
"r_pinky_dip": null,
"r_pinky_tip": null
}
],
"framerate": 30,
"mirrorable": true
}