{
"label": "v",
"gestures": [
{
"l_hand_position": null,
"l_wrist": [
0.010040001943707466,
0.0943685844540596,
0.010659905150532722
],
"l_thumb_cmc": [
-0.020547276362776756,
0.07139968872070312,
-0.0021206759847700596
],
"l_thumb_mcp": [
-0.026404812932014465,
0.0446903295814991,
-0.015579926781356335
],
"l_thumb_ip": [
-0.023289674893021584,
0.01333156879991293,
-0.0363040491938591
],
"l_thumb_tip": [
-0.0024094893597066402,
-0.0053588589653372765,
-0.042884912341833115
],
"l_index_mcp": [
-0.029986824840307236,
-0.0036305650137364864,
0.0035864191595464945
],
"l_index_pip": [
-0.03772789612412453,
-0.03214041888713837,
-0.00155743770301342
],
"l_index_dip": [
-0.04126616567373276,
-0.0561627522110939,
-0.007157317362725735
],
"l_index_tip": [
-0.047600287944078445,
-0.07598482817411423,
-0.025787614285945892
],
"l_middle_mcp": [
-0.005164965987205505,
-0.004794691689312458,
0.005298770498484373
],
"l_middle_pip": [
-0.0039271404966712,
-0.04681265726685524,
0.0010636276565492153
],
"l_middle_dip": [
-0.010992476716637611,
-0.07218578457832336,
-0.013279013335704803
],
"l_middle_tip": [
-0.013062454760074615,
-0.09426271915435791,
-0.03105311468243599
],
"l_ring_mcp": [
0.018837090581655502,
0.000563519075512886,
-0.001589613500982523
],
"l_ring_pip": [
0.015438457950949669,
-0.023122837767004967,
-0.021171264350414276
],
"l_ring_dip": [
0.007273890543729067,
-0.01154414750635624,
-0.03919319808483124
],
"l_ring_tip": [
0.003545026294887066,
0.0076025547459721565,
-0.051005877554416656
],
"l_pinky_mcp": [
0.03174165263772011,
0.01717640459537506,
-0.009095401503145695
],
"l_pinky_pip": [
0.03304775059223175,
-0.0013096565380692482,
-0.022977536544203758
],
"l_pinky_dip": [
0.026556823402643204,
0.0043523856438696384,
-0.038012489676475525
],
"l_pinky_tip": [
0.022993313148617744,
0.022560711950063705,
-0.04409061372280121
],
"r_hand_position": [
0.10758113861083984,
0.2782823443412781,
-0.49999997331056
],
"r_wrist": null,
"r_thumb_cmc": null,
"r_thumb_mcp": null,
"r_thumb_ip": null,
"r_thumb_tip": null,
"r_index_mcp": null,
"r_index_pip": null,
"r_index_dip": null,
"r_index_tip": null,
"r_middle_mcp": null,
"r_middle_pip": null,
"r_middle_dip": null,
"r_middle_tip": null,
"r_ring_mcp": null,
"r_ring_pip": null,
"r_ring_dip": null,
"r_ring_tip": null,
"r_pinky_mcp": null,
"r_pinky_pip": null,
"r_pinky_dip": null,
"r_pinky_tip": null,
"l_hand_velocity": null,
"r_hand_velocity": null,
"m_nose_point": null,
"m_top_nose": null,
"m_eyebrows": null,
"m_forehead": null,
"m_top_chin": null,
"m_bot_up_lip": null,
"m_top_low_lip": null,
"m_bot_nose": null,
"m_chin": null,
"m_nose": null,
"l_eye_exterior": null,
"l_temple": null,
"l_mid_chin": null,
"l_up_lip": null,
"l_ext_nostril": null,
"l_mid_cheek": null,
"l_mid_eyebrow": null,
"l_ext_eyebrow": null,
"l_ext_lips": null,
"l_jaw_angle": null,
"l_mid_ext_face": null,
"l_int_eyebrow": null,
"l_mid_jaw": null,
"l_mid_bot_eyelid": null,
"l_ext_mouth": null,
"l_top_eyelid": null,
"l_eye_int": null,
"l_pupil": null,
"r_eye_exterior": null,
"r_temple": null,
"r_mid_chin": null,
"r_up_lip": null,
"r_ext_nostril": null,
"r_mid_cheek": null,
"r_mid_eyebrow": null,
"r_ext_eyebrow": null,
"r_ext_lips": null,
"r_jaw_angle": null,
"r_mid_ext_face": null,
"r_int_eyebrow": null,
"r_mid_jaw": null,
"r_mid_bot_eyelid": null,
"r_ext_mouth": null,
"r_top_eyelid": null,
"r_eye_int": null,
"r_pupil": null,
"l_shoudler": null,
"l_elbow": null,
"l_hip": null,
"l_knee": null,
"l_ankle": null,
"r_shoudler": null,
"r_elbow": null,
"r_hip": null,
"r_knee": null,
"r_ankle": null
}
],
"framerate": 30,
"mirrorable": true,
"invalid": false
}