{
"label": "v",
"gestures": [
{
"l_hand_position": [
0.58414226770401,
0.7792242169380188,
2.637014233641821e-07
],
"l_wrist": [
-0.002155117690563202,
0.09025932848453522,
0.031105903908610344
],
"l_thumb_cmc": [
-0.027611153200268745,
0.06431214511394501,
0.019305311143398285
],
"l_thumb_mcp": [
-0.03339157626032829,
0.03718011826276779,
0.001457825070247054
],
"l_thumb_ip": [
-0.030893104150891304,
0.010749107226729393,
-0.026946071535348892
],
"l_thumb_tip": [
-0.011033310554921627,
-0.005052313208580017,
-0.04521500691771507
],
"l_index_mcp": [
-0.026633435860276222,
-0.01062808372080326,
0.011608975008130074
],
"l_index_pip": [
-0.033891767263412476,
-0.03761875629425049,
0.0013105932157486677
],
"l_index_dip": [
-0.038299560546875,
-0.059411101043224335,
-0.008144310675561428
],
"l_index_tip": [
-0.04252036660909653,
-0.07728345692157745,
-0.0323038250207901
],
"l_middle_mcp": [
-0.0038329290691763163,
-0.0063911322504282,
0.005164281465113163
],
"l_middle_pip": [
0.0072773657739162445,
-0.047603778541088104,
-0.00168335041962564
],
"l_middle_dip": [
0.005728758871555328,
-0.07316675037145615,
-0.015499058179557323
],
"l_middle_tip": [
0.009539883583784103,
-0.09688487648963928,
-0.02956859953701496
],
"l_ring_mcp": [
0.018154317513108253,
0.005410017445683479,
-0.007042348384857178
],
"l_ring_pip": [
0.005864563398063183,
-0.011173733510077,
-0.03124738670885563
],
"l_ring_dip": [
-0.007633195258677006,
0.005510437302291393,
-0.04091278463602066
],
"l_ring_tip": [
-0.013742679730057716,
0.02548857033252716,
-0.04075874388217926
],
"l_pinky_mcp": [
0.02547575905919075,
0.02524845115840435,
-0.015543544664978981
],
"l_pinky_pip": [
0.011595316231250763,
0.020037753507494926,
-0.03333576023578644
],
"l_pinky_dip": [
-0.00309527525678277,
0.026521047577261925,
-0.03657832369208336
],
"l_pinky_tip": [
-0.006886539980769157,
0.04110870510339737,
-0.03149184584617615
],
"r_hand_position": null,
"r_wrist": null,
"r_thumb_cmc": null,
"r_thumb_mcp": null,
"r_thumb_ip": null,
"r_thumb_tip": null,
"r_index_mcp": null,
"r_index_pip": null,
"r_index_dip": null,
"r_index_tip": null,
"r_middle_mcp": null,
"r_middle_pip": null,
"r_middle_dip": null,
"r_middle_tip": null,
"r_ring_mcp": null,
"r_ring_pip": null,
"r_ring_dip": null,
"r_ring_tip": null,
"r_pinky_mcp": null,
"r_pinky_pip": null,
"r_pinky_dip": null,
"r_pinky_tip": null
}
],
"framerate": 30,
"mirrorable": true
}