{
"label": "v",
"gestures": [
{
"l_hand_position": null,
"l_wrist": null,
"l_thumb_cmc": null,
"l_thumb_mcp": null,
"l_thumb_ip": null,
"l_thumb_tip": null,
"l_index_mcp": null,
"l_index_pip": null,
"l_index_dip": null,
"l_index_tip": null,
"l_middle_mcp": null,
"l_middle_pip": null,
"l_middle_dip": null,
"l_middle_tip": null,
"l_ring_mcp": null,
"l_ring_pip": null,
"l_ring_dip": null,
"l_ring_tip": null,
"l_pinky_mcp": null,
"l_pinky_pip": null,
"l_pinky_dip": null,
"l_pinky_tip": null,
"r_hand_position": null,
"r_wrist": [
-7.888674736022949e-05,
0.09145045280456653,
-0.0042991884984077975
],
"r_thumb_cmc": [
0.022780079394578934,
0.06232997030019834,
-0.005033441353589456
],
"r_thumb_mcp": [
0.03304542601108551,
0.030883461236954145,
-0.014527993276715485
],
"r_thumb_ip": [
0.02549821510910988,
-0.002162504941225104,
-0.028035648167133595
],
"r_thumb_tip": [
0.0008071861229836941,
-0.02192882820963879,
-0.03769065812230144
],
"r_index_mcp": [
0.018094554543495178,
-0.0077123045921326456,
0.011869799345731855
],
"r_index_pip": [
0.02590159885585308,
-0.03757591918110891,
0.012171158567071069
],
"r_index_dip": [
0.03243938833475113,
-0.06133808940649091,
0.006774695124477237
],
"r_index_tip": [
0.03721384331583977,
-0.08556390553712954,
-0.010573958046734321
],
"r_middle_mcp": [
-0.0006233073072507977,
-0.005255655385553888,
0.007754193618893687
],
"r_middle_pip": [
-0.006042503751814365,
-0.043215580284595885,
-0.0007797200814819872
],
"r_middle_dip": [
-0.010095518082380295,
-0.06967941671609953,
-0.014881724491715482
],
"r_middle_tip": [
-0.011015444993972778,
-0.09412314742803682,
-0.029510751366615427
],
"r_ring_mcp": [
-0.012547783553600311,
0.004168827086687134,
-0.007036936469376173
],
"r_ring_pip": [
-0.0033749607391655445,
-0.012218660674989406,
-0.030562376603484605
],
"r_ring_dip": [
0.008108455687761307,
0.003718217834830307,
-0.041074946522713096
],
"r_ring_tip": [
0.016342032700777054,
0.021854260936379634,
-0.041322141885757877
],
"r_pinky_mcp": [
-0.02361992746591568,
0.020607400685549022,
-0.02155988477170499
],
"r_pinky_pip": [
-0.009626001119613647,
0.008905859664082603,
-0.03456668183207551
],
"r_pinky_dip": [
0.005693957209587097,
0.021647904068231843,
-0.04196214303374343
],
"r_pinky_tip": [
0.010598728433251381,
0.03717456012964294,
-0.03550951182842305
]
}
],
"framerate": 30,
"mirrorable": true
}