{
    "label": "V",
    "label_id": 22,
    "gestures": [
        {
            "wrist": [
                0.010100720450282097,
                0.08699797838926315,
                0.04384613782167435
            ],
            "thumb_cmc": [
                -0.01860029809176922,
                0.06906714290380478,
                0.018483562394976616
            ],
            "thumb_mcp": [
                -0.02250034175813198,
                0.04992920532822609,
                -0.006924322806298733
            ],
            "thumb_ip": [
                -0.018077857792377472,
                0.03238189220428467,
                -0.038708921521902084
            ],
            "thumb_tip": [
                0.003052703570574522,
                0.015732433646917343,
                -0.05345157906413078
            ],
            "index_mcp": [
                -0.028458092361688614,
                -0.004311888478696346,
                -0.0030257846228778362
            ],
            "index_pip": [
                -0.03504360467195511,
                -0.03254219889640808,
                -0.0104236314073205
            ],
            "index_dip": [
                -0.03644270449876785,
                -0.05401965230703354,
                -0.015046557411551476
            ],
            "index_tip": [
                -0.04163658618927002,
                -0.07313761860132217,
                -0.03727034851908684
            ],
            "middle_mcp": [
                -0.00503910705447197,
                -0.0063543133437633514,
                0.0036664167419075966
            ],
            "middle_pip": [
                0.003110656514763832,
                -0.04593067243695259,
                -0.005230627954006195
            ],
            "middle_dip": [
                -0.0009993799030780792,
                -0.06850526481866837,
                -0.021731402724981308
            ],
            "middle_tip": [
                0.003326859325170517,
                -0.08825284987688065,
                -0.03913693130016327
            ],
            "ring_mcp": [
                0.017845194786787033,
                0.0009379247203469276,
                0.0019126262050122023
            ],
            "ring_pip": [
                0.015182020142674446,
                -0.013772638514637947,
                -0.0252360999584198
            ],
            "ring_dip": [
                0.00727266538888216,
                0.006490712985396385,
                -0.04171455651521683
            ],
            "ring_tip": [
                0.007091587409377098,
                0.02717694453895092,
                -0.04378426820039749
            ],
            "pinky_mcp": [
                0.030427338555455208,
                0.01851985789835453,
                0.0018189888214692473
            ],
            "pinky_pip": [
                0.03225063905119896,
                0.004230464342981577,
                -0.017432348802685738
            ],
            "pinky_dip": [
                0.02552093379199505,
                0.015711896121501923,
                -0.0315207839012146
            ],
            "pinky_tip": [
                0.021778738126158714,
                0.033502593636512756,
                -0.029536614194512367
            ]
        }
    ]
}