{
"label": "l",
"gestures": [
{
"l_hand_position": null,
"l_wrist": null,
"l_thumb_cmc": null,
"l_thumb_mcp": null,
"l_thumb_ip": null,
"l_thumb_tip": null,
"l_index_mcp": null,
"l_index_pip": null,
"l_index_dip": null,
"l_index_tip": null,
"l_middle_mcp": null,
"l_middle_pip": null,
"l_middle_dip": null,
"l_middle_tip": null,
"l_ring_mcp": null,
"l_ring_pip": null,
"l_ring_dip": null,
"l_ring_tip": null,
"l_pinky_mcp": null,
"l_pinky_pip": null,
"l_pinky_dip": null,
"l_pinky_tip": null,
"r_hand_position": null,
"r_wrist": [
0.008576706051826477,
0.08397442102432251,
0.035767100751399994
],
"r_thumb_cmc": [
-0.02187882922589779,
0.06381703913211823,
0.012798544019460678
],
"r_thumb_mcp": [
-0.039555951952934265,
0.049381740391254425,
0.0008342298096977174
],
"r_thumb_ip": [
-0.0664057806134224,
0.031691890209913254,
-0.012983868829905987
],
"r_thumb_tip": [
-0.08750638365745544,
0.01321370154619217,
-0.01970530115067959
],
"r_index_mcp": [
-0.02915385738015175,
-0.0012388336472213268,
-8.620657899882644e-05
],
"r_index_pip": [
-0.03322092816233635,
-0.028254389762878418,
-0.006183770950883627
],
"r_index_dip": [
-0.0370306521654129,
-0.04560169577598572,
-0.015514003112912178
],
"r_index_tip": [
-0.042496610432863235,
-0.05750075727701187,
-0.03862079977989197
],
"r_middle_mcp": [
-0.005244964733719826,
-0.004209557548165321,
0.004038101993501186
],
"r_middle_pip": [
0.0027547660283744335,
-0.0284891240298748,
-0.02561868727207184
],
"r_middle_dip": [
-0.004720180295407772,
-0.010763265192508698,
-0.0460815466940403
],
"r_middle_tip": [
-0.007694611791521311,
0.004835877567529678,
-0.04255777224898338
],
"r_ring_mcp": [
0.020112155005335808,
-0.0010115471668541431,
0.002233836567029357
],
"r_ring_pip": [
0.01940063387155533,
-0.017032353207468987,
-0.02329525165259838
],
"r_ring_dip": [
0.01314376201480627,
0.00022255023941397667,
-0.038539525121450424
],
"r_ring_tip": [
0.009010554291307926,
0.016461579129099846,
-0.03464038297533989
],
"r_pinky_mcp": [
0.03374704718589783,
0.014381252229213715,
-0.00036340003134682775
],
"r_pinky_pip": [
0.0382772721350193,
-0.004321059212088585,
-0.014592425897717476
],
"r_pinky_dip": [
0.03330313041806221,
0.003510500304400921,
-0.031678762286901474
],
"r_pinky_tip": [
0.02552846074104309,
0.018524043262004852,
-0.034230414777994156
]
}
],
"framerate": 30,
"mirrorable": true
}