{
    "label": "W",
    "label_id": 23,
    "gestures": [
        {
            "wrist": [
                0.0026322640478610992,
                0.10159245133399963,
                0.01606454700231552
            ],
            "thumb_cmc": [
                -0.026957539841532707,
                0.08260897547006607,
                -0.007224186789244413
            ],
            "thumb_mcp": [
                -0.024372493848204613,
                0.05895494669675827,
                -0.025418588891625404
            ],
            "thumb_ip": [
                -0.003947776276618242,
                0.02614973671734333,
                -0.04246649891138077
            ],
            "thumb_tip": [
                0.021505944430828094,
                0.010786322876811028,
                -0.04217510670423508
            ],
            "index_mcp": [
                -0.030285708606243134,
                0.00014014262706041336,
                -0.009341754950582981
            ],
            "index_pip": [
                -0.033018503338098526,
                -0.02907242253422737,
                -0.01590091921389103
            ],
            "index_dip": [
                -0.03336005285382271,
                -0.05231286585330963,
                -0.020390436053276062
            ],
            "index_tip": [
                -0.039577748626470566,
                -0.07211495190858841,
                -0.03253025561571121
            ],
            "middle_mcp": [
                -0.005723117850720882,
                -0.006575247272849083,
                0.0025939338374882936
            ],
            "middle_pip": [
                -0.005175374448299408,
                -0.048129335045814514,
                -0.0009581113699823618
            ],
            "middle_dip": [
                -0.009393135085701942,
                -0.0727471113204956,
                -0.010904313065111637
            ],
            "middle_tip": [
                -0.017065055668354034,
                -0.09860385209321976,
                -0.022795358672738075
            ],
            "ring_mcp": [
                0.018917266279459,
                -0.0019319313578307629,
                0.005184561479836702
            ],
            "ring_pip": [
                0.02186294086277485,
                -0.032787833362817764,
                -0.005215460434556007
            ],
            "ring_dip": [
                0.023284371942281723,
                -0.05842430517077446,
                -0.01729496568441391
            ],
            "ring_tip": [
                0.023464927449822426,
                -0.07703348249197006,
                -0.033888839185237885
            ],
            "pinky_mcp": [
                0.03161875903606415,
                0.014584607444703579,
                0.009244062006473541
            ],
            "pinky_pip": [
                0.04037535935640335,
                -0.0021247686818242073,
                -0.005059794057160616
            ],
            "pinky_dip": [
                0.0367509163916111,
                0.002638266421854496,
                -0.022963112220168114
            ],
            "pinky_tip": [
                0.030482042580842972,
                0.019292417913675308,
                -0.031425923109054565
            ]
        }
    ]
}