{
"label": "w",
"gestures": [
{
"l_hand_position": null,
"l_wrist": null,
"l_thumb_cmc": null,
"l_thumb_mcp": null,
"l_thumb_ip": null,
"l_thumb_tip": null,
"l_index_mcp": null,
"l_index_pip": null,
"l_index_dip": null,
"l_index_tip": null,
"l_middle_mcp": null,
"l_middle_pip": null,
"l_middle_dip": null,
"l_middle_tip": null,
"l_ring_mcp": null,
"l_ring_pip": null,
"l_ring_dip": null,
"l_ring_tip": null,
"l_pinky_mcp": null,
"l_pinky_pip": null,
"l_pinky_dip": null,
"l_pinky_tip": null,
"r_hand_position": null,
"r_wrist": [
-0.012083359062671661,
0.10020238161087132,
0.007628632243722722
],
"r_thumb_cmc": [
0.012169551104307175,
0.08079112321138468,
-0.0037809761706741546
],
"r_thumb_mcp": [
0.019501646980643272,
0.05217186361551349,
-0.01991843059659025
],
"r_thumb_ip": [
0.008950451388955116,
0.017437517642975034,
-0.037041157484054975
],
"r_thumb_tip": [
-0.02139434404671192,
-0.00169446785002949,
-0.035784993320703944
],
"r_index_mcp": [
0.021566331386566162,
-0.0023229839280247905,
0.0010574170155450784
],
"r_index_pip": [
0.03185514360666275,
-0.031888738274574585,
-0.005477684549987344
],
"r_index_dip": [
0.03855442628264427,
-0.05656851828098372,
-0.006355974357575206
],
"r_index_tip": [
0.041286665946245193,
-0.07930754125118349,
-0.017957910895347692
],
"r_middle_mcp": [
0.0024742837995290756,
-0.007078825030475935,
0.005041033495217624
],
"r_middle_pip": [
0.00976838730275631,
-0.048630021512508975,
0.005702840629965104
],
"r_middle_dip": [
0.012286471202969551,
-0.07346492260694583,
0.002391870599240054
],
"r_middle_tip": [
0.01680113933980465,
-0.10124120116233949,
-0.007507528178393871
],
"r_ring_mcp": [
-0.015235887840390205,
-0.0013308082707226435,
-0.0018930584192276192
],
"r_ring_pip": [
-0.01707354187965393,
-0.03496971353888547,
-0.012586704455316178
],
"r_ring_dip": [
-0.01800132356584072,
-0.055573958903551796,
-0.02559757605195069
],
"r_ring_tip": [
-0.0167780090123415,
-0.07532078027725325,
-0.040274485945702154
],
"r_pinky_mcp": [
-0.032824546098709106,
0.016191922128200715,
-0.005794580560177634
],
"r_pinky_pip": [
-0.022635046392679214,
0.0005154944956302495,
-0.017813492566347258
],
"r_pinky_dip": [
-0.011324560269713402,
0.00478242803364993,
-0.02909284085035354
],
"r_pinky_tip": [
-0.008215079084038734,
0.022022524848580475,
-0.03650679811835332
]
}
],
"framerate": 30,
"mirrorable": true
}