{
"label": "w",
"gestures": [
{
"l_hand_position": null,
"l_wrist": [
0.0051645319908857346,
0.09688582271337594,
0.024207057431340467
],
"l_thumb_cmc": [
-0.02466319501399994,
0.0795207917690286,
0.002861467888578691
],
"l_thumb_mcp": [
-0.02686224691569805,
0.05389402061700878,
-0.020647643133998236
],
"l_thumb_ip": [
-0.01666814461350441,
0.028045136481523753,
-0.04158739000558899
],
"l_thumb_tip": [
0.006895310245454311,
0.005385954864323169,
-0.04675856977701232
],
"l_index_mcp": [
-0.030868355184793472,
-0.0006838319823145976,
-0.004144121427089014
],
"l_index_pip": [
-0.0400734581053257,
-0.02631355635821851,
-0.01482953131198898
],
"l_index_dip": [
-0.044114645570516586,
-0.048344537615776575,
-0.022904938086867454
],
"l_index_tip": [
-0.0513458251953125,
-0.06803577393293446,
-0.03928183391690297
],
"l_middle_mcp": [
-0.0067280977964401245,
-0.006669190712273176,
0.004626816138625186
],
"l_middle_pip": [
1.5220604836940765e-05,
-0.0476343072950846,
-0.00047137530054895373
],
"l_middle_dip": [
-0.003337474539875984,
-0.07356741279363731,
-0.010745648294687396
],
"l_middle_tip": [
-0.0029771290719509125,
-0.10224927216768354,
-0.020838595926761613
],
"l_ring_mcp": [
0.02102336660027504,
-0.0023325812071562126,
0.0028885663487017536
],
"l_ring_pip": [
0.027922268956899643,
-0.030131116509437863,
-0.007861160673201152
],
"l_ring_dip": [
0.03275900334119797,
-0.05680793523788508,
-0.019975710660219363
],
"l_ring_tip": [
0.036469466984272,
-0.08205804228782737,
-0.03701783716678654
],
"l_pinky_mcp": [
0.03280925005674362,
0.01622091047465823,
0.003118326887488409
],
"l_pinky_pip": [
0.027509909123182297,
0.00804730318486698,
-0.012866295874118971
],
"l_pinky_dip": [
0.01617296412587166,
0.01569554209709182,
-0.027476154267788235
],
"l_pinky_tip": [
0.009415165521204472,
0.03365512937307401,
-0.030577292665839546
],
"r_hand_position": null,
"r_wrist": null,
"r_thumb_cmc": null,
"r_thumb_mcp": null,
"r_thumb_ip": null,
"r_thumb_tip": null,
"r_index_mcp": null,
"r_index_pip": null,
"r_index_dip": null,
"r_index_tip": null,
"r_middle_mcp": null,
"r_middle_pip": null,
"r_middle_dip": null,
"r_middle_tip": null,
"r_ring_mcp": null,
"r_ring_pip": null,
"r_ring_dip": null,
"r_ring_tip": null,
"r_pinky_mcp": null,
"r_pinky_pip": null,
"r_pinky_dip": null,
"r_pinky_tip": null
}
],
"framerate": 30,
"mirrorable": true
}