{
"label": "w",
"gestures": [
{
"l_hand_position": null,
"l_wrist": [
0.004568185657262802,
0.10469951480627168,
0.007839911617338668
],
"l_thumb_cmc": [
-0.025948401540517807,
0.08537841588258827,
-0.008184200152754966
],
"l_thumb_mcp": [
-0.023982446640729904,
0.05763151496648844,
-0.027187248691916778
],
"l_thumb_ip": [
-0.0015662256628274918,
0.025827040895819785,
-0.040703494101763084
],
"l_thumb_tip": [
0.02356632985174656,
0.008494339883327632,
-0.03995089977979721
],
"l_index_mcp": [
-0.027127519249916077,
0.0010317508131265692,
-0.005404862575233048
],
"l_index_pip": [
-0.03079254738986492,
-0.028394926339388175,
-0.0151551011949779
],
"l_index_dip": [
-0.033608563244342804,
-0.05094809085130743,
-0.019724583253264604
],
"l_index_tip": [
-0.036440081894397736,
-0.0704635828733452,
-0.030536487698555364
],
"l_middle_mcp": [
-0.005841981153935194,
-0.007163094822317428,
0.0029207705520093675
],
"l_middle_pip": [
-0.010027235373854637,
-0.04706068336963704,
-0.0014111391501501242
],
"l_middle_dip": [
-0.01750737801194191,
-0.07139623910188757,
-0.005355817265808623
],
"l_middle_tip": [
-0.024505700916051865,
-0.09941951930522994,
-0.01212039124220625
],
"l_ring_mcp": [
0.019037479534745216,
-0.002304564695805332,
0.0033828744199127362
],
"l_ring_pip": [
0.019734080880880356,
-0.03198258578777344,
-0.008773215115070385
],
"l_ring_dip": [
0.018111374229192734,
-0.0604364834725864,
-0.017437361180782426
],
"l_ring_tip": [
0.016179637983441353,
-0.0847129374742518,
-0.03224645555019398
],
"l_pinky_mcp": [
0.030679088085889816,
0.0158115550875665,
0.004941363818943555
],
"l_pinky_pip": [
0.0385698601603508,
-0.00018858909606936467,
-0.01466429512947813
],
"l_pinky_dip": [
0.033403873443603516,
0.011364335194230137,
-0.03139910474419623
],
"l_pinky_tip": [
0.0278575848788023,
0.031753458082676295,
-0.03643111139535948
],
"r_hand_position": null,
"r_wrist": null,
"r_thumb_cmc": null,
"r_thumb_mcp": null,
"r_thumb_ip": null,
"r_thumb_tip": null,
"r_index_mcp": null,
"r_index_pip": null,
"r_index_dip": null,
"r_index_tip": null,
"r_middle_mcp": null,
"r_middle_pip": null,
"r_middle_dip": null,
"r_middle_tip": null,
"r_ring_mcp": null,
"r_ring_pip": null,
"r_ring_dip": null,
"r_ring_tip": null,
"r_pinky_mcp": null,
"r_pinky_pip": null,
"r_pinky_dip": null,
"r_pinky_tip": null
}
],
"framerate": 30,
"mirrorable": true
}