{
"label": "w",
"gestures": [
{
"l_hand_position": [
0.7968717813491821,
0.8334368467330933,
-1.7586444300832227e-07
],
"l_wrist": [
-0.008920907974243164,
0.09816301614046097,
0.011462035588920116
],
"l_thumb_cmc": [
-0.03435627371072769,
0.07564899325370789,
-0.004238222260028124
],
"l_thumb_mcp": [
-0.02928231842815876,
0.05086209997534752,
-0.02375997230410576
],
"l_thumb_ip": [
-0.009111844934523106,
0.02325601689517498,
-0.03358942270278931
],
"l_thumb_tip": [
0.017059827223420143,
0.006736160255968571,
-0.034081894904375076
],
"l_index_mcp": [
-0.028419658541679382,
-0.0030340058729052544,
-0.002470680046826601
],
"l_index_pip": [
-0.029289541766047478,
-0.03366325795650482,
-0.010411536321043968
],
"l_index_dip": [
-0.02982451394200325,
-0.05676976591348648,
-0.0115957111120224
],
"l_index_tip": [
-0.03200462460517883,
-0.07621579617261887,
-0.020534824579954147
],
"l_middle_mcp": [
-0.006037071347236633,
-0.006527568679302931,
0.0034536016173660755
],
"l_middle_pip": [
-0.0005926880985498428,
-0.047429975122213364,
0.004817232955247164
],
"l_middle_dip": [
-0.0031603239476680756,
-0.07440248131752014,
0.005878583062440157
],
"l_middle_tip": [
-0.0045073628425598145,
-0.1025698110461235,
0.0028193758334964514
],
"l_ring_mcp": [
0.020708665251731873,
0.0008481983095407486,
0.0028090933337807655
],
"l_ring_pip": [
0.02536548487842083,
-0.02801184542477131,
-0.008026226423680782
],
"l_ring_dip": [
0.027015186846256256,
-0.05300796404480934,
-0.014882588759064674
],
"l_ring_tip": [
0.027786001563072205,
-0.07477133721113205,
-0.028896097093820572
],
"l_pinky_mcp": [
0.03017587959766388,
0.01851615309715271,
0.002218191744759679
],
"l_pinky_pip": [
0.034476350992918015,
0.0063078757375478745,
-0.012022655457258224
],
"l_pinky_dip": [
0.027331039309501648,
0.013143304735422134,
-0.023899516090750694
],
"l_pinky_tip": [
0.018242981284856796,
0.02887185476720333,
-0.02855762280523777
],
"r_hand_position": null,
"r_wrist": null,
"r_thumb_cmc": null,
"r_thumb_mcp": null,
"r_thumb_ip": null,
"r_thumb_tip": null,
"r_index_mcp": null,
"r_index_pip": null,
"r_index_dip": null,
"r_index_tip": null,
"r_middle_mcp": null,
"r_middle_pip": null,
"r_middle_dip": null,
"r_middle_tip": null,
"r_ring_mcp": null,
"r_ring_pip": null,
"r_ring_dip": null,
"r_ring_tip": null,
"r_pinky_mcp": null,
"r_pinky_pip": null,
"r_pinky_dip": null,
"r_pinky_tip": null
}
],
"framerate": 30,
"mirrorable": true
}