{
"label": "w",
"gestures": [
{
"l_hand_position": null,
"l_wrist": [
0.013304531574249268,
0.09702995419502258,
0.022781675681471825
],
"l_thumb_cmc": [
-0.017920827493071556,
0.07572047412395477,
0.01956959441304207
],
"l_thumb_mcp": [
-0.02800588309764862,
0.052474427968263626,
0.0020304140634834766
],
"l_thumb_ip": [
-0.030564218759536743,
0.025403233245015144,
-0.02517043426632881
],
"l_thumb_tip": [
-0.01322520337998867,
0.010645861737430096,
-0.047700654715299606
],
"l_index_mcp": [
-0.02417171001434326,
-0.00200183829292655,
0.012458271346986294
],
"l_index_pip": [
-0.03335295617580414,
-0.030274484306573868,
0.003126096446067095
],
"l_index_dip": [
-0.03971632197499275,
-0.05237245559692383,
-0.003846593666821718
],
"l_index_tip": [
-0.05273720249533653,
-0.07243569195270538,
-0.020688991993665695
],
"l_middle_mcp": [
-0.004055953584611416,
-0.005358314607292414,
0.006761674769222736
],
"l_middle_pip": [
0.000580979511141777,
-0.045856013894081116,
-0.0038843017537146807
],
"l_middle_dip": [
-0.006840275600552559,
-0.07101346552371979,
-0.013197138905525208
],
"l_middle_tip": [
-0.01134408824145794,
-0.09918157011270523,
-0.021748298779129982
],
"l_ring_mcp": [
0.014766608364880085,
-0.001755450153723359,
-0.008508463390171528
],
"l_ring_pip": [
0.01753142848610878,
-0.030822576954960823,
-0.022037366405129433
],
"l_ring_dip": [
0.012524118646979332,
-0.05922470986843109,
-0.03500700742006302
],
"l_ring_tip": [
0.00800304114818573,
-0.08157391846179962,
-0.04887040704488754
],
"l_pinky_mcp": [
0.019571403041481972,
0.01579507626593113,
-0.018328987061977386
],
"l_pinky_pip": [
0.016580495983362198,
-9.408220648765564e-05,
-0.03068477287888527
],
"l_pinky_dip": [
0.0013792605604976416,
-0.003397178603336215,
-0.04326719418168068
],
"l_pinky_tip": [
-0.014184257946908474,
0.011050425469875336,
-0.04656757414340973
],
"r_hand_position": [
0.10152852535247803,
0.27372342348098755,
-0.49999999009240526
],
"r_wrist": null,
"r_thumb_cmc": null,
"r_thumb_mcp": null,
"r_thumb_ip": null,
"r_thumb_tip": null,
"r_index_mcp": null,
"r_index_pip": null,
"r_index_dip": null,
"r_index_tip": null,
"r_middle_mcp": null,
"r_middle_pip": null,
"r_middle_dip": null,
"r_middle_tip": null,
"r_ring_mcp": null,
"r_ring_pip": null,
"r_ring_dip": null,
"r_ring_tip": null,
"r_pinky_mcp": null,
"r_pinky_pip": null,
"r_pinky_dip": null,
"r_pinky_tip": null,
"l_hand_velocity": null,
"r_hand_velocity": null,
"m_nose_point": null,
"m_top_nose": null,
"m_eyebrows": null,
"m_forehead": null,
"m_top_chin": null,
"m_bot_up_lip": null,
"m_top_low_lip": null,
"m_bot_nose": null,
"m_chin": null,
"m_nose": null,
"l_eye_exterior": null,
"l_temple": null,
"l_mid_chin": null,
"l_up_lip": null,
"l_ext_nostril": null,
"l_mid_cheek": null,
"l_mid_eyebrow": null,
"l_ext_eyebrow": null,
"l_ext_lips": null,
"l_jaw_angle": null,
"l_mid_ext_face": null,
"l_int_eyebrow": null,
"l_mid_jaw": null,
"l_mid_bot_eyelid": null,
"l_ext_mouth": null,
"l_top_eyelid": null,
"l_eye_int": null,
"l_pupil": null,
"r_eye_exterior": null,
"r_temple": null,
"r_mid_chin": null,
"r_up_lip": null,
"r_ext_nostril": null,
"r_mid_cheek": null,
"r_mid_eyebrow": null,
"r_ext_eyebrow": null,
"r_ext_lips": null,
"r_jaw_angle": null,
"r_mid_ext_face": null,
"r_int_eyebrow": null,
"r_mid_jaw": null,
"r_mid_bot_eyelid": null,
"r_ext_mouth": null,
"r_top_eyelid": null,
"r_eye_int": null,
"r_pupil": null,
"l_shoudler": null,
"l_elbow": null,
"l_hip": null,
"l_knee": null,
"l_ankle": null,
"r_shoudler": null,
"r_elbow": null,
"r_hip": null,
"r_knee": null,
"r_ankle": null
}
],
"framerate": 30,
"mirrorable": true,
"invalid": false
}