{
"label": "w",
"gestures": [
{
"l_hand_position": null,
"l_wrist": [
0.002826523035764694,
0.0822002962231636,
0.047456782311201096
],
"l_thumb_cmc": [
-0.024094870314002037,
0.07236361503601074,
0.02278263121843338
],
"l_thumb_mcp": [
-0.020005501806735992,
0.054888952523469925,
-0.0021494459360837936
],
"l_thumb_ip": [
-0.005897663068026304,
0.03359974920749664,
-0.032084062695503235
],
"l_thumb_tip": [
0.018012773245573044,
0.01714511588215828,
-0.048745620995759964
],
"l_index_mcp": [
-0.02744528092443943,
0.00023288745433092117,
-0.008163035847246647
],
"l_index_pip": [
-0.03288818150758743,
-0.02853686548769474,
-0.016016708686947823
],
"l_index_dip": [
-0.03722043335437775,
-0.05176583677530289,
-0.02368878200650215
],
"l_index_tip": [
-0.04855755716562271,
-0.07274262607097626,
-0.0439792238175869
],
"l_middle_mcp": [
-0.00542521383613348,
-0.006772234104573727,
0.0017174200620502234
],
"l_middle_pip": [
-0.0012743882834911346,
-0.045584261417388916,
-0.010263781063258648
],
"l_middle_dip": [
-0.006988851353526115,
-0.06884411722421646,
-0.021557537838816643
],
"l_middle_tip": [
-0.010559502989053726,
-0.09584414958953857,
-0.03674401715397835
],
"l_ring_mcp": [
0.01749935932457447,
-0.001610244158655405,
0.0020881586242467165
],
"l_ring_pip": [
0.023545455187559128,
-0.030926385894417763,
-0.01068504061549902
],
"l_ring_dip": [
0.026770658791065216,
-0.05614858493208885,
-0.028612760826945305
],
"l_ring_tip": [
0.029248572885990143,
-0.07687527686357498,
-0.04312394931912422
],
"l_pinky_mcp": [
0.027084751054644585,
0.013634699396789074,
0.00925529282540083
],
"l_pinky_pip": [
0.0325225368142128,
-0.0028239088132977486,
-0.004422461148351431
],
"l_pinky_dip": [
0.025336911901831627,
0.0035809180699288845,
-0.023432787507772446
],
"l_pinky_tip": [
0.018380537629127502,
0.018291300162672997,
-0.03170301020145416
],
"r_hand_position": [
0.12773478031158447,
0.2472996711730957,
-0.4999998931543814
],
"r_wrist": null,
"r_thumb_cmc": null,
"r_thumb_mcp": null,
"r_thumb_ip": null,
"r_thumb_tip": null,
"r_index_mcp": null,
"r_index_pip": null,
"r_index_dip": null,
"r_index_tip": null,
"r_middle_mcp": null,
"r_middle_pip": null,
"r_middle_dip": null,
"r_middle_tip": null,
"r_ring_mcp": null,
"r_ring_pip": null,
"r_ring_dip": null,
"r_ring_tip": null,
"r_pinky_mcp": null,
"r_pinky_pip": null,
"r_pinky_dip": null,
"r_pinky_tip": null,
"l_hand_velocity": null,
"r_hand_velocity": null,
"m_nose_point": null,
"m_top_nose": null,
"m_eyebrows": null,
"m_forehead": null,
"m_top_chin": null,
"m_bot_up_lip": null,
"m_top_low_lip": null,
"m_bot_nose": null,
"m_chin": null,
"m_nose": null,
"l_eye_exterior": null,
"l_temple": null,
"l_mid_chin": null,
"l_up_lip": null,
"l_ext_nostril": null,
"l_mid_cheek": null,
"l_mid_eyebrow": null,
"l_ext_eyebrow": null,
"l_ext_lips": null,
"l_jaw_angle": null,
"l_mid_ext_face": null,
"l_int_eyebrow": null,
"l_mid_jaw": null,
"l_mid_bot_eyelid": null,
"l_ext_mouth": null,
"l_top_eyelid": null,
"l_eye_int": null,
"l_pupil": null,
"r_eye_exterior": null,
"r_temple": null,
"r_mid_chin": null,
"r_up_lip": null,
"r_ext_nostril": null,
"r_mid_cheek": null,
"r_mid_eyebrow": null,
"r_ext_eyebrow": null,
"r_ext_lips": null,
"r_jaw_angle": null,
"r_mid_ext_face": null,
"r_int_eyebrow": null,
"r_mid_jaw": null,
"r_mid_bot_eyelid": null,
"r_ext_mouth": null,
"r_top_eyelid": null,
"r_eye_int": null,
"r_pupil": null,
"l_shoudler": null,
"l_elbow": null,
"l_hip": null,
"l_knee": null,
"l_ankle": null,
"r_shoudler": null,
"r_elbow": null,
"r_hip": null,
"r_knee": null,
"r_ankle": null
}
],
"framerate": 30,
"mirrorable": true,
"invalid": false
}