{
"label": "w",
"gestures": [
{
"l_hand_position": null,
"l_wrist": [
0.0072614289820194244,
0.09252195805311203,
0.04190368205308914
],
"l_thumb_cmc": [
-0.022431248798966408,
0.07156824320554733,
0.01839916780591011
],
"l_thumb_mcp": [
-0.025435343384742737,
0.05259214714169502,
-0.0073257931508123875
],
"l_thumb_ip": [
-0.016886554658412933,
0.029419727623462677,
-0.04277630150318146
],
"l_thumb_tip": [
-0.0008289357647299767,
0.011747121810913086,
-0.05531779304146767
],
"l_index_mcp": [
-0.02857116423547268,
-0.0029188948683440685,
-0.00227503664791584
],
"l_index_pip": [
-0.03496934473514557,
-0.030991723760962486,
-0.012742450460791588
],
"l_index_dip": [
-0.037232689559459686,
-0.05368988960981369,
-0.019405996426939964
],
"l_index_tip": [
-0.04601825401186943,
-0.07265575975179672,
-0.042538635432720184
],
"l_middle_mcp": [
-0.004897414240986109,
-0.005527004599571228,
0.0030242283828556538
],
"l_middle_pip": [
-0.0021845316514372826,
-0.04522738233208656,
-0.005850831046700478
],
"l_middle_dip": [
-0.0058571528643369675,
-0.06854248046875,
-0.022376997396349907
],
"l_middle_tip": [
-0.008917160332202911,
-0.09109407663345337,
-0.04207955300807953
],
"l_ring_mcp": [
0.01720324531197548,
-0.00024207541719079018,
0.0010904136579483747
],
"l_ring_pip": [
0.023732660338282585,
-0.027505716308951378,
-0.01437298022210598
],
"l_ring_dip": [
0.023193484172225,
-0.051643796265125275,
-0.03607149049639702
],
"l_ring_tip": [
0.024956146255135536,
-0.07073788344860077,
-0.05679234489798546
],
"l_pinky_mcp": [
0.02846311777830124,
0.019081663340330124,
0.0006801685085520148
],
"l_pinky_pip": [
0.03156955540180206,
0.0021583051420748234,
-0.013435627333819866
],
"l_pinky_dip": [
0.023673858493566513,
-0.0013889125548303127,
-0.036667875945568085
],
"l_pinky_tip": [
0.01536125224083662,
0.008028157986700535,
-0.05308463051915169
],
"r_hand_position": [
0.08704870939254761,
0.2503839135169983,
-0.499999937996094
],
"r_wrist": null,
"r_thumb_cmc": null,
"r_thumb_mcp": null,
"r_thumb_ip": null,
"r_thumb_tip": null,
"r_index_mcp": null,
"r_index_pip": null,
"r_index_dip": null,
"r_index_tip": null,
"r_middle_mcp": null,
"r_middle_pip": null,
"r_middle_dip": null,
"r_middle_tip": null,
"r_ring_mcp": null,
"r_ring_pip": null,
"r_ring_dip": null,
"r_ring_tip": null,
"r_pinky_mcp": null,
"r_pinky_pip": null,
"r_pinky_dip": null,
"r_pinky_tip": null,
"l_hand_velocity": null,
"r_hand_velocity": null,
"m_nose_point": null,
"m_top_nose": null,
"m_eyebrows": null,
"m_forehead": null,
"m_top_chin": null,
"m_bot_up_lip": null,
"m_top_low_lip": null,
"m_bot_nose": null,
"m_chin": null,
"m_nose": null,
"l_eye_exterior": null,
"l_temple": null,
"l_mid_chin": null,
"l_up_lip": null,
"l_ext_nostril": null,
"l_mid_cheek": null,
"l_mid_eyebrow": null,
"l_ext_eyebrow": null,
"l_ext_lips": null,
"l_jaw_angle": null,
"l_mid_ext_face": null,
"l_int_eyebrow": null,
"l_mid_jaw": null,
"l_mid_bot_eyelid": null,
"l_ext_mouth": null,
"l_top_eyelid": null,
"l_eye_int": null,
"l_pupil": null,
"r_eye_exterior": null,
"r_temple": null,
"r_mid_chin": null,
"r_up_lip": null,
"r_ext_nostril": null,
"r_mid_cheek": null,
"r_mid_eyebrow": null,
"r_ext_eyebrow": null,
"r_ext_lips": null,
"r_jaw_angle": null,
"r_mid_ext_face": null,
"r_int_eyebrow": null,
"r_mid_jaw": null,
"r_mid_bot_eyelid": null,
"r_ext_mouth": null,
"r_top_eyelid": null,
"r_eye_int": null,
"r_pupil": null,
"l_shoudler": null,
"l_elbow": null,
"l_hip": null,
"l_knee": null,
"l_ankle": null,
"r_shoudler": null,
"r_elbow": null,
"r_hip": null,
"r_knee": null,
"r_ankle": null
}
],
"framerate": 30,
"mirrorable": true,
"invalid": false
}