{
"label": "w",
"gestures": [
{
"l_hand_position": null,
"l_wrist": null,
"l_thumb_cmc": null,
"l_thumb_mcp": null,
"l_thumb_ip": null,
"l_thumb_tip": null,
"l_index_mcp": null,
"l_index_pip": null,
"l_index_dip": null,
"l_index_tip": null,
"l_middle_mcp": null,
"l_middle_pip": null,
"l_middle_dip": null,
"l_middle_tip": null,
"l_ring_mcp": null,
"l_ring_pip": null,
"l_ring_dip": null,
"l_ring_tip": null,
"l_pinky_mcp": null,
"l_pinky_pip": null,
"l_pinky_dip": null,
"l_pinky_tip": null,
"r_hand_position": null,
"r_wrist": [
-0.027748262509703636,
0.09163000434637159,
0.016077021136879987
],
"r_thumb_cmc": [
-0.0024963319301605225,
0.07689947634935473,
0.0014427572023122948
],
"r_thumb_mcp": [
0.010674778372049332,
0.05147612094879219,
-0.017762511968612945
],
"r_thumb_ip": [
0.003543398343026638,
0.015077270567417334,
-0.04075456783175513
],
"r_thumb_tip": [
-0.021668924018740654,
-0.008327392861247151,
-0.03987007960677187
],
"r_index_mcp": [
0.018604297190904617,
0.004521576222032354,
-0.00359587185084823
],
"r_index_pip": [
0.03853047639131546,
-0.01911277510225787,
-0.007391043938696431
],
"r_index_dip": [
0.05182727798819542,
-0.0369410738348965,
-0.012567192316055457
],
"r_index_tip": [
0.059318311512470245,
-0.051821921020746745,
-0.030255019664764612
],
"r_middle_mcp": [
0.0029541191179305315,
-0.005723051726818162,
0.0054277279414237265
],
"r_middle_pip": [
0.01702817715704441,
-0.04257009178400089,
0.0009751879260876259
],
"r_middle_dip": [
0.014721378684043884,
-0.06748909503221584,
-0.006913307122886251
],
"r_middle_tip": [
0.019157443195581436,
-0.09428709000349131,
-0.025292184203863362
],
"r_ring_mcp": [
-0.012086381204426289,
-0.005034428089857186,
-4.8349287681036905e-05
],
"r_ring_pip": [
-0.012220881879329681,
-0.036803137511015396,
-0.018062327057123406
],
"r_ring_dip": [
-0.01579352654516697,
-0.06054615229368289,
-0.037234127521515226
],
"r_ring_tip": [
-0.023138631135225296,
-0.08693294227123366,
-0.05876794457435641
],
"r_pinky_mcp": [
-0.033062294125556946,
0.008168117143213837,
-0.003542594378814128
],
"r_pinky_pip": [
-0.015302814543247223,
0.006394897121936158,
-0.023679824545979777
],
"r_pinky_dip": [
-0.00691648805513978,
0.019191887229681258,
-0.040116563439369625
],
"r_pinky_tip": [
-0.00934027973562479,
0.027878647670149904,
-0.04907497763633766
]
}
],
"framerate": 30,
"mirrorable": true
}