{
    "label": "W",
    "label_id": 23,
    "gestures": [
        {
            "wrist": [
                -0.027748262509703636,
                0.0916300043463707,
                0.01607702113687992
            ],
            "thumb_cmc": [
                -0.0024963319301605225,
                0.07689947634935379,
                0.0014427572023123503
            ],
            "thumb_mcp": [
                0.010674778372049332,
                0.051476120948791504,
                -0.01776251196861267
            ],
            "thumb_ip": [
                0.003543398343026638,
                0.015077270567417145,
                -0.040754567831754684
            ],
            "thumb_tip": [
                -0.021668924018740654,
                -0.008327392861247063,
                -0.03987007960677147
            ],
            "index_mcp": [
                0.018604297190904617,
                0.004521576222032309,
                -0.003595871850848198
            ],
            "index_pip": [
                0.03853047639131546,
                -0.01911277510225773,
                -0.007391043938696384
            ],
            "index_dip": [
                0.05182727798819542,
                -0.03694107383489609,
                -0.012567192316055298
            ],
            "index_tip": [
                0.059318311512470245,
                -0.05182192102074623,
                -0.030255019664764404
            ],
            "middle_mcp": [
                0.0029541191179305315,
                -0.005723051726818085,
                0.0054277279414236546
            ],
            "middle_pip": [
                0.01702817715704441,
                -0.0425700917840004,
                0.0009751879260875285
            ],
            "middle_dip": [
                0.014721378684043884,
                -0.06748909503221512,
                -0.006913307122886181
            ],
            "middle_tip": [
                0.019157443195581436,
                -0.09428709000349045,
                -0.025292184203863144
            ],
            "ring_mcp": [
                -0.012086381204426289,
                -0.0050344280898571014,
                -4.8349287681048736e-05
            ],
            "ring_pip": [
                -0.012220881879329681,
                -0.03680313751101494,
                -0.018062327057123184
            ],
            "ring_dip": [
                -0.01579352654516697,
                -0.0605461522936821,
                -0.03723412752151489
            ],
            "ring_tip": [
                -0.023138631135225296,
                -0.0869329422712326,
                -0.05876794457435608
            ],
            "pinky_mcp": [
                -0.033062294125556946,
                0.008168117143213749,
                -0.0035425943788141012
            ],
            "pinky_pip": [
                -0.015302814543247223,
                0.006394897121936083,
                -0.0236798245459795
            ],
            "pinky_dip": [
                -0.00691648805513978,
                0.019191887229681015,
                -0.0401165634393692
            ],
            "pinky_tip": [
                -0.00934027973562479,
                0.027878647670149803,
                -0.04907497763633728
            ]
        }
    ]
}