{
"label": "w",
"gestures": [
{
"l_hand_position": null,
"l_wrist": null,
"l_thumb_cmc": null,
"l_thumb_mcp": null,
"l_thumb_ip": null,
"l_thumb_tip": null,
"l_index_mcp": null,
"l_index_pip": null,
"l_index_dip": null,
"l_index_tip": null,
"l_middle_mcp": null,
"l_middle_pip": null,
"l_middle_dip": null,
"l_middle_tip": null,
"l_ring_mcp": null,
"l_ring_pip": null,
"l_ring_dip": null,
"l_ring_tip": null,
"l_pinky_mcp": null,
"l_pinky_pip": null,
"l_pinky_dip": null,
"l_pinky_tip": null,
"r_hand_position": null,
"r_wrist": [
-0.006887719035148621,
0.09054629504680713,
0.03801986202597642
],
"r_thumb_cmc": [
0.016369353979825974,
0.07336083054542607,
0.014213917776942477
],
"r_thumb_mcp": [
0.020127594470977783,
0.04864274337887816,
-0.015931649133563302
],
"r_thumb_ip": [
0.002323932945728302,
0.01977854408323783,
-0.04728532209992461
],
"r_thumb_tip": [
-0.023380586877465248,
0.0007393676787613888,
-0.0538213700056081
],
"r_index_mcp": [
0.025811830535531044,
-0.00210874713957312,
-0.0072964127175510485
],
"r_index_pip": [
0.03912021964788437,
-0.029700882732868552,
-0.019008366391062965
],
"r_index_dip": [
0.04725892096757889,
-0.048986632376909776,
-0.02101512253284479
],
"r_index_tip": [
0.05275533348321915,
-0.06797847896814438,
-0.036335352808237485
],
"r_middle_mcp": [
0.0035815429873764515,
-0.006892397534102279,
0.0029470112640411013
],
"r_middle_pip": [
0.009786522015929222,
-0.04554871469736146,
-0.004454492591321464
],
"r_middle_dip": [
0.008615387603640556,
-0.06847086548805299,
-0.014957336708903335
],
"r_middle_tip": [
0.011448163539171219,
-0.0940175130963336,
-0.032876092940569285
],
"r_ring_mcp": [
-0.0172730702906847,
-0.0010931482538581003,
0.004044080618768978
],
"r_ring_pip": [
-0.02248150110244751,
-0.03449107706546816,
-0.011786933057010292
],
"r_ring_dip": [
-0.028806498274207115,
-0.05553121119737683,
-0.030672423541546166
],
"r_ring_tip": [
-0.03248417750000954,
-0.07413753867149428,
-0.04964403063058905
],
"r_pinky_mcp": [
-0.039079613983631134,
0.015951178967952895,
0.007511774078011566
],
"r_pinky_pip": [
-0.04008829593658447,
0.0022783000022173223,
-0.006958595942705949
],
"r_pinky_dip": [
-0.037936363369226456,
0.003364780917763736,
-0.023532198742032287
],
"r_pinky_tip": [
-0.0355779305100441,
0.01675882004201428,
-0.03613194450736099
]
}
],
"framerate": 30,
"mirrorable": true
}