{
"label": "w",
"gestures": [
{
"l_hand_position": null,
"l_wrist": null,
"l_thumb_cmc": null,
"l_thumb_mcp": null,
"l_thumb_ip": null,
"l_thumb_tip": null,
"l_index_mcp": null,
"l_index_pip": null,
"l_index_dip": null,
"l_index_tip": null,
"l_middle_mcp": null,
"l_middle_pip": null,
"l_middle_dip": null,
"l_middle_tip": null,
"l_ring_mcp": null,
"l_ring_pip": null,
"l_ring_dip": null,
"l_ring_tip": null,
"l_pinky_mcp": null,
"l_pinky_pip": null,
"l_pinky_dip": null,
"l_pinky_tip": null,
"r_hand_position": null,
"r_wrist": [
-0.017494140192866325,
0.07922989875078303,
0.033415950834751504
],
"r_thumb_cmc": [
0.006660996004939079,
0.06904057413339683,
0.016281928867101787
],
"r_thumb_mcp": [
0.01495402306318283,
0.046745195984840865,
-0.014746309258043877
],
"r_thumb_ip": [
0.0005603404715657234,
0.02144430764019512,
-0.04149708151817365
],
"r_thumb_tip": [
-0.020656643435359,
0.006315715610981005,
-0.04808076843619414
],
"r_index_mcp": [
0.021924223750829697,
-6.13918527960768e-05,
-0.0062795607373119225
],
"r_index_pip": [
0.03800998628139496,
-0.02657142095267811,
-0.01794357597827933
],
"r_index_dip": [
0.047085728496313095,
-0.04770157486200389,
-0.0257497895509007
],
"r_index_tip": [
0.05406438559293747,
-0.06623748689889995,
-0.043073255568743314
],
"r_middle_mcp": [
0.0028050201945006847,
-0.006899615284055564,
0.004973925184458564
],
"r_middle_pip": [
0.012110057286918163,
-0.04318558052182242,
-0.006240896414965463
],
"r_middle_dip": [
0.011414196342229843,
-0.06824632734060333,
-0.019465291872620628
],
"r_middle_tip": [
0.012966528534889221,
-0.09386512637138472,
-0.04388189688324985
],
"r_ring_mcp": [
-0.016151059418916702,
-0.0019013821147382496,
0.0029979487881064723
],
"r_ring_pip": [
-0.01498769223690033,
-0.036824516952038304,
-0.012121758423745738
],
"r_ring_dip": [
-0.016709057614207268,
-0.05862022191286149,
-0.028487568721175516
],
"r_ring_tip": [
-0.01972123235464096,
-0.08158271014690532,
-0.05603812262415963
],
"r_pinky_mcp": [
-0.03921055048704147,
0.01108914799988285,
0.00583767844364054
],
"r_pinky_pip": [
-0.030946996062994003,
-0.0001748502254486042,
-0.009477018378675105
],
"r_pinky_dip": [
-0.02808935008943081,
0.012152545154094788,
-0.022879524156451447
],
"r_pinky_tip": [
-0.026870789006352425,
0.02714303135871906,
-0.028024498373270236
]
}
],
"framerate": 30,
"mirrorable": true
}