{
"label": "a",
"gestures": [
{
"l_hand_position": null,
"l_wrist": null,
"l_thumb_cmc": null,
"l_thumb_mcp": null,
"l_thumb_ip": null,
"l_thumb_tip": null,
"l_index_mcp": null,
"l_index_pip": null,
"l_index_dip": null,
"l_index_tip": null,
"l_middle_mcp": null,
"l_middle_pip": null,
"l_middle_dip": null,
"l_middle_tip": null,
"l_ring_mcp": null,
"l_ring_pip": null,
"l_ring_dip": null,
"l_ring_tip": null,
"l_pinky_mcp": null,
"l_pinky_pip": null,
"l_pinky_dip": null,
"l_pinky_tip": null,
"r_hand_position": null,
"r_wrist": [
0.0017666388303041458,
0.07997450977563858,
0.014639636501669884
],
"r_thumb_cmc": [
-0.022904081270098686,
0.054931242018938065,
0.001451711286790669
],
"r_thumb_mcp": [
-0.032858286052942276,
0.02300817333161831,
0.003178294049575925
],
"r_thumb_ip": [
-0.0425766259431839,
-0.008926520124077797,
0.004294875543564558
],
"r_thumb_tip": [
-0.05407717823982239,
-0.04120488092303276,
0.010030282661318779
],
"r_index_mcp": [
-0.02564285323023796,
-0.0074537452310323715,
0.003518287558108568
],
"r_index_pip": [
-0.02105753682553768,
-0.017119508236646652,
-0.018116507679224014
],
"r_index_dip": [
-0.021706726402044296,
-0.001974702114239335,
-0.01959821581840515
],
"r_index_tip": [
-0.026604987680912018,
0.018486399203538895,
-0.009230576455593109
],
"r_middle_mcp": [
-0.004414058290421963,
-0.0039236340671777725,
0.004404149949550629
],
"r_middle_pip": [
-0.0004749190993607044,
-0.020205317065119743,
-0.025703677907586098
],
"r_middle_dip": [
-0.009673669002950191,
0.002233987906947732,
-0.037253089249134064
],
"r_middle_tip": [
-0.011468237265944481,
0.019730206578969955,
-0.015760455280542374
],
"r_ring_mcp": [
0.016162872314453125,
0.0018360158428549767,
-0.002231198363006115
],
"r_ring_pip": [
0.015765247866511345,
-0.005678598769009113,
-0.029208386316895485
],
"r_ring_dip": [
0.005893371533602476,
0.016036342829465866,
-0.03691033273935318
],
"r_ring_tip": [
0.002468234859406948,
0.03444531559944153,
-0.02016783505678177
],
"r_pinky_mcp": [
0.026656368747353554,
0.01948145590722561,
-0.006536052096635103
],
"r_pinky_pip": [
0.029628071933984756,
0.007561634760349989,
-0.026123054325580597
],
"r_pinky_dip": [
0.019800940528512,
0.017882203683257103,
-0.037993352860212326
],
"r_pinky_tip": [
0.012047506868839264,
0.03544631600379944,
-0.027332853525877
]
}
],
"framerate": 30,
"mirrorable": true
}