{
"label": "a",
"gestures": [
{
"l_hand_position": null,
"l_wrist": null,
"l_thumb_cmc": null,
"l_thumb_mcp": null,
"l_thumb_ip": null,
"l_thumb_tip": null,
"l_index_mcp": null,
"l_index_pip": null,
"l_index_dip": null,
"l_index_tip": null,
"l_middle_mcp": null,
"l_middle_pip": null,
"l_middle_dip": null,
"l_middle_tip": null,
"l_ring_mcp": null,
"l_ring_pip": null,
"l_ring_dip": null,
"l_ring_tip": null,
"l_pinky_mcp": null,
"l_pinky_pip": null,
"l_pinky_dip": null,
"l_pinky_tip": null,
"r_hand_position": null,
"r_wrist": [
-0.01786665990948677,
0.08603794872760773,
0.031050195917487144
],
"r_thumb_cmc": [
-0.034531369805336,
0.060973964631557465,
0.012478596530854702
],
"r_thumb_mcp": [
-0.03608810156583786,
0.032818056643009186,
0.0007203075219877064
],
"r_thumb_ip": [
-0.039807841181755066,
-0.002710806205868721,
-0.015921762213110924
],
"r_thumb_tip": [
-0.03304590284824371,
-0.032306987792253494,
-0.024684756994247437
],
"r_index_mcp": [
-0.02310197800397873,
-0.005940561182796955,
0.0005805266555398703
],
"r_index_pip": [
-0.016244560480117798,
-0.01705828309059143,
-0.018945904448628426
],
"r_index_dip": [
-0.01697356626391411,
-0.0050393384881317616,
-0.025647785514593124
],
"r_index_tip": [
-0.02336033806204796,
0.017712309956550598,
-0.025510702282190323
],
"r_middle_mcp": [
-0.0040589142590761185,
-0.005180001724511385,
0.0038225383032113314
],
"r_middle_pip": [
0.004109459463506937,
-0.02092491276562214,
-0.02452116459608078
],
"r_middle_dip": [
-0.004937877878546715,
0.0011052461341023445,
-0.03788800165057182
],
"r_middle_tip": [
-0.009689988568425179,
0.022111397236585617,
-0.024694856256246567
],
"r_ring_mcp": [
0.015935149043798447,
0.0012980909086763859,
0.0005051220650784671
],
"r_ring_pip": [
0.014874212443828583,
-0.0033269873820245266,
-0.027086494490504265
],
"r_ring_dip": [
0.005437981337308884,
0.017689090222120285,
-0.033633701503276825
],
"r_ring_tip": [
0.0002472139894962311,
0.037702638655900955,
-0.02241484634578228
],
"r_pinky_mcp": [
0.02278333343565464,
0.019304592162370682,
-0.0028589072171598673
],
"r_pinky_pip": [
0.025203270837664604,
0.00978598278015852,
-0.019281677901744843
],
"r_pinky_dip": [
0.018396029248833656,
0.021456733345985413,
-0.03133271634578705
],
"r_pinky_tip": [
0.011400888673961163,
0.03702402487397194,
-0.028303112834692
]
}
],
"framerate": 30,
"mirrorable": true
}