{
"label": "a",
"gestures": [
{
"l_hand_position": null,
"l_wrist": null,
"l_thumb_cmc": null,
"l_thumb_mcp": null,
"l_thumb_ip": null,
"l_thumb_tip": null,
"l_index_mcp": null,
"l_index_pip": null,
"l_index_dip": null,
"l_index_tip": null,
"l_middle_mcp": null,
"l_middle_pip": null,
"l_middle_dip": null,
"l_middle_tip": null,
"l_ring_mcp": null,
"l_ring_pip": null,
"l_ring_dip": null,
"l_ring_tip": null,
"l_pinky_mcp": null,
"l_pinky_pip": null,
"l_pinky_dip": null,
"l_pinky_tip": null,
"r_hand_position": null,
"r_wrist": [
-0.00032082200050354004,
0.07374535501003265,
0.06025433912873268
],
"r_thumb_cmc": [
-0.025711437687277794,
0.057496584951877594,
0.03358475863933563
],
"r_thumb_mcp": [
-0.037460532039403915,
0.03662002459168434,
0.01790076121687889
],
"r_thumb_ip": [
-0.04898501932621002,
0.01330010499805212,
-0.008228594437241554
],
"r_thumb_tip": [
-0.049579840153455734,
-0.01170901395380497,
-0.025395268574357033
],
"r_index_mcp": [
-0.028462061658501625,
-0.002102427650243044,
-0.0025564550887793303
],
"r_index_pip": [
-0.028463302180171013,
0.006885545328259468,
-0.027181284502148628
],
"r_index_dip": [
-0.031506747007369995,
0.021884344518184662,
-0.023709580302238464
],
"r_index_tip": [
-0.03912372514605522,
0.044625815004110336,
-0.005789608228951693
],
"r_middle_mcp": [
-0.0054857563227415085,
-0.005495031829923391,
0.0017148068873211741
],
"r_middle_pip": [
-0.00691892160102725,
0.0070226313546299934,
-0.026832668110728264
],
"r_middle_dip": [
-0.018145374953746796,
0.03484465926885605,
-0.02364850789308548
],
"r_middle_tip": [
-0.023320263251662254,
0.04741338640451431,
0.004143276251852512
],
"r_ring_mcp": [
0.01836860179901123,
-0.0017335987649857998,
0.0011690201936289668
],
"r_ring_pip": [
0.011077746748924255,
0.019434507936239243,
-0.02316749282181263
],
"r_ring_dip": [
-0.00027673132717609406,
0.04106806218624115,
-0.015277505852282047
],
"r_ring_tip": [
-0.00800830963999033,
0.053057290613651276,
0.006761367432773113
],
"r_pinky_mcp": [
0.03025980293750763,
0.015621617436408997,
0.003959063906222582
],
"r_pinky_pip": [
0.03186774253845215,
0.0233173668384552,
-0.01415950059890747
],
"r_pinky_dip": [
0.021174971014261246,
0.03806347772479057,
-0.018732229247689247
],
"r_pinky_tip": [
0.013109633699059486,
0.046232327818870544,
-0.009909151121973991
]
}
],
"framerate": 30,
"mirrorable": true
}