{
"label": "a",
"gestures": [
{
"l_hand_position": null,
"l_wrist": null,
"l_thumb_cmc": null,
"l_thumb_mcp": null,
"l_thumb_ip": null,
"l_thumb_tip": null,
"l_index_mcp": null,
"l_index_pip": null,
"l_index_dip": null,
"l_index_tip": null,
"l_middle_mcp": null,
"l_middle_pip": null,
"l_middle_dip": null,
"l_middle_tip": null,
"l_ring_mcp": null,
"l_ring_pip": null,
"l_ring_dip": null,
"l_ring_tip": null,
"l_pinky_mcp": null,
"l_pinky_pip": null,
"l_pinky_dip": null,
"l_pinky_tip": null,
"r_hand_position": null,
"r_wrist": [
0.0031227273866534233,
0.08323171734809875,
0.023135539144277573
],
"r_thumb_cmc": [
-0.022467713803052902,
0.060703810304403305,
0.012987319380044937
],
"r_thumb_mcp": [
-0.03564714267849922,
0.029774710536003113,
0.012681655585765839
],
"r_thumb_ip": [
-0.04948294907808304,
0.0005901763215661049,
0.0078050545416772366
],
"r_thumb_tip": [
-0.05529596656560898,
-0.032868392765522,
0.009510333649814129
],
"r_index_mcp": [
-0.026647239923477173,
-0.003449273994192481,
0.010039299726486206
],
"r_index_pip": [
-0.032527290284633636,
-0.010691942647099495,
-0.012757807038724422
],
"r_index_dip": [
-0.03734771907329559,
0.0024021551944315434,
-0.012956783175468445
],
"r_index_tip": [
-0.03911095857620239,
0.028219902887940407,
-0.0006125333602540195
],
"r_middle_mcp": [
-0.0040616728365421295,
-0.003461298765614629,
0.0054382034577429295
],
"r_middle_pip": [
-0.015992652624845505,
-0.01682129316031933,
-0.02470209263265133
],
"r_middle_dip": [
-0.02559860423207283,
0.009759623557329178,
-0.031106067821383476
],
"r_middle_tip": [
-0.0242933239787817,
0.031048540025949478,
-0.013398850336670876
],
"r_ring_mcp": [
0.01655033603310585,
0.00012957327999174595,
-0.006241151597350836
],
"r_ring_pip": [
-0.00010566768469288945,
-0.0033922551665455103,
-0.03329039365053177
],
"r_ring_dip": [
-0.0076354737393558025,
0.021590793505311012,
-0.035478830337524414
],
"r_ring_tip": [
-0.007054997142404318,
0.04396215081214905,
-0.018666857853531837
],
"r_pinky_mcp": [
0.027449315413832664,
0.015071777626872063,
-0.014850795269012451
],
"r_pinky_pip": [
0.017742784693837166,
0.006451652850955725,
-0.0347517728805542
],
"r_pinky_dip": [
0.006119404919445515,
0.01977800950407982,
-0.044572267681360245
],
"r_pinky_tip": [
0.005026933271437883,
0.03802146017551422,
-0.03615320473909378
]
}
],
"framerate": 30,
"mirrorable": true
}