{
"label": "a",
"gestures": [
{
"l_hand_position": null,
"l_wrist": null,
"l_thumb_cmc": null,
"l_thumb_mcp": null,
"l_thumb_ip": null,
"l_thumb_tip": null,
"l_index_mcp": null,
"l_index_pip": null,
"l_index_dip": null,
"l_index_tip": null,
"l_middle_mcp": null,
"l_middle_pip": null,
"l_middle_dip": null,
"l_middle_tip": null,
"l_ring_mcp": null,
"l_ring_pip": null,
"l_ring_dip": null,
"l_ring_tip": null,
"l_pinky_mcp": null,
"l_pinky_pip": null,
"l_pinky_dip": null,
"l_pinky_tip": null,
"r_hand_position": null,
"r_wrist": [
0.002180803567171097,
0.08759620785713196,
-0.0019179736264050007
],
"r_thumb_cmc": [
-0.025016432628035545,
0.06614159792661667,
-0.011530919000506401
],
"r_thumb_mcp": [
-0.04400261864066124,
0.03916902467608452,
-0.013050208799540997
],
"r_thumb_ip": [
-0.05877985805273056,
0.008162490092217922,
-0.01560133881866932
],
"r_thumb_tip": [
-0.05746689438819885,
-0.025314826518297195,
-0.014079075306653976
],
"r_index_mcp": [
-0.027882378548383713,
-0.0008031665347516537,
0.004467747174203396
],
"r_index_pip": [
-0.033576350659132004,
-0.009111033752560616,
-0.02256988361477852
],
"r_index_dip": [
-0.03372461348772049,
0.005016937851905823,
-0.025935031473636627
],
"r_index_tip": [
-0.027860868722200394,
0.012666360475122929,
-0.008602775633335114
],
"r_middle_mcp": [
-0.0042511778883636,
-0.003584045683965087,
0.006820568814873695
],
"r_middle_pip": [
-0.012381565757095814,
-0.01410689763724804,
-0.03278374671936035
],
"r_middle_dip": [
-0.021980807185173035,
0.013605043292045593,
-0.03959425538778305
],
"r_middle_tip": [
-0.010389301925897598,
0.014886585995554924,
-0.007203554734587669
],
"r_ring_mcp": [
0.0194817204028368,
-0.002593941055238247,
-0.0019803496543318033
],
"r_ring_pip": [
0.006689572706818581,
-0.009237336926162243,
-0.03336922824382782
],
"r_ring_dip": [
-0.00043940870091319084,
0.013636389747262001,
-0.042366910725831985
],
"r_ring_tip": [
0.01218169741332531,
0.020014962181448936,
-0.017106393352150917
],
"r_pinky_mcp": [
0.03084762766957283,
0.010238464921712875,
-0.01249788049608469
],
"r_pinky_pip": [
0.026834113523364067,
-0.001085910014808178,
-0.03270421177148819
],
"r_pinky_dip": [
0.01736496388912201,
0.01437379140406847,
-0.04368702694773674
],
"r_pinky_tip": [
0.02534102462232113,
0.02374090626835823,
-0.033159952610731125
]
}
],
"framerate": 30,
"mirrorable": true
}