{
"label": "a",
"gestures": [
{
"l_hand_position": null,
"l_wrist": null,
"l_thumb_cmc": null,
"l_thumb_mcp": null,
"l_thumb_ip": null,
"l_thumb_tip": null,
"l_index_mcp": null,
"l_index_pip": null,
"l_index_dip": null,
"l_index_tip": null,
"l_middle_mcp": null,
"l_middle_pip": null,
"l_middle_dip": null,
"l_middle_tip": null,
"l_ring_mcp": null,
"l_ring_pip": null,
"l_ring_dip": null,
"l_ring_tip": null,
"l_pinky_mcp": null,
"l_pinky_pip": null,
"l_pinky_dip": null,
"l_pinky_tip": null,
"r_hand_position": null,
"r_wrist": [
-0.03651797026395798,
0.06039121001958847,
0.03343276306986809
],
"r_thumb_cmc": [
0.0030094925314188004,
0.05186724662780762,
0.006796018686145544
],
"r_thumb_mcp": [
0.03706126660108566,
0.036687687039375305,
0.0026724948547780514
],
"r_thumb_ip": [
0.04922889173030853,
0.006518026813864708,
-0.007551536429673433
],
"r_thumb_tip": [
0.03541892394423485,
-0.024030163884162903,
-0.009741157293319702
],
"r_index_mcp": [
0.027078945189714432,
0.003260266035795212,
0.00021759785886388272
],
"r_index_pip": [
0.02417898178100586,
-0.008226857520639896,
-0.01915309578180313
],
"r_index_dip": [
0.021930884569883347,
0.0035664038732647896,
-0.019802486523985863
],
"r_index_tip": [
0.015240793116390705,
0.026886925101280212,
0.0019439012976363301
],
"r_middle_mcp": [
0.002938230987638235,
-0.004782491363584995,
0.00634769257158041
],
"r_middle_pip": [
0.003467559814453125,
-0.018676545470952988,
-0.022548284381628036
],
"r_middle_dip": [
-0.0008527722675353289,
0.008681314997375011,
-0.035627581179142
],
"r_middle_tip": [
0.005113765597343445,
0.022328434512019157,
-0.011997787281870842
],
"r_ring_mcp": [
-0.016034401953220367,
-0.0020591970533132553,
0.0011650908272713423
],
"r_ring_pip": [
-0.01817324385046959,
-0.01646273396909237,
-0.0269925519824028
],
"r_ring_dip": [
-0.017327139154076576,
0.006724831182509661,
-0.03136460483074188
],
"r_ring_tip": [
-0.01742178574204445,
0.023750927299261093,
-0.018229184672236443
],
"r_pinky_mcp": [
-0.04236611723899841,
-0.0010045412927865982,
-0.0021517726127058268
],
"r_pinky_pip": [
-0.04277333244681358,
-0.011008480563759804,
-0.01582268625497818
],
"r_pinky_dip": [
-0.03722616285085678,
0.005183441564440727,
-0.023623047396540642
],
"r_pinky_tip": [
-0.03529154136776924,
0.020284095779061317,
-0.017535177990794182
]
}
],
"framerate": 30,
"mirrorable": true
}