{
"label": "a",
"gestures": [
{
"l_hand_position": null,
"l_wrist": null,
"l_thumb_cmc": null,
"l_thumb_mcp": null,
"l_thumb_ip": null,
"l_thumb_tip": null,
"l_index_mcp": null,
"l_index_pip": null,
"l_index_dip": null,
"l_index_tip": null,
"l_middle_mcp": null,
"l_middle_pip": null,
"l_middle_dip": null,
"l_middle_tip": null,
"l_ring_mcp": null,
"l_ring_pip": null,
"l_ring_dip": null,
"l_ring_tip": null,
"l_pinky_mcp": null,
"l_pinky_pip": null,
"l_pinky_dip": null,
"l_pinky_tip": null,
"r_hand_position": null,
"r_wrist": [
-0.00036897510290145874,
0.0812322199344635,
0.002429310232400894
],
"r_thumb_cmc": [
-0.026854513213038445,
0.05831558629870415,
-0.004199453163892031
],
"r_thumb_mcp": [
-0.04026182368397713,
0.026702385395765305,
0.0009587114909663796
],
"r_thumb_ip": [
-0.05376071855425835,
-0.00168668944388628,
0.0003546465886756778
],
"r_thumb_tip": [
-0.060171399265527725,
-0.03393175080418587,
0.006137706805020571
],
"r_index_mcp": [
-0.028007298707962036,
-0.0034638994839042425,
0.008218440227210522
],
"r_index_pip": [
-0.03167594224214554,
-0.016504496335983276,
-0.013554835692048073
],
"r_index_dip": [
-0.03864496201276779,
-0.006759654730558395,
-0.0208462942391634
],
"r_index_tip": [
-0.04270823672413826,
0.01823355257511139,
-0.015901682898402214
],
"r_middle_mcp": [
-0.004359808750450611,
-0.0036492175422608852,
0.006571815349161625
],
"r_middle_pip": [
-0.011982386931777,
-0.022255603224039078,
-0.0249771885573864
],
"r_middle_dip": [
-0.024945782497525215,
0.00029175588861107826,
-0.039485540241003036
],
"r_middle_tip": [
-0.026430238038301468,
0.022158736363053322,
-0.026993950828909874
],
"r_ring_mcp": [
0.017981955781579018,
0.0005541571881622076,
-0.0047928462736308575
],
"r_ring_pip": [
0.006180217955261469,
-0.011000298894941807,
-0.033229682594537735
],
"r_ring_dip": [
-0.004798624664545059,
0.011939596384763718,
-0.043222252279520035
],
"r_ring_tip": [
-0.007721547037363052,
0.03351934254169464,
-0.03230464458465576
],
"r_pinky_mcp": [
0.02924773283302784,
0.014069387689232826,
-0.015874281525611877
],
"r_pinky_pip": [
0.024825487285852432,
-4.4986139982938766e-05,
-0.033596161752939224
],
"r_pinky_dip": [
0.012351363897323608,
0.010038483887910843,
-0.04503988102078438
],
"r_pinky_tip": [
0.007631095591932535,
0.029275791719555855,
-0.03911970928311348
]
}
],
"framerate": 30,
"mirrorable": true
}