{
"label": "o",
"gestures": [
{
"l_hand_position": null,
"l_wrist": [
0.022763533517718315,
0.08840958774089919,
-0.018785690888762665
],
"l_thumb_cmc": [
-0.0070942118763923645,
0.0748878419399269,
0.0026302558835596236
],
"l_thumb_mcp": [
-0.02839048020541668,
0.05529569834470819,
0.018793269991874837
],
"l_thumb_ip": [
-0.05210675671696663,
0.03688898310065312,
0.0371617712080482
],
"l_thumb_tip": [
-0.06270255148410797,
0.015331852249801423,
0.055014602839947475
],
"l_index_mcp": [
-0.016833798959851265,
0.004851347766816662,
0.026981631293893128
],
"l_index_pip": [
-0.029031118378043175,
-0.017464874312281786,
0.0218946225941184
],
"l_index_dip": [
-0.045645780861377716,
-0.019321687519550598,
0.0135120442137124
],
"l_index_tip": [
-0.06481107324361801,
-0.0017004094552249003,
-0.009854946285486318
],
"l_middle_mcp": [
-0.001987435622140765,
-0.00275993160903457,
0.009764180518686907
],
"l_middle_pip": [
-0.01825341209769249,
-0.036129601299763156,
0.0016194859053939286
],
"l_middle_dip": [
-0.0458046980202198,
-0.029921606183052434,
-0.016644656658172725
],
"l_middle_tip": [
-0.05842674523591995,
-0.013243700377643284,
-0.029077127575874665
],
"l_ring_mcp": [
0.009408438578248024,
-0.006170795299112861,
-0.018751971423626137
],
"l_ring_pip": [
-0.005243412218987942,
-0.031305197626352615,
-0.022624487057328453
],
"l_ring_dip": [
-0.032062821090221405,
-0.02921750955283667,
-0.03638555854558981
],
"l_ring_tip": [
-0.04955768957734108,
-0.014493579044938221,
-0.04328118264675185
],
"l_pinky_mcp": [
0.013466241769492626,
0.005133023951202691,
-0.03917479142546696
],
"l_pinky_pip": [
0.004215667024254799,
-0.014721282757818857,
-0.04095664620399515
],
"l_pinky_dip": [
-0.022884972393512726,
-0.026321373879909796,
-0.04911543801426934
],
"l_pinky_tip": [
-0.04189891740679741,
-0.017245786264538952,
-0.054431382566691076
],
"r_hand_position": null,
"r_wrist": null,
"r_thumb_cmc": null,
"r_thumb_mcp": null,
"r_thumb_ip": null,
"r_thumb_tip": null,
"r_index_mcp": null,
"r_index_pip": null,
"r_index_dip": null,
"r_index_tip": null,
"r_middle_mcp": null,
"r_middle_pip": null,
"r_middle_dip": null,
"r_middle_tip": null,
"r_ring_mcp": null,
"r_ring_pip": null,
"r_ring_dip": null,
"r_ring_tip": null,
"r_pinky_mcp": null,
"r_pinky_pip": null,
"r_pinky_dip": null,
"r_pinky_tip": null
}
],
"framerate": 30,
"mirrorable": true
}