{
    "label": "o",
    "label_id": 15,
    "gestures": [
        {
            "wrist": [
                0.0344327837228775,
                0.0749274417757988,
                -0.0047493246383965015
            ],
            "thumb_cmc": [
                0.0333515927195549,
                0.05089196935296059,
                -0.02873327024281025
            ],
            "thumb_mcp": [
                0.04705318808555603,
                0.018503554165363312,
                -0.0329076312482357
            ],
            "thumb_ip": [
                0.05278251692652702,
                -0.013263817876577377,
                -0.03362050652503967
            ],
            "thumb_tip": [
                0.05184681713581085,
                -0.029821889474987984,
                -0.031556468456983566
            ],
            "index_mcp": [
                -0.006148554850369692,
                -0.0014279222814366221,
                -0.013832936994731426
            ],
            "index_pip": [
                0.0044666980393230915,
                -0.0265033058822155,
                -0.01744181290268898
            ],
            "index_dip": [
                0.023836378008127213,
                -0.04046230390667915,
                -0.021032916381955147
            ],
            "index_tip": [
                0.041346579790115356,
                -0.040039628744125366,
                -0.025317098945379257
            ],
            "middle_mcp": [
                -0.0067877573892474174,
                -0.0004046167596243322,
                0.0031881039030849934
            ],
            "middle_pip": [
                0.01119835115969181,
                -0.029699161648750305,
                -0.006632504519075155
            ],
            "middle_dip": [
                0.0358569473028183,
                -0.03607214242219925,
                -0.0170222707092762
            ],
            "middle_tip": [
                0.05419716238975525,
                -0.03354109451174736,
                -0.022039543837308884
            ],
            "ring_mcp": [
                0.0034899807069450617,
                -0.00012935587437823415,
                0.010130088776350021
            ],
            "ring_pip": [
                0.022886861115694046,
                -0.018963998183608055,
                0.0026461526285856962
            ],
            "ring_dip": [
                0.04859510809183121,
                -0.01768982782959938,
                -0.009057712741196156
            ],
            "ring_tip": [
                0.06349220126867294,
                -0.005314222536981106,
                -0.01606857404112816
            ],
            "pinky_mcp": [
                0.014584112912416458,
                0.007841506972908974,
                0.016832955181598663
            ],
            "pinky_pip": [
                0.024900346994400024,
                -0.005933122709393501,
                0.014402339234948158
            ],
            "pinky_dip": [
                0.04457124322652817,
                -0.005181840155273676,
                0.0016027585370466113
            ],
            "pinky_tip": [
                0.05629277229309082,
                0.001135888509452343,
                -0.0018460513092577457
            ]
        }
    ]
}