{
"label": "o",
"gestures": [
{
"l_hand_position": null,
"l_wrist": null,
"l_thumb_cmc": null,
"l_thumb_mcp": null,
"l_thumb_ip": null,
"l_thumb_tip": null,
"l_index_mcp": null,
"l_index_pip": null,
"l_index_dip": null,
"l_index_tip": null,
"l_middle_mcp": null,
"l_middle_pip": null,
"l_middle_dip": null,
"l_middle_tip": null,
"l_ring_mcp": null,
"l_ring_pip": null,
"l_ring_dip": null,
"l_ring_tip": null,
"l_pinky_mcp": null,
"l_pinky_pip": null,
"l_pinky_dip": null,
"l_pinky_tip": null,
"r_hand_position": null,
"r_wrist": [
-0.005737375468015671,
0.08458305895328608,
-0.0165346544235946
],
"r_thumb_cmc": [
0.01582924649119377,
0.06950117647647934,
0.0066194669343530976
],
"r_thumb_mcp": [
0.0404680036008358,
0.04876922070980126,
0.01860149949789066
],
"r_thumb_ip": [
0.05787951499223709,
0.027347628027201053,
0.038250226527452774
],
"r_thumb_tip": [
0.0629771500825882,
0.005089802667498711,
0.0501351431012159
],
"r_index_mcp": [
0.005571485031396151,
0.002790437545627393,
0.02714765816926983
],
"r_index_pip": [
0.024865737184882164,
-0.01997686922550212,
0.027113487944007197
],
"r_index_dip": [
0.04120733588933945,
-0.02377434074878709,
0.02627032995224023
],
"r_index_tip": [
0.058553874492645264,
-0.008993446826934901,
0.021855883300304635
],
"r_middle_mcp": [
-0.0051481532864272594,
-0.00492912298068407,
0.006579800508916433
],
"r_middle_pip": [
0.020807713270187378,
-0.0315918736159805,
0.00515233119949705
],
"r_middle_dip": [
0.04502395540475845,
-0.028115913271904325,
0.004191276151687003
],
"r_middle_tip": [
0.06279835104942322,
-0.012356281280517705,
0.007196689955890253
],
"r_ring_mcp": [
-0.0027343707624822855,
-0.0028082579374313957,
-0.01599936746060867
],
"r_ring_pip": [
0.019458528608083725,
-0.028902485966682778,
-0.01898461207747476
],
"r_ring_dip": [
0.04356527328491211,
-0.028301058337092785,
-0.01610497385263461
],
"r_ring_tip": [
0.06256254017353058,
-0.013384623453021235,
-0.013184293173253677
],
"r_pinky_mcp": [
-0.00243388582020998,
0.006490876898169601,
-0.038186803460121536
],
"r_pinky_pip": [
0.014993099495768547,
-0.012999575585126924,
-0.036537867039442444
],
"r_pinky_dip": [
0.04032221436500549,
-0.01785067096352605,
-0.03636455535888718
],
"r_pinky_tip": [
0.056995879858732224,
-0.005912482738494954,
-0.03242519125342399
]
}
],
"framerate": 30,
"mirrorable": true
}