{
    "label": "o",
    "label_id": 15,
    "gestures": [
        {
            "wrist": [
                -0.02711118757724762,
                0.07914353162050247,
                -0.02940618060529232
            ],
            "thumb_cmc": [
                -0.006727669388055801,
                0.07379232347011566,
                -0.0018227079417556524
            ],
            "thumb_mcp": [
                0.01932229846715927,
                0.05900188907980919,
                0.01760086789727211
            ],
            "thumb_ip": [
                0.04214676842093468,
                0.04288261756300926,
                0.04126307740807533
            ],
            "thumb_tip": [
                0.051190055906772614,
                0.023641768842935562,
                0.061894673854112625
            ],
            "index_mcp": [
                0.002056658500805497,
                0.005603503435850143,
                0.02705659344792366
            ],
            "index_pip": [
                0.02443753369152546,
                -0.009715412743389606,
                0.028411932289600372
            ],
            "index_dip": [
                0.04011741280555725,
                -0.006334114819765091,
                0.029869426041841507
            ],
            "index_tip": [
                0.049358025193214417,
                0.012750348076224327,
                0.025762658566236496
            ],
            "middle_mcp": [
                -0.0035082250833511353,
                -0.00606667622923851,
                0.006982531398534775
            ],
            "middle_pip": [
                0.030750920996069908,
                -0.021272076293826103,
                0.009153616614639759
            ],
            "middle_dip": [
                0.05192185938358307,
                -0.006783420220017433,
                0.011232207529246807
            ],
            "middle_tip": [
                0.05926717072725296,
                0.011927792802453041,
                0.01251496933400631
            ],
            "ring_mcp": [
                -0.0010481640929356217,
                -0.00479855528101325,
                -0.016665086150169373
            ],
            "ring_pip": [
                0.028236934915184975,
                -0.019702903926372528,
                -0.017256520688533783
            ],
            "ring_dip": [
                0.05252021551132202,
                -0.009399674832820892,
                -0.013020530343055725
            ],
            "ring_tip": [
                0.06327584385871887,
                0.012064993381500244,
                -0.011273601092398167
            ],
            "pinky_mcp": [
                0.0001321403542533517,
                0.0033254162408411503,
                -0.037635546177625656
            ],
            "pinky_pip": [
                0.02330966107547283,
                -0.010934572666883469,
                -0.03572938218712807
            ],
            "pinky_dip": [
                0.04983697831630707,
                -0.00823846086859703,
                -0.032346900552511215
            ],
            "pinky_tip": [
                0.06102193146944046,
                0.00924658216536045,
                -0.03225557878613472
            ]
        }
    ]
}