{
"label": "o",
"gestures": [
{
"l_hand_position": null,
"l_wrist": null,
"l_thumb_cmc": null,
"l_thumb_mcp": null,
"l_thumb_ip": null,
"l_thumb_tip": null,
"l_index_mcp": null,
"l_index_pip": null,
"l_index_dip": null,
"l_index_tip": null,
"l_middle_mcp": null,
"l_middle_pip": null,
"l_middle_dip": null,
"l_middle_tip": null,
"l_ring_mcp": null,
"l_ring_pip": null,
"l_ring_dip": null,
"l_ring_tip": null,
"l_pinky_mcp": null,
"l_pinky_pip": null,
"l_pinky_dip": null,
"l_pinky_tip": null,
"r_hand_position": null,
"r_wrist": [
-0.02711118757724762,
0.07914353162050318,
-0.029406180605292785
],
"r_thumb_cmc": [
-0.006727669388055801,
0.07379232347011642,
-0.0018227079417556503
],
"r_thumb_mcp": [
0.01932229846715927,
0.059001889079809765,
0.017600867897272294
],
"r_thumb_ip": [
0.04214676842093468,
0.042882617563009824,
0.04126307740807581
],
"r_thumb_tip": [
0.051190055906772614,
0.023641768842935996,
0.061894673854113354
],
"r_index_mcp": [
0.002056658500805497,
0.005603503435850223,
0.02705659344792394
],
"r_index_pip": [
0.02443753369152546,
-0.009715412743389733,
0.02841193228960077
],
"r_index_dip": [
0.04011741280555725,
-0.006334114819765125,
0.029869426041841847
],
"r_index_tip": [
0.049358025193214417,
0.012750348076224507,
0.025762658566236725
],
"r_middle_mcp": [
-0.0035082250833511353,
-0.006066676229238553,
0.006982531398534831
],
"r_middle_pip": [
0.030750920996069908,
-0.021272076293826405,
0.009153616614639894
],
"r_middle_dip": [
0.05192185938358307,
-0.006783420220017503,
0.011232207529246929
],
"r_middle_tip": [
0.05926717072725296,
0.01192779280245318,
0.012514969334006401
],
"r_ring_mcp": [
-0.0010481640929356217,
-0.004798555281013283,
-0.01666508615016959
],
"r_ring_pip": [
0.028236934915184975,
-0.019702903926372674,
-0.017256520688533915
],
"r_ring_dip": [
0.05252021551132202,
-0.00939967483282103,
-0.013020530343055881
],
"r_ring_tip": [
0.06327584385871887,
0.012064993381500383,
-0.01127360109239831
],
"r_pinky_mcp": [
0.0001321403542533517,
0.003325416240841198,
-0.03763554617762623
],
"r_pinky_pip": [
0.02330966107547283,
-0.010934572666883656,
-0.035729382187128546
],
"r_pinky_dip": [
0.04983697831630707,
-0.008238460868597176,
-0.03234690055251166
],
"r_pinky_tip": [
0.06102193146944046,
0.009246582165360525,
-0.0322555787861351
]
}
],
"framerate": 30,
"mirrorable": true
}