{
"label": "o",
"gestures": [
{
"l_hand_position": null,
"l_wrist": null,
"l_thumb_cmc": null,
"l_thumb_mcp": null,
"l_thumb_ip": null,
"l_thumb_tip": null,
"l_index_mcp": null,
"l_index_pip": null,
"l_index_dip": null,
"l_index_tip": null,
"l_middle_mcp": null,
"l_middle_pip": null,
"l_middle_dip": null,
"l_middle_tip": null,
"l_ring_mcp": null,
"l_ring_pip": null,
"l_ring_dip": null,
"l_ring_tip": null,
"l_pinky_mcp": null,
"l_pinky_pip": null,
"l_pinky_dip": null,
"l_pinky_tip": null,
"r_hand_position": [
-0.2275114357471466,
0.294053852558136,
-0.49999947982450976
],
"r_wrist": [
-0.03329813852906227,
0.08804444968700409,
-0.018613217398524284
],
"r_thumb_cmc": [
-0.004707805812358856,
0.07424227893352509,
0.0026662135496735573
],
"r_thumb_mcp": [
0.02475336752831936,
0.0560309961438179,
0.016607660800218582
],
"r_thumb_ip": [
0.04602586477994919,
0.03141915053129196,
0.03754466027021408
],
"r_thumb_tip": [
0.05746256560087204,
0.005369758233428001,
0.048560671508312225
],
"r_index_mcp": [
0.009421425871551037,
0.0021028679329901934,
0.025883130729198456
],
"r_index_pip": [
0.024695677682757378,
-0.025326114147901535,
0.024201611056923866
],
"r_index_dip": [
0.042310796678066254,
-0.027668174356222153,
0.01696961745619774
],
"r_index_tip": [
0.057132311165332794,
-0.017593342810869217,
-0.0008334750309586525
],
"r_middle_mcp": [
-0.0018448445480316877,
-0.006394145078957081,
0.008326961658895016
],
"r_middle_pip": [
0.02425544708967209,
-0.03626077622175217,
0.001577073591761291
],
"r_middle_dip": [
0.04575289040803909,
-0.03196112811565399,
-0.011930329725146294
],
"r_middle_tip": [
0.06116165965795517,
-0.011315815150737762,
-0.019653137773275375
],
"r_ring_mcp": [
-0.00613706698641181,
-0.004060117993503809,
-0.016522720456123352
],
"r_ring_pip": [
0.01535546313971281,
-0.029290098696947098,
-0.022227292880415916
],
"r_ring_dip": [
0.03923645615577698,
-0.024523599073290825,
-0.032314129173755646
],
"r_ring_tip": [
0.060170773416757584,
-0.0031038839370012283,
-0.03481019660830498
],
"r_pinky_mcp": [
-0.014331663958728313,
0.008525267243385315,
-0.03770747035741806
],
"r_pinky_pip": [
0.004474670626223087,
-0.01018100418150425,
-0.0406096987426281
],
"r_pinky_dip": [
0.029948119074106216,
-0.01391839049756527,
-0.04747575521469116
],
"r_pinky_tip": [
0.04781994968652725,
0.0021587498486042023,
-0.04817879945039749
],
"l_hand_velocity": null,
"r_hand_velocity": null
}
],
"framerate": 30,
"mirrorable": true,
"invalid": false
}