{
"label": "o",
"gestures": [
{
"l_hand_position": [
0.7019892334938049,
0.5602070093154907,
-4.916784632769122e-07
],
"l_wrist": [
-0.02330179698765278,
0.08605915307998657,
-0.009360182099044323
],
"l_thumb_cmc": [
-0.034312743693590164,
0.06077534332871437,
0.011865420266985893
],
"l_thumb_mcp": [
-0.04388341307640076,
0.03749370202422142,
0.0347227044403553
],
"l_thumb_ip": [
-0.06013834848999977,
0.012434301897883415,
0.06447987258434296
],
"l_thumb_tip": [
-0.06437535583972931,
-0.009129309095442295,
0.09538380056619644
],
"l_index_mcp": [
-0.004949938505887985,
-0.003644945565611124,
0.029781857505440712
],
"l_index_pip": [
-0.017739031463861465,
-0.02587776631116867,
0.028255028650164604
],
"l_index_dip": [
-0.03631135821342468,
-0.03645207732915878,
0.02570921741425991
],
"l_index_tip": [
-0.06334895640611649,
-0.024665897712111473,
0.01365695707499981
],
"l_middle_mcp": [
0.0029318020679056644,
-0.002078808145597577,
0.007330603431910276
],
"l_middle_pip": [
-0.020832452923059464,
-0.0373527817428112,
0.005040436517447233
],
"l_middle_dip": [
-0.04833938926458359,
-0.03361346945166588,
0.0009108440135605633
],
"l_middle_tip": [
-0.06378494948148727,
-0.019689735025167465,
0.003106568241491914
],
"l_ring_mcp": [
0.0029332018457353115,
-0.0004712673253379762,
-0.02015095017850399
],
"l_ring_pip": [
-0.018521375954151154,
-0.024787303060293198,
-0.018459074199199677
],
"l_ring_dip": [
-0.04371996223926544,
-0.024139750748872757,
-0.015620825812220573
],
"l_ring_tip": [
-0.06388247013092041,
-0.012324189767241478,
-0.008479428477585316
],
"l_pinky_mcp": [
-0.008755004033446312,
0.01276383176445961,
-0.040207937359809875
],
"l_pinky_pip": [
-0.023352857679128647,
-0.005980799440294504,
-0.035391516983509064
],
"l_pinky_dip": [
-0.04479601979255676,
-0.017101578414440155,
-0.028726041316986084
],
"l_pinky_tip": [
-0.06016875430941582,
-0.007919326424598694,
-0.021310927346348763
],
"r_hand_position": null,
"r_wrist": null,
"r_thumb_cmc": null,
"r_thumb_mcp": null,
"r_thumb_ip": null,
"r_thumb_tip": null,
"r_index_mcp": null,
"r_index_pip": null,
"r_index_dip": null,
"r_index_tip": null,
"r_middle_mcp": null,
"r_middle_pip": null,
"r_middle_dip": null,
"r_middle_tip": null,
"r_ring_mcp": null,
"r_ring_pip": null,
"r_ring_dip": null,
"r_ring_tip": null,
"r_pinky_mcp": null,
"r_pinky_pip": null,
"r_pinky_dip": null,
"r_pinky_tip": null
}
],
"framerate": 30,
"mirrorable": true
}