{
"label": "o",
"gestures": [
{
"l_hand_position": null,
"l_wrist": [
0.0005477201193571091,
0.08758933842182262,
-0.013361337594688162
],
"l_thumb_cmc": [
-0.022666355594992638,
0.06457713246345584,
0.006008669268339849
],
"l_thumb_mcp": [
-0.03855951130390167,
0.040857881307602664,
0.019613645970821693
],
"l_thumb_ip": [
-0.05538587644696236,
0.01777627691626563,
0.03751968219876315
],
"l_thumb_tip": [
-0.05899511277675629,
-0.009659762494266089,
0.055475171655416954
],
"l_index_mcp": [
-0.013698531314730644,
0.0005732709541917112,
0.025282649323344508
],
"l_index_pip": [
-0.021556109189987183,
-0.025681141763925854,
0.020896514877677276
],
"l_index_dip": [
-0.03840048611164093,
-0.032458428293467005,
0.013474144972861028
],
"l_index_tip": [
-0.05648067221045494,
-0.018961243331432585,
-0.00444402499124415
],
"l_middle_mcp": [
-0.001040264149196446,
-0.001887689693830918,
0.007871597073972293
],
"l_middle_pip": [
-0.013617176562547684,
-0.03692150115966842,
-0.0004455439338925641
],
"l_middle_dip": [
-0.038507651537656784,
-0.03653265535831491,
-0.014246363192796818
],
"l_middle_tip": [
-0.053040944039821625,
-0.02303037047386203,
-0.022022390738129973
],
"l_ring_mcp": [
0.009777791798114777,
-0.0030479794368148366,
-0.016650812700391027
],
"l_ring_pip": [
-0.003738277591764927,
-0.02818772569298771,
-0.022200731560588053
],
"l_ring_dip": [
-0.029673021286725998,
-0.030702579766512188,
-0.030247706919908742
],
"l_ring_tip": [
-0.048319295048713684,
-0.018046477809548597,
-0.034978915005922664
],
"l_pinky_mcp": [
0.009678080677986145,
0.006691423710435713,
-0.03570942208170936
],
"l_pinky_pip": [
0.0006899968720972538,
-0.011256167665124125,
-0.03622230887413075
],
"l_pinky_dip": [
-0.022239360958337784,
-0.024810060858726852,
-0.04334286227822348
],
"l_pinky_tip": [
-0.04136393964290619,
-0.017424385994673035,
-0.049277734011412264
],
"r_hand_position": null,
"r_wrist": null,
"r_thumb_cmc": null,
"r_thumb_mcp": null,
"r_thumb_ip": null,
"r_thumb_tip": null,
"r_index_mcp": null,
"r_index_pip": null,
"r_index_dip": null,
"r_index_tip": null,
"r_middle_mcp": null,
"r_middle_pip": null,
"r_middle_dip": null,
"r_middle_tip": null,
"r_ring_mcp": null,
"r_ring_pip": null,
"r_ring_dip": null,
"r_ring_tip": null,
"r_pinky_mcp": null,
"r_pinky_pip": null,
"r_pinky_dip": null,
"r_pinky_tip": null
}
],
"framerate": 30,
"mirrorable": true
}