{
"label": "o",
"gestures": [
{
"l_hand_position": [
0.6545268297195435,
0.5129331946372986,
-5.570866505877348e-07
],
"l_wrist": [
-0.004416840150952339,
0.07851392775774002,
0.02922418899834156
],
"l_thumb_cmc": [
-0.028680630028247833,
0.05640203878283501,
0.03134118393063545
],
"l_thumb_mcp": [
-0.04556670039892197,
0.038054291158914566,
0.029043562710285187
],
"l_thumb_ip": [
-0.07442008703947067,
0.022130748257040977,
0.024243321269750595
],
"l_thumb_tip": [
-0.08755705505609512,
0.0017433669418096542,
0.018862776458263397
],
"l_index_mcp": [
-0.010701512917876244,
-0.009820511564612389,
0.022508278489112854
],
"l_index_pip": [
-0.030876988545060158,
-0.03179953247308731,
0.012991050258278847
],
"l_index_dip": [
-0.05542788282036781,
-0.03441713750362396,
0.011988743208348751
],
"l_index_tip": [
-0.07917534559965134,
-0.01711788959801197,
0.0071526882238686085
],
"l_middle_mcp": [
0.0010890880366787314,
-0.004092227667570114,
0.0062637641094625
],
"l_middle_pip": [
-0.02912840060889721,
-0.037210214883089066,
-0.010051445104181767
],
"l_middle_dip": [
-0.06138136237859726,
-0.025164127349853516,
-0.011980473063886166
],
"l_middle_tip": [
-0.07362376153469086,
-0.010202927514910698,
-0.0004747300408780575
],
"l_ring_mcp": [
0.006547189317643642,
0.004520355723798275,
-0.016274813562631607
],
"l_ring_pip": [
-0.021177837625145912,
-0.0181239303201437,
-0.024292655289173126
],
"l_ring_dip": [
-0.05238572135567665,
-0.012738512828946114,
-0.021275123581290245
],
"l_ring_tip": [
-0.07092645764350891,
0.002263300120830536,
-0.006262087728828192
],
"l_pinky_mcp": [
0.001301199197769165,
0.024929428473114967,
-0.028441263362765312
],
"l_pinky_pip": [
-0.018196437507867813,
0.005256077274680138,
-0.03324919193983078
],
"l_pinky_dip": [
-0.04907944053411484,
-0.0039490703493356705,
-0.03445756807923317
],
"l_pinky_tip": [
-0.06836365908384323,
0.008711297065019608,
-0.02067083865404129
],
"r_hand_position": null,
"r_wrist": null,
"r_thumb_cmc": null,
"r_thumb_mcp": null,
"r_thumb_ip": null,
"r_thumb_tip": null,
"r_index_mcp": null,
"r_index_pip": null,
"r_index_dip": null,
"r_index_tip": null,
"r_middle_mcp": null,
"r_middle_pip": null,
"r_middle_dip": null,
"r_middle_tip": null,
"r_ring_mcp": null,
"r_ring_pip": null,
"r_ring_dip": null,
"r_ring_tip": null,
"r_pinky_mcp": null,
"r_pinky_pip": null,
"r_pinky_dip": null,
"r_pinky_tip": null
}
],
"framerate": 30,
"mirrorable": true
}