{
"label": "o",
"gestures": [
{
"l_hand_position": [
0.7375451326370239,
0.7462893724441528,
-4.681860445998609e-07
],
"l_wrist": [
0.01526197511702776,
0.09196892380714417,
-0.010323019698262215
],
"l_thumb_cmc": [
-0.013452708721160889,
0.07063386589288712,
0.001292525790631771
],
"l_thumb_mcp": [
-0.030396843329072,
0.046263083815574646,
0.01300346665084362
],
"l_thumb_ip": [
-0.05129304528236389,
0.01848282665014267,
0.028421243652701378
],
"l_thumb_tip": [
-0.06258036941289902,
-0.008915776386857033,
0.0446305051445961
],
"l_index_mcp": [
-0.019443469122052193,
0.0002988516353070736,
0.021927425637841225
],
"l_index_pip": [
-0.02727832831442356,
-0.028884045779705048,
0.016440263018012047
],
"l_index_dip": [
-0.04329269379377365,
-0.03471491485834122,
0.007601221092045307
],
"l_index_tip": [
-0.06338006258010864,
-0.01962525211274624,
-0.01308508776128292
],
"l_middle_mcp": [
-0.002126169390976429,
-0.003924778662621975,
0.008499800227582455
],
"l_middle_pip": [
-0.016208259388804436,
-0.039019398391246796,
-0.004195698536932468
],
"l_middle_dip": [
-0.044350381940603256,
-0.033595453947782516,
-0.022708263248205185
],
"l_middle_tip": [
-0.056174688041210175,
-0.019563430920243263,
-0.03100760094821453
],
"l_ring_mcp": [
0.012560512870550156,
-0.0014100458938628435,
-0.014499105513095856
],
"l_ring_pip": [
-0.004888483323156834,
-0.02712709829211235,
-0.025320367887616158
],
"l_ring_dip": [
-0.03104179911315441,
-0.02045164257287979,
-0.03727072477340698
],
"l_ring_tip": [
-0.046103138476610184,
-0.006761845201253891,
-0.04254939407110214
],
"l_pinky_mcp": [
0.018063584342598915,
0.011565852910280228,
-0.0340137705206871
],
"l_pinky_pip": [
0.007374991197139025,
-0.007427447475492954,
-0.03882560506463051
],
"l_pinky_dip": [
-0.016721319407224655,
-0.014998802915215492,
-0.050740309059619904
],
"l_pinky_tip": [
-0.032601259648799896,
-0.006830065045505762,
-0.057160310447216034
],
"r_hand_position": null,
"r_wrist": null,
"r_thumb_cmc": null,
"r_thumb_mcp": null,
"r_thumb_ip": null,
"r_thumb_tip": null,
"r_index_mcp": null,
"r_index_pip": null,
"r_index_dip": null,
"r_index_tip": null,
"r_middle_mcp": null,
"r_middle_pip": null,
"r_middle_dip": null,
"r_middle_tip": null,
"r_ring_mcp": null,
"r_ring_pip": null,
"r_ring_dip": null,
"r_ring_tip": null,
"r_pinky_mcp": null,
"r_pinky_pip": null,
"r_pinky_dip": null,
"r_pinky_tip": null
}
],
"framerate": 30,
"mirrorable": true
}