{
"label": "o",
"gestures": [
{
"l_hand_position": [
0.6525694131851196,
0.6150873899459839,
-5.099671511743509e-07
],
"l_wrist": [
-0.01747792214155197,
0.0894186794757843,
-0.016275765374302864
],
"l_thumb_cmc": [
-0.03425008803606033,
0.06544961035251617,
0.006287386175245047
],
"l_thumb_mcp": [
-0.04500281438231468,
0.04150199517607689,
0.027622399851679802
],
"l_thumb_ip": [
-0.06025228276848793,
0.016471954062581062,
0.057592518627643585
],
"l_thumb_tip": [
-0.0644373670220375,
-0.009126987308263779,
0.09024325758218765
],
"l_index_mcp": [
-0.009502599947154522,
-0.0022358675487339497,
0.030013075098395348
],
"l_index_pip": [
-0.019984332844614983,
-0.02754613757133484,
0.0296174269169569
],
"l_index_dip": [
-0.037034809589385986,
-0.03351326286792755,
0.02430099993944168
],
"l_index_tip": [
-0.0621822364628315,
-0.019607992842793465,
0.00792634580284357
],
"l_middle_mcp": [
0.0019501459319144487,
-0.0025476044975221157,
0.009485508315265179
],
"l_middle_pip": [
-0.015047400258481503,
-0.03652985021471977,
0.005066603887826204
],
"l_middle_dip": [
-0.04554970562458038,
-0.03262082487344742,
-0.004347080830484629
],
"l_middle_tip": [
-0.05921211466193199,
-0.015003630891442299,
-0.003784929169341922
],
"l_ring_mcp": [
0.006544502917677164,
-0.0019577285274863243,
-0.020117467269301414
],
"l_ring_pip": [
-0.011107748374342918,
-0.025257226079702377,
-0.019860582426190376
],
"l_ring_dip": [
-0.038819991052150726,
-0.02420494332909584,
-0.022999344393610954
],
"l_ring_tip": [
-0.057518988847732544,
-0.0098866643384099,
-0.020964598283171654
],
"l_pinky_mcp": [
-0.00197718502022326,
0.01066175103187561,
-0.04260964319109917
],
"l_pinky_pip": [
-0.015098297037184238,
-0.005668929778039455,
-0.040976930409669876
],
"l_pinky_dip": [
-0.040369290858507156,
-0.01777065545320511,
-0.04048950597643852
],
"l_pinky_tip": [
-0.05447490140795708,
-0.007200903259217739,
-0.036676038056612015
],
"r_hand_position": null,
"r_wrist": null,
"r_thumb_cmc": null,
"r_thumb_mcp": null,
"r_thumb_ip": null,
"r_thumb_tip": null,
"r_index_mcp": null,
"r_index_pip": null,
"r_index_dip": null,
"r_index_tip": null,
"r_middle_mcp": null,
"r_middle_pip": null,
"r_middle_dip": null,
"r_middle_tip": null,
"r_ring_mcp": null,
"r_ring_pip": null,
"r_ring_dip": null,
"r_ring_tip": null,
"r_pinky_mcp": null,
"r_pinky_pip": null,
"r_pinky_dip": null,
"r_pinky_tip": null
}
],
"framerate": 30,
"mirrorable": true
}