{
"label": "o",
"gestures": [
{
"l_hand_position": null,
"l_wrist": null,
"l_thumb_cmc": null,
"l_thumb_mcp": null,
"l_thumb_ip": null,
"l_thumb_tip": null,
"l_index_mcp": null,
"l_index_pip": null,
"l_index_dip": null,
"l_index_tip": null,
"l_middle_mcp": null,
"l_middle_pip": null,
"l_middle_dip": null,
"l_middle_tip": null,
"l_ring_mcp": null,
"l_ring_pip": null,
"l_ring_dip": null,
"l_ring_tip": null,
"l_pinky_mcp": null,
"l_pinky_pip": null,
"l_pinky_dip": null,
"l_pinky_tip": null,
"r_hand_position": [
-0.12734368443489075,
0.12980866432189941,
-0.4999997105915668
],
"r_wrist": [
-0.025501016527414322,
0.08895163238048553,
-0.02207127772271633
],
"r_thumb_cmc": [
0.004374191164970398,
0.07459038496017456,
-0.004890782758593559
],
"r_thumb_mcp": [
0.03224323317408562,
0.05429264158010483,
0.012387343682348728
],
"r_thumb_ip": [
0.053103603422641754,
0.028975239023566246,
0.03557167947292328
],
"r_thumb_tip": [
0.06485666334629059,
0.0016557760536670685,
0.04527575150132179
],
"r_index_mcp": [
0.011113131418824196,
0.0012195631861686707,
0.024491913616657257
],
"r_index_pip": [
0.026679152622818947,
-0.021986577659845352,
0.022116413339972496
],
"r_index_dip": [
0.045111704617738724,
-0.02148687094449997,
0.013351577334105968
],
"r_index_tip": [
0.05892300605773926,
-0.00432681106030941,
-0.0034004133194684982
],
"r_middle_mcp": [
-0.002227048622444272,
-0.0064713237807154655,
0.008934968151152134
],
"r_middle_pip": [
0.02186829224228859,
-0.03569312021136284,
0.0018168296664953232
],
"r_middle_dip": [
0.04562411457300186,
-0.027368973940610886,
-0.015564302913844585
],
"r_middle_tip": [
0.06297514587640762,
-0.00748072937130928,
-0.023516230285167694
],
"r_ring_mcp": [
-0.008902470581233501,
-0.003604446304962039,
-0.015392322093248367
],
"r_ring_pip": [
0.01239593792706728,
-0.029907556250691414,
-0.022328585386276245
],
"r_ring_dip": [
0.03835606575012207,
-0.022097250446677208,
-0.03437861055135727
],
"r_ring_tip": [
0.05924500897526741,
-0.0024810582399368286,
-0.039321623742580414
],
"r_pinky_mcp": [
-0.015474792569875717,
0.009174209088087082,
-0.03639598190784454
],
"r_pinky_pip": [
-0.0005156188271939754,
-0.010596153326332569,
-0.03986312821507454
],
"r_pinky_dip": [
0.02458885684609413,
-0.01513940840959549,
-0.04881669953465462
],
"r_pinky_tip": [
0.0425945445895195,
-0.0016406718641519547,
-0.05098697170615196
],
"l_hand_velocity": null,
"r_hand_velocity": null
}
],
"framerate": 30,
"mirrorable": true,
"invalid": false
}