{
"label": "o",
"gestures": [
{
"l_hand_position": null,
"l_wrist": null,
"l_thumb_cmc": null,
"l_thumb_mcp": null,
"l_thumb_ip": null,
"l_thumb_tip": null,
"l_index_mcp": null,
"l_index_pip": null,
"l_index_dip": null,
"l_index_tip": null,
"l_middle_mcp": null,
"l_middle_pip": null,
"l_middle_dip": null,
"l_middle_tip": null,
"l_ring_mcp": null,
"l_ring_pip": null,
"l_ring_dip": null,
"l_ring_tip": null,
"l_pinky_mcp": null,
"l_pinky_pip": null,
"l_pinky_dip": null,
"l_pinky_tip": null,
"r_hand_position": [
-0.30944426357746124,
0.17618846893310547,
-0.49999975418026565
],
"r_wrist": [
-0.013047482818365097,
0.08794835209846497,
-0.005642088130116463
],
"r_thumb_cmc": [
0.011904390528798103,
0.06852145493030548,
0.004672400187700987
],
"r_thumb_mcp": [
0.03951899707317352,
0.044011473655700684,
0.012568262405693531
],
"r_thumb_ip": [
0.05429934710264206,
0.014101851731538773,
0.02417757734656334
],
"r_thumb_tip": [
0.05509473755955696,
-0.013278761878609657,
0.022290708497166634
],
"r_index_mcp": [
0.013910702429711819,
-0.003593110479414463,
0.02188732847571373
],
"r_index_pip": [
0.024152467027306557,
-0.02922217920422554,
0.01898839697241783
],
"r_index_dip": [
0.038923006504774094,
-0.03283322975039482,
0.00959530659019947
],
"r_index_tip": [
0.050403520464897156,
-0.01744314655661583,
-0.00981524121016264
],
"r_middle_mcp": [
-0.0025260215625166893,
-0.005740142427384853,
0.008923270739614964
],
"r_middle_pip": [
0.008910156786441803,
-0.04342658445239067,
-0.0019922656938433647
],
"r_middle_dip": [
0.03100777417421341,
-0.03766634315252304,
-0.018019655719399452
],
"r_middle_tip": [
0.045046694576740265,
-0.021221309900283813,
-0.025982163846492767
],
"r_ring_mcp": [
-0.011025309562683105,
-0.0005353474989533424,
-0.013410298153758049
],
"r_ring_pip": [
0.0006689829751849174,
-0.03187841549515724,
-0.022314736619591713
],
"r_ring_dip": [
0.02248445525765419,
-0.03038375824689865,
-0.035974759608507156
],
"r_ring_tip": [
0.03909662365913391,
-0.011115115135908127,
-0.039005812257528305
],
"r_pinky_mcp": [
-0.020244821906089783,
0.013919137418270111,
-0.03078971430659294
],
"r_pinky_pip": [
-0.010058116167783737,
-0.006605943199247122,
-0.03494811803102493
],
"r_pinky_dip": [
0.012585760094225407,
-0.01818208582699299,
-0.04643610864877701
],
"r_pinky_tip": [
0.030847016721963882,
-0.0074430471286177635,
-0.046069949865341187
]
}
],
"framerate": 30,
"mirrorable": true
}