{
    "label": "o",
    "label_id": 15,
    "gestures": [
        {
            "wrist": [
                -0.005540236830711365,
                0.08656671643257141,
                -0.007333786692470312
            ],
            "thumb_cmc": [
                0.00972135178744793,
                0.06664586067199707,
                0.015748994424939156
            ],
            "thumb_mcp": [
                0.0323619544506073,
                0.04957138001918793,
                0.03413095697760582
            ],
            "thumb_ip": [
                0.04739615321159363,
                0.027570845559239388,
                0.056836482137441635
            ],
            "thumb_tip": [
                0.05445534735918045,
                0.012907181866466999,
                0.07567586749792099
            ],
            "index_mcp": [
                -0.003527050605043769,
                -0.0006369772600010037,
                0.029644159600138664
            ],
            "index_pip": [
                0.02146085537970066,
                -0.01989421248435974,
                0.035237573087215424
            ],
            "index_dip": [
                0.038050003349781036,
                -0.022929590195417404,
                0.04132489487528801
            ],
            "index_tip": [
                0.05078691244125366,
                -0.009927777573466301,
                0.043614715337753296
            ],
            "middle_mcp": [
                -0.006226395722478628,
                -0.004205487668514252,
                0.005953900516033173
            ],
            "middle_pip": [
                0.021718705072999,
                -0.028887242078781128,
                0.010840083472430706
            ],
            "middle_dip": [
                0.04445268586277962,
                -0.025481058284640312,
                0.02151174657046795
            ],
            "middle_tip": [
                0.05457011237740517,
                -0.013881731778383255,
                0.03538033738732338
            ],
            "ring_mcp": [
                0.0005727013340219855,
                8.687291119713336e-05,
                -0.01879085972905159
            ],
            "ring_pip": [
                0.024067113175988197,
                -0.0233790073543787,
                -0.017583759501576424
            ],
            "ring_dip": [
                0.045811958611011505,
                -0.021304499357938766,
                -0.0057556661777198315
            ],
            "ring_tip": [
                0.05843566358089447,
                -0.004404723644256592,
                0.00824838038533926
            ],
            "pinky_mcp": [
                0.004154273774474859,
                0.010907372459769249,
                -0.03978358209133148
            ],
            "pinky_pip": [
                0.024453241378068924,
                -0.006328646093606949,
                -0.03592130169272423
            ],
            "pinky_dip": [
                0.04603974521160126,
                -0.012113591656088829,
                -0.03044167160987854
            ],
            "pinky_tip": [
                0.06208156794309616,
                -0.003881651908159256,
                -0.01873379945755005
            ]
        }
    ]
}