{
    "label": "o",
    "label_id": 15,
    "gestures": [
        {
            "wrist": [
                -0.05089230090379715,
                0.07433320581912994,
                -0.03349240496754646
            ],
            "thumb_cmc": [
                -0.01497073657810688,
                0.06927935034036636,
                -0.01931612566113472
            ],
            "thumb_mcp": [
                0.01786832883954048,
                0.05713745579123497,
                -0.008983668871223927
            ],
            "thumb_ip": [
                0.04511022940278053,
                0.037389084696769714,
                0.006304299458861351
            ],
            "thumb_tip": [
                0.05674267187714577,
                0.01062217727303505,
                0.015569744631648064
            ],
            "index_mcp": [
                0.015586212277412415,
                0.009552622213959694,
                0.01790805719792843
            ],
            "index_pip": [
                0.03347056731581688,
                -0.010651719756424427,
                0.013072536326944828
            ],
            "index_dip": [
                0.047826558351516724,
                -0.01201615296304226,
                0.0027429505717009306
            ],
            "index_tip": [
                0.052083514630794525,
                0.001646440476179123,
                -0.01942182332277298
            ],
            "middle_mcp": [
                0.0008600234286859632,
                -0.004743544384837151,
                0.00882998388260603
            ],
            "middle_pip": [
                0.028130272403359413,
                -0.026754027232527733,
                0.00011727817764040083
            ],
            "middle_dip": [
                0.0445641465485096,
                -0.02066667564213276,
                -0.019644761458039284
            ],
            "middle_tip": [
                0.05346137285232544,
                -0.003671213984489441,
                -0.032325733453035355
            ],
            "ring_mcp": [
                -0.010482534766197205,
                -0.008143220096826553,
                -0.010781773366034031
            ],
            "ring_pip": [
                0.01521134003996849,
                -0.02996904030442238,
                -0.016838854178786278
            ],
            "ring_dip": [
                0.03381601348519325,
                -0.022434940561652184,
                -0.03236202150583267
            ],
            "ring_tip": [
                0.045697569847106934,
                -0.0055318064987659454,
                -0.04851059243083
            ],
            "pinky_mcp": [
                -0.02339894324541092,
                -0.004818473942577839,
                -0.028637627139687538
            ],
            "pinky_pip": [
                -0.007572426460683346,
                -0.02213328517973423,
                -0.030983053147792816
            ],
            "pinky_dip": [
                0.015286645852029324,
                -0.02497914619743824,
                -0.04276581108570099
            ],
            "pinky_tip": [
                0.03060324303805828,
                -0.014437122270464897,
                -0.05562206730246544
            ]
        }
    ]
}