{
    "label": "o",
    "label_id": 15,
    "gestures": [
        {
            "wrist": [
                0.009683212265372276,
                0.08350110054016113,
                -0.013415392488241196
            ],
            "thumb_cmc": [
                -0.012323291972279549,
                0.0699530616402626,
                0.003429992822930217
            ],
            "thumb_mcp": [
                -0.030729588121175766,
                0.05316480994224548,
                0.02284618467092514
            ],
            "thumb_ip": [
                -0.04840045049786568,
                0.03788837790489197,
                0.04325588792562485
            ],
            "thumb_tip": [
                -0.05579901114106178,
                0.01725870929658413,
                0.06448490917682648
            ],
            "index_mcp": [
                -0.007411911152303219,
                0.00466134725138545,
                0.024131471291184425
            ],
            "index_pip": [
                -0.022225206717848778,
                -0.01649279147386551,
                0.020873574540019035
            ],
            "index_dip": [
                -0.04336252808570862,
                -0.01962142623960972,
                0.011197981424629688
            ],
            "index_tip": [
                -0.060545966029167175,
                0.0009539443999528885,
                -0.003044617362320423
            ],
            "middle_mcp": [
                0.0005302992649376392,
                -0.002073646057397127,
                0.007293544709682465
            ],
            "middle_pip": [
                -0.020999809727072716,
                -0.03064877912402153,
                0.0001334094995399937
            ],
            "middle_dip": [
                -0.04675139859318733,
                -0.02109232172369957,
                -0.01041498314589262
            ],
            "middle_tip": [
                -0.05790441855788231,
                -0.007021436933428049,
                -0.013343398459255695
            ],
            "ring_mcp": [
                0.003482446074485779,
                -0.005241906736046076,
                -0.01626638136804104
            ],
            "ring_pip": [
                -0.015093631111085415,
                -0.025085346773266792,
                -0.022632522508502007
            ],
            "ring_dip": [
                -0.04097480699419975,
                -0.02161344885826111,
                -0.028765853494405746
            ],
            "ring_tip": [
                -0.05545154586434364,
                -0.003720032051205635,
                -0.02885119803249836
            ],
            "pinky_mcp": [
                -3.3894903026521206e-06,
                0.005100838374346495,
                -0.03447873517870903
            ],
            "pinky_pip": [
                -0.011297808960080147,
                -0.013675411231815815,
                -0.03544199466705322
            ],
            "pinky_dip": [
                -0.0371936559677124,
                -0.01996673084795475,
                -0.04038729518651962
            ],
            "pinky_tip": [
                -0.05157232657074928,
                -0.0030225280206650496,
                -0.03832260146737099
            ]
        }
    ]
}