{
"label": "o",
"gestures": [
{
"l_hand_position": null,
"l_wrist": [
0.06557293981313705,
0.05682720616459898,
-0.024737950414419552
],
"l_thumb_cmc": [
0.041908007115125656,
0.06387799978256278,
-0.005379153415560764
],
"l_thumb_mcp": [
0.01798025518655777,
0.05804605036974016,
0.012130289338529141
],
"l_thumb_ip": [
-0.009329074993729591,
0.05935940146446312,
0.034373670816422
],
"l_thumb_tip": [
-0.03355488181114197,
0.0588620081543931,
0.06457461416721422
],
"l_index_mcp": [
-0.0022995283361524343,
0.008842179551720683,
0.023403128609061387
],
"l_index_pip": [
-0.024597961455583572,
-0.004062927328050202,
0.021825660020113196
],
"l_index_dip": [
-0.04212113469839096,
0.0030266735702753587,
0.015954576432705116
],
"l_index_tip": [
-0.049129240214824677,
0.028593352064490624,
-0.0055352547205985425
],
"l_middle_mcp": [
-0.0017206355696544051,
-0.0019610226154327657,
0.008969882503152006
],
"l_middle_pip": [
-0.03140708804130554,
-0.01609738543629661,
0.0039113271050155675
],
"l_middle_dip": [
-0.04834119975566864,
0.002007570117712035,
-0.009774651378393277
],
"l_middle_tip": [
-0.055018067359924316,
0.024833910167217435,
-0.025045312941074607
],
"l_ring_mcp": [
-0.0011307441163808107,
-0.007236868143081723,
-0.01582259684801115
],
"l_ring_pip": [
-0.024781381711363792,
-0.015034049749374544,
-0.021018346771598074
],
"l_ring_dip": [
-0.045486073940992355,
0.0035857167094946406,
-0.031108675524592795
],
"l_ring_tip": [
-0.055814869701862335,
0.02804765477776559,
-0.03418852016329805
],
"l_pinky_mcp": [
0.004543052986264229,
0.0010388536611571552,
-0.03474634140729945
],
"l_pinky_pip": [
-0.014934630133211613,
-0.006820483133196962,
-0.035093288868666174
],
"l_pinky_dip": [
-0.04293098300695419,
0.0027197003364562884,
-0.042608685791493094
],
"l_pinky_tip": [
-0.052036821842193604,
0.02432619035244007,
-0.0444341525435452
],
"r_hand_position": null,
"r_wrist": null,
"r_thumb_cmc": null,
"r_thumb_mcp": null,
"r_thumb_ip": null,
"r_thumb_tip": null,
"r_index_mcp": null,
"r_index_pip": null,
"r_index_dip": null,
"r_index_tip": null,
"r_middle_mcp": null,
"r_middle_pip": null,
"r_middle_dip": null,
"r_middle_tip": null,
"r_ring_mcp": null,
"r_ring_pip": null,
"r_ring_dip": null,
"r_ring_tip": null,
"r_pinky_mcp": null,
"r_pinky_pip": null,
"r_pinky_dip": null,
"r_pinky_tip": null
}
],
"framerate": 30,
"mirrorable": true
}