{
    "label": "o",
    "label_id": 15,
    "gestures": [
        {
            "wrist": [
                0.024281181395053864,
                0.08452080935239792,
                -0.027242088690400124
            ],
            "thumb_cmc": [
                -0.0017420299118384719,
                0.07237633317708969,
                -0.0046913051046431065
            ],
            "thumb_mcp": [
                -0.021087881177663803,
                0.05796993151307106,
                0.01378819439560175
            ],
            "thumb_ip": [
                -0.045537348836660385,
                0.04434119910001755,
                0.03733518719673157
            ],
            "thumb_tip": [
                -0.05959050729870796,
                0.025348741561174393,
                0.06867699325084686
            ],
            "index_mcp": [
                -0.009595051407814026,
                0.007315852679312229,
                0.02574533224105835
            ],
            "index_pip": [
                -0.02435321733355522,
                -0.012976165860891342,
                0.022775107994675636
            ],
            "index_dip": [
                -0.045341845601797104,
                -0.013628336600959301,
                0.011934120208024979
            ],
            "index_tip": [
                -0.05890919268131256,
                0.011868007481098175,
                -0.010234791785478592
            ],
            "middle_mcp": [
                -0.001378923305310309,
                -0.0018880740972235799,
                0.008904291316866875
            ],
            "middle_pip": [
                -0.022783152759075165,
                -0.028040386736392975,
                0.002653887728229165
            ],
            "middle_dip": [
                -0.04759637638926506,
                -0.016395756974816322,
                -0.013390934094786644
            ],
            "middle_tip": [
                -0.05624677240848541,
                0.00022706185700371861,
                -0.022390805184841156
            ],
            "ring_mcp": [
                0.006128109525889158,
                -0.006422607693821192,
                -0.01745922677218914
            ],
            "ring_pip": [
                -0.017367426306009293,
                -0.02438465505838394,
                -0.023175550624728203
            ],
            "ring_dip": [
                -0.04255811125040054,
                -0.014001584611833096,
                -0.030453220009803772
            ],
            "ring_tip": [
                -0.05741935595870018,
                0.005781036801636219,
                -0.034238189458847046
            ],
            "pinky_mcp": [
                0.005251923575997353,
                0.003298932919278741,
                -0.03949827328324318
            ],
            "pinky_pip": [
                -0.01044747419655323,
                -0.010786333121359348,
                -0.039037950336933136
            ],
            "pinky_dip": [
                -0.037608642131090164,
                -0.011952158994972706,
                -0.04649527743458748
            ],
            "pinky_tip": [
                -0.05356001853942871,
                0.004751101136207581,
                -0.046997908502817154
            ]
        }
    ]
}