{
    "label": "t",
    "label_id": 20,
    "gestures": [
        {
            "wrist": [
                -0.01269301027059555,
                0.08745111525058746,
                -0.02193358726799488
            ],
            "thumb_cmc": [
                -0.030069798231124878,
                0.06416711211204529,
                -0.010526750236749649
            ],
            "thumb_mcp": [
                -0.031174995005130768,
                0.0392235666513443,
                0.00044082890963181853
            ],
            "thumb_ip": [
                -0.03452477604150772,
                0.0044236015528440475,
                0.014806633815169334
            ],
            "thumb_tip": [
                -0.03355974704027176,
                -0.022388506680727005,
                0.03435951843857765
            ],
            "index_mcp": [
                -0.018848855048418045,
                0.006432369351387024,
                0.019156014546751976
            ],
            "index_pip": [
                -0.02138355001807213,
                -0.017409183084964752,
                0.0032699413131922483
            ],
            "index_dip": [
                -0.030274463817477226,
                -0.023619405925273895,
                -0.007322168909013271
            ],
            "index_tip": [
                -0.04494863003492355,
                -0.02130332589149475,
                -0.028524797409772873
            ],
            "middle_mcp": [
                -0.0017891011666506529,
                -0.0017008251743391156,
                0.008236588910222054
            ],
            "middle_pip": [
                -0.005260770209133625,
                -0.037238556891679764,
                0.002300520893186331
            ],
            "middle_dip": [
                -0.022452808916568756,
                -0.05742622911930084,
                -0.01364121399819851
            ],
            "middle_tip": [
                -0.037939660251140594,
                -0.08066201210021973,
                -0.028657909482717514
            ],
            "ring_mcp": [
                0.011763269081711769,
                -0.005578096956014633,
                -0.011840034276247025
            ],
            "ring_pip": [
                0.013509070500731468,
                -0.034903764724731445,
                -0.011544386856257915
            ],
            "ring_dip": [
                0.005774454213678837,
                -0.0615035779774189,
                -0.02064790390431881
            ],
            "ring_tip": [
                0.0017469096928834915,
                -0.08398014307022095,
                -0.028538178652524948
            ],
            "pinky_mcp": [
                0.013876642100512981,
                0.0029769502580165863,
                -0.03031173348426819
            ],
            "pinky_pip": [
                0.024471569806337357,
                -0.01665777526795864,
                -0.02747265063226223
            ],
            "pinky_dip": [
                0.029937420040369034,
                -0.041263334453105927,
                -0.027417872101068497
            ],
            "pinky_tip": [
                0.03377653285861015,
                -0.06471072882413864,
                -0.03007429651916027
            ]
        }
    ]
}