{
    "label": "t",
    "label_id": 20,
    "gestures": [
        {
            "wrist": [
                -0.006290998309850693,
                0.08667679131031036,
                -0.020147062838077545
            ],
            "thumb_cmc": [
                -0.02670799195766449,
                0.06625168770551682,
                -0.006752035580575466
            ],
            "thumb_mcp": [
                -0.035283591598272324,
                0.038489390164613724,
                0.00038784483331255615
            ],
            "thumb_ip": [
                -0.04744049906730652,
                0.007873177528381348,
                0.012635882012546062
            ],
            "thumb_tip": [
                -0.05720449984073639,
                -0.01638561487197876,
                0.02716982364654541
            ],
            "index_mcp": [
                -0.0193156935274601,
                0.006005763076245785,
                0.01814279891550541
            ],
            "index_pip": [
                -0.03196831792593002,
                -0.01501895859837532,
                0.0038570845499634743
            ],
            "index_dip": [
                -0.047740064561367035,
                -0.020635461434721947,
                -0.004862720146775246
            ],
            "index_tip": [
                -0.06955333054065704,
                -0.018252305686473846,
                -0.0312870629131794
            ],
            "middle_mcp": [
                -0.002394788432866335,
                -0.002281458117067814,
                0.008290871977806091
            ],
            "middle_pip": [
                -0.00835599284619093,
                -0.03674168139696121,
                0.0026653395034372807
            ],
            "middle_dip": [
                -0.024958305060863495,
                -0.0591939315199852,
                -0.01208342332392931
            ],
            "middle_tip": [
                -0.04284004122018814,
                -0.08142847567796707,
                -0.027163241058588028
            ],
            "ring_mcp": [
                0.012775775045156479,
                -0.005815253593027592,
                -0.011795926839113235
            ],
            "ring_pip": [
                0.014467773959040642,
                -0.034428540617227554,
                -0.008632850833237171
            ],
            "ring_dip": [
                0.0038038529455661774,
                -0.06187018007040024,
                -0.016486721113324165
            ],
            "ring_tip": [
                -0.003266584128141403,
                -0.0818902850151062,
                -0.023640474304556847
            ],
            "pinky_mcp": [
                0.013835558667778969,
                0.002056306228041649,
                -0.02797270193696022
            ],
            "pinky_pip": [
                0.02531774900853634,
                -0.017126135528087616,
                -0.025095129385590553
            ],
            "pinky_dip": [
                0.029025167226791382,
                -0.04265102744102478,
                -0.025298835709691048
            ],
            "pinky_tip": [
                0.029500870034098625,
                -0.0651794821023941,
                -0.027269698679447174
            ]
        }
    ]
}