{
    "label": "t",
    "label_id": 20,
    "gestures": [
        {
            "wrist": [
                -0.006535667926073074,
                0.093607597053051,
                -0.05283605307340622
            ],
            "thumb_cmc": [
                0.022880401462316513,
                0.0698133334517479,
                -0.044813383370637894
            ],
            "thumb_mcp": [
                0.03986310958862305,
                0.03855719417333603,
                -0.03993886336684227
            ],
            "thumb_ip": [
                0.05165078490972519,
                0.0033984240144491196,
                -0.028918718919157982
            ],
            "thumb_tip": [
                0.061622824519872665,
                -0.02175186388194561,
                -0.016977043822407722
            ],
            "index_mcp": [
                0.02306467853486538,
                0.0022971099242568016,
                0.007537742145359516
            ],
            "index_pip": [
                0.03740712255239487,
                -0.013246063143014908,
                -0.006472176872193813
            ],
            "index_dip": [
                0.05060826614499092,
                -0.01716645434498787,
                -0.017268188297748566
            ],
            "index_tip": [
                0.059337735176086426,
                -0.011675069108605385,
                -0.045222748070955276
            ],
            "middle_mcp": [
                0.0006382347783073783,
                -0.0038465321995317936,
                0.00944139901548624
            ],
            "middle_pip": [
                0.01901533082127571,
                -0.0383770726621151,
                0.0024214102886617184
            ],
            "middle_dip": [
                0.03369266167283058,
                -0.05495157837867737,
                -0.010636814869940281
            ],
            "middle_tip": [
                0.05346499755978584,
                -0.07545371353626251,
                -0.02823919616639614
            ],
            "ring_mcp": [
                -0.017110580578446388,
                -0.0034698164090514183,
                -0.004204182885587215
            ],
            "ring_pip": [
                -0.014184677973389626,
                -0.03964999318122864,
                -0.00826639961451292
            ],
            "ring_dip": [
                -0.007313847541809082,
                -0.060696929693222046,
                -0.012024412862956524
            ],
            "ring_tip": [
                0.004842180758714676,
                -0.07886195927858353,
                -0.025364547967910767
            ],
            "pinky_mcp": [
                -0.03184999153017998,
                0.0037160469219088554,
                -0.022045467048883438
            ],
            "pinky_pip": [
                -0.03793454170227051,
                -0.02053327113389969,
                -0.01649921014904976
            ],
            "pinky_dip": [
                -0.0420239195227623,
                -0.04631936550140381,
                -0.01340011227875948
            ],
            "pinky_tip": [
                -0.03807603195309639,
                -0.0655987560749054,
                -0.021317798644304276
            ]
        }
    ]
}