{
    "label": "t",
    "label_id": 20,
    "gestures": [
        {
            "wrist": [
                0.005772341042757034,
                0.09293636679649353,
                -0.044289954006671906
            ],
            "thumb_cmc": [
                0.031133927404880524,
                0.06838684529066086,
                -0.03575582057237625
            ],
            "thumb_mcp": [
                0.04538005217909813,
                0.03574401140213013,
                -0.03399362415075302
            ],
            "thumb_ip": [
                0.05326945334672928,
                0.001475246623158455,
                -0.025371961295604706
            ],
            "thumb_tip": [
                0.06007867306470871,
                -0.028738366439938545,
                -0.016995783895254135
            ],
            "index_mcp": [
                0.02327733114361763,
                0.0002552606165409088,
                0.009749586693942547
            ],
            "index_pip": [
                0.036701928824186325,
                -0.01587020978331566,
                -0.004560207016766071
            ],
            "index_dip": [
                0.051058679819107056,
                -0.024401873350143433,
                -0.013731596991419792
            ],
            "index_tip": [
                0.06368567049503326,
                -0.0265518631786108,
                -0.042477283626794815
            ],
            "middle_mcp": [
                -3.2411771826446056e-05,
                -0.0043309456668794155,
                0.009298892691731453
            ],
            "middle_pip": [
                0.010411005467176437,
                -0.04155811667442322,
                0.0028769858181476593
            ],
            "middle_dip": [
                0.020794637501239777,
                -0.06325323134660721,
                -0.009663614444434643
            ],
            "middle_tip": [
                0.031981151551008224,
                -0.08868303894996643,
                -0.026754459366202354
            ],
            "ring_mcp": [
                -0.01738075539469719,
                -0.0020516719669103622,
                -0.004992337431758642
            ],
            "ring_pip": [
                -0.01980568654835224,
                -0.04001850634813309,
                -0.008186140097677708
            ],
            "ring_dip": [
                -0.018309786915779114,
                -0.06419649720191956,
                -0.010208232328295708
            ],
            "ring_tip": [
                -0.013588512316346169,
                -0.08806879818439484,
                -0.01913955993950367
            ],
            "pinky_mcp": [
                -0.03018028661608696,
                0.007255748845636845,
                -0.022805247455835342
            ],
            "pinky_pip": [
                -0.040884558111429214,
                -0.01675465516746044,
                -0.02001109905540943
            ],
            "pinky_dip": [
                -0.04846816509962082,
                -0.04004167020320892,
                -0.01781289651989937
            ],
            "pinky_tip": [
                -0.051207035779953,
                -0.0581081286072731,
                -0.021488187834620476
            ]
        }
    ]
}