{
    "label": "0",
    "label_id": 0,
    "gestures": [
        {
            "wrist": [
                0.010433295741677284,
                0.08831411600112915,
                -0.05658413842320442
            ],
            "thumb_cmc": [
                -0.005288730375468731,
                0.054982662200927734,
                -0.05044664442539215
            ],
            "thumb_mcp": [
                -0.000701309647411108,
                0.01741913892328739,
                -0.03936799615621567
            ],
            "thumb_ip": [
                -0.0007895398885011673,
                -0.02211591973900795,
                -0.02734445594251156
            ],
            "thumb_tip": [
                0.005232322029769421,
                -0.053958356380462646,
                -0.012426869012415409
            ],
            "index_mcp": [
                -0.021402165293693542,
                -0.00740869902074337,
                0.007364223245531321
            ],
            "index_pip": [
                -0.014794904738664627,
                -0.03355015069246292,
                0.01084116380661726
            ],
            "index_dip": [
                -0.007044479250907898,
                -0.059446606785058975,
                0.016039447858929634
            ],
            "index_tip": [
                -0.002340998500585556,
                -0.08785552531480789,
                0.013475218787789345
            ],
            "middle_mcp": [
                -0.006795505061745644,
                -0.0013458906905725598,
                0.009940559975802898
            ],
            "middle_pip": [
                0.0035331030376255512,
                -0.038715802133083344,
                0.007512261159718037
            ],
            "middle_dip": [
                0.007112306542694569,
                -0.06295707821846008,
                0.004387820139527321
            ],
            "middle_tip": [
                0.01059240847826004,
                -0.097154900431633,
                -0.002244203584268689
            ],
            "ring_mcp": [
                0.013392223976552486,
                0.0021141227334737778,
                -0.004357377532869577
            ],
            "ring_pip": [
                0.019400037825107574,
                -0.028504448011517525,
                -0.01275108102709055
            ],
            "ring_dip": [
                0.023243993520736694,
                -0.05105048045516014,
                -0.02349861152470112
            ],
            "ring_tip": [
                0.01931106671690941,
                -0.07547342032194138,
                -0.03555027022957802
            ],
            "pinky_mcp": [
                0.024955281987786293,
                0.01630391925573349,
                -0.019102931022644043
            ],
            "pinky_pip": [
                0.024553008377552032,
                -0.0068932282738387585,
                -0.028268171474337578
            ],
            "pinky_dip": [
                0.02373165264725685,
                -0.028975361958146095,
                -0.03714301064610481
            ],
            "pinky_tip": [
                0.02162521332502365,
                -0.05226311460137367,
                -0.04331321269273758
            ]
        }
    ]
}