{
    "label": "0",
    "label_id": 0,
    "gestures": [
        {
            "wrist": [
                0.01261470653116703,
                0.08751275390386581,
                0.030386757105588913
            ],
            "thumb_cmc": [
                -0.02118827775120735,
                0.06858585774898529,
                0.012948841787874699
            ],
            "thumb_mcp": [
                -0.03921164199709892,
                0.04461165890097618,
                -0.0015709555009379983
            ],
            "thumb_ip": [
                -0.04263296350836754,
                0.012256878428161144,
                -0.022503292188048363
            ],
            "thumb_tip": [
                -0.023369841277599335,
                -0.003486267291009426,
                -0.032341036945581436
            ],
            "index_mcp": [
                -0.032555725425481796,
                -0.004442668054252863,
                -0.00011773710866691545
            ],
            "index_pip": [
                -0.03578200563788414,
                -0.03197478875517845,
                -0.009731813333928585
            ],
            "index_dip": [
                -0.03838597983121872,
                -0.05240558087825775,
                -0.0179506316781044
            ],
            "index_tip": [
                -0.04789252206683159,
                -0.06660295277833939,
                -0.043213143944740295
            ],
            "middle_mcp": [
                -0.005879695527255535,
                -0.006023154128342867,
                0.0047399853356182575
            ],
            "middle_pip": [
                -0.002592194825410843,
                -0.046974025666713715,
                -0.004052246455103159
            ],
            "middle_dip": [
                -0.011966737918555737,
                -0.0706232562661171,
                -0.01661328412592411
            ],
            "middle_tip": [
                -0.016054026782512665,
                -0.09491182118654251,
                -0.03090442344546318
            ],
            "ring_mcp": [
                0.021501632407307625,
                -0.0002800081856548786,
                -0.0009174613514915109
            ],
            "ring_pip": [
                0.020001722499728203,
                -0.026359975337982178,
                -0.014784731902182102
            ],
            "ring_dip": [
                0.01497485302388668,
                -0.04958854988217354,
                -0.034259550273418427
            ],
            "ring_tip": [
                0.01020145695656538,
                -0.06456506997346878,
                -0.05512455105781555
            ],
            "pinky_mcp": [
                0.0347808301448822,
                0.01959584653377533,
                -0.0033617247827351093
            ],
            "pinky_pip": [
                0.03960453346371651,
                0.00859659630805254,
                -0.016392244026064873
            ],
            "pinky_dip": [
                0.03247622400522232,
                0.010310343466699123,
                -0.03627321496605873
            ],
            "pinky_tip": [
                0.026752756908535957,
                0.025806274265050888,
                -0.05183938518166542
            ]
        }
    ]
}