{
    "label": "0",
    "label_id": 0,
    "gestures": [
        {
            "wrist": [
                -0.0049048177897930145,
                0.09439348429441452,
                -0.030758870765566826
            ],
            "thumb_cmc": [
                0.020096946507692337,
                0.0665721595287323,
                -0.026307277381420135
            ],
            "thumb_mcp": [
                0.03490232676267624,
                0.02968979999423027,
                -0.025870420038700104
            ],
            "thumb_ip": [
                0.0388244092464447,
                -0.006415608339011669,
                -0.02509569749236107
            ],
            "thumb_tip": [
                0.03937743604183197,
                -0.04078761488199234,
                -0.0247072521597147
            ],
            "index_mcp": [
                0.020744018256664276,
                -0.006814220920205116,
                0.009221917949616909
            ],
            "index_pip": [
                0.021350128576159477,
                -0.03790706768631935,
                0.010433700866997242
            ],
            "index_dip": [
                0.02336989715695381,
                -0.06303220987319946,
                0.010703694075345993
            ],
            "index_tip": [
                0.0199188943952322,
                -0.09164377301931381,
                -0.002202688716351986
            ],
            "middle_mcp": [
                0.00031336117535829544,
                -0.005078683607280254,
                0.008379247039556503
            ],
            "middle_pip": [
                0.004645317792892456,
                -0.043227821588516235,
                0.0027592703700065613
            ],
            "middle_dip": [
                0.0064696334302425385,
                -0.07012815028429031,
                -0.008439702913165092
            ],
            "middle_tip": [
                0.01427631825208664,
                -0.09553694725036621,
                -0.019613342359662056
            ],
            "ring_mcp": [
                -0.015022365376353264,
                0.002055114135146141,
                -0.005020273383706808
            ],
            "ring_pip": [
                -0.0036026607267558575,
                -0.01525062508881092,
                -0.02688007242977619
            ],
            "ring_dip": [
                0.0037904041819274426,
                0.005073212552815676,
                -0.037852637469768524
            ],
            "ring_tip": [
                0.010646537877619267,
                0.025590183213353157,
                -0.034787368029356
            ],
            "pinky_mcp": [
                -0.027901217341423035,
                0.015927348285913467,
                -0.021684953942894936
            ],
            "pinky_pip": [
                -0.011450890451669693,
                0.005445757880806923,
                -0.035977452993392944
            ],
            "pinky_dip": [
                -0.00012641213834285736,
                0.019891109317541122,
                -0.042473699897527695
            ],
            "pinky_tip": [
                0.003806258551776409,
                0.03893356770277023,
                -0.03606168180704117
            ]
        }
    ]
}