{
    "label": "0",
    "label_id": 0,
    "gestures": [
        {
            "wrist": [
                -0.05101070553064346,
                0.03159964084625244,
                0.07279475033283234
            ],
            "thumb_cmc": [
                -0.014254150912165642,
                0.03358250856399536,
                0.053126707673072815
            ],
            "thumb_mcp": [
                0.006897486746311188,
                0.034491635859012604,
                0.033549632877111435
            ],
            "thumb_ip": [
                0.01750216633081436,
                0.03046773560345173,
                -0.0004526746633928269
            ],
            "thumb_tip": [
                0.016823040321469307,
                0.02006276324391365,
                -0.028184639289975166
            ],
            "index_mcp": [
                0.01887013018131256,
                0.0006644255481660366,
                0.00783886481076479
            ],
            "index_pip": [
                0.03885769471526146,
                -0.006851847283542156,
                -0.01403732504695654
            ],
            "index_dip": [
                0.058314841240644455,
                -0.008654609322547913,
                -0.02506493404507637
            ],
            "index_tip": [
                0.07508046180009842,
                -0.015107806771993637,
                -0.0527200885117054
            ],
            "middle_mcp": [
                0.001916251378133893,
                -0.0049936650320887566,
                0.0027462926227599382
            ],
            "middle_pip": [
                0.013368837535381317,
                0.013530418276786804,
                -0.015399741008877754
            ],
            "middle_dip": [
                0.00951063260436058,
                0.03452233225107193,
                -0.004194566980004311
            ],
            "middle_tip": [
                0.00508162472397089,
                0.04059850424528122,
                0.01932230032980442
            ],
            "ring_mcp": [
                -0.010190699249505997,
                -0.0023662769235670567,
                -0.006153170019388199
            ],
            "ring_pip": [
                -0.007527915295213461,
                0.019010933116078377,
                -0.015117490664124489
            ],
            "ring_dip": [
                -0.00831778533756733,
                0.04004158452153206,
                0.006356794852763414
            ],
            "ring_tip": [
                -0.012411736883223057,
                0.03425314277410507,
                0.031859274953603745
            ],
            "pinky_mcp": [
                -0.032346464693546295,
                0.0044255331158638,
                -0.004829504992812872
            ],
            "pinky_pip": [
                -0.022937817499041557,
                0.0219278521835804,
                -0.010649862699210644
            ],
            "pinky_dip": [
                -0.01768120937049389,
                0.03492935746908188,
                0.004092141520231962
            ],
            "pinky_tip": [
                -0.022705594077706337,
                0.02987663447856903,
                0.022461961954832077
            ]
        }
    ]
}