{
    "label": "0",
    "label_id": 0,
    "gestures": [
        {
            "wrist": [
                -0.03360302373766899,
                0.052117474377155304,
                -0.061547428369522095
            ],
            "thumb_cmc": [
                -0.010093756020069122,
                0.06030324473977089,
                -0.03768071159720421
            ],
            "thumb_mcp": [
                0.015169838443398476,
                0.052706293761730194,
                -0.017271311953663826
            ],
            "thumb_ip": [
                0.0335785448551178,
                0.043468572199344635,
                0.01504988968372345
            ],
            "thumb_tip": [
                0.047037966549396515,
                0.03202596679329872,
                0.042786139994859695
            ],
            "index_mcp": [
                0.006238355301320553,
                0.02010214701294899,
                0.018053684383630753
            ],
            "index_pip": [
                0.022712282836437225,
                0.017481263726949692,
                0.010040410794317722
            ],
            "index_dip": [
                0.034470804035663605,
                0.02342650666832924,
                -0.00018944735347758979
            ],
            "index_tip": [
                0.03181440383195877,
                0.04070691764354706,
                -0.022643012925982475
            ],
            "middle_mcp": [
                -0.002423181664198637,
                -0.0014746577944606543,
                0.009682117030024529
            ],
            "middle_pip": [
                0.028124956414103508,
                0.0011288775131106377,
                -0.0042221988551318645
            ],
            "middle_dip": [
                0.03559516370296478,
                0.020253673195838928,
                -0.019913125783205032
            ],
            "middle_tip": [
                0.033158525824546814,
                0.036247484385967255,
                -0.03338078036904335
            ],
            "ring_mcp": [
                -0.00411747582256794,
                -0.015247276052832603,
                -0.01105551142245531
            ],
            "ring_pip": [
                0.02211892046034336,
                -0.007146832533180714,
                -0.018938355147838593
            ],
            "ring_dip": [
                0.03212006017565727,
                0.012257316149771214,
                -0.03515014797449112
            ],
            "ring_tip": [
                0.03323791176080704,
                0.031030740588903427,
                -0.051182013005018234
            ],
            "pinky_mcp": [
                -0.009538230486214161,
                -0.01927265338599682,
                -0.03162147477269173
            ],
            "pinky_pip": [
                0.012943487614393234,
                -0.027179433032870293,
                -0.032531771808862686
            ],
            "pinky_dip": [
                0.02916080877184868,
                -0.01793099381029606,
                -0.04240968078374863
            ],
            "pinky_tip": [
                0.03658604994416237,
                -0.000843612477183342,
                -0.05950003117322922
            ]
        }
    ]
}