{
    "label": "0",
    "label_id": 0,
    "gestures": [
        {
            "wrist": [
                0.0019925041124224663,
                -0.020873820409178734,
                0.07938382774591446
            ],
            "thumb_cmc": [
                0.014642453752458096,
                -0.004673806019127369,
                0.05441758781671524
            ],
            "thumb_mcp": [
                0.02077178843319416,
                0.005709822755306959,
                0.034364230930805206
            ],
            "thumb_ip": [
                0.035359397530555725,
                0.018810205161571503,
                0.009622866287827492
            ],
            "thumb_tip": [
                0.05537566915154457,
                0.02820734679698944,
                -0.002947033615782857
            ],
            "index_mcp": [
                0.005523663945496082,
                0.0070653813891112804,
                -0.005058479029685259
            ],
            "index_pip": [
                0.00970276165753603,
                0.016970232129096985,
                -0.02135785110294819
            ],
            "index_dip": [
                0.019376803189516068,
                0.03613744676113129,
                -0.028845148161053658
            ],
            "index_tip": [
                0.01775861345231533,
                0.051920562982559204,
                -0.041003014892339706
            ],
            "middle_mcp": [
                0.0018252497538924217,
                0.0017318935133516788,
                -0.002728136023506522
            ],
            "middle_pip": [
                -0.007468675263226032,
                0.01521097868680954,
                -0.02452869340777397
            ],
            "middle_dip": [
                -0.01482517272233963,
                0.03563549742102623,
                -0.03677462041378021
            ],
            "middle_tip": [
                -0.017738819122314453,
                0.05787160247564316,
                -0.0307175200432539
            ],
            "ring_mcp": [
                -0.004670985043048859,
                -0.0030240677297115326,
                0.002900419058278203
            ],
            "ring_pip": [
                -0.01870333030819893,
                0.003074866719543934,
                -0.011531506665050983
            ],
            "ring_dip": [
                -0.040905606001615524,
                0.023486070334911346,
                -0.01958496682345867
            ],
            "ring_tip": [
                -0.05777348577976227,
                0.03766371309757233,
                -0.019135868176817894
            ],
            "pinky_mcp": [
                -0.0055142538622021675,
                -0.007323137018829584,
                0.020806344226002693
            ],
            "pinky_pip": [
                -0.02152945287525654,
                0.0010397685691714287,
                0.01612570695579052
            ],
            "pinky_dip": [
                -0.04712118208408356,
                0.01561371423304081,
                0.008778437040746212
            ],
            "pinky_tip": [
                -0.05446382611989975,
                0.023679692298173904,
                0.007708440534770489
            ]
        }
    ]
}