{
    "label": "0",
    "label_id": 0,
    "gestures": [
        {
            "wrist": [
                -0.0052286796271800995,
                0.084536612033844,
                -0.022976208478212357
            ],
            "thumb_cmc": [
                -0.03126144781708717,
                0.06170055270195007,
                -0.021369202062487602
            ],
            "thumb_mcp": [
                -0.03238864615559578,
                0.02935311570763588,
                -0.02966955117881298
            ],
            "thumb_ip": [
                -0.029584964737296104,
                -0.0039006825536489487,
                -0.03478029742836952
            ],
            "thumb_tip": [
                -0.006521132774651051,
                -0.024803761392831802,
                -0.04116377606987953
            ],
            "index_mcp": [
                -0.026390597224235535,
                -0.0036209123209118843,
                0.011133968830108643
            ],
            "index_pip": [
                -0.03435598313808441,
                -0.025010965764522552,
                -0.0012390663614496589
            ],
            "index_dip": [
                -0.04316602274775505,
                -0.04460180550813675,
                -0.009094838052988052
            ],
            "index_tip": [
                -0.051380421966314316,
                -0.060000695288181305,
                -0.028687739744782448
            ],
            "middle_mcp": [
                -0.004875050857663155,
                -0.0034200840163975954,
                0.008648847229778767
            ],
            "middle_pip": [
                -0.013852419331669807,
                -0.03953840211033821,
                -0.006128088571131229
            ],
            "middle_dip": [
                -0.03382863849401474,
                -0.05847873538732529,
                -0.02203500084578991
            ],
            "middle_tip": [
                -0.047934941947460175,
                -0.0764799639582634,
                -0.03740369528532028
            ],
            "ring_mcp": [
                0.017721027135849,
                6.253551691770554e-05,
                -0.00564588513225317
            ],
            "ring_pip": [
                0.007009375840425491,
                -0.02102951891720295,
                -0.025942273437976837
            ],
            "ring_dip": [
                -0.00975090079009533,
                -0.006637283600866795,
                -0.037176087498664856
            ],
            "ring_tip": [
                -0.016829289495944977,
                0.01635771431028843,
                -0.0368523932993412
            ],
            "pinky_mcp": [
                0.02661539800465107,
                0.01238683145493269,
                -0.020763618871569633
            ],
            "pinky_pip": [
                0.015882113948464394,
                -0.00013267016038298607,
                -0.03741604834794998
            ],
            "pinky_dip": [
                0.00028391648083925247,
                0.010042550042271614,
                -0.04749367758631706
            ],
            "pinky_tip": [
                -0.002287791110575199,
                0.03221334144473076,
                -0.03991389647126198
            ]
        }
    ]
}