{
    "label": "0",
    "label_id": 0,
    "gestures": [
        {
            "wrist": [
                -0.028573404997587204,
                0.09059074521064758,
                -0.01685749553143978
            ],
            "thumb_cmc": [
                0.003804229199886322,
                0.07193038612604141,
                -0.005596400238573551
            ],
            "thumb_mcp": [
                0.034891609102487564,
                0.05577743798494339,
                -0.0071294186636805534
            ],
            "thumb_ip": [
                0.05927406623959541,
                0.0351826548576355,
                -0.005992277525365353
            ],
            "thumb_tip": [
                0.07072082161903381,
                0.007578432559967041,
                -0.0075471047312021255
            ],
            "index_mcp": [
                0.019735921174287796,
                -0.0029797200113534927,
                0.014163530431687832
            ],
            "index_pip": [
                0.03606128320097923,
                -0.01997215300798416,
                0.004627977032214403
            ],
            "index_dip": [
                0.047959890216588974,
                -0.017734667286276817,
                -0.0049728876911103725
            ],
            "index_tip": [
                0.05561479926109314,
                0.00394388847053051,
                -0.033013977110385895
            ],
            "middle_mcp": [
                -0.0009188037365674973,
                -0.006956066936254501,
                0.007755738217383623
            ],
            "middle_pip": [
                0.014374706894159317,
                -0.04452301934361458,
                -0.0010723855812102556
            ],
            "middle_dip": [
                0.028989296406507492,
                -0.06029786169528961,
                -0.01762988045811653
            ],
            "middle_tip": [
                0.05012388899922371,
                -0.06881427764892578,
                -0.036926910281181335
            ],
            "ring_mcp": [
                -0.014243494719266891,
                -0.0019556311890482903,
                -0.010136204771697521
            ],
            "ring_pip": [
                -0.008672967553138733,
                -0.04147319123148918,
                -0.015933433547616005
            ],
            "ring_dip": [
                -0.0007034000009298325,
                -0.06185850501060486,
                -0.030206581577658653
            ],
            "ring_tip": [
                0.006977476179599762,
                -0.07769781351089478,
                -0.05112110450863838
            ],
            "pinky_mcp": [
                -0.02455495297908783,
                0.010552618652582169,
                -0.026882456615567207
            ],
            "pinky_pip": [
                -0.029273010790348053,
                -0.01374605018645525,
                -0.028333410620689392
            ],
            "pinky_dip": [
                -0.027926616370677948,
                -0.0398595966398716,
                -0.030822081491351128
            ],
            "pinky_tip": [
                -0.024537522345781326,
                -0.05901450663805008,
                -0.03720412403345108
            ]
        }
    ]
}