{
    "label": "0",
    "label_id": 0,
    "gestures": [
        {
            "wrist": [
                -0.05367227643728256,
                0.037161026149988174,
                0.06136360764503479
            ],
            "thumb_cmc": [
                -0.03788777068257332,
                0.004469685256481171,
                0.05427095293998718
            ],
            "thumb_mcp": [
                -0.029245782643556595,
                -0.02099832147359848,
                0.040913987904787064
            ],
            "thumb_ip": [
                -0.020828131586313248,
                -0.051940299570560455,
                0.018684497103095055
            ],
            "thumb_tip": [
                -0.017432518303394318,
                -0.07606008648872375,
                0.00048272949061356485
            ],
            "index_mcp": [
                -0.005942235700786114,
                -0.02318360097706318,
                0.003104651812463999
            ],
            "index_pip": [
                0.022105639800429344,
                -0.017930079251527786,
                0.0072435494512319565
            ],
            "index_dip": [
                0.018789444118738174,
                -0.012133726850152016,
                0.030560458078980446
            ],
            "index_tip": [
                -0.0034516477026045322,
                -0.014888206496834755,
                0.038656461983919144
            ],
            "middle_mcp": [
                -0.002603001892566681,
                -0.0050531597808003426,
                -0.0004097501514479518
            ],
            "middle_pip": [
                0.02958500385284424,
                -0.0023454762995243073,
                -0.0013032412389293313
            ],
            "middle_dip": [
                0.018998445942997932,
                0.002717185765504837,
                0.018430300056934357
            ],
            "middle_tip": [
                0.0025520366616547108,
                -0.0027984962798655033,
                0.02998792566359043
            ],
            "ring_mcp": [
                0.005335812456905842,
                0.014914616011083126,
                -0.003022273536771536
            ],
            "ring_pip": [
                0.02997078001499176,
                0.014797504059970379,
                0.005270395893603563
            ],
            "ring_dip": [
                0.023376215249300003,
                0.015142672695219517,
                0.021877864375710487
            ],
            "ring_tip": [
                0.00972660817205906,
                0.01662294939160347,
                0.0356626994907856
            ],
            "pinky_mcp": [
                0.006513480097055435,
                0.031244689598679543,
                0.0036434344947338104
            ],
            "pinky_pip": [
                0.023547105491161346,
                0.034702423959970474,
                0.0070065828040242195
            ],
            "pinky_dip": [
                0.018683815374970436,
                0.033908966928720474,
                0.020827950909733772
            ],
            "pinky_tip": [
                0.0007193014025688171,
                0.031695812940597534,
                0.030009057372808456
            ]
        }
    ]
}