{
    "label": "0",
    "label_id": 0,
    "gestures": [
        {
            "wrist": [
                -0.012798525393009186,
                0.08723556250333786,
                0.022306153550744057
            ],
            "thumb_cmc": [
                -0.021075010299682617,
                0.05888734757900238,
                0.034582603722810745
            ],
            "thumb_mcp": [
                -0.015316599979996681,
                0.02939462475478649,
                0.05276722460985184
            ],
            "thumb_ip": [
                -0.005814911797642708,
                0.004428145941346884,
                0.0679481253027916
            ],
            "thumb_tip": [
                0.009117248468101025,
                -0.010756420902907848,
                0.07007627189159393
            ],
            "index_mcp": [
                -0.02120603807270527,
                -0.007417111657559872,
                0.015707531943917274
            ],
            "index_pip": [
                0.0010843933559954166,
                -0.02206491306424141,
                0.025432966649532318
            ],
            "index_dip": [
                0.018978716805577278,
                -0.026185886934399605,
                0.0452159158885479
            ],
            "index_tip": [
                0.026334352791309357,
                -0.017219409346580505,
                0.0640256479382515
            ],
            "middle_mcp": [
                -0.006691399961709976,
                -0.004411578644067049,
                0.002021319931373
            ],
            "middle_pip": [
                0.019641436636447906,
                -0.029862839728593826,
                0.004244307521730661
            ],
            "middle_dip": [
                0.031027015298604965,
                -0.025952454656362534,
                0.02397356554865837
            ],
            "middle_tip": [
                0.03922339528799057,
                -0.017957653850317,
                0.05153101682662964
            ],
            "ring_mcp": [
                0.013996722176671028,
                0.0031548538245260715,
                -0.010775991715490818
            ],
            "ring_pip": [
                0.038262441754341125,
                -0.018572211265563965,
                -0.006605710834264755
            ],
            "ring_dip": [
                0.052006304264068604,
                -0.016567006707191467,
                0.011373641900718212
            ],
            "ring_tip": [
                0.05749177560210228,
                -0.005906390026211739,
                0.03607108071446419
            ],
            "pinky_mcp": [
                0.026549212634563446,
                0.017444120720028877,
                -0.015258497558534145
            ],
            "pinky_pip": [
                0.04316498339176178,
                0.00046160630881786346,
                -0.01255663949996233
            ],
            "pinky_dip": [
                0.06046689301729202,
                -0.004718845710158348,
                -0.001469312352128327
            ],
            "pinky_tip": [
                0.06379596889019012,
                0.0009783096611499786,
                0.011331919580698013
            ]
        }
    ]
}