{
    "label": "0",
    "label_id": 0,
    "gestures": [
        {
            "wrist": [
                -0.05545859783887863,
                0.0691937506198883,
                0.010088000446557999
            ],
            "thumb_cmc": [
                -0.05825690180063248,
                0.03655528649687767,
                0.021402744576334953
            ],
            "thumb_mcp": [
                -0.0496877059340477,
                0.008565125986933708,
                0.04302602261304855
            ],
            "thumb_ip": [
                -0.0317826047539711,
                -0.021213853731751442,
                0.06447678804397583
            ],
            "thumb_tip": [
                -0.01931113377213478,
                -0.04042670875787735,
                0.06849364936351776
            ],
            "index_mcp": [
                -0.019486146047711372,
                -0.02202790044248104,
                0.00839068740606308
            ],
            "index_pip": [
                0.0010244008153676987,
                -0.0462406687438488,
                0.010659352876245975
            ],
            "index_dip": [
                0.017187148332595825,
                -0.06229636073112488,
                0.020049847662448883
            ],
            "index_tip": [
                0.03414624184370041,
                -0.07738339900970459,
                0.022496933117508888
            ],
            "middle_mcp": [
                -0.002418095013126731,
                -0.006990640424191952,
                0.0012302335817366838
            ],
            "middle_pip": [
                0.030734138563275337,
                -0.02483682706952095,
                0.0012765091378241777
            ],
            "middle_dip": [
                0.04553420841693878,
                -0.04030189663171768,
                0.005606415681540966
            ],
            "middle_tip": [
                0.06671378761529922,
                -0.053508736193180084,
                0.02080235444009304
            ],
            "ring_mcp": [
                0.014439440332353115,
                0.014210359193384647,
                -0.005720323417335749
            ],
            "ring_pip": [
                0.03613138198852539,
                0.013210833072662354,
                0.013788209296762943
            ],
            "ring_dip": [
                0.03740321099758148,
                0.016934387385845184,
                0.03623483330011368
            ],
            "ring_tip": [
                0.03696770220994949,
                0.02346646785736084,
                0.06343912333250046
            ],
            "pinky_mcp": [
                0.014428353868424892,
                0.03618728742003441,
                -0.0035664732567965984
            ],
            "pinky_pip": [
                0.025575708597898483,
                0.037330061197280884,
                0.012965016067028046
            ],
            "pinky_dip": [
                0.029256584122776985,
                0.03906920179724693,
                0.03674965351819992
            ],
            "pinky_tip": [
                0.02393772453069687,
                0.04335508123040199,
                0.05537426844239235
            ]
        }
    ]
}