{
    "label": "0",
    "label_id": 0,
    "gestures": [
        {
            "wrist": [
                -0.004135549068450928,
                0.09323085844516754,
                -0.03985826298594475
            ],
            "thumb_cmc": [
                0.02199949510395527,
                0.06743431091308594,
                -0.041571345180273056
            ],
            "thumb_mcp": [
                0.031118294224143028,
                0.03267863392829895,
                -0.04708407074213028
            ],
            "thumb_ip": [
                0.023929787799715996,
                -0.006997881457209587,
                -0.0510556735098362
            ],
            "thumb_tip": [
                -0.0031952373683452606,
                -0.027289923280477524,
                -0.0515543594956398
            ],
            "index_mcp": [
                0.022494038566946983,
                -0.00367922056466341,
                0.0036833772901445627
            ],
            "index_pip": [
                0.028775591403245926,
                -0.03115049935877323,
                0.0007825765642337501
            ],
            "index_dip": [
                0.03267722576856613,
                -0.05378671735525131,
                -0.0033701411448419094
            ],
            "index_tip": [
                0.03123840130865574,
                -0.07792045921087265,
                -0.02047622762620449
            ],
            "middle_mcp": [
                0.0009365400183014572,
                -0.004290964920073748,
                0.009558837860822678
            ],
            "middle_pip": [
                0.007879386655986309,
                -0.04021778330206871,
                0.001327951904386282
            ],
            "middle_dip": [
                0.012366600334644318,
                -0.06465109437704086,
                -0.015838278457522392
            ],
            "middle_tip": [
                0.019161194562911987,
                -0.0897059291601181,
                -0.0323323979973793
            ],
            "ring_mcp": [
                -0.016989387571811676,
                0.0001414567232131958,
                -0.001959198620170355
            ],
            "ring_pip": [
                -0.011305142194032669,
                -0.020694930106401443,
                -0.022846223786473274
            ],
            "ring_dip": [
                -0.0010025992523878813,
                -0.004345644265413284,
                -0.03871253505349159
            ],
            "ring_tip": [
                0.006937207654118538,
                0.01755472458899021,
                -0.043069999665021896
            ],
            "pinky_mcp": [
                -0.032418522983789444,
                0.012903686612844467,
                -0.016581904143095016
            ],
            "pinky_pip": [
                -0.02120877429842949,
                -0.0027740970253944397,
                -0.029728464782238007
            ],
            "pinky_dip": [
                -0.00785785261541605,
                0.001653031213209033,
                -0.043776463717222214
            ],
            "pinky_tip": [
                -0.0008551012724637985,
                0.023433636873960495,
                -0.044987984001636505
            ]
        }
    ]
}