{
    "label": "0",
    "label_id": 0,
    "gestures": [
        {
            "wrist": [
                -0.003054549917578697,
                0.08774101734161377,
                -0.037248097360134125
            ],
            "thumb_cmc": [
                -0.027350112795829773,
                0.059092096984386444,
                -0.04037070274353027
            ],
            "thumb_mcp": [
                -0.033742718398571014,
                0.02463647723197937,
                -0.03706797584891319
            ],
            "thumb_ip": [
                -0.040120430290699005,
                -0.011368367820978165,
                -0.02704482339322567
            ],
            "thumb_tip": [
                -0.04109639301896095,
                -0.04337292164564133,
                -0.015241307206451893
            ],
            "index_mcp": [
                -0.030172407627105713,
                -0.006691128946840763,
                0.003114688443019986
            ],
            "index_pip": [
                -0.027301061898469925,
                -0.032880883663892746,
                -0.006024925038218498
            ],
            "index_dip": [
                -0.030475370585918427,
                -0.039162732660770416,
                -0.021042408421635628
            ],
            "index_tip": [
                -0.03844524547457695,
                -0.02464764192700386,
                -0.05034267529845238
            ],
            "middle_mcp": [
                -0.0058687119744718075,
                -0.0039177690632641315,
                0.007430818863213062
            ],
            "middle_pip": [
                -0.0016309143975377083,
                -0.03893960639834404,
                -0.00796202477067709
            ],
            "middle_dip": [
                -0.01186852902173996,
                -0.039313606917858124,
                -0.036393698304891586
            ],
            "middle_tip": [
                -0.019656769931316376,
                -0.02368127554655075,
                -0.05213495343923569
            ],
            "ring_mcp": [
                0.02009442448616028,
                0.00241423724219203,
                5.129858254804276e-05
            ],
            "ring_pip": [
                0.019964557141065598,
                -0.016296831890940666,
                -0.02337740547955036
            ],
            "ring_dip": [
                0.006830561440438032,
                0.0013508721021935344,
                -0.0375228077173233
            ],
            "ring_tip": [
                -0.00029693543910980225,
                0.020006446167826653,
                -0.038397300988435745
            ],
            "pinky_mcp": [
                0.0318763442337513,
                0.016507558524608612,
                -0.014350878074765205
            ],
            "pinky_pip": [
                0.03346628695726395,
                0.004854531027376652,
                -0.031160429120063782
            ],
            "pinky_dip": [
                0.02161523886024952,
                0.01862175762653351,
                -0.04545706883072853
            ],
            "pinky_tip": [
                0.012746306136250496,
                0.03338196873664856,
                -0.038458578288555145
            ]
        }
    ]
}