{
    "label": "0",
    "label_id": 0,
    "gestures": [
        {
            "wrist": [
                -0.0035260654985904694,
                0.09212163090705872,
                -0.022944234311580658
            ],
            "thumb_cmc": [
                -0.020118048414587975,
                0.06812960654497147,
                -0.0022159796208143234
            ],
            "thumb_mcp": [
                -0.032107818871736526,
                0.042744673788547516,
                0.0247879046946764
            ],
            "thumb_ip": [
                -0.050986431539058685,
                0.017585329711437225,
                0.05891435220837593
            ],
            "thumb_tip": [
                -0.0653102770447731,
                -0.00823067408055067,
                0.10140172392129898
            ],
            "index_mcp": [
                -0.00987207517027855,
                0.0007045811507850885,
                0.02912028133869171
            ],
            "index_pip": [
                -0.0068550328724086285,
                -0.027391524985432625,
                0.0285886712372303
            ],
            "index_dip": [
                -0.007051877677440643,
                -0.045684754848480225,
                0.02479802817106247
            ],
            "index_tip": [
                -0.01357991062104702,
                -0.06092812493443489,
                0.0014257337898015976
            ],
            "middle_mcp": [
                0.0009016970871016383,
                -0.0033860313706099987,
                0.010022745467722416
            ],
            "middle_pip": [
                -0.015534492209553719,
                -0.035057298839092255,
                -0.000731985317543149
            ],
            "middle_dip": [
                -0.03927177935838699,
                -0.032080672681331635,
                -0.01443703006953001
            ],
            "middle_tip": [
                -0.0544414259493351,
                -0.01736745610833168,
                -0.02184114046394825
            ],
            "ring_mcp": [
                0.00622358825057745,
                -0.0029508639127016068,
                -0.018187282606959343
            ],
            "ring_pip": [
                -0.01246209442615509,
                -0.023690661415457726,
                -0.02761789970099926
            ],
            "ring_dip": [
                -0.03438409045338631,
                -0.020295243710279465,
                -0.03415287658572197
            ],
            "ring_tip": [
                -0.05089644715189934,
                -0.010261515155434608,
                -0.04069921001791954
            ],
            "pinky_mcp": [
                0.0018329506274312735,
                0.008919321931898594,
                -0.04180481284856796
            ],
            "pinky_pip": [
                0.0003981802146881819,
                -0.014798246324062347,
                -0.04378856346011162
            ],
            "pinky_dip": [
                -0.009683259762823582,
                -0.043028123676776886,
                -0.04346853494644165
            ],
            "pinky_tip": [
                -0.015651404857635498,
                -0.06609716266393661,
                -0.048408448696136475
            ]
        }
    ]
}