{
    "label": "0",
    "label_id": 0,
    "gestures": [
        {
            "wrist": [
                0.01833183504641056,
                0.08575518429279327,
                0.009976436384022236
            ],
            "thumb_cmc": [
                -0.01084369421005249,
                0.06905553489923477,
                -0.005931776016950607
            ],
            "thumb_mcp": [
                -0.02608322724699974,
                0.04403039067983627,
                -0.012349607422947884
            ],
            "thumb_ip": [
                -0.027836518362164497,
                0.01753842458128929,
                -0.02966994047164917
            ],
            "thumb_tip": [
                -0.002533046528697014,
                0.0015962878242135048,
                -0.0351695641875267
            ],
            "index_mcp": [
                -0.02804597094655037,
                0.0038293106481432915,
                0.0031127617694437504
            ],
            "index_pip": [
                -0.03530275076627731,
                -0.019654516130685806,
                -0.007404249627143145
            ],
            "index_dip": [
                -0.035725127905607224,
                -0.029440071433782578,
                -0.023620203137397766
            ],
            "index_tip": [
                -0.034315090626478195,
                -0.020524609833955765,
                -0.048310600221157074
            ],
            "middle_mcp": [
                -0.006235176231712103,
                -0.0034654466435313225,
                0.005047020502388477
            ],
            "middle_pip": [
                -0.008346924558281898,
                -0.023339368402957916,
                -0.022389495745301247
            ],
            "middle_dip": [
                -0.01085933018475771,
                -0.004594224505126476,
                -0.04157155379652977
            ],
            "middle_tip": [
                -0.007477588951587677,
                0.01383289135992527,
                -0.03395719826221466
            ],
            "ring_mcp": [
                0.01869087666273117,
                -0.004574124701321125,
                -0.0009985296055674553
            ],
            "ring_pip": [
                0.013937508687376976,
                -0.017203930765390396,
                -0.02744940109550953
            ],
            "ring_dip": [
                0.010994896292686462,
                -0.0009551621042191982,
                -0.04295950382947922
            ],
            "ring_tip": [
                0.009304579347372055,
                0.020213529467582703,
                -0.04343017563223839
            ],
            "pinky_mcp": [
                0.033290278166532516,
                0.005265127867460251,
                -0.008529595099389553
            ],
            "pinky_pip": [
                0.0360860601067543,
                -0.01855090819299221,
                -0.019602203741669655
            ],
            "pinky_dip": [
                0.030572669580578804,
                -0.02910715527832508,
                -0.039540473371744156
            ],
            "pinky_tip": [
                0.023648347705602646,
                -0.024861887097358704,
                -0.05519770085811615
            ]
        }
    ]
}