{
    "label": "0",
    "label_id": 0,
    "gestures": [
        {
            "wrist": [
                -0.03304830938577652,
                0.08015821874141693,
                0.017260855063796043
            ],
            "thumb_cmc": [
                -0.018633799627423286,
                0.058011770248413086,
                0.03743007034063339
            ],
            "thumb_mcp": [
                0.004089135676622391,
                0.041926030069589615,
                0.049893323332071304
            ],
            "thumb_ip": [
                0.020680781453847885,
                0.023631177842617035,
                0.07111307978630066
            ],
            "thumb_tip": [
                0.03209066390991211,
                0.008881035260856152,
                0.08364985138177872
            ],
            "index_mcp": [
                -0.004370005801320076,
                -0.01231292076408863,
                0.028697067871689796
            ],
            "index_pip": [
                0.020117588341236115,
                -0.032236527651548386,
                0.025533337146043777
            ],
            "index_dip": [
                0.03816479071974754,
                -0.041356317698955536,
                0.024624241515994072
            ],
            "index_tip": [
                0.05544866994023323,
                -0.043219368904829025,
                0.016193479299545288
            ],
            "middle_mcp": [
                -0.003788728965446353,
                -0.008337920531630516,
                0.0056975651532411575
            ],
            "middle_pip": [
                0.03464393690228462,
                -0.016307462006807327,
                0.0038872496224939823
            ],
            "middle_dip": [
                0.06076256185770035,
                -0.014260999858379364,
                0.010266988538205624
            ],
            "middle_tip": [
                0.08074085414409637,
                -0.007887780666351318,
                0.024645015597343445
            ],
            "ring_mcp": [
                0.0024759068619459867,
                0.006700431928038597,
                -0.018319884315133095
            ],
            "ring_pip": [
                0.03499988466501236,
                -0.0007096137851476669,
                -0.016824863851070404
            ],
            "ring_dip": [
                0.06345043331384659,
                0.0029534101486206055,
                -0.010738993994891644
            ],
            "ring_tip": [
                0.08361548185348511,
                0.012316685169935226,
                0.0094655966386199
            ],
            "pinky_mcp": [
                0.003728236071765423,
                0.02548075094819069,
                -0.03280763700604439
            ],
            "pinky_pip": [
                0.027180038392543793,
                0.01666702702641487,
                -0.03056272864341736
            ],
            "pinky_dip": [
                0.05175962671637535,
                0.01254250667989254,
                -0.02705167979001999
            ],
            "pinky_tip": [
                0.06712833791971207,
                0.018651939928531647,
                -0.013844967819750309
            ]
        }
    ]
}