{
    "label": "0",
    "label_id": 0,
    "gestures": [
        {
            "wrist": [
                0.025975864380598068,
                0.09226898103952408,
                0.001362869399599731
            ],
            "thumb_cmc": [
                -0.0032583926804363728,
                0.07440004497766495,
                0.015733271837234497
            ],
            "thumb_mcp": [
                -0.02093958482146263,
                0.0530020110309124,
                0.02249298244714737
            ],
            "thumb_ip": [
                -0.042710814625024796,
                0.026739057153463364,
                0.030548611655831337
            ],
            "thumb_tip": [
                -0.057991087436676025,
                0.004270327277481556,
                0.03992606699466705
            ],
            "index_mcp": [
                -0.016364561393857002,
                0.0011743745999410748,
                0.02603345923125744
            ],
            "index_pip": [
                -0.02788395807147026,
                -0.024391863495111465,
                0.018646422773599625
            ],
            "index_dip": [
                -0.04330090805888176,
                -0.039643850177526474,
                0.014081954024732113
            ],
            "index_tip": [
                -0.06724628806114197,
                -0.051930930465459824,
                -0.0043676793575286865
            ],
            "middle_mcp": [
                -0.0016653602942824364,
                -0.00348842516541481,
                0.007862604223191738
            ],
            "middle_pip": [
                -0.01864638365805149,
                -0.03941890224814415,
                2.7846763259731233e-05
            ],
            "middle_dip": [
                -0.04301326349377632,
                -0.054079845547676086,
                -0.01309921219944954
            ],
            "middle_tip": [
                -0.06527721136808395,
                -0.06888772547245026,
                -0.02377152070403099
            ],
            "ring_mcp": [
                0.010230888612568378,
                -0.0036982393357902765,
                -0.017465738579630852
            ],
            "ring_pip": [
                -0.01052506361156702,
                -0.025662466883659363,
                -0.026529841125011444
            ],
            "ring_dip": [
                -0.038006559014320374,
                -0.03061531111598015,
                -0.036758650094270706
            ],
            "ring_tip": [
                -0.0613175667822361,
                -0.030267808586359024,
                -0.0420151986181736
            ],
            "pinky_mcp": [
                0.014504574239253998,
                0.01191580481827259,
                -0.034810103476047516
            ],
            "pinky_pip": [
                -0.00012231584696564823,
                -0.002884337678551674,
                -0.03977623209357262
            ],
            "pinky_dip": [
                -0.02445739135146141,
                -0.012775584124028683,
                -0.0478401854634285
            ],
            "pinky_tip": [
                -0.043825458735227585,
                -0.009843909181654453,
                -0.051209062337875366
            ]
        }
    ]
}