{
    "label": "0",
    "label_id": 0,
    "gestures": [
        {
            "wrist": [
                0.048362456262111664,
                0.04520918428897858,
                0.05814884975552559
            ],
            "thumb_cmc": [
                0.028756435960531235,
                0.017275264486670494,
                0.05882047116756439
            ],
            "thumb_mcp": [
                0.009837311692535877,
                -0.0030689439736306667,
                0.05188161879777908
            ],
            "thumb_ip": [
                -0.012800917029380798,
                -0.004769300576299429,
                0.03474627807736397
            ],
            "thumb_tip": [
                -0.02480473741889,
                -0.0012277588248252869,
                0.012718647718429565
            ],
            "index_mcp": [
                0.0012782146222889423,
                -0.016609683632850647,
                0.010901829227805138
            ],
            "index_pip": [
                -0.022803843021392822,
                -0.007693643681704998,
                0.005945509299635887
            ],
            "index_dip": [
                -0.02005075290799141,
                -0.0004049912095069885,
                0.025029605254530907
            ],
            "index_tip": [
                -0.008392153307795525,
                0.0005565078463405371,
                0.04996274784207344
            ],
            "middle_mcp": [
                -0.0015435547102242708,
                -0.004322688560932875,
                0.0003786858869716525
            ],
            "middle_pip": [
                -0.02593153901398182,
                0.001478622667491436,
                -0.002951521659269929
            ],
            "middle_dip": [
                -0.02168460562825203,
                0.014497286640107632,
                0.017331058159470558
            ],
            "middle_tip": [
                -0.01089231763035059,
                0.010430513881146908,
                0.03297336399555206
            ],
            "ring_mcp": [
                -0.0014062686823308468,
                0.01144680567085743,
                -0.008387180045247078
            ],
            "ring_pip": [
                -0.022841230034828186,
                0.024043463170528412,
                -0.007092223968356848
            ],
            "ring_dip": [
                -0.01795542612671852,
                0.028240561485290527,
                0.016614191234111786
            ],
            "ring_tip": [
                -0.007511107251048088,
                0.025693610310554504,
                0.03496827185153961
            ],
            "pinky_mcp": [
                -0.002935968339443207,
                0.034092701971530914,
                -0.004207159858196974
            ],
            "pinky_pip": [
                -0.014448641799390316,
                0.04031360521912575,
                -0.002611701376736164
            ],
            "pinky_dip": [
                -0.012421293184161186,
                0.046073704957962036,
                0.015648605301976204
            ],
            "pinky_tip": [
                -0.0012077763676643372,
                0.041224852204322815,
                0.027822891250252724
            ]
        }
    ]
}