{
    "label": "0",
    "label_id": 0,
    "gestures": [
        {
            "wrist": [
                0.02450161799788475,
                -0.005388124380260706,
                0.08896860480308533
            ],
            "thumb_cmc": [
                0.006818351801484823,
                0.012733600102365017,
                0.06072279065847397
            ],
            "thumb_mcp": [
                -0.0029453951865434647,
                0.025757785886526108,
                0.05005413293838501
            ],
            "thumb_ip": [
                -0.01838393323123455,
                0.04389236867427826,
                0.01669166423380375
            ],
            "thumb_tip": [
                -0.025315837934613228,
                0.04758037254214287,
                -0.009249558672308922
            ],
            "index_mcp": [
                -0.01485393289476633,
                0.015058420598506927,
                0.0017440428491681814
            ],
            "index_pip": [
                -0.008792059496045113,
                0.03385753184556961,
                -0.007006635423749685
            ],
            "index_dip": [
                -0.0037092845886945724,
                0.03403331711888313,
                0.01764276623725891
            ],
            "index_tip": [
                -0.0006939861923456192,
                0.023913312703371048,
                0.04913719743490219
            ],
            "middle_mcp": [
                -0.005286823492497206,
                0.001565378624945879,
                -0.0019331666408106685
            ],
            "middle_pip": [
                0.0031161406077444553,
                0.017940158024430275,
                -0.0072948019951581955
            ],
            "middle_dip": [
                0.006392779294401407,
                0.02369527891278267,
                0.012272357009351254
            ],
            "middle_tip": [
                0.006791173480451107,
                0.0009703286923468113,
                0.043197326362133026
            ],
            "ring_mcp": [
                0.008518216200172901,
                -0.009947924874722958,
                -0.0013584039406850934
            ],
            "ring_pip": [
                0.01721363514661789,
                0.0138673335313797,
                -0.004759558476507664
            ],
            "ring_dip": [
                0.02113509550690651,
                0.01674823649227619,
                0.01961238868534565
            ],
            "ring_tip": [
                0.022731274366378784,
                0.0007818536832928658,
                0.047695767134428024
            ],
            "pinky_mcp": [
                0.024370606988668442,
                -0.012631126679480076,
                0.006741418968886137
            ],
            "pinky_pip": [
                0.02892615646123886,
                0.006285363808274269,
                0.004914805758744478
            ],
            "pinky_dip": [
                0.030682604759931564,
                0.007528986781835556,
                0.02862807735800743
            ],
            "pinky_tip": [
                0.02945764921605587,
                -0.006006196606904268,
                0.04212512820959091
            ]
        }
    ]
}