{
    "label": "0",
    "label_id": 0,
    "gestures": [
        {
            "wrist": [
                0.006670894101262093,
                0.08130636811256409,
                0.04668301343917847
            ],
            "thumb_cmc": [
                -0.02409016340970993,
                0.06858575344085693,
                0.010972859337925911
            ],
            "thumb_mcp": [
                -0.02101919613778591,
                0.04631204903125763,
                -0.009016364812850952
            ],
            "thumb_ip": [
                -0.009871075861155987,
                0.022134272381663322,
                -0.030253572389483452
            ],
            "thumb_tip": [
                0.008969755843281746,
                0.003661869093775749,
                -0.037807125598192215
            ],
            "index_mcp": [
                -0.031186681240797043,
                -0.006765409838408232,
                -0.011185790412127972
            ],
            "index_pip": [
                -0.03486228734254837,
                -0.031445518136024475,
                -0.01818077079951763
            ],
            "index_dip": [
                -0.03779548034071922,
                -0.055223025381565094,
                -0.0230706837028265
            ],
            "index_tip": [
                -0.04107961803674698,
                -0.08026791363954544,
                -0.043960969895124435
            ],
            "middle_mcp": [
                -0.005905218422412872,
                -0.004562969319522381,
                0.0021772717591375113
            ],
            "middle_pip": [
                0.007466231472790241,
                -0.03927343338727951,
                -0.008623559027910233
            ],
            "middle_dip": [
                0.009703908115625381,
                -0.06570938974618912,
                -0.027836062014102936
            ],
            "middle_tip": [
                0.009671607986092567,
                -0.09306306391954422,
                -0.049882180988788605
            ],
            "ring_mcp": [
                0.019223682582378387,
                0.0008715623989701271,
                0.0069843437522649765
            ],
            "ring_pip": [
                0.02029508352279663,
                -0.014518428593873978,
                -0.014355448074638844
            ],
            "ring_dip": [
                0.010542649775743484,
                0.0011238178703933954,
                -0.03247024118900299
            ],
            "ring_tip": [
                0.0015768688172101974,
                0.025636527687311172,
                -0.03800451010465622
            ],
            "pinky_mcp": [
                0.03258855268359184,
                0.016837503761053085,
                0.01461669709533453
            ],
            "pinky_pip": [
                0.03195549175143242,
                0.0021504443138837814,
                -0.00866278912872076
            ],
            "pinky_dip": [
                0.023931875824928284,
                0.00951404869556427,
                -0.029842425137758255
            ],
            "pinky_tip": [
                0.013439157977700233,
                0.02847244031727314,
                -0.02817349322140217
            ]
        }
    ]
}