{
    "label": "0",
    "label_id": 0,
    "gestures": [
        {
            "wrist": [
                -0.0022493936121463776,
                0.10101805627346039,
                0.004849230404943228
            ],
            "thumb_cmc": [
                -0.02156730554997921,
                0.06634699553251266,
                0.001967291347682476
            ],
            "thumb_mcp": [
                -0.027752438560128212,
                0.04221799224615097,
                -0.0008997624972835183
            ],
            "thumb_ip": [
                -0.032291870564222336,
                0.01605493761599064,
                -0.009374610148370266
            ],
            "thumb_tip": [
                -0.022348446771502495,
                -0.007576038129627705,
                -0.0036978237330913544
            ],
            "index_mcp": [
                -0.017604943364858627,
                -0.007675339933484793,
                0.010343225672841072
            ],
            "index_pip": [
                -0.012427050620317459,
                -0.03907671570777893,
                0.014186740852892399
            ],
            "index_dip": [
                -0.007539365440607071,
                -0.05932283401489258,
                0.019508812576532364
            ],
            "index_tip": [
                -0.002042340114712715,
                -0.08047200739383698,
                0.0031625949777662754
            ],
            "middle_mcp": [
                -0.003260744735598564,
                -0.0037387674674391747,
                0.007479718886315823
            ],
            "middle_pip": [
                -0.004517657682299614,
                -0.03902577608823776,
                -0.005369508173316717
            ],
            "middle_dip": [
                -0.013182498514652252,
                -0.05324102193117142,
                -0.020488828420639038
            ],
            "middle_tip": [
                -0.01803429424762726,
                -0.06475736200809479,
                -0.04857054725289345
            ],
            "ring_mcp": [
                0.013354508206248283,
                0.0006016362458467484,
                -0.00562701839953661
            ],
            "ring_pip": [
                0.01319064199924469,
                -0.016672374680638313,
                -0.026571905240416527
            ],
            "ring_dip": [
                0.0096158217638731,
                -0.02390589937567711,
                -0.04695254936814308
            ],
            "ring_tip": [
                0.008838671259582043,
                -0.024454928934574127,
                -0.0706709548830986
            ],
            "pinky_mcp": [
                0.020184652879834175,
                0.01923256739974022,
                -0.019815661013126373
            ],
            "pinky_pip": [
                0.02688966691493988,
                -0.006880949251353741,
                -0.024047790095210075
            ],
            "pinky_dip": [
                0.02575588971376419,
                -0.0357782281935215,
                -0.0321255661547184
            ],
            "pinky_tip": [
                0.023909002542495728,
                -0.05397481843829155,
                -0.04405437409877777
            ]
        }
    ]
}