{
    "label": "0",
    "label_id": 0,
    "gestures": [
        {
            "wrist": [
                0.016695834696292877,
                0.08551210165023804,
                0.012018532492220402
            ],
            "thumb_cmc": [
                -0.01725846901535988,
                0.0651254802942276,
                -0.0007621171534992754
            ],
            "thumb_mcp": [
                -0.03687663748860359,
                0.046005893498659134,
                -0.00870341807603836
            ],
            "thumb_ip": [
                -0.05890578031539917,
                0.017480334267020226,
                -0.013882478699088097
            ],
            "thumb_tip": [
                -0.07902924716472626,
                -0.00800672359764576,
                -0.012719829566776752
            ],
            "index_mcp": [
                -0.030060578137636185,
                -0.0008979081176221371,
                0.0045386371202766895
            ],
            "index_pip": [
                -0.026347320526838303,
                -0.028908144682645798,
                -0.0032555251382291317
            ],
            "index_dip": [
                -0.021155137568712234,
                -0.052103184163570404,
                -0.011705863289535046
            ],
            "index_tip": [
                -0.018428262323141098,
                -0.0766807422041893,
                -0.03028872050344944
            ],
            "middle_mcp": [
                -0.00527372770011425,
                -0.0040399059653282166,
                0.006318084429949522
            ],
            "middle_pip": [
                -0.012192100286483765,
                -0.04006030783057213,
                -0.011825340799987316
            ],
            "middle_dip": [
                -0.025966744869947433,
                -0.06102642044425011,
                -0.033300139009952545
            ],
            "middle_tip": [
                -0.03196847811341286,
                -0.08535706251859665,
                -0.05084998905658722
            ],
            "ring_mcp": [
                0.020581474527716637,
                -0.001164488960057497,
                -0.0024527048226445913
            ],
            "ring_pip": [
                0.01190271507948637,
                -0.018331917002797127,
                -0.026477279141545296
            ],
            "ring_dip": [
                0.005708908196538687,
                -0.0010269893100485206,
                -0.03954843059182167
            ],
            "ring_tip": [
                0.007810634560883045,
                0.019008930772542953,
                -0.03805285692214966
            ],
            "pinky_mcp": [
                0.035288430750370026,
                0.014148775488138199,
                -0.009958128444850445
            ],
            "pinky_pip": [
                0.03503069281578064,
                -0.003485501743853092,
                -0.02795555256307125
            ],
            "pinky_dip": [
                0.0261854100972414,
                0.008591231890022755,
                -0.04165143892168999
            ],
            "pinky_tip": [
                0.02630636841058731,
                0.024061590433120728,
                -0.035467054694890976
            ]
        }
    ]
}