{
    "label": "0",
    "label_id": 0,
    "gestures": [
        {
            "wrist": [
                -0.04152688384056091,
                0.04707475006580353,
                0.036085695028305054
            ],
            "thumb_cmc": [
                -0.033595625311136246,
                0.02065272629261017,
                0.04086824133992195
            ],
            "thumb_mcp": [
                -0.016038456931710243,
                0.006956175435334444,
                0.05380017310380936
            ],
            "thumb_ip": [
                -0.005159682594239712,
                -0.004774030297994614,
                0.06533009558916092
            ],
            "thumb_tip": [
                0.008269614540040493,
                -0.007759362459182739,
                0.06108739972114563
            ],
            "index_mcp": [
                -0.006622913293540478,
                -0.009694932028651237,
                0.012679548002779484
            ],
            "index_pip": [
                0.0023360447958111763,
                -0.0282843466848135,
                0.013160333968698978
            ],
            "index_dip": [
                0.02214919775724411,
                -0.03634096682071686,
                0.022967275232076645
            ],
            "index_tip": [
                0.037829164415597916,
                -0.03503436967730522,
                0.040273334830999374
            ],
            "middle_mcp": [
                -0.0016488749533891678,
                -0.003358270740136504,
                0.0014174814568832517
            ],
            "middle_pip": [
                0.016240300610661507,
                -0.019343551248311996,
                -0.004145986400544643
            ],
            "middle_dip": [
                0.03838352486491203,
                -0.025817736983299255,
                0.006819982081651688
            ],
            "middle_tip": [
                0.05702385678887367,
                -0.021755719557404518,
                0.03009432554244995
            ],
            "ring_mcp": [
                0.004177935887128115,
                0.00567350210621953,
                -0.008973604068160057
            ],
            "ring_pip": [
                0.022752324119210243,
                -0.0030888756737113,
                -0.012029660865664482
            ],
            "ring_dip": [
                0.0433693490922451,
                0.0030738655477762222,
                0.0037428338546305895
            ],
            "ring_tip": [
                0.05057574063539505,
                0.012552071362733841,
                0.034171849489212036
            ],
            "pinky_mcp": [
                0.0014625675976276398,
                0.01673666387796402,
                -0.01001272164285183
            ],
            "pinky_pip": [
                0.020254118368029594,
                0.01966158114373684,
                -0.008087358437478542
            ],
            "pinky_dip": [
                0.04019724577665329,
                0.025732100009918213,
                0.004716780036687851
            ],
            "pinky_tip": [
                0.04910352826118469,
                0.028089970350265503,
                0.027833178639411926
            ]
        }
    ]
}