{
    "label": "0",
    "label_id": 0,
    "gestures": [
        {
            "wrist": [
                0.014468898996710777,
                0.09757553040981293,
                -0.013647913932800293
            ],
            "thumb_cmc": [
                -0.01532764732837677,
                0.0753358006477356,
                -0.004567203111946583
            ],
            "thumb_mcp": [
                -0.0252041257917881,
                0.050488267093896866,
                -0.0020972376223653555
            ],
            "thumb_ip": [
                -0.02129017375409603,
                0.021142518147826195,
                -0.010028790682554245
            ],
            "thumb_tip": [
                0.001377722481265664,
                0.0067321304231882095,
                -0.011082611978054047
            ],
            "index_mcp": [
                -0.02037554234266281,
                0.004051950294524431,
                0.01828589476644993
            ],
            "index_pip": [
                -0.02465660870075226,
                -0.027130018919706345,
                0.014337141998112202
            ],
            "index_dip": [
                -0.04000183939933777,
                -0.03527214005589485,
                0.005814364645630121
            ],
            "index_tip": [
                -0.05513285845518112,
                -0.023514581844210625,
                -0.012062832713127136
            ],
            "middle_mcp": [
                -0.0029013920575380325,
                -0.0023369761183857918,
                0.008830619044601917
            ],
            "middle_pip": [
                -0.008801542222499847,
                -0.041924040764570236,
                -0.0015093355905264616
            ],
            "middle_dip": [
                -0.03525323420763016,
                -0.04604759067296982,
                -0.02041965164244175
            ],
            "middle_tip": [
                -0.0483512245118618,
                -0.034058693796396255,
                -0.03322523832321167
            ],
            "ring_mcp": [
                0.013721093535423279,
                -0.00460148137062788,
                -0.011960616335272789
            ],
            "ring_pip": [
                0.0032363473437726498,
                -0.032346565276384354,
                -0.021332934498786926
            ],
            "ring_dip": [
                -0.020760320127010345,
                -0.03238045424222946,
                -0.03890634700655937
            ],
            "ring_tip": [
                -0.036921534687280655,
                -0.019431916996836662,
                -0.05091671273112297
            ],
            "pinky_mcp": [
                0.01981659233570099,
                0.007548309862613678,
                -0.029989788308739662
            ],
            "pinky_pip": [
                0.013963065110147,
                -0.016048835590481758,
                -0.03405433148145676
            ],
            "pinky_dip": [
                -0.007138832472264767,
                -0.02497493289411068,
                -0.04852507635951042
            ],
            "pinky_tip": [
                -0.022726837545633316,
                -0.013123623095452785,
                -0.05877850949764252
            ]
        }
    ]
}