{
    "label": "0",
    "label_id": 0,
    "gestures": [
        {
            "wrist": [
                0.007459085434675217,
                0.09107883274555206,
                -0.0006174218724481761
            ],
            "thumb_cmc": [
                -0.021061629056930542,
                0.06765249371528625,
                -0.010382422246038914
            ],
            "thumb_mcp": [
                -0.03909634053707123,
                0.04451295733451843,
                -0.012350074015557766
            ],
            "thumb_ip": [
                -0.05076844245195389,
                0.016998793929815292,
                -0.017336169257760048
            ],
            "thumb_tip": [
                -0.033195801079273224,
                0.008927673101425171,
                -0.019514182582497597
            ],
            "index_mcp": [
                -0.028363589197397232,
                0.001084642019122839,
                0.0036368519067764282
            ],
            "index_pip": [
                -0.030033279210329056,
                -0.029278289526700974,
                0.0040359823033213615
            ],
            "index_dip": [
                -0.030377335846424103,
                -0.051118284463882446,
                -0.004372060764580965
            ],
            "index_tip": [
                -0.03250499814748764,
                -0.06343592703342438,
                -0.03070647269487381
            ],
            "middle_mcp": [
                -0.005193158984184265,
                -0.004294456914067268,
                0.006681679282337427
            ],
            "middle_pip": [
                -0.0027621379122138023,
                -0.03654692694544792,
                -0.016558509320020676
            ],
            "middle_dip": [
                -0.010920114815235138,
                -0.028393197804689407,
                -0.042140331119298935
            ],
            "middle_tip": [
                -0.017207864671945572,
                -0.010583413764834404,
                -0.05239365994930267
            ],
            "ring_mcp": [
                0.02037924714386463,
                -0.0023662205785512924,
                -0.0012811438646167517
            ],
            "ring_pip": [
                0.01774216815829277,
                -0.027924837544560432,
                -0.023747175931930542
            ],
            "ring_dip": [
                0.010117506608366966,
                -0.018069174140691757,
                -0.04216712713241577
            ],
            "ring_tip": [
                0.002019912237301469,
                -0.0001941873342730105,
                -0.0521506667137146
            ],
            "pinky_mcp": [
                0.030949965119361877,
                0.01171868946403265,
                -0.00969015620648861
            ],
            "pinky_pip": [
                0.043641895055770874,
                -0.012769339606165886,
                -0.010407608933746815
            ],
            "pinky_dip": [
                0.048152726143598557,
                -0.03631512448191643,
                -0.019911274313926697
            ],
            "pinky_tip": [
                0.05081464722752571,
                -0.056131452322006226,
                -0.0343472845852375
            ]
        }
    ]
}