{
    "label": "0",
    "label_id": 0,
    "gestures": [
        {
            "wrist": [
                -0.06875155866146088,
                0.013580052182078362,
                0.044868335127830505
            ],
            "thumb_cmc": [
                -0.03795122355222702,
                0.012656246311962605,
                0.050933241844177246
            ],
            "thumb_mcp": [
                -0.01649988815188408,
                0.01619666814804077,
                0.05058765783905983
            ],
            "thumb_ip": [
                0.00555292796343565,
                0.01869487762451172,
                0.04269887134432793
            ],
            "thumb_tip": [
                0.030443158000707626,
                0.022044019773602486,
                0.027075426653027534
            ],
            "index_mcp": [
                0.00843304954469204,
                -0.012865214608609676,
                0.019401701167225838
            ],
            "index_pip": [
                0.02605150267481804,
                -0.004047340247780085,
                0.010002173483371735
            ],
            "index_dip": [
                0.045492228120565414,
                0.00014933757483959198,
                0.0003836936375591904
            ],
            "index_tip": [
                0.05845921114087105,
                0.009262509644031525,
                -0.012992548756301403
            ],
            "middle_mcp": [
                0.006151431240141392,
                -0.007624960504472256,
                0.0017198794521391392
            ],
            "middle_pip": [
                0.03060261160135269,
                0.009092681109905243,
                -0.004020888824015856
            ],
            "middle_dip": [
                0.0554501973092556,
                0.02418740838766098,
                -0.01663939468562603
            ],
            "middle_tip": [
                0.08260611444711685,
                0.03625159338116646,
                -0.018607301637530327
            ],
            "ring_mcp": [
                -0.005952521692961454,
                0.008594855666160583,
                -0.012814407236874104
            ],
            "ring_pip": [
                0.023517237976193428,
                0.014077097177505493,
                -0.0243784561753273
            ],
            "ring_dip": [
                0.05270013213157654,
                0.032960422337055206,
                -0.03443107008934021
            ],
            "ring_tip": [
                0.08535042405128479,
                0.04799303784966469,
                -0.04778670147061348
            ],
            "pinky_mcp": [
                -0.02100783959031105,
                0.019894469529390335,
                -0.018339699134230614
            ],
            "pinky_pip": [
                -0.012373351491987705,
                0.007874967530369759,
                -0.030709048733115196
            ],
            "pinky_dip": [
                7.035228190943599e-05,
                -0.008322330191731453,
                -0.04553649574518204
            ],
            "pinky_tip": [
                0.016440363600850105,
                -0.026833582669496536,
                -0.06299898773431778
            ]
        }
    ]
}