{
    "label": "0",
    "label_id": 0,
    "gestures": [
        {
            "wrist": [
                0.021438127383589745,
                0.08517389744520187,
                -0.012979223392903805
            ],
            "thumb_cmc": [
                -0.01005888357758522,
                0.06755862385034561,
                -0.012724370695650578
            ],
            "thumb_mcp": [
                -0.02599673718214035,
                0.035493627190589905,
                -0.014334912411868572
            ],
            "thumb_ip": [
                -0.032651226967573166,
                0.005496271885931492,
                -0.026788875460624695
            ],
            "thumb_tip": [
                -0.010182012803852558,
                -0.01401674747467041,
                -0.030527718365192413
            ],
            "index_mcp": [
                -0.02873137593269348,
                0.001785346306860447,
                0.009377679787576199
            ],
            "index_pip": [
                -0.038547541946172714,
                -0.008942668326199055,
                -0.012442849576473236
            ],
            "index_dip": [
                -0.04132368788123131,
                0.008471062406897545,
                -0.014680546708405018
            ],
            "index_tip": [
                -0.037653598934412,
                0.029317554086446762,
                -0.008224887773394585
            ],
            "middle_mcp": [
                -0.0048760222271084785,
                -0.003187940688803792,
                0.007281487807631493
            ],
            "middle_pip": [
                -0.02054212987422943,
                -0.02640356868505478,
                -0.01913842186331749
            ],
            "middle_dip": [
                -0.03056035190820694,
                -0.004829465411603451,
                -0.03190208971500397
            ],
            "middle_tip": [
                -0.028731774538755417,
                0.01703784056007862,
                -0.026479335501790047
            ],
            "ring_mcp": [
                0.018444661051034927,
                -0.0028284944128245115,
                -0.005313309840857983
            ],
            "ring_pip": [
                0.0011682473123073578,
                -0.025755982846021652,
                -0.025417795404791832
            ],
            "ring_dip": [
                -0.01167513057589531,
                -0.014534084126353264,
                -0.038978468626737595
            ],
            "ring_tip": [
                -0.017794502899050713,
                0.0008662664331495762,
                -0.038916099816560745
            ],
            "pinky_mcp": [
                0.03150922432541847,
                0.008078827522695065,
                -0.017489898949861526
            ],
            "pinky_pip": [
                0.01809488981962204,
                -0.0021660742349922657,
                -0.034101493656635284
            ],
            "pinky_dip": [
                0.003970171790570021,
                -0.01324683427810669,
                -0.05248209834098816
            ],
            "pinky_tip": [
                -0.0068848030641674995,
                -0.019886590540409088,
                -0.06250515580177307
            ]
        }
    ]
}