{
    "label": "0",
    "label_id": 0,
    "gestures": [
        {
            "wrist": [
                -0.03004246950149536,
                0.07523024827241898,
                -0.03050120547413826
            ],
            "thumb_cmc": [
                0.007173733785748482,
                0.0635717362165451,
                -0.033072009682655334
            ],
            "thumb_mcp": [
                0.04402449354529381,
                0.049197860062122345,
                -0.02422822080552578
            ],
            "thumb_ip": [
                0.06726609170436859,
                0.025877971202135086,
                -0.015766380354762077
            ],
            "thumb_tip": [
                0.0675288587808609,
                -0.004628822207450867,
                -0.004246148280799389
            ],
            "index_mcp": [
                0.025557052344083786,
                0.005201148800551891,
                0.004926467780023813
            ],
            "index_pip": [
                0.03106837160885334,
                -0.014688951894640923,
                -0.005950125399976969
            ],
            "index_dip": [
                0.03272508457303047,
                -0.02148226834833622,
                -0.01762913167476654
            ],
            "index_tip": [
                0.028691817075014114,
                -0.010211956687271595,
                -0.036507513374090195
            ],
            "middle_mcp": [
                0.0012106253998354077,
                -0.0030787084251642227,
                0.007537258788943291
            ],
            "middle_pip": [
                0.011435260996222496,
                -0.033866409212350845,
                -0.009422740899026394
            ],
            "middle_dip": [
                0.015753822401165962,
                -0.03197185695171356,
                -0.03170308470726013
            ],
            "middle_tip": [
                0.01666121557354927,
                -0.018479332327842712,
                -0.045046526938676834
            ],
            "ring_mcp": [
                -0.016436569392681122,
                -0.00585173349827528,
                -0.00248696468770504
            ],
            "ring_pip": [
                -0.006350841373205185,
                -0.03130121901631355,
                -0.014896614477038383
            ],
            "ring_dip": [
                -0.0012346664443612099,
                -0.02844250202178955,
                -0.03624686971306801
            ],
            "ring_tip": [
                0.00014784326776862144,
                -0.011434763669967651,
                -0.05145822465419769
            ],
            "pinky_mcp": [
                -0.03541300818324089,
                -0.0004348047077655792,
                -0.014260967262089252
            ],
            "pinky_pip": [
                -0.0314442403614521,
                -0.024231525138020515,
                -0.018279755488038063
            ],
            "pinky_dip": [
                -0.019514175131917,
                -0.029798630625009537,
                -0.03216196596622467
            ],
            "pinky_tip": [
                -0.016897065564990044,
                -0.017575087025761604,
                -0.04290896654129028
            ]
        }
    ]
}