{
"label": "o",
"gestures": [
{
"l_hand_position": null,
"l_wrist": null,
"l_thumb_cmc": null,
"l_thumb_mcp": null,
"l_thumb_ip": null,
"l_thumb_tip": null,
"l_index_mcp": null,
"l_index_pip": null,
"l_index_dip": null,
"l_index_tip": null,
"l_middle_mcp": null,
"l_middle_pip": null,
"l_middle_dip": null,
"l_middle_tip": null,
"l_ring_mcp": null,
"l_ring_pip": null,
"l_ring_dip": null,
"l_ring_tip": null,
"l_pinky_mcp": null,
"l_pinky_pip": null,
"l_pinky_dip": null,
"l_pinky_tip": null,
"r_hand_position": null,
"r_wrist": [
0.04655502364039421,
0.07589298486709595,
-0.013392455875873566
],
"r_thumb_cmc": [
0.019606532528996468,
0.0664813220500946,
0.008649026975035667
],
"r_thumb_mcp": [
-0.0023017488420009613,
0.0580873116850853,
0.028425905853509903
],
"r_thumb_ip": [
-0.02657945826649666,
0.05068232864141464,
0.06061043590307236
],
"r_thumb_tip": [
-0.04529780521988869,
0.0401117280125618,
0.09968849271535873
],
"r_index_mcp": [
-0.003137343330308795,
0.0007617550436407328,
0.02713673561811447
],
"r_index_pip": [
-0.029055217280983925,
-0.0027608750388026237,
0.024278627708554268
],
"r_index_dip": [
-0.048791997134685516,
0.008581796661019325,
0.02039342373609543
],
"r_index_tip": [
-0.05499216914176941,
0.03665369004011154,
0.004786682780832052
],
"r_middle_mcp": [
0.00012870354112237692,
-0.003730600466951728,
0.007389425300061703
],
"r_middle_pip": [
-0.03414479270577431,
-0.009755419567227364,
0.0022522038780152798
],
"r_middle_dip": [
-0.05401778593659401,
0.011131648905575275,
-0.0018317848443984985
],
"r_middle_tip": [
-0.057468149811029434,
0.029265381395816803,
-0.0018148233648389578
],
"r_ring_mcp": [
0.0010892150457948446,
-0.002781523857265711,
-0.019184023141860962
],
"r_ring_pip": [
-0.026922153308987617,
-0.003906413912773132,
-0.02150118723511696
],
"r_ring_dip": [
-0.05035284906625748,
0.014906371012330055,
-0.021037399768829346
],
"r_ring_tip": [
-0.0574704147875309,
0.035760268568992615,
-0.016009503975510597
],
"r_pinky_mcp": [
0.0012716581113636494,
0.014651491306722164,
-0.03928523138165474
],
"r_pinky_pip": [
-0.020460661500692368,
0.005900649353861809,
-0.03745512664318085
],
"r_pinky_dip": [
-0.04545222967863083,
0.012337475083768368,
-0.03945421054959297
],
"r_pinky_tip": [
-0.05337705835700035,
0.03130465745925903,
-0.033545106649398804
]
}
],
"framerate": 30,
"mirrorable": true
}