{
"label": "o",
"gestures": [
{
"l_hand_position": null,
"l_wrist": null,
"l_thumb_cmc": null,
"l_thumb_mcp": null,
"l_thumb_ip": null,
"l_thumb_tip": null,
"l_index_mcp": null,
"l_index_pip": null,
"l_index_dip": null,
"l_index_tip": null,
"l_middle_mcp": null,
"l_middle_pip": null,
"l_middle_dip": null,
"l_middle_tip": null,
"l_ring_mcp": null,
"l_ring_pip": null,
"l_ring_dip": null,
"l_ring_tip": null,
"l_pinky_mcp": null,
"l_pinky_pip": null,
"l_pinky_dip": null,
"l_pinky_tip": null,
"r_hand_position": null,
"r_wrist": [
0.0344327837228775,
0.0749274417757988,
-0.0047493246383965015
],
"r_thumb_cmc": [
0.0333515927195549,
0.05089196935296059,
-0.02873327024281025
],
"r_thumb_mcp": [
0.04705318808555603,
0.018503554165363312,
-0.0329076312482357
],
"r_thumb_ip": [
0.05278251692652702,
-0.013263817876577377,
-0.03362050652503967
],
"r_thumb_tip": [
0.05184681713581085,
-0.029821889474987984,
-0.031556468456983566
],
"r_index_mcp": [
-0.006148554850369692,
-0.0014279222814366221,
-0.013832936994731426
],
"r_index_pip": [
0.0044666980393230915,
-0.0265033058822155,
-0.01744181290268898
],
"r_index_dip": [
0.023836378008127213,
-0.04046230390667915,
-0.021032916381955147
],
"r_index_tip": [
0.041346579790115356,
-0.040039628744125366,
-0.025317098945379257
],
"r_middle_mcp": [
-0.0067877573892474174,
-0.0004046167596243322,
0.0031881039030849934
],
"r_middle_pip": [
0.01119835115969181,
-0.029699161648750305,
-0.006632504519075155
],
"r_middle_dip": [
0.0358569473028183,
-0.03607214242219925,
-0.0170222707092762
],
"r_middle_tip": [
0.05419716238975525,
-0.03354109451174736,
-0.022039543837308884
],
"r_ring_mcp": [
0.0034899807069450617,
-0.00012935587437823415,
0.010130088776350021
],
"r_ring_pip": [
0.022886861115694046,
-0.018963998183608055,
0.0026461526285856962
],
"r_ring_dip": [
0.04859510809183121,
-0.01768982782959938,
-0.009057712741196156
],
"r_ring_tip": [
0.06349220126867294,
-0.005314222536981106,
-0.01606857404112816
],
"r_pinky_mcp": [
0.014584112912416458,
0.007841506972908974,
0.016832955181598663
],
"r_pinky_pip": [
0.024900346994400024,
-0.005933122709393501,
0.014402339234948158
],
"r_pinky_dip": [
0.04457124322652817,
-0.005181840155273676,
0.0016027585370466113
],
"r_pinky_tip": [
0.05629277229309082,
0.001135888509452343,
-0.0018460513092577457
]
}
],
"framerate": 30,
"mirrorable": true
}