{
"label": "o",
"gestures": [
{
"l_hand_position": null,
"l_wrist": null,
"l_thumb_cmc": null,
"l_thumb_mcp": null,
"l_thumb_ip": null,
"l_thumb_tip": null,
"l_index_mcp": null,
"l_index_pip": null,
"l_index_dip": null,
"l_index_tip": null,
"l_middle_mcp": null,
"l_middle_pip": null,
"l_middle_dip": null,
"l_middle_tip": null,
"l_ring_mcp": null,
"l_ring_pip": null,
"l_ring_dip": null,
"l_ring_tip": null,
"l_pinky_mcp": null,
"l_pinky_pip": null,
"l_pinky_dip": null,
"l_pinky_tip": null,
"r_hand_position": null,
"r_wrist": [
-0.026550373062491417,
0.07643052190542221,
-0.013611595146358013
],
"r_thumb_cmc": [
0.002853725105524063,
0.06924065202474594,
0.0004495711182244122
],
"r_thumb_mcp": [
0.033049341291189194,
0.05183602124452591,
0.012587525881826878
],
"r_thumb_ip": [
0.05293203890323639,
0.031640537083148956,
0.030191028490662575
],
"r_thumb_tip": [
0.06042571738362312,
0.006714999675750732,
0.03374803811311722
],
"r_index_mcp": [
0.017388906329870224,
0.0044892579317092896,
0.020806249231100082
],
"r_index_pip": [
0.02887088432908058,
-0.01722673699259758,
0.015199486166238785
],
"r_index_dip": [
0.04215487837791443,
-0.02165735512971878,
0.009994071908295155
],
"r_index_tip": [
0.05621415004134178,
-0.012325147166848183,
-0.006082447245717049
],
"r_middle_mcp": [
-0.0007951650768518448,
-0.005656851455569267,
0.008728628046810627
],
"r_middle_pip": [
0.02178826555609703,
-0.03447630628943443,
0.0002740005438681692
],
"r_middle_dip": [
0.03908776864409447,
-0.032862186431884766,
-0.012185808271169662
],
"r_middle_tip": [
0.05409877374768257,
-0.014744458720088005,
-0.01979612559080124
],
"r_ring_mcp": [
-0.010355335660278797,
-0.006370309740304947,
-0.01274667214602232
],
"r_ring_pip": [
0.010414485819637775,
-0.032685838639736176,
-0.019991930574178696
],
"r_ring_dip": [
0.03272435814142227,
-0.03114359825849533,
-0.027418779209256172
],
"r_ring_tip": [
0.05016321316361427,
-0.01240910030901432,
-0.032316334545612335
],
"r_pinky_mcp": [
-0.021679464727640152,
0.0018328335136175156,
-0.029444588348269463
],
"r_pinky_pip": [
-0.004641599487513304,
-0.017714502289891243,
-0.03370775282382965
],
"r_pinky_dip": [
0.02162707969546318,
-0.02650812268257141,
-0.04289392754435539
],
"r_pinky_tip": [
0.03870944306254387,
-0.012609865516424179,
-0.04596983268857002
]
}
],
"framerate": 30,
"mirrorable": true
}