{
"label": "o",
"gestures": [
{
"l_hand_position": null,
"l_wrist": null,
"l_thumb_cmc": null,
"l_thumb_mcp": null,
"l_thumb_ip": null,
"l_thumb_tip": null,
"l_index_mcp": null,
"l_index_pip": null,
"l_index_dip": null,
"l_index_tip": null,
"l_middle_mcp": null,
"l_middle_pip": null,
"l_middle_dip": null,
"l_middle_tip": null,
"l_ring_mcp": null,
"l_ring_pip": null,
"l_ring_dip": null,
"l_ring_tip": null,
"l_pinky_mcp": null,
"l_pinky_pip": null,
"l_pinky_dip": null,
"l_pinky_tip": null,
"r_hand_position": null,
"r_wrist": [
-0.005737375468015671,
0.08458305895328522,
-0.016534654423594475
],
"r_thumb_cmc": [
0.01582924649119377,
0.06950117647647858,
0.006619466934353113
],
"r_thumb_mcp": [
0.0404680036008358,
0.04876922070980072,
0.018601499497890472
],
"r_thumb_ip": [
0.05787951499223709,
0.0273476280272007,
0.03825022652745247
],
"r_thumb_tip": [
0.0629771500825882,
0.0050898026674985886,
0.05013514310121536
],
"r_index_mcp": [
0.005571485031396151,
0.0027904375456273556,
0.027147658169269562
],
"r_index_pip": [
0.024865737184882164,
-0.019976869225502014,
0.02711348794400692
],
"r_index_dip": [
0.04120733588933945,
-0.023774340748786926,
0.02627032995223999
],
"r_index_tip": [
0.058553874492645264,
-0.008993446826934814,
0.021855883300304413
],
"r_middle_mcp": [
-0.0051481532864272594,
-0.004929122980684042,
0.006579800508916378
],
"r_middle_pip": [
0.020807713270187378,
-0.03159187361598015,
0.0051523311994969845
],
"r_middle_dip": [
0.04502395540475845,
-0.02811591327190399,
0.004191276151686907
],
"r_middle_tip": [
0.06279835104942322,
-0.012356281280517578,
0.007196689955890179
],
"r_ring_mcp": [
-0.0027343707624822855,
-0.0028082579374313354,
-0.015999367460608482
],
"r_ring_pip": [
0.019458528608083725,
-0.028902485966682434,
-0.018984612077474594
],
"r_ring_dip": [
0.04356527328491211,
-0.0283010583370924,
-0.01610497385263443
],
"r_ring_tip": [
0.06256254017353058,
-0.01338462345302105,
-0.013184293173253536
],
"r_pinky_mcp": [
-0.00243388582020998,
0.0064908768981695175,
-0.038186803460121155
],
"r_pinky_pip": [
0.014993099495768547,
-0.012999575585126877,
-0.03653786703944206
],
"r_pinky_dip": [
0.04032221436500549,
-0.017850670963525772,
-0.03636455535888672
],
"r_pinky_tip": [
0.056995879858732224,
-0.005912482738494873,
-0.03242519125342369
]
}
],
"framerate": 30,
"mirrorable": true
}