{
"label": "o",
"gestures": [
{
"l_hand_position": null,
"l_wrist": null,
"l_thumb_cmc": null,
"l_thumb_mcp": null,
"l_thumb_ip": null,
"l_thumb_tip": null,
"l_index_mcp": null,
"l_index_pip": null,
"l_index_dip": null,
"l_index_tip": null,
"l_middle_mcp": null,
"l_middle_pip": null,
"l_middle_dip": null,
"l_middle_tip": null,
"l_ring_mcp": null,
"l_ring_pip": null,
"l_ring_dip": null,
"l_ring_tip": null,
"l_pinky_mcp": null,
"l_pinky_pip": null,
"l_pinky_dip": null,
"l_pinky_tip": null,
"r_hand_position": null,
"r_wrist": [
0.04313082620501518,
0.08034823834896088,
-0.014063901267945766
],
"r_thumb_cmc": [
0.013216167688369751,
0.07172946631908417,
0.008426183834671974
],
"r_thumb_mcp": [
-0.00965927541255951,
0.05966775864362717,
0.027937626466155052
],
"r_thumb_ip": [
-0.034442830830812454,
0.049262650310993195,
0.05151902139186859
],
"r_thumb_tip": [
-0.05306962504982948,
0.03434804454445839,
0.07848236709833145
],
"r_index_mcp": [
-0.00729282246902585,
0.003890666179358959,
0.029480142518877983
],
"r_index_pip": [
-0.028876066207885742,
-0.007422286551445723,
0.02610866352915764
],
"r_index_dip": [
-0.05065438523888588,
-0.0010555526241660118,
0.01989804394543171
],
"r_index_tip": [
-0.06125548109412193,
0.027633484452962875,
0.0018475577235221863
],
"r_middle_mcp": [
-0.0003523057675920427,
-0.003442824585363269,
0.0076214903965592384
],
"r_middle_pip": [
-0.033331312239170074,
-0.01719965785741806,
0.0024375813081860542
],
"r_middle_dip": [
-0.055977918207645416,
0.0009451359510421753,
-0.00423754146322608
],
"r_middle_tip": [
-0.060958459973335266,
0.018935391679406166,
-0.005468356888741255
],
"r_ring_mcp": [
0.003097949782386422,
-0.003661517519503832,
-0.02044740319252014
],
"r_ring_pip": [
-0.02587774023413658,
-0.012013355270028114,
-0.023565851151943207
],
"r_ring_dip": [
-0.05154162272810936,
0.004977487958967686,
-0.02442135661840439
],
"r_ring_tip": [
-0.05993156507611275,
0.026880940422415733,
-0.020269889384508133
],
"r_pinky_mcp": [
0.0035253833048045635,
0.01135545689612627,
-0.04105738177895546
],
"r_pinky_pip": [
-0.01767146773636341,
0.0010783569887280464,
-0.04056325927376747
],
"r_pinky_dip": [
-0.04578407481312752,
0.005862346850335598,
-0.04254612699151039
],
"r_pinky_tip": [
-0.05510013550519943,
0.02565522864460945,
-0.03543985262513161
]
}
],
"framerate": 30,
"mirrorable": true
}