{
"label": "o",
"gestures": [
{
"l_hand_position": null,
"l_wrist": null,
"l_thumb_cmc": null,
"l_thumb_mcp": null,
"l_thumb_ip": null,
"l_thumb_tip": null,
"l_index_mcp": null,
"l_index_pip": null,
"l_index_dip": null,
"l_index_tip": null,
"l_middle_mcp": null,
"l_middle_pip": null,
"l_middle_dip": null,
"l_middle_tip": null,
"l_ring_mcp": null,
"l_ring_pip": null,
"l_ring_dip": null,
"l_ring_tip": null,
"l_pinky_mcp": null,
"l_pinky_pip": null,
"l_pinky_dip": null,
"l_pinky_tip": null,
"r_hand_position": null,
"r_wrist": [
0.0005477201193571091,
0.0875893384218216,
-0.013361337594687939
],
"r_thumb_cmc": [
-0.022666355594992638,
0.0645771324634552,
0.006008669268339872
],
"r_thumb_mcp": [
-0.03855951130390167,
0.04085788130760193,
0.01961364597082138
],
"r_thumb_ip": [
-0.05538587644696236,
0.017776276916265488,
0.037519682198762894
],
"r_thumb_tip": [
-0.05899511277675629,
-0.009659762494266033,
0.05547517165541649
],
"r_index_mcp": [
-0.013698531314730644,
0.0005732709541916847,
0.02528264932334423
],
"r_index_pip": [
-0.021556109189987183,
-0.025681141763925552,
0.020896514877676964
],
"r_index_dip": [
-0.03840048611164093,
-0.03245842829346657,
0.013474144972860813
],
"r_index_tip": [
-0.05648067221045494,
-0.018961243331432343,
-0.004444024991244078
],
"r_middle_mcp": [
-0.001040264149196446,
-0.0018876896938309073,
0.007871597073972225
],
"r_middle_pip": [
-0.013617176562547684,
-0.03692150115966797,
-0.0004455439338926226
],
"r_middle_dip": [
-0.038507651537656784,
-0.036532655358314514,
-0.014246363192796707
],
"r_middle_tip": [
-0.053040944039821625,
-0.023030370473861694,
-0.022022390738129616
],
"r_ring_mcp": [
0.009777791798114777,
-0.003047979436814785,
-0.016650812700390816
],
"r_ring_pip": [
-0.003738277591764927,
-0.028187725692987442,
-0.022200731560587883
],
"r_ring_dip": [
-0.029673021286725998,
-0.030702579766511917,
-0.030247706919908524
],
"r_ring_tip": [
-0.048319295048713684,
-0.018046477809548378,
-0.03497891500592232
],
"r_pinky_mcp": [
0.009678080677986145,
0.006691423710435629,
-0.03570942208170891
],
"r_pinky_pip": [
0.0006899968720972538,
-0.01125616766512394,
-0.03622230887413025
],
"r_pinky_dip": [
-0.022239360958337784,
-0.0248100608587265,
-0.04334286227822304
],
"r_pinky_tip": [
-0.04136393964290619,
-0.017424385994672775,
-0.04927773401141167
]
}
],
"framerate": 30,
"mirrorable": true
}