{
"label": "o",
"gestures": [
{
"l_hand_position": null,
"l_wrist": null,
"l_thumb_cmc": null,
"l_thumb_mcp": null,
"l_thumb_ip": null,
"l_thumb_tip": null,
"l_index_mcp": null,
"l_index_pip": null,
"l_index_dip": null,
"l_index_tip": null,
"l_middle_mcp": null,
"l_middle_pip": null,
"l_middle_dip": null,
"l_middle_tip": null,
"l_ring_mcp": null,
"l_ring_pip": null,
"l_ring_dip": null,
"l_ring_tip": null,
"l_pinky_mcp": null,
"l_pinky_pip": null,
"l_pinky_dip": null,
"l_pinky_tip": null,
"r_hand_position": null,
"r_wrist": [
-0.033717185258865356,
0.09118504822254181,
-0.017421772703528404
],
"r_thumb_cmc": [
-0.01854938082396984,
0.07334157079458237,
-0.030022187158465385
],
"r_thumb_mcp": [
0.016362812370061874,
0.05415327847003937,
-0.02817627787590027
],
"r_thumb_ip": [
0.046194374561309814,
0.031810462474823,
-0.024744942784309387
],
"r_thumb_tip": [
0.05572818964719772,
0.007079901173710823,
-0.01942772977054119
],
"r_index_mcp": [
-0.0011792981531471014,
-0.006723396014422178,
-0.00565662607550621
],
"r_index_pip": [
0.0224196407943964,
-0.019950056448578835,
-0.00851655937731266
],
"r_index_dip": [
0.04409415274858475,
-0.02083025686442852,
-0.010212091729044914
],
"r_index_tip": [
0.05828219652175903,
-0.007973069325089455,
-0.01226287242025137
],
"r_middle_mcp": [
-0.003975253086537123,
-0.006703860126435757,
0.004133888054639101
],
"r_middle_pip": [
0.02922675386071205,
-0.02726683020591736,
-0.0033178883604705334
],
"r_middle_dip": [
0.0504223108291626,
-0.015953723341226578,
-0.010296954773366451
],
"r_middle_tip": [
0.061606861650943756,
-0.008337225764989853,
-0.018938330933451653
],
"r_ring_mcp": [
0.0030104692559689283,
0.002876559505239129,
0.003935512620955706
],
"r_ring_pip": [
0.029627498239278793,
-0.014118744060397148,
-0.0030520278960466385
],
"r_ring_dip": [
0.049017198383808136,
-0.0018015392124652863,
-0.014193383976817131
],
"r_ring_tip": [
0.054965924471616745,
0.008497288450598717,
-0.031172040849924088
],
"r_pinky_mcp": [
0.0018370458856225014,
0.018129432573914528,
0.0054371110163629055
],
"r_pinky_pip": [
0.020943976938724518,
0.005557122640311718,
-0.0026501736138015985
],
"r_pinky_dip": [
0.03470326215028763,
0.010651098564267159,
-0.019102761521935463
],
"r_pinky_tip": [
0.042402222752571106,
0.018106142058968544,
-0.033294424414634705
]
}
],
"framerate": 30,
"mirrorable": true
}