{
"label": "o",
"gestures": [
{
"l_hand_position": null,
"l_wrist": null,
"l_thumb_cmc": null,
"l_thumb_mcp": null,
"l_thumb_ip": null,
"l_thumb_tip": null,
"l_index_mcp": null,
"l_index_pip": null,
"l_index_dip": null,
"l_index_tip": null,
"l_middle_mcp": null,
"l_middle_pip": null,
"l_middle_dip": null,
"l_middle_tip": null,
"l_ring_mcp": null,
"l_ring_pip": null,
"l_ring_dip": null,
"l_ring_tip": null,
"l_pinky_mcp": null,
"l_pinky_pip": null,
"l_pinky_dip": null,
"l_pinky_tip": null,
"r_hand_position": null,
"r_wrist": [
0.06557293981313705,
0.056827206164598465,
-0.024737950414419174
],
"r_thumb_cmc": [
0.041908007115125656,
0.06387799978256226,
-0.005379153415560722
],
"r_thumb_mcp": [
0.01798025518655777,
0.05804605036973953,
0.01213028933852911
],
"r_thumb_ip": [
-0.009329074993729591,
0.05935940146446228,
0.03437367081642151
],
"r_thumb_tip": [
-0.03355488181114197,
0.05886200815439224,
0.06457461416721344
],
"r_index_mcp": [
-0.0022995283361524343,
0.00884217955172062,
0.02340312860906124
],
"r_index_pip": [
-0.024597961455583572,
-0.0040629273280501366,
0.02182566002011299
],
"r_index_dip": [
-0.04212113469839096,
0.0030266735702753067,
0.015954576432704926
],
"r_index_tip": [
-0.049129240214824677,
0.02859335206449032,
-0.005535254720598459
],
"r_middle_mcp": [
-0.0017206355696544051,
-0.0019610226154327393,
0.008969882503151894
],
"r_middle_pip": [
-0.03140708804130554,
-0.016097385436296463,
0.003911327105015516
],
"r_middle_dip": [
-0.04834119975566864,
0.002007570117712021,
-0.009774651378393173
],
"r_middle_tip": [
-0.055018067359924316,
0.024833910167217255,
-0.02504531294107437
],
"r_ring_mcp": [
-0.0011307441163808107,
-0.007236868143081665,
-0.015822596848011017
],
"r_ring_pip": [
-0.024781381711363792,
-0.01503404974937439,
-0.021018346771597862
],
"r_ring_dip": [
-0.045486073940992355,
0.0035857167094945908,
-0.0311086755245924
],
"r_ring_tip": [
-0.055814869701862335,
0.028047654777765274,
-0.03418852016329765
],
"r_pinky_mcp": [
0.004543052986264229,
0.0010388536611571908,
-0.03474634140729904
],
"r_pinky_pip": [
-0.014934630133211613,
-0.006820483133196831,
-0.035093288868665695
],
"r_pinky_dip": [
-0.04293098300695419,
0.002719700336456299,
-0.04260868579149246
],
"r_pinky_tip": [
-0.052036821842193604,
0.02432619035243988,
-0.04443415254354477
]
}
],
"framerate": 30,
"mirrorable": true
}