{
"label": "o",
"gestures": [
{
"l_hand_position": null,
"l_wrist": null,
"l_thumb_cmc": null,
"l_thumb_mcp": null,
"l_thumb_ip": null,
"l_thumb_tip": null,
"l_index_mcp": null,
"l_index_pip": null,
"l_index_dip": null,
"l_index_tip": null,
"l_middle_mcp": null,
"l_middle_pip": null,
"l_middle_dip": null,
"l_middle_tip": null,
"l_ring_mcp": null,
"l_ring_pip": null,
"l_ring_dip": null,
"l_ring_tip": null,
"l_pinky_mcp": null,
"l_pinky_pip": null,
"l_pinky_dip": null,
"l_pinky_tip": null,
"r_hand_position": null,
"r_wrist": [
0.004753287881612778,
0.08492237329483032,
-0.019571851938962936
],
"r_thumb_cmc": [
-0.019041812047362328,
0.06733372807502747,
-1.6465122826048173e-05
],
"r_thumb_mcp": [
-0.03704100847244263,
0.047561850398778915,
0.017987508326768875
],
"r_thumb_ip": [
-0.05444904416799545,
0.026372022926807404,
0.0376981720328331
],
"r_thumb_tip": [
-0.057918813079595566,
0.0032512610778212547,
0.06014639884233475
],
"r_index_mcp": [
-0.013333489187061787,
0.005073724780231714,
0.0258384570479393
],
"r_index_pip": [
-0.02220088802278042,
-0.019604066386818886,
0.020295538008213043
],
"r_index_dip": [
-0.041512489318847656,
-0.02348964661359787,
0.010173692367970943
],
"r_index_tip": [
-0.05853154882788658,
-0.003967749886214733,
-0.007207646034657955
],
"r_middle_mcp": [
-0.0006208153208717704,
-0.002278269501402974,
0.008334698155522346
],
"r_middle_pip": [
-0.014355946332216263,
-0.03429361432790756,
-0.0010743006132543087
],
"r_middle_dip": [
-0.04044659808278084,
-0.028411496430635452,
-0.016519304364919662
],
"r_middle_tip": [
-0.05276429280638695,
-0.01449552457779646,
-0.02054198645055294
],
"r_ring_mcp": [
0.00796479545533657,
-0.005215754732489586,
-0.017346009612083435
],
"r_ring_pip": [
-0.005636659916490316,
-0.030431296676397324,
-0.02419321984052658
],
"r_ring_dip": [
-0.0328870564699173,
-0.028545090928673744,
-0.03533503785729408
],
"r_ring_tip": [
-0.05003848671913147,
-0.013329360634088516,
-0.038388900458812714
],
"r_pinky_mcp": [
0.008023060858249664,
0.004061419516801834,
-0.03733226656913757
],
"r_pinky_pip": [
-0.0005006969440728426,
-0.016548126935958862,
-0.03951315954327583
],
"r_pinky_dip": [
-0.027196872979402542,
-0.027277100831270218,
-0.047375839203596115
],
"r_pinky_tip": [
-0.04541618376970291,
-0.015523334965109825,
-0.04820619523525238
]
}
],
"framerate": 30,
"mirrorable": true
}