{
"label": "0",
"gestures": [
{
"l_hand_position": null,
"l_wrist": [
-0.005882063880562782,
0.09480550885200581,
0.007315015420317694
],
"l_thumb_cmc": [
-0.02856551855802536,
0.06665847450494809,
-0.0018636089516803614
],
"l_thumb_mcp": [
-0.04532994329929352,
0.04176057875156455,
-0.006251216400414836
],
"l_thumb_ip": [
-0.05440235882997513,
0.01391351968050013,
-0.012567136436700913
],
"l_thumb_tip": [
-0.034805815666913986,
0.002182025462389004,
-0.020444517955184188
],
"l_index_mcp": [
-0.029139814898371696,
-0.004576181061565911,
0.002217398723587416
],
"l_index_pip": [
-0.022977188229560852,
-0.03236208111047777,
-0.0035435662139207463
],
"l_index_dip": [
-0.01880192942917347,
-0.03889006376266541,
-0.0200704094022515
],
"l_index_tip": [
-0.02562769129872322,
-0.024576967582106778,
-0.049899786710739774
],
"l_middle_mcp": [
-0.005430387333035469,
-0.006175289861857965,
0.0054921316914261185
],
"l_middle_pip": [
0.006246182136237621,
-0.040843289345503304,
-0.012217698618769812
],
"l_middle_dip": [
0.0003082621842622757,
-0.03921636193990751,
-0.03953185304999387
],
"l_middle_tip": [
-0.006239913869649172,
-0.02346690744161641,
-0.055988397449255684
],
"l_ring_mcp": [
0.021078649908304214,
1.1539086699469414e-06,
-0.0013748828787356756
],
"l_ring_pip": [
0.023663049563765526,
-0.029454723000526577,
-0.017411341890692832
],
"l_ring_dip": [
0.018598444759845734,
-0.028886485844850898,
-0.038457222282886984
],
"l_ring_tip": [
0.011812793090939522,
-0.016034463420510504,
-0.05754716321826053
],
"l_pinky_mcp": [
0.030313659459352493,
0.016390398144722162,
-0.006401614751666868
],
"l_pinky_pip": [
0.0467563159763813,
-0.008817845955491191,
-0.00694077741354712
],
"l_pinky_dip": [
0.05245399475097656,
-0.03271424025297192,
-0.01459594350308194
],
"l_pinky_tip": [
0.0561944842338562,
-0.04860223829746295,
-0.033424343913793925
],
"r_hand_position": null,
"r_wrist": null,
"r_thumb_cmc": null,
"r_thumb_mcp": null,
"r_thumb_ip": null,
"r_thumb_tip": null,
"r_index_mcp": null,
"r_index_pip": null,
"r_index_dip": null,
"r_index_tip": null,
"r_middle_mcp": null,
"r_middle_pip": null,
"r_middle_dip": null,
"r_middle_tip": null,
"r_ring_mcp": null,
"r_ring_pip": null,
"r_ring_dip": null,
"r_ring_tip": null,
"r_pinky_mcp": null,
"r_pinky_pip": null,
"r_pinky_dip": null,
"r_pinky_tip": null
}
],
"framerate": 30,
"mirrorable": true
}