{
"label": "a",
"gestures": [
{
"l_hand_position": null,
"l_wrist": null,
"l_thumb_cmc": null,
"l_thumb_mcp": null,
"l_thumb_ip": null,
"l_thumb_tip": null,
"l_index_mcp": null,
"l_index_pip": null,
"l_index_dip": null,
"l_index_tip": null,
"l_middle_mcp": null,
"l_middle_pip": null,
"l_middle_dip": null,
"l_middle_tip": null,
"l_ring_mcp": null,
"l_ring_pip": null,
"l_ring_dip": null,
"l_ring_tip": null,
"l_pinky_mcp": null,
"l_pinky_pip": null,
"l_pinky_dip": null,
"l_pinky_tip": null,
"r_hand_position": [
-0.18641960620880127,
-0.007776439189910889,
-0.49831521848682314
],
"r_wrist": [
-0.1883444190933555,
0.9820593813723361,
-0.009260197350537663
],
"r_thumb_cmc": [
0.16728738997847772,
0.8603490028009328,
-0.07546179120585272
],
"r_thumb_mcp": [
0.447879646085564,
0.5655866351992199,
-0.08223774246494742
],
"r_thumb_ip": [
0.6363713377512461,
0.3269899967548235,
-0.10078295205900847
],
"r_thumb_tip": [
0.7954514353230971,
0.18849775293951523,
-0.11423344086551167
],
"r_index_mcp": [
0.18298739975225578,
0.011675487766720252,
0.01726005124379883
],
"r_index_pip": [
0.1917633051717247,
-0.43923151887122824,
-0.05803812716302431
],
"r_index_dip": [
0.24380163448503012,
-0.31977249398334334,
-0.11978870072005589
],
"r_index_tip": [
0.2364837111497723,
-0.09886101440221601,
-0.14453644151971945
],
"r_middle_mcp": [
0.0,
0.0,
0.0
],
"r_middle_pip": [
-0.015471155732020419,
-0.48995143921669865,
-0.06826974680833602
],
"r_middle_dip": [
0.06695512421690217,
-0.338608475783869,
-0.12647668159946276
],
"r_middle_tip": [
0.07529576464785999,
-0.10242455196152436,
-0.15330173970998023
],
"r_ring_mcp": [
-0.18371622697614964,
0.049219836980850085,
-0.036605882672865034
],
"r_ring_pip": [
-0.18527430198771502,
-0.3758681089460484,
-0.11783531188635996
],
"r_ring_dip": [
-0.09540035467986098,
-0.24389353650179893,
-0.14249351579468625
],
"r_ring_tip": [
-0.08525296319196335,
-0.02507761948485456,
-0.1379373832133559
],
"r_pinky_mcp": [
-0.37204868734005037,
0.14563930475575346,
-0.0823524459290585
],
"r_pinky_pip": [
-0.3719725118716056,
-0.21194079430793628,
-0.1484100050446873
],
"r_pinky_dip": [
-0.28531153115000246,
-0.14248465745287106,
-0.15772272226665054
],
"r_pinky_tip": [
-0.24652150825403654,
0.018276378789327283,
-0.14777598761082011
],
"l_hand_velocity": null,
"r_hand_velocity": null,
"m_nose_point": null,
"m_top_nose": null,
"m_eyebrows": null,
"m_forehead": null,
"m_top_chin": null,
"m_bot_up_lip": null,
"m_top_low_lip": null,
"m_bot_nose": null,
"m_chin": null,
"m_nose": null,
"l_eye_exterior": null,
"l_temple": null,
"l_mid_chin": null,
"l_up_lip": null,
"l_ext_nostril": null,
"l_mid_cheek": null,
"l_mid_eyebrow": null,
"l_ext_eyebrow": null,
"l_ext_lips": null,
"l_jaw_angle": null,
"l_mid_ext_face": null,
"l_int_eyebrow": null,
"l_mid_jaw": null,
"l_mid_bot_eyelid": null,
"l_ext_mouth": null,
"l_top_eyelid": null,
"l_eye_int": null,
"l_pupil": null,
"r_eye_exterior": null,
"r_temple": null,
"r_mid_chin": null,
"r_up_lip": null,
"r_ext_nostril": null,
"r_mid_cheek": null,
"r_mid_eyebrow": null,
"r_ext_eyebrow": null,
"r_ext_lips": null,
"r_jaw_angle": null,
"r_mid_ext_face": null,
"r_int_eyebrow": null,
"r_mid_jaw": null,
"r_mid_bot_eyelid": null,
"r_ext_mouth": null,
"r_top_eyelid": null,
"r_eye_int": null,
"r_pupil": null,
"l_shoulder": null,
"l_elbow": null,
"l_hip": null,
"l_knee": null,
"l_ankle": null,
"l_body_wrist": null,
"r_shoulder": null,
"r_elbow": null,
"r_hip": null,
"r_knee": null,
"r_ankle": null,
"r_body_wrist": null,
"m_face_position": null,
"m_body_position": null,
"m_face_scale": null,
"m_body_scale": null,
"l_hand_scale": null,
"r_hand_scale": [
0.1819231334341156,
0.1819231334341156,
0.1819231334341156
]
}
],
"framerate": 30,
"mirrorable": true,
"invalid": false
}