{
"label": "a",
"gestures": [
{
"l_hand_position": null,
"l_wrist": null,
"l_thumb_cmc": null,
"l_thumb_mcp": null,
"l_thumb_ip": null,
"l_thumb_tip": null,
"l_index_mcp": null,
"l_index_pip": null,
"l_index_dip": null,
"l_index_tip": null,
"l_middle_mcp": null,
"l_middle_pip": null,
"l_middle_dip": null,
"l_middle_tip": null,
"l_ring_mcp": null,
"l_ring_pip": null,
"l_ring_dip": null,
"l_ring_tip": null,
"l_pinky_mcp": null,
"l_pinky_pip": null,
"l_pinky_dip": null,
"l_pinky_tip": null,
"r_hand_position": [
-0.11689960956573486,
-0.14442956447601318,
-0.5141601236537099
],
"r_wrist": [
-0.23327456568600524,
0.9703708252231316,
0.06295584611284534
],
"r_thumb_cmc": [
0.07797822874006897,
0.7953922432686742,
-0.04025391614553069
],
"r_thumb_mcp": [
0.37043375307691806,
0.42377088273530295,
-0.07910233089849264
],
"r_thumb_ip": [
0.5896235831818106,
0.1587365957877693,
-0.12127988574920995
],
"r_thumb_tip": [
0.7596725938086007,
-0.05528092095439825,
-0.14970457061355066
],
"r_index_mcp": [
0.1996165010094814,
0.037075930830625034,
0.018979831776003486
],
"r_index_pip": [
0.22297618184823803,
-0.057078298522934105,
-0.16284419233368502
],
"r_index_dip": [
0.15782273562631025,
0.26342148342639704,
-0.2735233805387686
],
"r_index_tip": [
0.12518426699769522,
0.47668864637788133,
-0.3189750047130487
],
"r_middle_mcp": [
0.0,
0.0,
0.0
],
"r_middle_pip": [
0.04274260583789174,
-0.0698054277223867,
-0.20724271424165275
],
"r_middle_dip": [
0.012532485067629578,
0.3091872346091995,
-0.2833415472255763
],
"r_middle_tip": [
-0.009585660362562318,
0.5692627999846811,
-0.28868008323184935
],
"r_ring_mcp": [
-0.20021898356046794,
0.03173640106602069,
-0.045429318440402204
],
"r_ring_pip": [
-0.15516158331621266,
0.005230481350383549,
-0.25786370362894173
],
"r_ring_dip": [
-0.16484052446080588,
0.3951923806439166,
-0.2544895297161398
],
"r_ring_tip": [
-0.17110451447573638,
0.6564407133514374,
-0.1944247389680809
],
"r_pinky_mcp": [
-0.3974055466982664,
0.10331933119031735,
-0.09856149372427692
],
"r_pinky_pip": [
-0.3492183377148747,
0.10045704219396559,
-0.2536017391482384
],
"r_pinky_dip": [
-0.32875698617461807,
0.38326158312060854,
-0.249634556513875
],
"r_pinky_tip": [
-0.3036035052973182,
0.5911657636108699,
-0.20364582252416874
],
"l_hand_velocity": null,
"r_hand_velocity": null,
"m_nose_point": null,
"m_top_nose": null,
"m_eyebrows": null,
"m_forehead": null,
"m_top_chin": null,
"m_bot_up_lip": null,
"m_top_low_lip": null,
"m_bot_nose": null,
"m_chin": null,
"m_nose": null,
"l_eye_exterior": null,
"l_temple": null,
"l_mid_chin": null,
"l_up_lip": null,
"l_ext_nostril": null,
"l_mid_cheek": null,
"l_mid_eyebrow": null,
"l_ext_eyebrow": null,
"l_ext_lips": null,
"l_jaw_angle": null,
"l_mid_ext_face": null,
"l_int_eyebrow": null,
"l_mid_jaw": null,
"l_mid_bot_eyelid": null,
"l_ext_mouth": null,
"l_top_eyelid": null,
"l_eye_int": null,
"l_pupil": null,
"r_eye_exterior": null,
"r_temple": null,
"r_mid_chin": null,
"r_up_lip": null,
"r_ext_nostril": null,
"r_mid_cheek": null,
"r_mid_eyebrow": null,
"r_ext_eyebrow": null,
"r_ext_lips": null,
"r_jaw_angle": null,
"r_mid_ext_face": null,
"r_int_eyebrow": null,
"r_mid_jaw": null,
"r_mid_bot_eyelid": null,
"r_ext_mouth": null,
"r_top_eyelid": null,
"r_eye_int": null,
"r_pupil": null,
"l_shoulder": null,
"l_elbow": null,
"l_hip": null,
"l_knee": null,
"l_ankle": null,
"l_body_wrist": null,
"r_shoulder": null,
"r_elbow": null,
"r_hip": null,
"r_knee": null,
"r_ankle": null,
"r_body_wrist": null,
"m_face_position": null,
"m_body_position": null,
"m_face_scale": null,
"m_body_scale": null,
"l_hand_scale": null,
"r_hand_scale": [
0.22492130216046063,
0.22492130216046063,
0.22492130216046063
]
}
],
"framerate": 30,
"mirrorable": true,
"invalid": false
}