{
"label": "a",
"gestures": [
{
"l_hand_position": null,
"l_wrist": null,
"l_thumb_cmc": null,
"l_thumb_mcp": null,
"l_thumb_ip": null,
"l_thumb_tip": null,
"l_index_mcp": null,
"l_index_pip": null,
"l_index_dip": null,
"l_index_tip": null,
"l_middle_mcp": null,
"l_middle_pip": null,
"l_middle_dip": null,
"l_middle_tip": null,
"l_ring_mcp": null,
"l_ring_pip": null,
"l_ring_dip": null,
"l_ring_tip": null,
"l_pinky_mcp": null,
"l_pinky_pip": null,
"l_pinky_dip": null,
"l_pinky_tip": null,
"r_hand_position": [
-0.31944647431373596,
0.015370428562164307,
-0.5143902497366071
],
"r_wrist": [
-0.13098298513906279,
0.9848618955273579,
0.11353635691847581
],
"r_thumb_cmc": [
0.21703668850157498,
0.7759883210020262,
0.017337064781926263
],
"r_thumb_mcp": [
0.5525078361223037,
0.440297673521092,
-0.026850765689253635
],
"r_thumb_ip": [
0.7711691998076919,
0.13461513761961322,
-0.07320860416846842
],
"r_thumb_tip": [
0.7551020922043714,
-0.16020574103229826,
-0.10459260188959602
],
"r_index_mcp": [
0.23608685446214955,
-0.035978695886190445,
0.02544498048052276
],
"r_index_pip": [
0.26401306806382324,
-0.29119860190154706,
-0.15995246235388966
],
"r_index_dip": [
0.2926596221279923,
0.04506013520151504,
-0.28124523995259093
],
"r_index_tip": [
0.314246087223121,
0.31560106091828327,
-0.33709913675864456
],
"r_middle_mcp": [
0.0,
0.0,
0.0
],
"r_middle_pip": [
0.03704515717806178,
-0.2391492713655411,
-0.2251298420409872
],
"r_middle_dip": [
0.11628872159981254,
0.20516453243119032,
-0.31246933020325146
],
"r_middle_tip": [
0.1463743106339414,
0.5086772293289454,
-0.3336146499580181
],
"r_ring_mcp": [
-0.21271770250023167,
0.0900661890234401,
-0.04579801537230952
],
"r_ring_pip": [
-0.18187027142318293,
-0.1218437022612202,
-0.25166748682963375
],
"r_ring_dip": [
-0.07084778294505406,
0.2692707187057024,
-0.2506837641701243
],
"r_ring_tip": [
-0.022882889818473966,
0.5422965662464143,
-0.20370094774802264
],
"r_pinky_mcp": [
-0.40827879273483747,
0.20954512417797966,
-0.09981896489902019
],
"r_pinky_pip": [
-0.37154189942043864,
0.045122211219827034,
-0.22826150662389724
],
"r_pinky_dip": [
-0.2727302810444309,
0.3031063811415312,
-0.2139933690853512
],
"r_pinky_tip": [
-0.21683435360097852,
0.5070261012964197,
-0.17573772955020558
],
"l_hand_velocity": null,
"r_hand_velocity": null,
"m_nose_point": null,
"m_top_nose": null,
"m_eyebrows": null,
"m_forehead": null,
"m_top_chin": null,
"m_bot_up_lip": null,
"m_top_low_lip": null,
"m_bot_nose": null,
"m_chin": null,
"m_nose": null,
"l_eye_exterior": null,
"l_temple": null,
"l_mid_chin": null,
"l_up_lip": null,
"l_ext_nostril": null,
"l_mid_cheek": null,
"l_mid_eyebrow": null,
"l_ext_eyebrow": null,
"l_ext_lips": null,
"l_jaw_angle": null,
"l_mid_ext_face": null,
"l_int_eyebrow": null,
"l_mid_jaw": null,
"l_mid_bot_eyelid": null,
"l_ext_mouth": null,
"l_top_eyelid": null,
"l_eye_int": null,
"l_pupil": null,
"r_eye_exterior": null,
"r_temple": null,
"r_mid_chin": null,
"r_up_lip": null,
"r_ext_nostril": null,
"r_mid_cheek": null,
"r_mid_eyebrow": null,
"r_ext_eyebrow": null,
"r_ext_lips": null,
"r_jaw_angle": null,
"r_mid_ext_face": null,
"r_int_eyebrow": null,
"r_mid_jaw": null,
"r_mid_bot_eyelid": null,
"r_ext_mouth": null,
"r_top_eyelid": null,
"r_eye_int": null,
"r_pupil": null,
"l_shoulder": null,
"l_elbow": null,
"l_hip": null,
"l_knee": null,
"l_ankle": null,
"l_body_wrist": null,
"r_shoulder": null,
"r_elbow": null,
"r_hip": null,
"r_knee": null,
"r_ankle": null,
"r_body_wrist": null,
"m_face_position": null,
"m_body_position": null,
"m_face_scale": null,
"m_body_scale": null,
"l_hand_scale": null,
"r_hand_scale": [
0.12674480941751767,
0.12674480941751767,
0.12674480941751767
]
}
],
"framerate": 30,
"mirrorable": true,
"invalid": false
}