{
"label": "a",
"gestures": [
{
"l_hand_position": null,
"l_wrist": null,
"l_thumb_cmc": null,
"l_thumb_mcp": null,
"l_thumb_ip": null,
"l_thumb_tip": null,
"l_index_mcp": null,
"l_index_pip": null,
"l_index_dip": null,
"l_index_tip": null,
"l_middle_mcp": null,
"l_middle_pip": null,
"l_middle_dip": null,
"l_middle_tip": null,
"l_ring_mcp": null,
"l_ring_pip": null,
"l_ring_dip": null,
"l_ring_tip": null,
"l_pinky_mcp": null,
"l_pinky_pip": null,
"l_pinky_dip": null,
"l_pinky_tip": null,
"r_hand_position": [
-0.16104847192764282,
0.012465119361877441,
-0.5079789096489549
],
"r_wrist": [
-0.18087762381310213,
0.9819828257222675,
0.05470845629550259
],
"r_thumb_cmc": [
0.17857668076029473,
0.7415453114219086,
-0.039161275518754854
],
"r_thumb_mcp": [
0.4322928434189554,
0.2514374933885137,
-0.06821847227571377
],
"r_thumb_ip": [
0.5756722476033437,
-0.14978485364560506,
-0.10761650252271805
],
"r_thumb_tip": [
0.7482781241842441,
-0.3959418257705667,
-0.1316396583667917
],
"r_index_mcp": [
0.22003309461040105,
-0.014664731548993856,
0.024319780941971157
],
"r_index_pip": [
0.2932936092467276,
-0.24530995534397698,
-0.16110812825977694
],
"r_index_dip": [
0.2740827782220848,
0.09769730637433485,
-0.2715269829926164
],
"r_index_tip": [
0.26762665079664993,
0.36053039392651265,
-0.3191238853549301
],
"r_middle_mcp": [
0.0,
0.0,
0.0
],
"r_middle_pip": [
0.07842190181463998,
-0.2321432889388669,
-0.20890710389574468
],
"r_middle_dip": [
0.09364633878296239,
0.1863445092031338,
-0.27798637996412995
],
"r_middle_tip": [
0.0942520221940211,
0.4823066810898802,
-0.2859727060410023
],
"r_ring_mcp": [
-0.20393384971942602,
0.05951595596182572,
-0.05361692215035578
],
"r_ring_pip": [
-0.13623095037681202,
-0.1429878760414772,
-0.26266556801647534
],
"r_ring_dip": [
-0.08154677047925196,
0.26110186290356463,
-0.2529815556816241
],
"r_ring_tip": [
-0.06010529164249149,
0.5468957464858974,
-0.19559688398312153
],
"r_pinky_mcp": [
-0.4055234349005033,
0.1459529456414981,
-0.1156284357866512
],
"r_pinky_pip": [
-0.3402747385831306,
0.007766806709689517,
-0.2547457312243106
],
"r_pinky_dip": [
-0.2572971330012359,
0.2768949965429317,
-0.24589187707347626
],
"r_pinky_tip": [
-0.2073640122491263,
0.49183454705615,
-0.20829214825635373
],
"l_hand_velocity": null,
"r_hand_velocity": null,
"m_nose_point": null,
"m_top_nose": null,
"m_eyebrows": null,
"m_forehead": null,
"m_top_chin": null,
"m_bot_up_lip": null,
"m_top_low_lip": null,
"m_bot_nose": null,
"m_chin": null,
"m_nose": null,
"l_eye_exterior": null,
"l_temple": null,
"l_mid_chin": null,
"l_up_lip": null,
"l_ext_nostril": null,
"l_mid_cheek": null,
"l_mid_eyebrow": null,
"l_ext_eyebrow": null,
"l_ext_lips": null,
"l_jaw_angle": null,
"l_mid_ext_face": null,
"l_int_eyebrow": null,
"l_mid_jaw": null,
"l_mid_bot_eyelid": null,
"l_ext_mouth": null,
"l_top_eyelid": null,
"l_eye_int": null,
"l_pupil": null,
"r_eye_exterior": null,
"r_temple": null,
"r_mid_chin": null,
"r_up_lip": null,
"r_ext_nostril": null,
"r_mid_cheek": null,
"r_mid_eyebrow": null,
"r_ext_eyebrow": null,
"r_ext_lips": null,
"r_jaw_angle": null,
"r_mid_ext_face": null,
"r_int_eyebrow": null,
"r_mid_jaw": null,
"r_mid_bot_eyelid": null,
"r_ext_mouth": null,
"r_top_eyelid": null,
"r_eye_int": null,
"r_pupil": null,
"l_shoulder": null,
"l_elbow": null,
"l_hip": null,
"l_knee": null,
"l_ankle": null,
"l_body_wrist": null,
"r_shoulder": null,
"r_elbow": null,
"r_hip": null,
"r_knee": null,
"r_ankle": null,
"r_body_wrist": null,
"m_face_position": null,
"m_body_position": null,
"m_face_scale": null,
"m_body_scale": null,
"l_hand_scale": null,
"r_hand_scale": [
0.14584200581409923,
0.14584200581409923,
0.14584200581409923
]
}
],
"framerate": 30,
"mirrorable": true,
"invalid": false
}