{
"label": "a",
"gestures": [
{
"l_hand_position": null,
"l_wrist": null,
"l_thumb_cmc": null,
"l_thumb_mcp": null,
"l_thumb_ip": null,
"l_thumb_tip": null,
"l_index_mcp": null,
"l_index_pip": null,
"l_index_dip": null,
"l_index_tip": null,
"l_middle_mcp": null,
"l_middle_pip": null,
"l_middle_dip": null,
"l_middle_tip": null,
"l_ring_mcp": null,
"l_ring_pip": null,
"l_ring_dip": null,
"l_ring_tip": null,
"l_pinky_mcp": null,
"l_pinky_pip": null,
"l_pinky_dip": null,
"l_pinky_tip": null,
"r_hand_position": [
-0.12532290816307068,
-0.09702149033546448,
-0.5055636512115598
],
"r_wrist": [
-0.30908789115812896,
0.950491725024872,
0.032096046464696
],
"r_thumb_cmc": [
0.06926069170517157,
0.8009826558771718,
-0.0645431384704992
],
"r_thumb_mcp": [
0.4265910359487976,
0.41782691752134293,
-0.08948453434023881
],
"r_thumb_ip": [
0.6773106720639024,
0.12008742069224929,
-0.12091424692380852
],
"r_thumb_tip": [
0.8391524332943833,
-0.15089757371700124,
-0.13555026022400582
],
"r_index_mcp": [
0.22455691585567947,
0.03915562253860483,
0.020124735886346768
],
"r_index_pip": [
0.3156507931417052,
-0.2308810074322771,
-0.1625961835508531
],
"r_index_dip": [
0.2249296595290629,
0.0837285792121909,
-0.2697610427182462
],
"r_index_tip": [
0.17273471368184426,
0.33885030435557517,
-0.3080792384823434
],
"r_middle_mcp": [
0.0,
0.0,
0.0
],
"r_middle_pip": [
0.1038771972137964,
-0.26965855647560044,
-0.20610599119430734
],
"r_middle_dip": [
0.03309630275952126,
0.1280219781307394,
-0.2697674900834454
],
"r_middle_tip": [
-0.009913124870822585,
0.4342370952858406,
-0.26340503668391246
],
"r_ring_mcp": [
-0.22481034029044294,
0.004277268038022898,
-0.050799650053241045
],
"r_ring_pip": [
-0.12309275252377273,
-0.19825544829716724,
-0.2630255877507218
],
"r_ring_dip": [
-0.17638392238459513,
0.21807344541135742,
-0.24171672339908448
],
"r_ring_tip": [
-0.20613756716537046,
0.5113223093967691,
-0.16591997224078267
],
"r_pinky_mcp": [
-0.4497864208489401,
0.04676076259785014,
-0.10987691647441764
],
"r_pinky_pip": [
-0.37172756862806206,
-0.09423864413559069,
-0.2584297553982061
],
"r_pinky_dip": [
-0.3692959663343987,
0.20937655151171314,
-0.23947579118557893
],
"r_pinky_tip": [
-0.3696864187708626,
0.4514565463301426,
-0.18388233168577192
],
"l_hand_velocity": null,
"r_hand_velocity": null,
"m_nose_point": null,
"m_top_nose": null,
"m_eyebrows": null,
"m_forehead": null,
"m_top_chin": null,
"m_bot_up_lip": null,
"m_top_low_lip": null,
"m_bot_nose": null,
"m_chin": null,
"m_nose": null,
"l_eye_exterior": null,
"l_temple": null,
"l_mid_chin": null,
"l_up_lip": null,
"l_ext_nostril": null,
"l_mid_cheek": null,
"l_mid_eyebrow": null,
"l_ext_eyebrow": null,
"l_ext_lips": null,
"l_jaw_angle": null,
"l_mid_ext_face": null,
"l_int_eyebrow": null,
"l_mid_jaw": null,
"l_mid_bot_eyelid": null,
"l_ext_mouth": null,
"l_top_eyelid": null,
"l_eye_int": null,
"l_pupil": null,
"r_eye_exterior": null,
"r_temple": null,
"r_mid_chin": null,
"r_up_lip": null,
"r_ext_nostril": null,
"r_mid_cheek": null,
"r_mid_eyebrow": null,
"r_ext_eyebrow": null,
"r_ext_lips": null,
"r_jaw_angle": null,
"r_mid_ext_face": null,
"r_int_eyebrow": null,
"r_mid_jaw": null,
"r_mid_bot_eyelid": null,
"r_ext_mouth": null,
"r_top_eyelid": null,
"r_eye_int": null,
"r_pupil": null,
"l_shoulder": null,
"l_elbow": null,
"l_hip": null,
"l_knee": null,
"l_ankle": null,
"l_body_wrist": null,
"r_shoulder": null,
"r_elbow": null,
"r_hip": null,
"r_knee": null,
"r_ankle": null,
"r_body_wrist": null,
"m_face_position": null,
"m_body_position": null,
"m_face_scale": null,
"m_body_scale": null,
"l_hand_scale": null,
"r_hand_scale": [
0.17334012499805718,
0.17334012499805718,
0.17334012499805718
]
}
],
"framerate": 30,
"mirrorable": true,
"invalid": false
}