{
"label": "a",
"gestures": [
{
"l_hand_position": null,
"l_wrist": null,
"l_thumb_cmc": null,
"l_thumb_mcp": null,
"l_thumb_ip": null,
"l_thumb_tip": null,
"l_index_mcp": null,
"l_index_pip": null,
"l_index_dip": null,
"l_index_tip": null,
"l_middle_mcp": null,
"l_middle_pip": null,
"l_middle_dip": null,
"l_middle_tip": null,
"l_ring_mcp": null,
"l_ring_pip": null,
"l_ring_dip": null,
"l_ring_tip": null,
"l_pinky_mcp": null,
"l_pinky_pip": null,
"l_pinky_dip": null,
"l_pinky_tip": null,
"r_hand_position": [
-0.12718936800956726,
-0.11989730596542358,
-0.5027281732764095
],
"r_wrist": [
-0.16236189384357883,
0.9866525042598866,
0.012468009673603984
],
"r_thumb_cmc": [
0.11323617983815495,
0.8222657654345802,
-0.046385360616893245
],
"r_thumb_mcp": [
0.3522072513440262,
0.47702819777917205,
-0.06934228406624542
],
"r_thumb_ip": [
0.4934989618996749,
0.195789542879673,
-0.10495928992851028
],
"r_thumb_tip": [
0.6241999404793906,
-0.030504250149855996,
-0.124999803584731
],
"r_index_mcp": [
0.1688899962439713,
0.039091249142727456,
0.027044468162834432
],
"r_index_pip": [
0.33257758739732773,
-0.039034314849550944,
-0.12123463185491024
],
"r_index_dip": [
0.2851153626803364,
0.24237214638773152,
-0.20487336445042445
],
"r_index_tip": [
0.2385106937285109,
0.45638720099315394,
-0.23275797310775106
],
"r_middle_mcp": [
0.0,
0.0,
0.0
],
"r_middle_pip": [
0.19618590362882052,
-0.049165350080338635,
-0.17133695456958997
],
"r_middle_dip": [
0.14321712483398183,
0.30932564930532724,
-0.21546465827793487
],
"r_middle_tip": [
0.09663465753236632,
0.5752423052246362,
-0.1979660803385086
],
"r_ring_mcp": [
-0.16289623171949144,
0.013319491855115594,
-0.05181324696100192
],
"r_ring_pip": [
0.04245132588524294,
0.04519057366053699,
-0.2392521260522243
],
"r_ring_dip": [
0.0061239778839936206,
0.4172949984053254,
-0.22810798729835782
],
"r_ring_tip": [
-0.029957789900515844,
0.6714917709361815,
-0.16217141871005045
],
"r_pinky_mcp": [
-0.3206190703207283,
0.0800082094475076,
-0.10798289419228746
],
"r_pinky_pip": [
-0.12058274675457059,
0.1454865965873481,
-0.24846492554748692
],
"r_pinky_dip": [
-0.11657691526576358,
0.4443841444096915,
-0.24233091946412696
],
"r_pinky_tip": [
-0.1330738310233236,
0.6514797755039652,
-0.1955889033403353
],
"l_hand_velocity": null,
"r_hand_velocity": null,
"m_nose_point": null,
"m_top_nose": null,
"m_eyebrows": null,
"m_forehead": null,
"m_top_chin": null,
"m_bot_up_lip": null,
"m_top_low_lip": null,
"m_bot_nose": null,
"m_chin": null,
"m_nose": null,
"l_eye_exterior": null,
"l_temple": null,
"l_mid_chin": null,
"l_up_lip": null,
"l_ext_nostril": null,
"l_mid_cheek": null,
"l_mid_eyebrow": null,
"l_ext_eyebrow": null,
"l_ext_lips": null,
"l_jaw_angle": null,
"l_mid_ext_face": null,
"l_int_eyebrow": null,
"l_mid_jaw": null,
"l_mid_bot_eyelid": null,
"l_ext_mouth": null,
"l_top_eyelid": null,
"l_eye_int": null,
"l_pupil": null,
"r_eye_exterior": null,
"r_temple": null,
"r_mid_chin": null,
"r_up_lip": null,
"r_ext_nostril": null,
"r_mid_cheek": null,
"r_mid_eyebrow": null,
"r_ext_eyebrow": null,
"r_ext_lips": null,
"r_jaw_angle": null,
"r_mid_ext_face": null,
"r_int_eyebrow": null,
"r_mid_jaw": null,
"r_mid_bot_eyelid": null,
"r_ext_mouth": null,
"r_top_eyelid": null,
"r_eye_int": null,
"r_pupil": null,
"l_shoulder": null,
"l_elbow": null,
"l_hip": null,
"l_knee": null,
"l_ankle": null,
"l_body_wrist": null,
"r_shoulder": null,
"r_elbow": null,
"r_hip": null,
"r_knee": null,
"r_ankle": null,
"r_body_wrist": null,
"m_face_position": null,
"m_body_position": null,
"m_face_scale": null,
"m_body_scale": null,
"l_hand_scale": null,
"r_hand_scale": [
0.21880258914314601,
0.21880258914314601,
0.21880258914314601
]
}
],
"framerate": 30,
"mirrorable": true,
"invalid": false
}