{
"label": "a",
"gestures": [
{
"l_hand_position": [
0.30564987659454346,
-0.13659420609474182,
-0.48504226095974445
],
"l_wrist": [
0.18650071355670375,
0.9808984707803178,
-0.055278149966099234
],
"l_thumb_cmc": [
-0.1276875742846342,
0.728182149236828,
-0.10988870657184899
],
"l_thumb_mcp": [
-0.33636661891569997,
0.35547885172158067,
-0.129495824736386
],
"l_thumb_ip": [
-0.42404447425049513,
0.042931763463465056,
-0.16351159828010475
],
"l_thumb_tip": [
-0.4620700399530296,
-0.2443562477840734,
-0.18402187800816677
],
"l_index_mcp": [
-0.1414026371284029,
0.010873745701938584,
0.025276622548666167
],
"l_index_pip": [
-0.3260663349121803,
-0.09637163159972509,
-0.11220924681264471
],
"l_index_dip": [
-0.3025598017861701,
0.18777528091522153,
-0.20786430252988763
],
"l_index_tip": [
-0.24632024672163905,
0.4037790404758907,
-0.24711406358319754
],
"l_middle_mcp": [
0.0,
0.0,
0.0
],
"l_middle_pip": [
-0.2013008051411721,
-0.08476869636346125,
-0.16632258070778888
],
"l_middle_dip": [
-0.1551522816839641,
0.2713505778233213,
-0.23597228208165708
],
"l_middle_tip": [
-0.0892644290293261,
0.5180570604152033,
-0.236940570011847
],
"l_ring_mcp": [
0.15282649636665846,
0.020402108629172848,
-0.0510009127216199
],
"l_ring_pip": [
-0.05580012503251808,
-0.020464884348031842,
-0.21210522910356805
],
"l_ring_dip": [
-0.00694211344308384,
0.3396349210786114,
-0.21448185449318646
],
"l_ring_tip": [
0.057450796039989295,
0.5791640464809484,
-0.16567161990644963
],
"l_pinky_mcp": [
0.31209179909712775,
0.07861865830640176,
-0.10977754811967202
],
"l_pinky_pip": [
0.10264600963326143,
0.03737170703084,
-0.22536549838412936
],
"l_pinky_dip": [
0.10078872941775605,
0.30654583966803595,
-0.22120458331878415
],
"l_pinky_tip": [
0.14639914381821836,
0.4893337549191706,
-0.1793695226770697
],
"r_hand_position": null,
"r_wrist": null,
"r_thumb_cmc": null,
"r_thumb_mcp": null,
"r_thumb_ip": null,
"r_thumb_tip": null,
"r_index_mcp": null,
"r_index_pip": null,
"r_index_dip": null,
"r_index_tip": null,
"r_middle_mcp": null,
"r_middle_pip": null,
"r_middle_dip": null,
"r_middle_tip": null,
"r_ring_mcp": null,
"r_ring_pip": null,
"r_ring_dip": null,
"r_ring_tip": null,
"r_pinky_mcp": null,
"r_pinky_pip": null,
"r_pinky_dip": null,
"r_pinky_tip": null,
"l_hand_velocity": null,
"r_hand_velocity": null,
"m_nose_point": null,
"m_top_nose": null,
"m_eyebrows": null,
"m_forehead": null,
"m_top_chin": null,
"m_bot_up_lip": null,
"m_top_low_lip": null,
"m_bot_nose": null,
"m_chin": null,
"m_nose": null,
"l_eye_exterior": null,
"l_temple": null,
"l_mid_chin": null,
"l_up_lip": null,
"l_ext_nostril": null,
"l_mid_cheek": null,
"l_mid_eyebrow": null,
"l_ext_eyebrow": null,
"l_ext_lips": null,
"l_jaw_angle": null,
"l_mid_ext_face": null,
"l_int_eyebrow": null,
"l_mid_jaw": null,
"l_mid_bot_eyelid": null,
"l_ext_mouth": null,
"l_top_eyelid": null,
"l_eye_int": null,
"l_pupil": null,
"r_eye_exterior": null,
"r_temple": null,
"r_mid_chin": null,
"r_up_lip": null,
"r_ext_nostril": null,
"r_mid_cheek": null,
"r_mid_eyebrow": null,
"r_ext_eyebrow": null,
"r_ext_lips": null,
"r_jaw_angle": null,
"r_mid_ext_face": null,
"r_int_eyebrow": null,
"r_mid_jaw": null,
"r_mid_bot_eyelid": null,
"r_ext_mouth": null,
"r_top_eyelid": null,
"r_eye_int": null,
"r_pupil": null,
"l_shoulder": null,
"l_elbow": null,
"l_hip": null,
"l_knee": null,
"l_ankle": null,
"l_body_wrist": null,
"r_shoulder": null,
"r_elbow": null,
"r_hip": null,
"r_knee": null,
"r_ankle": null,
"r_body_wrist": null,
"m_face_position": null,
"m_body_position": null,
"m_face_scale": null,
"m_body_scale": null,
"l_hand_scale": [
0.2706034127485374,
0.2706034127485374,
0.2706034127485374
],
"r_hand_scale": null
}
],
"framerate": 30,
"mirrorable": true,
"invalid": false
}