{
"label": "a",
"gestures": [
{
"l_hand_position": [
0.22983652353286743,
-0.07317456603050232,
-0.5002645653439686
],
"l_wrist": [
0.1577918599668262,
0.987471866796957,
0.001020398325470038
],
"l_thumb_cmc": [
-0.10822731206521938,
0.782097394811937,
-0.0630592078753908
],
"l_thumb_mcp": [
-0.2994204444532541,
0.461942301693411,
-0.09641244603854017
],
"l_thumb_ip": [
-0.371823400203481,
0.18849340808398157,
-0.1355850396126852
],
"l_thumb_tip": [
-0.36983200455624715,
-0.05051583098045576,
-0.15703708734856184
],
"l_index_mcp": [
-0.13716634467441283,
0.03022383004420928,
0.01496806144997526
],
"l_index_pip": [
-0.30728543052936425,
0.09158043500023039,
-0.11155543696161073
],
"l_index_dip": [
-0.30070674160692445,
0.36787717897158856,
-0.20475732739404962
],
"l_index_tip": [
-0.26814069711330096,
0.5675977116291303,
-0.24775255961480733
],
"l_middle_mcp": [
0.0,
0.0,
0.0
],
"l_middle_pip": [
-0.20598312703280153,
0.1973724346964829,
-0.11832701277561436
],
"l_middle_dip": [
-0.1749140324823194,
0.49704102490557067,
-0.16303353934413398
],
"l_middle_tip": [
-0.1293763445310279,
0.6834844329518194,
-0.16811199047868985
],
"l_ring_mcp": [
0.13449569183966234,
0.05578226608020498,
-0.03638036303641463
],
"l_ring_pip": [
-0.07046001255183085,
0.27009656096472034,
-0.14548334135649685
],
"l_ring_dip": [
-0.05228688334845099,
0.5362222130212357,
-0.12803221132228698
],
"l_ring_tip": [
-0.016861682921503255,
0.7029440900348164,
-0.08757469052978105
],
"l_pinky_mcp": [
0.26198769756279333,
0.1699407346980389,
-0.08514520399097207
],
"l_pinky_pip": [
0.07483688376351263,
0.3447856647592777,
-0.15391587000073478
],
"l_pinky_dip": [
0.041290946173631236,
0.5509651395728458,
-0.13913327300663877
],
"l_pinky_tip": [
0.04574857146670937,
0.6769712701982841,
-0.10430100942234367
],
"r_hand_position": null,
"r_wrist": null,
"r_thumb_cmc": null,
"r_thumb_mcp": null,
"r_thumb_ip": null,
"r_thumb_tip": null,
"r_index_mcp": null,
"r_index_pip": null,
"r_index_dip": null,
"r_index_tip": null,
"r_middle_mcp": null,
"r_middle_pip": null,
"r_middle_dip": null,
"r_middle_tip": null,
"r_ring_mcp": null,
"r_ring_pip": null,
"r_ring_dip": null,
"r_ring_tip": null,
"r_pinky_mcp": null,
"r_pinky_pip": null,
"r_pinky_dip": null,
"r_pinky_tip": null,
"l_hand_velocity": null,
"r_hand_velocity": null,
"m_nose_point": null,
"m_top_nose": null,
"m_eyebrows": null,
"m_forehead": null,
"m_top_chin": null,
"m_bot_up_lip": null,
"m_top_low_lip": null,
"m_bot_nose": null,
"m_chin": null,
"m_nose": null,
"l_eye_exterior": null,
"l_temple": null,
"l_mid_chin": null,
"l_up_lip": null,
"l_ext_nostril": null,
"l_mid_cheek": null,
"l_mid_eyebrow": null,
"l_ext_eyebrow": null,
"l_ext_lips": null,
"l_jaw_angle": null,
"l_mid_ext_face": null,
"l_int_eyebrow": null,
"l_mid_jaw": null,
"l_mid_bot_eyelid": null,
"l_ext_mouth": null,
"l_top_eyelid": null,
"l_eye_int": null,
"l_pupil": null,
"r_eye_exterior": null,
"r_temple": null,
"r_mid_chin": null,
"r_up_lip": null,
"r_ext_nostril": null,
"r_mid_cheek": null,
"r_mid_eyebrow": null,
"r_ext_eyebrow": null,
"r_ext_lips": null,
"r_jaw_angle": null,
"r_mid_ext_face": null,
"r_int_eyebrow": null,
"r_mid_jaw": null,
"r_mid_bot_eyelid": null,
"r_ext_mouth": null,
"r_top_eyelid": null,
"r_eye_int": null,
"r_pupil": null,
"l_shoulder": null,
"l_elbow": null,
"l_hip": null,
"l_knee": null,
"l_ankle": null,
"l_body_wrist": null,
"r_shoulder": null,
"r_elbow": null,
"r_hip": null,
"r_knee": null,
"r_ankle": null,
"r_body_wrist": null,
"m_face_position": null,
"m_body_position": null,
"m_face_scale": null,
"m_body_scale": null,
"l_hand_scale": [
0.2583352483324943,
0.2583352483324943,
0.2583352483324943
],
"r_hand_scale": null
}
],
"framerate": 30,
"mirrorable": true,
"invalid": false
}