{
"label": "a",
"gestures": [
{
"l_hand_position": null,
"l_wrist": null,
"l_thumb_cmc": null,
"l_thumb_mcp": null,
"l_thumb_ip": null,
"l_thumb_tip": null,
"l_index_mcp": null,
"l_index_pip": null,
"l_index_dip": null,
"l_index_tip": null,
"l_middle_mcp": null,
"l_middle_pip": null,
"l_middle_dip": null,
"l_middle_tip": null,
"l_ring_mcp": null,
"l_ring_pip": null,
"l_ring_dip": null,
"l_ring_tip": null,
"l_pinky_mcp": null,
"l_pinky_pip": null,
"l_pinky_dip": null,
"l_pinky_tip": null,
"r_hand_position": [
-0.203341543674469,
-0.06448909640312195,
-0.5258877016603947
],
"r_wrist": [
-0.2503350041009765,
0.9601820996250382,
0.1240270989800907
],
"r_thumb_cmc": [
0.032275161742053686,
0.9158171558918549,
-0.03134117100507464
],
"r_thumb_mcp": [
0.3276687446300431,
0.56268181015003,
-0.10254078177599026
],
"r_thumb_ip": [
0.5305298692913553,
0.2764245631666195,
-0.15362356601340055
],
"r_thumb_tip": [
0.7384003583471829,
0.10146718591882146,
-0.17944289225818022
],
"r_index_mcp": [
0.20623620605333004,
0.06045662018473591,
-0.013510757579417543
],
"r_index_pip": [
0.2971547991063894,
0.1492950219864074,
-0.19880902447305843
],
"r_index_dip": [
0.2214306402903365,
0.46521880320395365,
-0.3045266169583526
],
"r_index_tip": [
0.14316082083724635,
0.6809789983465367,
-0.34564294847385524
],
"r_middle_mcp": [
0.0,
0.0,
0.0
],
"r_middle_pip": [
0.10977124542801697,
0.0953541165086408,
-0.19735318330022816
],
"r_middle_dip": [
0.08356489066990122,
0.4189274444550708,
-0.27001595282250607
],
"r_middle_tip": [
0.04767691547230026,
0.6278803640055631,
-0.2769672954729159
],
"r_ring_mcp": [
-0.201473711771633,
0.060527011720663854,
-0.01290017704192693
],
"r_ring_pip": [
-0.12166084702691345,
0.15687960289612843,
-0.18398560931538008
],
"r_ring_dip": [
-0.047318675383774475,
0.4157905234726429,
-0.20736980605446173
],
"r_ring_tip": [
0.013167929025190378,
0.5618076986227463,
-0.18139836341497773
],
"r_pinky_mcp": [
-0.3760957654451374,
0.20334986751624398,
-0.03676028410188046
],
"r_pinky_pip": [
-0.3121706844272136,
0.23663863881925606,
-0.13705139236857922
],
"r_pinky_dip": [
-0.22754806455213136,
0.34609747718721146,
-0.14831127171541034
],
"r_pinky_tip": [
-0.14943737566048482,
0.3899378397784085,
-0.13238654314090395
],
"l_hand_velocity": null,
"r_hand_velocity": null,
"m_nose_point": null,
"m_top_nose": null,
"m_eyebrows": null,
"m_forehead": null,
"m_top_chin": null,
"m_bot_up_lip": null,
"m_top_low_lip": null,
"m_bot_nose": null,
"m_chin": null,
"m_nose": null,
"l_eye_exterior": null,
"l_temple": null,
"l_mid_chin": null,
"l_up_lip": null,
"l_ext_nostril": null,
"l_mid_cheek": null,
"l_mid_eyebrow": null,
"l_ext_eyebrow": null,
"l_ext_lips": null,
"l_jaw_angle": null,
"l_mid_ext_face": null,
"l_int_eyebrow": null,
"l_mid_jaw": null,
"l_mid_bot_eyelid": null,
"l_ext_mouth": null,
"l_top_eyelid": null,
"l_eye_int": null,
"l_pupil": null,
"r_eye_exterior": null,
"r_temple": null,
"r_mid_chin": null,
"r_up_lip": null,
"r_ext_nostril": null,
"r_mid_cheek": null,
"r_mid_eyebrow": null,
"r_ext_eyebrow": null,
"r_ext_lips": null,
"r_jaw_angle": null,
"r_mid_ext_face": null,
"r_int_eyebrow": null,
"r_mid_jaw": null,
"r_mid_bot_eyelid": null,
"r_ext_mouth": null,
"r_top_eyelid": null,
"r_eye_int": null,
"r_pupil": null,
"l_shoulder": null,
"l_elbow": null,
"l_hip": null,
"l_knee": null,
"l_ankle": null,
"l_body_wrist": null,
"r_shoulder": null,
"r_elbow": null,
"r_hip": null,
"r_knee": null,
"r_ankle": null,
"r_body_wrist": null,
"m_face_position": null,
"m_body_position": null,
"m_face_scale": null,
"m_body_scale": null,
"l_hand_scale": null,
"r_hand_scale": [
0.20872601717589193,
0.20872601717589193,
0.20872601717589193
]
}
],
"framerate": 30,
"mirrorable": true,
"invalid": false
}