{
"label": "a",
"gestures": [
{
"l_hand_position": [
-0.16701668500900269,
-0.08410719037055969,
-0.5030933315865695
],
"l_wrist": [
0.3799771339650693,
0.9249145672573286,
0.012264621432406713
],
"l_thumb_cmc": [
0.04102783114136597,
0.8104659615044237,
-0.05931414273409646
],
"l_thumb_mcp": [
-0.25012784473695576,
0.4902210512662961,
-0.09801506441959704
],
"l_thumb_ip": [
-0.44676194693321564,
0.2584390039002319,
-0.1486445291604055
],
"l_thumb_tip": [
-0.6495995454167278,
0.13719387236446567,
-0.18969169950480466
],
"l_index_mcp": [
-0.16551923036550292,
0.09904106712856893,
0.023157002159255004
],
"l_index_pip": [
-0.3449506313078187,
0.0773829326147884,
-0.14421394581615488
],
"l_index_dip": [
-0.25070379545586025,
0.3628346516504402,
-0.26022134452003687
],
"l_index_tip": [
-0.14759254262917643,
0.5671927931256836,
-0.3104013316111277
],
"l_middle_mcp": [
0.0,
0.0,
0.0
],
"l_middle_pip": [
-0.19786466056069127,
0.04170885474947753,
-0.173792363026711
],
"l_middle_dip": [
-0.06539930459499675,
0.3764213208359412,
-0.23611420798059238
],
"l_middle_tip": [
0.04872285422878552,
0.6087260142268353,
-0.23567515340783424
],
"l_ring_mcp": [
0.17573021137480216,
-0.03720644007967505,
-0.04831409564779204
],
"l_ring_pip": [
-0.026117999982104328,
0.08337669679641867,
-0.21031702602283164
],
"l_ring_dip": [
0.09946762287339271,
0.4317452109052388,
-0.2047757903277611
],
"l_ring_tip": [
0.20433273014658251,
0.6617732856325708,
-0.1542679823229166
],
"l_pinky_mcp": [
0.3521434556255635,
-0.022204537176102598,
-0.1073823745433268
],
"l_pinky_pip": [
0.15011736496803085,
0.09235753311407871,
-0.21346092446917259
],
"l_pinky_dip": [
0.20554408227423532,
0.35383407723098315,
-0.2038467846547816
],
"l_pinky_tip": [
0.2768262867425651,
0.5254217692651567,
-0.16396184279396697
],
"r_hand_position": null,
"r_wrist": null,
"r_thumb_cmc": null,
"r_thumb_mcp": null,
"r_thumb_ip": null,
"r_thumb_tip": null,
"r_index_mcp": null,
"r_index_pip": null,
"r_index_dip": null,
"r_index_tip": null,
"r_middle_mcp": null,
"r_middle_pip": null,
"r_middle_dip": null,
"r_middle_tip": null,
"r_ring_mcp": null,
"r_ring_pip": null,
"r_ring_dip": null,
"r_ring_tip": null,
"r_pinky_mcp": null,
"r_pinky_pip": null,
"r_pinky_dip": null,
"r_pinky_tip": null,
"l_hand_velocity": null,
"r_hand_velocity": null,
"m_nose_point": null,
"m_top_nose": null,
"m_eyebrows": null,
"m_forehead": null,
"m_top_chin": null,
"m_bot_up_lip": null,
"m_top_low_lip": null,
"m_bot_nose": null,
"m_chin": null,
"m_nose": null,
"l_eye_exterior": null,
"l_temple": null,
"l_mid_chin": null,
"l_up_lip": null,
"l_ext_nostril": null,
"l_mid_cheek": null,
"l_mid_eyebrow": null,
"l_ext_eyebrow": null,
"l_ext_lips": null,
"l_jaw_angle": null,
"l_mid_ext_face": null,
"l_int_eyebrow": null,
"l_mid_jaw": null,
"l_mid_bot_eyelid": null,
"l_ext_mouth": null,
"l_top_eyelid": null,
"l_eye_int": null,
"l_pupil": null,
"r_eye_exterior": null,
"r_temple": null,
"r_mid_chin": null,
"r_up_lip": null,
"r_ext_nostril": null,
"r_mid_cheek": null,
"r_mid_eyebrow": null,
"r_ext_eyebrow": null,
"r_ext_lips": null,
"r_jaw_angle": null,
"r_mid_ext_face": null,
"r_int_eyebrow": null,
"r_mid_jaw": null,
"r_mid_bot_eyelid": null,
"r_ext_mouth": null,
"r_top_eyelid": null,
"r_eye_int": null,
"r_pupil": null,
"l_shoulder": null,
"l_elbow": null,
"l_hip": null,
"l_knee": null,
"l_ankle": null,
"l_body_wrist": null,
"r_shoulder": null,
"r_elbow": null,
"r_hip": null,
"r_knee": null,
"r_ankle": null,
"r_body_wrist": null,
"m_face_position": null,
"m_body_position": null,
"m_face_scale": null,
"m_body_scale": null,
"l_hand_scale": [
0.2521512904289356,
0.2521512904289356,
0.2521512904289356
],
"r_hand_scale": null
}
],
"framerate": 30,
"mirrorable": true,
"invalid": false
}