{
"label": "a",
"gestures": [
{
"l_hand_position": [
-0.24540027976036072,
0.16078847646713257,
-0.5299862083047628
],
"l_wrist": [
-0.15050772433385654,
0.9378178420317037,
0.312802046161534
],
"l_thumb_cmc": [
0.042365160248380086,
0.5663879921195963,
0.3498549165772435
],
"l_thumb_mcp": [
0.11077124777542367,
0.08863876013368484,
0.29314952493893137
],
"l_thumb_ip": [
0.05127355491876477,
-0.33622653534586483,
0.22850320869191335
],
"l_thumb_tip": [
-0.04879316312404607,
-0.6549819848886839,
0.1495941514394835
],
"l_index_mcp": [
0.1717605643497062,
-0.046510182971822384,
0.07774323075090214
],
"l_index_pip": [
0.1684853963911474,
-0.7521203266063268,
-0.055400293748940545
],
"l_index_dip": [
0.02654642543724124,
-1.0618588827965079,
-0.1087827723737213
],
"l_index_tip": [
-0.11760340047037075,
-1.2133342350630663,
-0.12770957473737005
],
"l_middle_mcp": [
0.0,
0.0,
0.0
],
"l_middle_pip": [
-0.09464566998610754,
-0.7347704857490652,
-0.1036917670492444
],
"l_middle_dip": [
-0.2527874735217078,
-1.0412833046124303,
-0.11317292750678141
],
"l_middle_tip": [
-0.38663318890227166,
-1.1864010693372207,
-0.12485386765855357
],
"l_ring_mcp": [
-0.20100531159960158,
0.07340666432945633,
-0.06661793830980219
],
"l_ring_pip": [
-0.2912595829147435,
-0.5881474183896911,
-0.14017961741128857
],
"l_ring_dip": [
-0.42320517237573346,
-0.8595638669466851,
-0.10912839819032574
],
"l_ring_tip": [
-0.5166007758823569,
-1.0078874723918037,
-0.09434117807178283
],
"l_pinky_mcp": [
-0.3930260618321078,
0.16617023969561942,
-0.1255387850205564
],
"l_pinky_pip": [
-0.47973578378991627,
-0.32895805628833236,
-0.19895388209143428
],
"l_pinky_dip": [
-0.5563722269443814,
-0.5767535023307275,
-0.18642127391664629
],
"l_pinky_tip": [
-0.6182955959279178,
-0.7367470892498262,
-0.17083484753047498
],
"r_hand_position": null,
"r_wrist": null,
"r_thumb_cmc": null,
"r_thumb_mcp": null,
"r_thumb_ip": null,
"r_thumb_tip": null,
"r_index_mcp": null,
"r_index_pip": null,
"r_index_dip": null,
"r_index_tip": null,
"r_middle_mcp": null,
"r_middle_pip": null,
"r_middle_dip": null,
"r_middle_tip": null,
"r_ring_mcp": null,
"r_ring_pip": null,
"r_ring_dip": null,
"r_ring_tip": null,
"r_pinky_mcp": null,
"r_pinky_pip": null,
"r_pinky_dip": null,
"r_pinky_tip": null,
"l_hand_velocity": null,
"r_hand_velocity": null,
"m_nose_point": null,
"m_top_nose": null,
"m_eyebrows": null,
"m_forehead": null,
"m_top_chin": null,
"m_bot_up_lip": null,
"m_top_low_lip": null,
"m_bot_nose": null,
"m_chin": null,
"m_nose": null,
"l_eye_exterior": null,
"l_temple": null,
"l_mid_chin": null,
"l_up_lip": null,
"l_ext_nostril": null,
"l_mid_cheek": null,
"l_mid_eyebrow": null,
"l_ext_eyebrow": null,
"l_ext_lips": null,
"l_jaw_angle": null,
"l_mid_ext_face": null,
"l_int_eyebrow": null,
"l_mid_jaw": null,
"l_mid_bot_eyelid": null,
"l_ext_mouth": null,
"l_top_eyelid": null,
"l_eye_int": null,
"l_pupil": null,
"r_eye_exterior": null,
"r_temple": null,
"r_mid_chin": null,
"r_up_lip": null,
"r_ext_nostril": null,
"r_mid_cheek": null,
"r_mid_eyebrow": null,
"r_ext_eyebrow": null,
"r_ext_lips": null,
"r_jaw_angle": null,
"r_mid_ext_face": null,
"r_int_eyebrow": null,
"r_mid_jaw": null,
"r_mid_bot_eyelid": null,
"r_ext_mouth": null,
"r_top_eyelid": null,
"r_eye_int": null,
"r_pupil": null,
"l_shoulder": null,
"l_elbow": null,
"l_hip": null,
"l_knee": null,
"l_ankle": null,
"l_body_wrist": null,
"r_shoulder": null,
"r_elbow": null,
"r_hip": null,
"r_knee": null,
"r_ankle": null,
"r_body_wrist": null,
"m_face_position": null,
"m_body_position": null,
"m_face_scale": null,
"m_body_scale": null,
"l_hand_scale": [
0.09586301231785599,
0.09586301231785599,
0.09586301231785599
],
"r_hand_scale": null
}
],
"framerate": 30,
"mirrorable": true,
"invalid": false
}