{
"label": "a",
"gestures": [
{
"l_hand_position": [
0.23447519540786743,
-0.11956459283828735,
-0.5019265537848696
],
"l_wrist": [
0.27536315687665897,
0.9612924964949318,
0.009584780511939412
],
"l_thumb_cmc": [
-0.06261726710113485,
0.7749976509667358,
-0.08892331365459918
],
"l_thumb_mcp": [
-0.33588391732525535,
0.36996045577511005,
-0.13253235017405762
],
"l_thumb_ip": [
-0.4783372137204872,
0.023967004213134097,
-0.1840994469759087
],
"l_thumb_tip": [
-0.5841016436962965,
-0.2506265733610332,
-0.21856027453159663
],
"l_index_mcp": [
-0.20264985172622432,
0.03804649388810801,
0.01607646484195849
],
"l_index_pip": [
-0.32215488359396766,
-0.16341628658408988,
-0.1506997571561843
],
"l_index_dip": [
-0.2332494163530661,
0.13623496511851765,
-0.2556704148012269
],
"l_index_tip": [
-0.1334310209495242,
0.3963167300909885,
-0.29780104409781477
],
"l_middle_mcp": [
0.0,
0.0,
0.0
],
"l_middle_pip": [
-0.13394773212506492,
-0.21101822947590465,
-0.1834052461048087
],
"l_middle_dip": [
-0.04596682787736682,
0.15220703553719864,
-0.2491382971669782
],
"l_middle_tip": [
0.0370296822292368,
0.4339884452361024,
-0.2487460549507005
],
"l_ring_mcp": [
0.2089289900012082,
0.005271966749984701,
-0.04443199632526154
],
"l_ring_pip": [
0.08056719637085237,
-0.17839705462122254,
-0.2238269206692327
],
"l_ring_dip": [
0.12934479066579901,
0.21808622732112426,
-0.20201376336645666
],
"l_ring_tip": [
0.1733082504148064,
0.49715979757025114,
-0.13569726174040161
],
"l_pinky_mcp": [
0.42224468584344516,
0.05874934877217318,
-0.1006166106541802
],
"l_pinky_pip": [
0.28536279358723843,
-0.08371314282767504,
-0.22484742153318188
],
"l_pinky_dip": [
0.2706602546446277,
0.21249465305584384,
-0.2003848217454306
],
"l_pinky_tip": [
0.2883797105599278,
0.43067757833519216,
-0.14672585297078727
],
"r_hand_position": null,
"r_wrist": null,
"r_thumb_cmc": null,
"r_thumb_mcp": null,
"r_thumb_ip": null,
"r_thumb_tip": null,
"r_index_mcp": null,
"r_index_pip": null,
"r_index_dip": null,
"r_index_tip": null,
"r_middle_mcp": null,
"r_middle_pip": null,
"r_middle_dip": null,
"r_middle_tip": null,
"r_ring_mcp": null,
"r_ring_pip": null,
"r_ring_dip": null,
"r_ring_tip": null,
"r_pinky_mcp": null,
"r_pinky_pip": null,
"r_pinky_dip": null,
"r_pinky_tip": null,
"l_hand_velocity": null,
"r_hand_velocity": null,
"m_nose_point": null,
"m_top_nose": null,
"m_eyebrows": null,
"m_forehead": null,
"m_top_chin": null,
"m_bot_up_lip": null,
"m_top_low_lip": null,
"m_bot_nose": null,
"m_chin": null,
"m_nose": null,
"l_eye_exterior": null,
"l_temple": null,
"l_mid_chin": null,
"l_up_lip": null,
"l_ext_nostril": null,
"l_mid_cheek": null,
"l_mid_eyebrow": null,
"l_ext_eyebrow": null,
"l_ext_lips": null,
"l_jaw_angle": null,
"l_mid_ext_face": null,
"l_int_eyebrow": null,
"l_mid_jaw": null,
"l_mid_bot_eyelid": null,
"l_ext_mouth": null,
"l_top_eyelid": null,
"l_eye_int": null,
"l_pupil": null,
"r_eye_exterior": null,
"r_temple": null,
"r_mid_chin": null,
"r_up_lip": null,
"r_ext_nostril": null,
"r_mid_cheek": null,
"r_mid_eyebrow": null,
"r_ext_eyebrow": null,
"r_ext_lips": null,
"r_jaw_angle": null,
"r_mid_ext_face": null,
"r_int_eyebrow": null,
"r_mid_jaw": null,
"r_mid_bot_eyelid": null,
"r_ext_mouth": null,
"r_top_eyelid": null,
"r_eye_int": null,
"r_pupil": null,
"l_shoulder": null,
"l_elbow": null,
"l_hip": null,
"l_knee": null,
"l_ankle": null,
"l_body_wrist": null,
"r_shoulder": null,
"r_elbow": null,
"r_hip": null,
"r_knee": null,
"r_ankle": null,
"r_body_wrist": null,
"m_face_position": null,
"m_body_position": null,
"m_face_scale": null,
"m_body_scale": null,
"l_hand_scale": [
0.20094647863977508,
0.20094647863977508,
0.20094647863977508
],
"r_hand_scale": null
}
],
"framerate": 30,
"mirrorable": true,
"invalid": false
}