{
"label": "w",
"gestures": [
{
"l_hand_position": [
0.23154866695404053,
0.0759616494178772,
-0.5480928383767605
],
"l_wrist": [
-0.012709886851360026,
0.9759000764484265,
0.21784742267050344
],
"l_thumb_cmc": [
-0.20148957301213188,
0.8179205702606647,
-0.006569317300560095
],
"l_thumb_mcp": [
-0.2433119180583214,
0.5064045509393308,
-0.0912982120398944
],
"l_thumb_ip": [
-0.029772859325757284,
0.35028178170062485,
-0.13465077211456905
],
"l_thumb_tip": [
0.18139971702226787,
0.24386675220552362,
-0.17087641332055253
],
"l_index_mcp": [
-0.18795458973554072,
0.00813378760029893,
-0.03419472548358759
],
"l_index_pip": [
-0.29737652331696374,
-0.4113566016624459,
-0.13817947004212522
],
"l_index_dip": [
-0.34666415506395204,
-0.6779016259012534,
-0.212753195561355
],
"l_index_tip": [
-0.3654785674959653,
-0.9059396753666547,
-0.2693421949426603
],
"l_middle_mcp": [
0.0,
0.0,
0.0
],
"l_middle_pip": [
0.05096374385688196,
-0.5100096229347166,
-0.0857624589581949
],
"l_middle_dip": [
0.1070743506568861,
-0.7982116733859843,
-0.14514169361651308
],
"l_middle_tip": [
0.1623955000133772,
-1.0403107860967473,
-0.19126562325723429
],
"l_ring_mcp": [
0.1554332089409179,
0.08425730258873027,
0.013804418703245003
],
"l_ring_pip": [
0.20058536884717798,
-0.3100718305848936,
-0.13214355625108648
],
"l_ring_dip": [
0.23630561824328597,
-0.5666947733187823,
-0.2396514807698404
],
"l_ring_tip": [
0.2662969013282095,
-0.8189477559117746,
-0.3079885869826171
],
"l_pinky_mcp": [
0.29076711216197076,
0.2635999483859209,
0.01481169242328136
],
"l_pinky_pip": [
0.3285136536625813,
0.07245053993318117,
-0.1260347107938614
],
"l_pinky_dip": [
0.2831263304754389,
0.1652177293762506,
-0.1662406120253065
],
"l_pinky_tip": [
0.2183935200302264,
0.2835016197526219,
-0.18634042398070727
],
"r_hand_position": null,
"r_wrist": null,
"r_thumb_cmc": null,
"r_thumb_mcp": null,
"r_thumb_ip": null,
"r_thumb_tip": null,
"r_index_mcp": null,
"r_index_pip": null,
"r_index_dip": null,
"r_index_tip": null,
"r_middle_mcp": null,
"r_middle_pip": null,
"r_middle_dip": null,
"r_middle_tip": null,
"r_ring_mcp": null,
"r_ring_pip": null,
"r_ring_dip": null,
"r_ring_tip": null,
"r_pinky_mcp": null,
"r_pinky_pip": null,
"r_pinky_dip": null,
"r_pinky_tip": null,
"l_hand_velocity": null,
"r_hand_velocity": null,
"m_nose_point": null,
"m_top_nose": null,
"m_eyebrows": null,
"m_forehead": null,
"m_top_chin": null,
"m_bot_up_lip": null,
"m_top_low_lip": null,
"m_bot_nose": null,
"m_chin": null,
"m_nose": null,
"l_eye_exterior": null,
"l_temple": null,
"l_mid_chin": null,
"l_up_lip": null,
"l_ext_nostril": null,
"l_mid_cheek": null,
"l_mid_eyebrow": null,
"l_ext_eyebrow": null,
"l_ext_lips": null,
"l_jaw_angle": null,
"l_mid_ext_face": null,
"l_int_eyebrow": null,
"l_mid_jaw": null,
"l_mid_bot_eyelid": null,
"l_ext_mouth": null,
"l_top_eyelid": null,
"l_eye_int": null,
"l_pupil": null,
"r_eye_exterior": null,
"r_temple": null,
"r_mid_chin": null,
"r_up_lip": null,
"r_ext_nostril": null,
"r_mid_cheek": null,
"r_mid_eyebrow": null,
"r_ext_eyebrow": null,
"r_ext_lips": null,
"r_jaw_angle": null,
"r_mid_ext_face": null,
"r_int_eyebrow": null,
"r_mid_jaw": null,
"r_mid_bot_eyelid": null,
"r_ext_mouth": null,
"r_top_eyelid": null,
"r_eye_int": null,
"r_pupil": null,
"l_shoulder": null,
"l_elbow": null,
"l_hip": null,
"l_knee": null,
"l_ankle": null,
"l_body_wrist": null,
"r_shoulder": null,
"r_elbow": null,
"r_hip": null,
"r_knee": null,
"r_ankle": null,
"r_body_wrist": null,
"m_face_position": null,
"m_body_position": null,
"m_face_scale": null,
"m_body_scale": null,
"l_hand_scale": [
0.22076425113896814,
0.22076425113896814,
0.22076425113896814
],
"r_hand_scale": null
}
],
"framerate": 30,
"mirrorable": true,
"invalid": false
}