{
"label": "w",
"gestures": [
{
"l_hand_position": null,
"l_wrist": null,
"l_thumb_cmc": null,
"l_thumb_mcp": null,
"l_thumb_ip": null,
"l_thumb_tip": null,
"l_index_mcp": null,
"l_index_pip": null,
"l_index_dip": null,
"l_index_tip": null,
"l_middle_mcp": null,
"l_middle_pip": null,
"l_middle_dip": null,
"l_middle_tip": null,
"l_ring_mcp": null,
"l_ring_pip": null,
"l_ring_dip": null,
"l_ring_tip": null,
"l_pinky_mcp": null,
"l_pinky_pip": null,
"l_pinky_dip": null,
"l_pinky_tip": null,
"r_hand_position": [
-0.26226237416267395,
0.10149312019348145,
-0.4936127718538046
],
"r_wrist": [
-0.016391745379320307,
0.9993163805712391,
-0.03313732344982143
],
"r_thumb_cmc": [
0.16587520101153738,
0.8342505033841043,
-0.18614184126951241
],
"r_thumb_mcp": [
0.18999178302776917,
0.4536638874785143,
-0.20893606253281846
],
"r_thumb_ip": [
-0.04393558339592891,
0.21279835521588877,
-0.21070860386451193
],
"r_thumb_tip": [
-0.26738627301439655,
0.13177412364461727,
-0.20320672171543203
],
"r_index_mcp": [
0.19504162969520158,
0.04591559707026513,
-0.02940725571109727
],
"r_index_pip": [
0.23979194890136693,
-0.27401904822413115,
-0.0648008086156427
],
"r_index_dip": [
0.2430484180916458,
-0.42887266277105807,
-0.11126042623332941
],
"r_index_tip": [
0.23046199458023467,
-0.4934716719649231,
-0.14232279918995805
],
"r_middle_mcp": [
0.0,
0.0,
0.0
],
"r_middle_pip": [
-0.019694139135103095,
-0.35744001637894124,
0.0013062673432655027
],
"r_middle_dip": [
-0.02636309733584083,
-0.5660278466161361,
-0.04376671977365403
],
"r_middle_tip": [
-0.03886981002732846,
-0.6824402804137712,
-0.0832878961209914
],
"r_ring_mcp": [
-0.17647202390227812,
0.06655103517003216,
-0.001295520685681249
],
"r_ring_pip": [
-0.23138960895214744,
-0.24681129452780134,
-0.07013078353553662
],
"r_ring_dip": [
-0.24492367118305636,
-0.38168200183835044,
-0.1688160547851017
],
"r_ring_tip": [
-0.25751086783530086,
-0.4752638960820306,
-0.22843639458950912
],
"r_pinky_mcp": [
-0.3269723916726656,
0.21263383084654136,
-0.014911537052963086
],
"r_pinky_pip": [
-0.36073297781655655,
0.04209720912227149,
-0.1101135877781062
],
"r_pinky_dip": [
-0.322301384013599,
0.1255596176257518,
-0.16760593475266475
],
"r_pinky_tip": [
-0.2891566818575941,
0.23199420508386587,
-0.1993032109616811
],
"l_hand_velocity": null,
"r_hand_velocity": null,
"m_nose_point": null,
"m_top_nose": null,
"m_eyebrows": null,
"m_forehead": null,
"m_top_chin": null,
"m_bot_up_lip": null,
"m_top_low_lip": null,
"m_bot_nose": null,
"m_chin": null,
"m_nose": null,
"l_eye_exterior": null,
"l_temple": null,
"l_mid_chin": null,
"l_up_lip": null,
"l_ext_nostril": null,
"l_mid_cheek": null,
"l_mid_eyebrow": null,
"l_ext_eyebrow": null,
"l_ext_lips": null,
"l_jaw_angle": null,
"l_mid_ext_face": null,
"l_int_eyebrow": null,
"l_mid_jaw": null,
"l_mid_bot_eyelid": null,
"l_ext_mouth": null,
"l_top_eyelid": null,
"l_eye_int": null,
"l_pupil": null,
"r_eye_exterior": null,
"r_temple": null,
"r_mid_chin": null,
"r_up_lip": null,
"r_ext_nostril": null,
"r_mid_cheek": null,
"r_mid_eyebrow": null,
"r_ext_eyebrow": null,
"r_ext_lips": null,
"r_jaw_angle": null,
"r_mid_ext_face": null,
"r_int_eyebrow": null,
"r_mid_jaw": null,
"r_mid_bot_eyelid": null,
"r_ext_mouth": null,
"r_top_eyelid": null,
"r_eye_int": null,
"r_pupil": null,
"l_shoulder": null,
"l_elbow": null,
"l_hip": null,
"l_knee": null,
"l_ankle": null,
"l_body_wrist": null,
"r_shoulder": null,
"r_elbow": null,
"r_hip": null,
"r_knee": null,
"r_ankle": null,
"r_body_wrist": null,
"m_face_position": null,
"m_body_position": null,
"m_face_scale": null,
"m_body_scale": null,
"l_hand_scale": null,
"r_hand_scale": [
0.1927354053766184,
0.1927354053766184,
0.1927354053766184
]
}
],
"framerate": 30,
"mirrorable": true,
"invalid": false
}