{
"label": "d",
"gestures": [
{
"l_hand_position": null,
"l_wrist": null,
"l_thumb_cmc": null,
"l_thumb_mcp": null,
"l_thumb_ip": null,
"l_thumb_tip": null,
"l_index_mcp": null,
"l_index_pip": null,
"l_index_dip": null,
"l_index_tip": null,
"l_middle_mcp": null,
"l_middle_pip": null,
"l_middle_dip": null,
"l_middle_tip": null,
"l_ring_mcp": null,
"l_ring_pip": null,
"l_ring_dip": null,
"l_ring_tip": null,
"l_pinky_mcp": null,
"l_pinky_pip": null,
"l_pinky_dip": null,
"l_pinky_tip": null,
"r_hand_position": [
-0.23884928226470947,
-0.023770183324813843,
-0.5334046818315983
],
"r_wrist": [
0.05235823247255749,
0.9913849130530278,
0.12006069158217504
],
"r_thumb_cmc": [
0.3316827949254926,
0.7055126527174319,
0.11738815785954808
],
"r_thumb_mcp": [
0.43618653386502976,
0.3860181153189739,
0.0689164676594608
],
"r_thumb_ip": [
0.5285545005457767,
0.1652515808717523,
-0.002866806941357461
],
"r_thumb_tip": [
0.6293277151538622,
-0.020948155909795017,
-0.06432610542936225
],
"r_index_mcp": [
0.09867637458533086,
-0.03173634212821561,
0.07063767650859479
],
"r_index_pip": [
0.19062220975148464,
-0.36367010232614966,
-0.049505283248708405
],
"r_index_dip": [
0.2592635146892605,
-0.6069686695434274,
-0.12139126228100235
],
"r_index_tip": [
0.312202619834652,
-0.8077680941458525,
-0.16892392956786692
],
"r_middle_mcp": [
0.0,
0.0,
0.0
],
"r_middle_pip": [
0.39925532842134737,
-0.09721214271410815,
-0.1698337724041605
],
"r_middle_dip": [
0.4827481433547811,
0.20621386914217904,
-0.1902769986108872
],
"r_middle_tip": [
0.4484395946314271,
0.3785694917399814,
-0.1634731470133132
],
"r_ring_mcp": [
-0.01777343985777087,
0.10990040275576354,
-0.07769374174550293
],
"r_ring_pip": [
0.3804860609332358,
0.10175983053828538,
-0.22832386412133535
],
"r_ring_dip": [
0.4218017143055765,
0.3806584054161032,
-0.17290287524294212
],
"r_ring_tip": [
0.3582545866584723,
0.5098895609173997,
-0.0954896752896642
],
"r_pinky_mcp": [
0.01897438848543357,
0.2658752660217378,
-0.1601931658646216
],
"r_pinky_pip": [
0.3509334273023587,
0.2940583554898165,
-0.2386380762336725
],
"r_pinky_dip": [
0.36959493932138104,
0.4880152006922818,
-0.18838977832273265
],
"r_pinky_tip": [
0.2925575981564075,
0.5794201162571426,
-0.12978703072621922
],
"l_hand_velocity": null,
"r_hand_velocity": null,
"m_nose_point": null,
"m_top_nose": null,
"m_eyebrows": null,
"m_forehead": null,
"m_top_chin": null,
"m_bot_up_lip": null,
"m_top_low_lip": null,
"m_bot_nose": null,
"m_chin": null,
"m_nose": null,
"l_eye_exterior": null,
"l_temple": null,
"l_mid_chin": null,
"l_up_lip": null,
"l_ext_nostril": null,
"l_mid_cheek": null,
"l_mid_eyebrow": null,
"l_ext_eyebrow": null,
"l_ext_lips": null,
"l_jaw_angle": null,
"l_mid_ext_face": null,
"l_int_eyebrow": null,
"l_mid_jaw": null,
"l_mid_bot_eyelid": null,
"l_ext_mouth": null,
"l_top_eyelid": null,
"l_eye_int": null,
"l_pupil": null,
"r_eye_exterior": null,
"r_temple": null,
"r_mid_chin": null,
"r_up_lip": null,
"r_ext_nostril": null,
"r_mid_cheek": null,
"r_mid_eyebrow": null,
"r_ext_eyebrow": null,
"r_ext_lips": null,
"r_jaw_angle": null,
"r_mid_ext_face": null,
"r_int_eyebrow": null,
"r_mid_jaw": null,
"r_mid_bot_eyelid": null,
"r_ext_mouth": null,
"r_top_eyelid": null,
"r_eye_int": null,
"r_pupil": null,
"l_shoulder": null,
"l_elbow": null,
"l_hip": null,
"l_knee": null,
"l_ankle": null,
"l_body_wrist": null,
"r_shoulder": null,
"r_elbow": null,
"r_hip": null,
"r_knee": null,
"r_ankle": null,
"r_body_wrist": null,
"m_face_position": null,
"m_body_position": null,
"m_face_scale": null,
"m_body_scale": null,
"l_hand_scale": null,
"r_hand_scale": [
0.2782330825100773,
0.2782330825100773,
0.2782330825100773
]
}
],
"framerate": 30,
"mirrorable": true,
"invalid": false
}