{
"label": "d",
"gestures": [
{
"l_hand_position": null,
"l_wrist": null,
"l_thumb_cmc": null,
"l_thumb_mcp": null,
"l_thumb_ip": null,
"l_thumb_tip": null,
"l_index_mcp": null,
"l_index_pip": null,
"l_index_dip": null,
"l_index_tip": null,
"l_middle_mcp": null,
"l_middle_pip": null,
"l_middle_dip": null,
"l_middle_tip": null,
"l_ring_mcp": null,
"l_ring_pip": null,
"l_ring_dip": null,
"l_ring_tip": null,
"l_pinky_mcp": null,
"l_pinky_pip": null,
"l_pinky_dip": null,
"l_pinky_tip": null,
"r_hand_position": [
-0.27531154453754425,
-0.12195155024528503,
-0.5621718503534794
],
"r_wrist": [
-0.27647851473768303,
0.9085871223663946,
0.31309594688912695
],
"r_thumb_cmc": [
-0.02346044900059023,
0.6319214529325763,
0.4001809306827552
],
"r_thumb_mcp": [
0.20932937586419595,
0.28741618337461294,
0.3544985255063609
],
"r_thumb_ip": [
0.39218536726275277,
0.06957742227855603,
0.28450408087899604
],
"r_thumb_tip": [
0.48093406413652423,
-0.13111439665329816,
0.21462996606528506
],
"r_index_mcp": [
0.03770731883646721,
-0.13681023295885583,
0.11561644570062345
],
"r_index_pip": [
0.2724335269326387,
-0.5791177140136613,
-0.052557957676526434
],
"r_index_dip": [
0.3921855173467112,
-0.905681196763691,
-0.15865752329298805
],
"r_index_tip": [
0.44710604041501845,
-1.2063266807361719,
-0.23710494503447085
],
"r_middle_mcp": [
0.0,
0.0,
0.0
],
"r_middle_pip": [
0.5033306429979364,
-0.16060844590784418,
-0.16700770696596728
],
"r_middle_dip": [
0.46438580688241266,
0.11728566072554701,
-0.1491929287078367
],
"r_middle_tip": [
0.3535630615738487,
0.2354215470754777,
-0.11507933273446934
],
"r_ring_mcp": [
0.0010275498212431974,
0.24951413060211083,
-0.10534244832777556
],
"r_ring_pip": [
0.47071769900370514,
0.12115542550914953,
-0.19567618188629823
],
"r_ring_dip": [
0.4425580462233683,
0.3215049029318741,
-0.06644436336529601
],
"r_ring_tip": [
0.32778719230491266,
0.4065935023119396,
0.028496516224984517
],
"r_pinky_mcp": [
0.04599105283686114,
0.5284837388814567,
-0.21190543568681275
],
"r_pinky_pip": [
0.41965733534566224,
0.34604363013164957,
-0.3092183359582538
],
"r_pinky_dip": [
0.6377236237226663,
0.27276994012541117,
-0.29440216014714415
],
"r_pinky_tip": [
0.7938358544045113,
0.16562125011868517,
-0.27864728421816903
],
"l_hand_velocity": null,
"r_hand_velocity": null,
"m_nose_point": null,
"m_top_nose": null,
"m_eyebrows": null,
"m_forehead": null,
"m_top_chin": null,
"m_bot_up_lip": null,
"m_top_low_lip": null,
"m_bot_nose": null,
"m_chin": null,
"m_nose": null,
"l_eye_exterior": null,
"l_temple": null,
"l_mid_chin": null,
"l_up_lip": null,
"l_ext_nostril": null,
"l_mid_cheek": null,
"l_mid_eyebrow": null,
"l_ext_eyebrow": null,
"l_ext_lips": null,
"l_jaw_angle": null,
"l_mid_ext_face": null,
"l_int_eyebrow": null,
"l_mid_jaw": null,
"l_mid_bot_eyelid": null,
"l_ext_mouth": null,
"l_top_eyelid": null,
"l_eye_int": null,
"l_pupil": null,
"r_eye_exterior": null,
"r_temple": null,
"r_mid_chin": null,
"r_up_lip": null,
"r_ext_nostril": null,
"r_mid_cheek": null,
"r_mid_eyebrow": null,
"r_ext_eyebrow": null,
"r_ext_lips": null,
"r_jaw_angle": null,
"r_mid_ext_face": null,
"r_int_eyebrow": null,
"r_mid_jaw": null,
"r_mid_bot_eyelid": null,
"r_ext_mouth": null,
"r_top_eyelid": null,
"r_eye_int": null,
"r_pupil": null,
"l_shoulder": null,
"l_elbow": null,
"l_hip": null,
"l_knee": null,
"l_ankle": null,
"l_body_wrist": null,
"r_shoulder": null,
"r_elbow": null,
"r_hip": null,
"r_knee": null,
"r_ankle": null,
"r_body_wrist": null,
"m_face_position": null,
"m_body_position": null,
"m_face_scale": null,
"m_body_scale": null,
"l_hand_scale": null,
"r_hand_scale": [
0.19857100454797708,
0.19857100454797708,
0.19857100454797708
]
}
],
"framerate": 30,
"mirrorable": true,
"invalid": false
}