{
"label": "0",
"gestures": [
{
"l_hand_position": null,
"l_wrist": [
-0.03822915256023407,
0.08991405367851386,
-0.019723018631339403
],
"l_thumb_cmc": [
-0.03640586882829666,
0.06513772159814885,
-0.04535348713398019
],
"l_thumb_mcp": [
-0.002876129001379013,
0.050140134990215836,
-0.04127839580178302
],
"l_thumb_ip": [
0.03059789538383484,
0.03370973467826874,
-0.04184418544173288
],
"l_thumb_tip": [
0.048833101987838745,
0.014935757964849592,
-0.02397028356790571
],
"l_index_mcp": [
-0.007238506339490414,
-0.010574573650956287,
-0.016995197162032287
],
"l_index_pip": [
0.0039364043623209,
-0.03752923011779814,
-0.015280277468264252
],
"l_index_dip": [
0.02824743464589119,
-0.050709925591946245,
-0.017002375796437482
],
"l_index_tip": [
0.04011914134025574,
-0.05940663442015701,
-0.026807051151991078
],
"l_middle_mcp": [
-0.0022282449062913656,
-0.003200975246727498,
-4.358157457317836e-05
],
"l_middle_pip": [
0.027951855212450027,
-0.02800810337066688,
-0.0049653109163045935
],
"l_middle_dip": [
0.042618125677108765,
-0.01342667825520058,
-0.021600345149636557
],
"l_middle_tip": [
0.03530673310160637,
-0.0020583933219313977,
-0.03970618918538134
],
"l_ring_mcp": [
0.009458813816308975,
0.00030139321461319837,
0.010248338803649082
],
"l_ring_pip": [
0.03553240746259689,
-0.01240480225533263,
0.004083611536771123
],
"l_ring_dip": [
0.04559433087706566,
0.000356798991560917,
-0.01058984454721224
],
"l_ring_tip": [
0.0429457388818264,
0.013797739520669086,
-0.03030680865049396
],
"l_pinky_mcp": [
0.0026967632584273815,
0.01551697496324797,
0.016998637467622965
],
"l_pinky_pip": [
0.026827016845345497,
0.008445600979030214,
0.009689960628748056
],
"l_pinky_dip": [
0.044326331466436386,
0.00920705683529386,
-0.00755150616168984
],
"l_pinky_tip": [
0.05143686383962631,
0.019236175343394436,
-0.020321823656559258
],
"r_hand_position": null,
"r_wrist": null,
"r_thumb_cmc": null,
"r_thumb_mcp": null,
"r_thumb_ip": null,
"r_thumb_tip": null,
"r_index_mcp": null,
"r_index_pip": null,
"r_index_dip": null,
"r_index_tip": null,
"r_middle_mcp": null,
"r_middle_pip": null,
"r_middle_dip": null,
"r_middle_tip": null,
"r_ring_mcp": null,
"r_ring_pip": null,
"r_ring_dip": null,
"r_ring_tip": null,
"r_pinky_mcp": null,
"r_pinky_pip": null,
"r_pinky_dip": null,
"r_pinky_tip": null
}
],
"framerate": 30,
"mirrorable": true
}