{
"label": "d",
"gestures": [
{
"l_hand_position": null,
"l_wrist": null,
"l_thumb_cmc": null,
"l_thumb_mcp": null,
"l_thumb_ip": null,
"l_thumb_tip": null,
"l_index_mcp": null,
"l_index_pip": null,
"l_index_dip": null,
"l_index_tip": null,
"l_middle_mcp": null,
"l_middle_pip": null,
"l_middle_dip": null,
"l_middle_tip": null,
"l_ring_mcp": null,
"l_ring_pip": null,
"l_ring_dip": null,
"l_ring_tip": null,
"l_pinky_mcp": null,
"l_pinky_pip": null,
"l_pinky_dip": null,
"l_pinky_tip": null,
"r_hand_position": [
-0.28634072840213776,
0.18846821784973145,
-0.4999997327439303
],
"r_wrist": [
-0.011415060609579086,
0.08881086111068726,
0.002664563711732626
],
"r_thumb_cmc": [
0.011359630152583122,
0.06749926507472992,
0.018066328018903732
],
"r_thumb_mcp": [
0.03580433502793312,
0.045206788927316666,
0.03176765888929367
],
"r_thumb_ip": [
0.05178426578640938,
0.02015536092221737,
0.04805014654994011
],
"r_thumb_tip": [
0.05806367099285126,
-0.0053215641528368,
0.06002451106905937
],
"r_index_mcp": [
0.008032185025513172,
-0.004128593020141125,
0.027932269498705864
],
"r_index_pip": [
0.013074755668640137,
-0.03391207382082939,
0.02721751295030117
],
"r_index_dip": [
0.027322564274072647,
-0.05168481916189194,
0.020833075046539307
],
"r_index_tip": [
0.043131884187459946,
-0.054257579147815704,
0.005853165406733751
],
"r_middle_mcp": [
-0.003539108671247959,
-0.005434527527540922,
0.006833426188677549
],
"r_middle_pip": [
0.011881019920110703,
-0.0396147295832634,
-0.0011212051613256335
],
"r_middle_dip": [
0.03605326637625694,
-0.038032565265893936,
-0.012405099347233772
],
"r_middle_tip": [
0.05436395853757858,
-0.02249424159526825,
-0.012975211255252361
],
"r_ring_mcp": [
-0.0058609964326024055,
0.0006898725405335426,
-0.016967715695500374
],
"r_ring_pip": [
0.009420547634363174,
-0.02744283154606819,
-0.024579579010605812
],
"r_ring_dip": [
0.03337520733475685,
-0.02414618246257305,
-0.030894778668880463
],
"r_ring_tip": [
0.05007516220211983,
-0.00618475116789341,
-0.02973608486354351
],
"r_pinky_mcp": [
-0.009144890122115612,
0.016506243497133255,
-0.03668637573719025
],
"r_pinky_pip": [
0.0019061085768043995,
-0.005395013839006424,
-0.039651982486248016
],
"r_pinky_dip": [
0.025460610166192055,
-0.01640215516090393,
-0.046952176839113235
],
"r_pinky_tip": [
0.041223637759685516,
-0.00417843833565712,
-0.046305373311042786
]
}
],
"framerate": 30,
"mirrorable": true
}