{
"label": "d",
"gestures": [
{
"l_hand_position": null,
"l_wrist": null,
"l_thumb_cmc": null,
"l_thumb_mcp": null,
"l_thumb_ip": null,
"l_thumb_tip": null,
"l_index_mcp": null,
"l_index_pip": null,
"l_index_dip": null,
"l_index_tip": null,
"l_middle_mcp": null,
"l_middle_pip": null,
"l_middle_dip": null,
"l_middle_tip": null,
"l_ring_mcp": null,
"l_ring_pip": null,
"l_ring_dip": null,
"l_ring_tip": null,
"l_pinky_mcp": null,
"l_pinky_pip": null,
"l_pinky_dip": null,
"l_pinky_tip": null,
"r_hand_position": null,
"r_wrist": [
-0.017511408776044846,
0.08960065990686417,
-0.0330088771879673
],
"r_thumb_cmc": [
-0.010558519512414932,
0.06686429679393768,
-0.03756926953792572
],
"r_thumb_mcp": [
0.02048773504793644,
0.04201492294669151,
-0.03632481396198273
],
"r_thumb_ip": [
0.047930385917425156,
0.02311078831553459,
-0.03367287665605545
],
"r_thumb_tip": [
0.058200761675834656,
0.0033734869211912155,
-0.016748443245887756
],
"r_index_mcp": [
-0.00351141719147563,
-0.013995649293065071,
-0.0015092937974259257
],
"r_index_pip": [
0.0005337968468666077,
-0.040208980441093445,
-0.0029153842478990555
],
"r_index_dip": [
0.0068601928651332855,
-0.06963033229112625,
-0.006495657376945019
],
"r_index_tip": [
0.007429249584674835,
-0.09566642343997955,
-0.02116907574236393
],
"r_middle_mcp": [
-0.006423323880881071,
-0.004805087111890316,
0.007044976111501455
],
"r_middle_pip": [
0.024346934631466866,
-0.031173501163721085,
-0.01751045323908329
],
"r_middle_dip": [
0.045594360679388046,
-0.025475643575191498,
-0.043762192130088806
],
"r_middle_tip": [
0.05331997200846672,
-0.016796652227640152,
-0.07088539749383926
],
"r_ring_mcp": [
0.005434062797576189,
0.002307668561115861,
-0.0005614341353066266
],
"r_ring_pip": [
0.028688913211226463,
-0.01620718650519848,
-0.017916155979037285
],
"r_ring_dip": [
0.048350755125284195,
-0.008105181157588959,
-0.04900630563497543
],
"r_ring_tip": [
0.05411133915185928,
0.004170116037130356,
-0.07805480062961578
],
"r_pinky_mcp": [
0.002762787975370884,
0.019256118685007095,
-0.005959028378129005
],
"r_pinky_pip": [
0.02259274572134018,
0.00416365172713995,
-0.016408022493124008
],
"r_pinky_dip": [
0.042740412056446075,
-0.0009515043348073959,
-0.04015849158167839
],
"r_pinky_tip": [
0.04524311050772667,
0.0051250457763671875,
-0.060358352959156036
]
}
],
"framerate": 30,
"mirrorable": true
}