{
"label": "d",
"gestures": [
{
"l_hand_position": null,
"l_wrist": null,
"l_thumb_cmc": null,
"l_thumb_mcp": null,
"l_thumb_ip": null,
"l_thumb_tip": null,
"l_index_mcp": null,
"l_index_pip": null,
"l_index_dip": null,
"l_index_tip": null,
"l_middle_mcp": null,
"l_middle_pip": null,
"l_middle_dip": null,
"l_middle_tip": null,
"l_ring_mcp": null,
"l_ring_pip": null,
"l_ring_dip": null,
"l_ring_tip": null,
"l_pinky_mcp": null,
"l_pinky_pip": null,
"l_pinky_dip": null,
"l_pinky_tip": null,
"r_hand_position": null,
"r_wrist": [
-0.01405869610607624,
0.07610796391963959,
0.026669790968298912
],
"r_thumb_cmc": [
-0.036362748593091965,
0.05338438227772713,
-0.0005132630467414856
],
"r_thumb_mcp": [
-0.040688272565603256,
0.032622065395116806,
-0.0066805812530219555
],
"r_thumb_ip": [
-0.04352715611457825,
0.008343752473592758,
-0.017242934554815292
],
"r_thumb_tip": [
-0.04533885791897774,
-0.007383614778518677,
-0.01921757496893406
],
"r_index_mcp": [
-0.015964267775416374,
-0.0022732913494110107,
-0.019070975482463837
],
"r_index_pip": [
-0.0009663389064371586,
-0.017785008996725082,
-0.02867303043603897
],
"r_index_dip": [
0.005627860315144062,
-0.042556922882795334,
-0.028741998597979546
],
"r_index_tip": [
0.011668533086776733,
-0.0723782479763031,
-0.031450215727090836
],
"r_middle_mcp": [
-0.001223755069077015,
-0.002235208172351122,
-0.0008776999893598258
],
"r_middle_pip": [
-0.008281856775283813,
-0.01853359490633011,
-0.007767695467919111
],
"r_middle_dip": [
-0.03025137633085251,
-0.02679857611656189,
-0.0056930785067379475
],
"r_middle_tip": [
-0.04166366159915924,
-0.024717658758163452,
0.0014247831422835588
],
"r_ring_mcp": [
0.011115795001387596,
0.0012657730840146542,
0.01176527701318264
],
"r_ring_pip": [
-0.004867281299084425,
-0.008087152615189552,
0.01796221174299717
],
"r_ring_dip": [
-0.021788079291582108,
-0.009139196947216988,
0.027137484401464462
],
"r_ring_tip": [
-0.035213325172662735,
-0.007839716039597988,
0.03720388934016228
],
"r_pinky_mcp": [
0.007153921760618687,
0.011301640421152115,
0.03227424994111061
],
"r_pinky_pip": [
-0.006099630147218704,
0.005792714189738035,
0.03386003524065018
],
"r_pinky_dip": [
-0.020307885482907295,
0.0006247293204069138,
0.039269350469112396
],
"r_pinky_tip": [
-0.031717948615550995,
-0.0003134896978735924,
0.03693824261426926
]
}
],
"framerate": 30,
"mirrorable": true
}