{
"label": "k",
"gestures": [
{
"l_hand_position": null,
"l_wrist": null,
"l_thumb_cmc": null,
"l_thumb_mcp": null,
"l_thumb_ip": null,
"l_thumb_tip": null,
"l_index_mcp": null,
"l_index_pip": null,
"l_index_dip": null,
"l_index_tip": null,
"l_middle_mcp": null,
"l_middle_pip": null,
"l_middle_dip": null,
"l_middle_tip": null,
"l_ring_mcp": null,
"l_ring_pip": null,
"l_ring_dip": null,
"l_ring_tip": null,
"l_pinky_mcp": null,
"l_pinky_pip": null,
"l_pinky_dip": null,
"l_pinky_tip": null,
"r_hand_position": null,
"r_wrist": [
0.02883974276483059,
0.08152328431606293,
0.014613918960094452
],
"r_thumb_cmc": [
-0.0009752977639436722,
0.06825427711009979,
0.023331066593527794
],
"r_thumb_mcp": [
-0.014024298638105392,
0.043936315923929214,
0.031070193275809288
],
"r_thumb_ip": [
-0.02635709010064602,
0.019398609176278114,
0.033963337540626526
],
"r_thumb_tip": [
-0.026948466897010803,
-0.00321634067222476,
0.04069012403488159
],
"r_index_mcp": [
-0.015800079330801964,
-0.002823124872520566,
0.023193860426545143
],
"r_index_pip": [
-0.03260716795921326,
-0.019328899681568146,
0.016388297080993652
],
"r_index_dip": [
-0.04495615139603615,
-0.035295747220516205,
0.014562542550265789
],
"r_index_tip": [
-0.06260325759649277,
-0.05857490748167038,
-0.0009795139776542783
],
"r_middle_mcp": [
-0.002500769682228565,
-0.004642750136554241,
0.008445114828646183
],
"r_middle_pip": [
-0.031237682327628136,
-0.002463069511577487,
-0.00561437476426363
],
"r_middle_dip": [
-0.05774255841970444,
0.011600890196859837,
-0.019244903698563576
],
"r_middle_tip": [
-0.07816239446401596,
0.023115845397114754,
-0.024253036826848984
],
"r_ring_mcp": [
0.008993263356387615,
-0.0006716596544720232,
-0.014971909113228321
],
"r_ring_pip": [
-0.01711581088602543,
0.01816188171505928,
-0.02093440853059292
],
"r_ring_dip": [
-0.01634417101740837,
0.04052089527249336,
-0.017014672979712486
],
"r_ring_tip": [
-0.0019069015979766846,
0.05607888102531433,
-0.004792904015630484
],
"r_pinky_mcp": [
0.014498270116746426,
0.01599159836769104,
-0.0313384048640728
],
"r_pinky_pip": [
-0.005031141452491283,
0.028824301436543465,
-0.03280363231897354
],
"r_pinky_dip": [
-0.009041196666657925,
0.04249046742916107,
-0.02335217222571373
],
"r_pinky_tip": [
0.002345469081774354,
0.0519365593791008,
-0.013280589133501053
]
}
],
"framerate": 30,
"mirrorable": true
}