{
"label": "k",
"gestures": [
{
"l_hand_position": null,
"l_wrist": null,
"l_thumb_cmc": null,
"l_thumb_mcp": null,
"l_thumb_ip": null,
"l_thumb_tip": null,
"l_index_mcp": null,
"l_index_pip": null,
"l_index_dip": null,
"l_index_tip": null,
"l_middle_mcp": null,
"l_middle_pip": null,
"l_middle_dip": null,
"l_middle_tip": null,
"l_ring_mcp": null,
"l_ring_pip": null,
"l_ring_dip": null,
"l_ring_tip": null,
"l_pinky_mcp": null,
"l_pinky_pip": null,
"l_pinky_dip": null,
"l_pinky_tip": null,
"r_hand_position": null,
"r_wrist": [
0.005046933889389038,
0.08792048692703247,
-0.02154616080224514
],
"r_thumb_cmc": [
0.03031250461935997,
0.06307142227888107,
-0.020171750336885452
],
"r_thumb_mcp": [
0.04695458710193634,
0.03445001319050789,
-0.021962273865938187
],
"r_thumb_ip": [
0.054283127188682556,
0.00035253725945949554,
-0.026104960590600967
],
"r_thumb_tip": [
0.05697392672300339,
-0.022700197994709015,
-0.020845545455813408
],
"r_index_mcp": [
0.022287968546152115,
-0.00221142265945673,
0.008160974830389023
],
"r_index_pip": [
0.039164818823337555,
-0.01687033474445343,
-0.008125381544232368
],
"r_index_dip": [
0.054770682007074356,
-0.021640785038471222,
-0.01650252938270569
],
"r_index_tip": [
0.06822970509529114,
-0.017859717831015587,
-0.04497651010751724
],
"r_middle_mcp": [
2.58004292845726e-05,
-0.004413050599396229,
0.0078739607706666
],
"r_middle_pip": [
0.008779020980000496,
-0.04164106398820877,
-0.002352482173591852
],
"r_middle_dip": [
0.016567109152674675,
-0.06306585669517517,
-0.016476303339004517
],
"r_middle_tip": [
0.027450744062662125,
-0.08437612652778625,
-0.0322013758122921
],
"r_ring_mcp": [
-0.017938802018761635,
-0.001011754386126995,
-0.004803998861461878
],
"r_ring_pip": [
-0.023468412458896637,
-0.03613337501883507,
-0.011117752641439438
],
"r_ring_dip": [
-0.02188991755247116,
-0.06062670797109604,
-0.02352573350071907
],
"r_ring_tip": [
-0.019340526312589645,
-0.08312392234802246,
-0.032658278942108154
],
"r_pinky_mcp": [
-0.028199948370456696,
0.010985031723976135,
-0.01798517443239689
],
"r_pinky_pip": [
-0.03687707707285881,
-0.012489819899201393,
-0.020531082525849342
],
"r_pinky_dip": [
-0.04182757809758186,
-0.03318443149328232,
-0.022616632282733917
],
"r_pinky_tip": [
-0.04269584268331528,
-0.04967579245567322,
-0.02857350930571556
]
}
],
"framerate": 30,
"mirrorable": true
}