{
"label": "k",
"gestures": [
{
"l_hand_position": [
0.304912805557251,
0.06943309307098389,
-0.5090914145112038
],
"l_wrist": [
0.05048347520154775,
0.997495663237097,
0.049536053080141015
],
"l_thumb_cmc": [
-0.15297808251907286,
0.6807744532585789,
-0.06245820951020565
],
"l_thumb_mcp": [
-0.23786469021001244,
0.2534656915944264,
-0.09715916446326438
],
"l_thumb_ip": [
-0.2206142480372507,
-0.10983444020932427,
-0.133855456852567
],
"l_thumb_tip": [
-0.2700347935872406,
-0.38302035093957304,
-0.16026934394249098
],
"l_index_mcp": [
-0.17575718781072266,
-0.035846677341568614,
0.009368546720988738
],
"l_index_pip": [
-0.2658100298117698,
-0.51129839052906,
-0.08970149552479321
],
"l_index_dip": [
-0.3138094387423839,
-0.7840546477521255,
-0.14019134408240935
],
"l_index_tip": [
-0.3382603930551824,
-1.0136867480852692,
-0.15867093059731494
],
"l_middle_mcp": [
0.0,
0.0,
0.0
],
"l_middle_pip": [
0.0458819933094234,
-0.5001212289593484,
-0.12826275571331028
],
"l_middle_dip": [
0.09584975439955232,
-0.8092746266340927,
-0.19828884856788304
],
"l_middle_tip": [
0.14082405190203892,
-1.0609712044867343,
-0.21758907571718625
],
"l_ring_mcp": [
0.1594634797514621,
0.12454917974861103,
-0.027437308023051544
],
"l_ring_pip": [
0.15922348433059402,
0.0378010649502075,
-0.2262531052647224
],
"l_ring_dip": [
0.09792527636811514,
0.32191862096034884,
-0.260866436720497
],
"l_ring_tip": [
0.058275045076334075,
0.5367219920482184,
-0.2145107244388442
],
"l_pinky_mcp": [
0.30283070369790965,
0.29582439624214774,
-0.0600423828032908
],
"l_pinky_pip": [
0.2882442431724833,
0.21040778513191621,
-0.20318535189457418
],
"l_pinky_dip": [
0.21174156211906808,
0.4307518353475671,
-0.19076518291840439
],
"l_pinky_tip": [
0.1591634042861277,
0.6184077947755912,
-0.13822684841223526
],
"r_hand_position": null,
"r_wrist": null,
"r_thumb_cmc": null,
"r_thumb_mcp": null,
"r_thumb_ip": null,
"r_thumb_tip": null,
"r_index_mcp": null,
"r_index_pip": null,
"r_index_dip": null,
"r_index_tip": null,
"r_middle_mcp": null,
"r_middle_pip": null,
"r_middle_dip": null,
"r_middle_tip": null,
"r_ring_mcp": null,
"r_ring_pip": null,
"r_ring_dip": null,
"r_ring_tip": null,
"r_pinky_mcp": null,
"r_pinky_pip": null,
"r_pinky_dip": null,
"r_pinky_tip": null,
"l_hand_velocity": null,
"r_hand_velocity": null,
"m_nose_point": null,
"m_top_nose": null,
"m_eyebrows": null,
"m_forehead": null,
"m_top_chin": null,
"m_bot_up_lip": null,
"m_top_low_lip": null,
"m_bot_nose": null,
"m_chin": null,
"m_nose": null,
"l_eye_exterior": null,
"l_temple": null,
"l_mid_chin": null,
"l_up_lip": null,
"l_ext_nostril": null,
"l_mid_cheek": null,
"l_mid_eyebrow": null,
"l_ext_eyebrow": null,
"l_ext_lips": null,
"l_jaw_angle": null,
"l_mid_ext_face": null,
"l_int_eyebrow": null,
"l_mid_jaw": null,
"l_mid_bot_eyelid": null,
"l_ext_mouth": null,
"l_top_eyelid": null,
"l_eye_int": null,
"l_pupil": null,
"r_eye_exterior": null,
"r_temple": null,
"r_mid_chin": null,
"r_up_lip": null,
"r_ext_nostril": null,
"r_mid_cheek": null,
"r_mid_eyebrow": null,
"r_ext_eyebrow": null,
"r_ext_lips": null,
"r_jaw_angle": null,
"r_mid_ext_face": null,
"r_int_eyebrow": null,
"r_mid_jaw": null,
"r_mid_bot_eyelid": null,
"r_ext_mouth": null,
"r_top_eyelid": null,
"r_eye_int": null,
"r_pupil": null,
"l_shoulder": null,
"l_elbow": null,
"l_hip": null,
"l_knee": null,
"l_ankle": null,
"l_body_wrist": null,
"r_shoulder": null,
"r_elbow": null,
"r_hip": null,
"r_knee": null,
"r_ankle": null,
"r_body_wrist": null,
"m_face_position": null,
"m_body_position": null,
"m_face_scale": null,
"m_body_scale": null,
"l_hand_scale": [
0.18353613718832107,
0.18353613718832107,
0.18353613718832107
],
"r_hand_scale": null
}
],
"framerate": 30,
"mirrorable": true,
"invalid": false
}