{
"label": "k",
"gestures": [
{
"l_hand_position": null,
"l_wrist": null,
"l_thumb_cmc": null,
"l_thumb_mcp": null,
"l_thumb_ip": null,
"l_thumb_tip": null,
"l_index_mcp": null,
"l_index_pip": null,
"l_index_dip": null,
"l_index_tip": null,
"l_middle_mcp": null,
"l_middle_pip": null,
"l_middle_dip": null,
"l_middle_tip": null,
"l_ring_mcp": null,
"l_ring_pip": null,
"l_ring_dip": null,
"l_ring_tip": null,
"l_pinky_mcp": null,
"l_pinky_pip": null,
"l_pinky_dip": null,
"l_pinky_tip": null,
"r_hand_position": [
-0.31768275797367096,
0.14899039268493652,
-0.5029252658132464
],
"r_wrist": [
-0.042932216279522276,
0.9989968341450085,
0.012733820070140357
],
"r_thumb_cmc": [
0.18314988225657666,
0.6263645923771766,
-0.06052596109341039
],
"r_thumb_mcp": [
0.2334917597865751,
0.14611772598101147,
-0.07136586282616891
],
"r_thumb_ip": [
0.15375595156200247,
-0.2122337852837669,
-0.09390520664912262
],
"r_thumb_tip": [
0.08545153797105999,
-0.4814192639098957,
-0.10936672584361963
],
"r_index_mcp": [
0.1758879705931927,
-0.02941475054420394,
0.029619064573813882
],
"r_index_pip": [
0.2316582509729189,
-0.4635476606501383,
-0.026145307524986453
],
"r_index_dip": [
0.2721520801906631,
-0.7203047916561602,
-0.06281356639373432
],
"r_index_tip": [
0.3070397919543632,
-0.9523432481073647,
-0.0896694293212353
],
"r_middle_mcp": [
0.0,
0.0,
0.0
],
"r_middle_pip": [
-0.0192070571659154,
-0.4332845498780302,
-0.1081098409260761
],
"r_middle_dip": [
-0.03523710905328111,
-0.7204211493204462,
-0.1828274816557752
],
"r_middle_tip": [
-0.07279572862929723,
-0.9558176334810933,
-0.2191908083694025
],
"r_ring_mcp": [
-0.17195360274727015,
0.09717123239161933,
-0.04384570238343682
],
"r_ring_pip": [
-0.12270317826889031,
-0.07329131888169906,
-0.2310548310466242
],
"r_ring_dip": [
-0.0337828328277408,
0.25371704380400945,
-0.2646096670631157
],
"r_ring_tip": [
0.007764766162385589,
0.47512583198069097,
-0.23037283503772416
],
"r_pinky_mcp": [
-0.31808705711935703,
0.24768771912618284,
-0.0905449818293802
],
"r_pinky_pip": [
-0.243169682037836,
0.05890110580489153,
-0.24082345909136552
],
"r_pinky_dip": [
-0.16279429581575858,
0.2949338601364668,
-0.24422967729387648
],
"r_pinky_tip": [
-0.12195379340090828,
0.49377159637808327,
-0.21162089589315458
],
"l_hand_velocity": null,
"r_hand_velocity": null,
"m_nose_point": null,
"m_top_nose": null,
"m_eyebrows": null,
"m_forehead": null,
"m_top_chin": null,
"m_bot_up_lip": null,
"m_top_low_lip": null,
"m_bot_nose": null,
"m_chin": null,
"m_nose": null,
"l_eye_exterior": null,
"l_temple": null,
"l_mid_chin": null,
"l_up_lip": null,
"l_ext_nostril": null,
"l_mid_cheek": null,
"l_mid_eyebrow": null,
"l_ext_eyebrow": null,
"l_ext_lips": null,
"l_jaw_angle": null,
"l_mid_ext_face": null,
"l_int_eyebrow": null,
"l_mid_jaw": null,
"l_mid_bot_eyelid": null,
"l_ext_mouth": null,
"l_top_eyelid": null,
"l_eye_int": null,
"l_pupil": null,
"r_eye_exterior": null,
"r_temple": null,
"r_mid_chin": null,
"r_up_lip": null,
"r_ext_nostril": null,
"r_mid_cheek": null,
"r_mid_eyebrow": null,
"r_ext_eyebrow": null,
"r_ext_lips": null,
"r_jaw_angle": null,
"r_mid_ext_face": null,
"r_int_eyebrow": null,
"r_mid_jaw": null,
"r_mid_bot_eyelid": null,
"r_ext_mouth": null,
"r_top_eyelid": null,
"r_eye_int": null,
"r_pupil": null,
"l_shoulder": null,
"l_elbow": null,
"l_hip": null,
"l_knee": null,
"l_ankle": null,
"l_body_wrist": null,
"r_shoulder": null,
"r_elbow": null,
"r_hip": null,
"r_knee": null,
"r_ankle": null,
"r_body_wrist": null,
"m_face_position": null,
"m_body_position": null,
"m_face_scale": null,
"m_body_scale": null,
"l_hand_scale": null,
"r_hand_scale": [
0.22974578723125139,
0.22974578723125139,
0.22974578723125139
]
}
],
"framerate": 30,
"mirrorable": true,
"invalid": false
}