{
"label": "k",
"gestures": [
{
"l_hand_position": null,
"l_wrist": null,
"l_thumb_cmc": null,
"l_thumb_mcp": null,
"l_thumb_ip": null,
"l_thumb_tip": null,
"l_index_mcp": null,
"l_index_pip": null,
"l_index_dip": null,
"l_index_tip": null,
"l_middle_mcp": null,
"l_middle_pip": null,
"l_middle_dip": null,
"l_middle_tip": null,
"l_ring_mcp": null,
"l_ring_pip": null,
"l_ring_dip": null,
"l_ring_tip": null,
"l_pinky_mcp": null,
"l_pinky_pip": null,
"l_pinky_dip": null,
"l_pinky_tip": null,
"r_hand_position": [
-0.2756785750389099,
0.0377347469329834,
-0.5357581451535225
],
"r_wrist": [
0.011499476150497692,
0.9924448214811267,
0.12215170225403585
],
"r_thumb_cmc": [
0.20794041058009538,
0.7507664651759469,
0.03485466930562769
],
"r_thumb_mcp": [
0.33398426328488295,
0.31219516061181807,
0.007812445665715843
],
"r_thumb_ip": [
0.3997380227671898,
-0.014721194538707702,
-0.025049837795531427
],
"r_thumb_tip": [
0.504707850532553,
-0.24020126877138281,
-0.044597298011729875
],
"r_index_mcp": [
0.1913803138342766,
-0.02032392631450084,
0.030402606687230153
],
"r_index_pip": [
0.28933608826612195,
-0.42425855135050167,
-0.054717712037425335
],
"r_index_dip": [
0.34579841843234577,
-0.6675008347832705,
-0.0910076779586183
],
"r_index_tip": [
0.3801437322893919,
-0.8771691802114695,
-0.11522634223883209
],
"r_middle_mcp": [
0.0,
0.0,
0.0
],
"r_middle_pip": [
-0.0725735690351034,
-0.45220898937630805,
-0.1403489705496757
],
"r_middle_dip": [
-0.07319742956354146,
-0.7527158257174827,
-0.21016169205365773
],
"r_middle_tip": [
-0.08988111747801622,
-0.9857437164609931,
-0.23894558147978895
],
"r_ring_mcp": [
-0.1558217907870548,
0.11780722412877423,
-0.041495302205348056
],
"r_ring_pip": [
-0.031651250351162244,
-0.014161063888011517,
-0.24962438274698517
],
"r_ring_dip": [
0.12025359627276357,
0.2179692129065369,
-0.2997225312643002
],
"r_ring_tip": [
0.19409646900704544,
0.3844636203121093,
-0.2796009167701549
],
"r_pinky_mcp": [
-0.24751885346350672,
0.3005983589611267,
-0.08582681303127185
],
"r_pinky_pip": [
-0.031497219512466625,
0.3348147877938578,
-0.2622271951315037
],
"r_pinky_dip": [
0.08000929833284942,
0.5306874471794376,
-0.30398820816897043
],
"r_pinky_tip": [
0.12082920127077088,
0.6547581169922235,
-0.2964011713140457
],
"l_hand_velocity": null,
"r_hand_velocity": null,
"m_nose_point": null,
"m_top_nose": null,
"m_eyebrows": null,
"m_forehead": null,
"m_top_chin": null,
"m_bot_up_lip": null,
"m_top_low_lip": null,
"m_bot_nose": null,
"m_chin": null,
"m_nose": null,
"l_eye_exterior": null,
"l_temple": null,
"l_mid_chin": null,
"l_up_lip": null,
"l_ext_nostril": null,
"l_mid_cheek": null,
"l_mid_eyebrow": null,
"l_ext_eyebrow": null,
"l_ext_lips": null,
"l_jaw_angle": null,
"l_mid_ext_face": null,
"l_int_eyebrow": null,
"l_mid_jaw": null,
"l_mid_bot_eyelid": null,
"l_ext_mouth": null,
"l_top_eyelid": null,
"l_eye_int": null,
"l_pupil": null,
"r_eye_exterior": null,
"r_temple": null,
"r_mid_chin": null,
"r_up_lip": null,
"r_ext_nostril": null,
"r_mid_cheek": null,
"r_mid_eyebrow": null,
"r_ext_eyebrow": null,
"r_ext_lips": null,
"r_jaw_angle": null,
"r_mid_ext_face": null,
"r_int_eyebrow": null,
"r_mid_jaw": null,
"r_mid_bot_eyelid": null,
"r_ext_mouth": null,
"r_top_eyelid": null,
"r_eye_int": null,
"r_pupil": null,
"l_shoulder": null,
"l_elbow": null,
"l_hip": null,
"l_knee": null,
"l_ankle": null,
"l_body_wrist": null,
"r_shoulder": null,
"r_elbow": null,
"r_hip": null,
"r_knee": null,
"r_ankle": null,
"r_body_wrist": null,
"m_face_position": null,
"m_body_position": null,
"m_face_scale": null,
"m_body_scale": null,
"l_hand_scale": null,
"r_hand_scale": [
0.29273951991968067,
0.29273951991968067,
0.29273951991968067
]
}
],
"framerate": 30,
"mirrorable": true,
"invalid": false
}