{
"label": "k",
"gestures": [
{
"l_hand_position": [
0.2373875379562378,
0.09147238731384277,
-0.49477518210187554
],
"l_wrist": [
0.024982915092010765,
0.9993761254621095,
-0.024964250636606282
],
"l_thumb_cmc": [
-0.2126704715595614,
0.659404796104271,
-0.11638567506684341
],
"l_thumb_mcp": [
-0.2660441373396182,
0.18763543930942977,
-0.11786203418726665
],
"l_thumb_ip": [
-0.1640753511134404,
-0.1540366751210748,
-0.12771110909756134
],
"l_thumb_tip": [
-0.11800065060923083,
-0.4312691986570695,
-0.1270639254190449
],
"l_index_mcp": [
-0.17324170549201226,
-0.028141841419206406,
0.016124482251098544
],
"l_index_pip": [
-0.2409082882918101,
-0.4228763426471114,
-0.051002299486405014
],
"l_index_dip": [
-0.2859024833429562,
-0.6475982662373954,
-0.0926209762964384
],
"l_index_tip": [
-0.30268734098323113,
-0.8648479278812498,
-0.11599027528866813
],
"l_middle_mcp": [
0.0,
0.0,
0.0
],
"l_middle_pip": [
0.01255767196820814,
-0.4838089899071922,
-0.11114182212053844
],
"l_middle_dip": [
0.033377479861251544,
-0.7774448905736098,
-0.18401648961894865
],
"l_middle_tip": [
0.059983146685353976,
-1.0186688721428898,
-0.2137982415613767
],
"l_ring_mcp": [
0.16456006916328597,
0.10501237130179443,
-0.03678537330590835
],
"l_ring_pip": [
0.11184997157132565,
-0.08313370223993445,
-0.2233445456862765
],
"l_ring_dip": [
0.011869896356940786,
0.21124906862960888,
-0.2513031226724185
],
"l_ring_tip": [
-0.0479574684404781,
0.4299617130126271,
-0.20805597379160115
],
"l_pinky_mcp": [
0.326990739467174,
0.2605034853656197,
-0.07979669338119692
],
"l_pinky_pip": [
0.25222995771223344,
0.08917786861588767,
-0.21441844998267584
],
"l_pinky_dip": [
0.13034729080603147,
0.28776844847961197,
-0.20180205721370242
],
"l_pinky_tip": [
0.04840972006395328,
0.459690991805417,
-0.15716655031551838
],
"r_hand_position": null,
"r_wrist": null,
"r_thumb_cmc": null,
"r_thumb_mcp": null,
"r_thumb_ip": null,
"r_thumb_tip": null,
"r_index_mcp": null,
"r_index_pip": null,
"r_index_dip": null,
"r_index_tip": null,
"r_middle_mcp": null,
"r_middle_pip": null,
"r_middle_dip": null,
"r_middle_tip": null,
"r_ring_mcp": null,
"r_ring_pip": null,
"r_ring_dip": null,
"r_ring_tip": null,
"r_pinky_mcp": null,
"r_pinky_pip": null,
"r_pinky_dip": null,
"r_pinky_tip": null,
"l_hand_velocity": null,
"r_hand_velocity": null,
"m_nose_point": null,
"m_top_nose": null,
"m_eyebrows": null,
"m_forehead": null,
"m_top_chin": null,
"m_bot_up_lip": null,
"m_top_low_lip": null,
"m_bot_nose": null,
"m_chin": null,
"m_nose": null,
"l_eye_exterior": null,
"l_temple": null,
"l_mid_chin": null,
"l_up_lip": null,
"l_ext_nostril": null,
"l_mid_cheek": null,
"l_mid_eyebrow": null,
"l_ext_eyebrow": null,
"l_ext_lips": null,
"l_jaw_angle": null,
"l_mid_ext_face": null,
"l_int_eyebrow": null,
"l_mid_jaw": null,
"l_mid_bot_eyelid": null,
"l_ext_mouth": null,
"l_top_eyelid": null,
"l_eye_int": null,
"l_pupil": null,
"r_eye_exterior": null,
"r_temple": null,
"r_mid_chin": null,
"r_up_lip": null,
"r_ext_nostril": null,
"r_mid_cheek": null,
"r_mid_eyebrow": null,
"r_ext_eyebrow": null,
"r_ext_lips": null,
"r_jaw_angle": null,
"r_mid_ext_face": null,
"r_int_eyebrow": null,
"r_mid_jaw": null,
"r_mid_bot_eyelid": null,
"r_ext_mouth": null,
"r_top_eyelid": null,
"r_eye_int": null,
"r_pupil": null,
"l_shoulder": null,
"l_elbow": null,
"l_hip": null,
"l_knee": null,
"l_ankle": null,
"l_body_wrist": null,
"r_shoulder": null,
"r_elbow": null,
"r_hip": null,
"r_knee": null,
"r_ankle": null,
"r_body_wrist": null,
"m_face_position": null,
"m_body_position": null,
"m_face_scale": null,
"m_body_scale": null,
"l_hand_scale": [
0.20929095881623785,
0.20929095881623785,
0.20929095881623785
],
"r_hand_scale": null
}
],
"framerate": 30,
"mirrorable": true,
"invalid": false
}