{
"label": "k",
"gestures": [
{
"l_hand_position": null,
"l_wrist": null,
"l_thumb_cmc": null,
"l_thumb_mcp": null,
"l_thumb_ip": null,
"l_thumb_tip": null,
"l_index_mcp": null,
"l_index_pip": null,
"l_index_dip": null,
"l_index_tip": null,
"l_middle_mcp": null,
"l_middle_pip": null,
"l_middle_dip": null,
"l_middle_tip": null,
"l_ring_mcp": null,
"l_ring_pip": null,
"l_ring_dip": null,
"l_ring_tip": null,
"l_pinky_mcp": null,
"l_pinky_pip": null,
"l_pinky_dip": null,
"l_pinky_tip": null,
"r_hand_position": [
-0.30834172666072845,
0.16206049919128418,
-0.4622840844094753
],
"r_wrist": [
-0.11048874938122423,
0.9771214372207512,
-0.1817303859673077
],
"r_thumb_cmc": [
0.15952649037206032,
0.5703442807572273,
-0.20038653683289
],
"r_thumb_mcp": [
0.2143301547952219,
0.13009755607090687,
-0.14759093283423955
],
"r_thumb_ip": [
0.15649572772961098,
-0.21613557344544077,
-0.11744131644179263
],
"r_thumb_tip": [
0.09729853088944633,
-0.4720172105094837,
-0.08535431692744513
],
"r_index_mcp": [
0.1830978840526727,
-0.007366998416665561,
0.029063255351638034
],
"r_index_pip": [
0.2585606500160002,
-0.38389009148266234,
0.04470017691099132
],
"r_index_dip": [
0.30229787714662126,
-0.6306657267612467,
0.03482828128016051
],
"r_index_tip": [
0.3418380174926512,
-0.8429223605702021,
0.020740002532972982
],
"r_middle_mcp": [
0.0,
0.0,
0.0
],
"r_middle_pip": [
-0.022420291202970365,
-0.4189840697886783,
-0.028421558082532113
],
"r_middle_dip": [
-0.039284603063225065,
-0.710475498544427,
-0.09649361357871741
],
"r_middle_tip": [
-0.06192898301574139,
-0.9615717889312067,
-0.13618085928558657
],
"r_ring_mcp": [
-0.1885558559800951,
0.08351954990286649,
-0.04782007963115974
],
"r_ring_pip": [
-0.17431670684361458,
-0.17370216803958902,
-0.17828174822697573
],
"r_ring_dip": [
-0.10391737013588798,
0.12241032829731247,
-0.23441807594008765
],
"r_ring_tip": [
-0.06397055286661922,
0.3200245824611523,
-0.22430428508425834
],
"r_pinky_mcp": [
-0.3721598244772326,
0.22093384417746803,
-0.09389350916112443
],
"r_pinky_pip": [
-0.32226177224094327,
-0.05499271462423641,
-0.2153903401376148
],
"r_pinky_dip": [
-0.2563005200390032,
0.16309151907839026,
-0.2325691283554208
],
"r_pinky_tip": [
-0.20422217976403637,
0.35574351061530923,
-0.21342813430428131
],
"l_hand_velocity": null,
"r_hand_velocity": null,
"m_nose_point": null,
"m_top_nose": null,
"m_eyebrows": null,
"m_forehead": null,
"m_top_chin": null,
"m_bot_up_lip": null,
"m_top_low_lip": null,
"m_bot_nose": null,
"m_chin": null,
"m_nose": null,
"l_eye_exterior": null,
"l_temple": null,
"l_mid_chin": null,
"l_up_lip": null,
"l_ext_nostril": null,
"l_mid_cheek": null,
"l_mid_eyebrow": null,
"l_ext_eyebrow": null,
"l_ext_lips": null,
"l_jaw_angle": null,
"l_mid_ext_face": null,
"l_int_eyebrow": null,
"l_mid_jaw": null,
"l_mid_bot_eyelid": null,
"l_ext_mouth": null,
"l_top_eyelid": null,
"l_eye_int": null,
"l_pupil": null,
"r_eye_exterior": null,
"r_temple": null,
"r_mid_chin": null,
"r_up_lip": null,
"r_ext_nostril": null,
"r_mid_cheek": null,
"r_mid_eyebrow": null,
"r_ext_eyebrow": null,
"r_ext_lips": null,
"r_jaw_angle": null,
"r_mid_ext_face": null,
"r_int_eyebrow": null,
"r_mid_jaw": null,
"r_mid_bot_eyelid": null,
"r_ext_mouth": null,
"r_top_eyelid": null,
"r_eye_int": null,
"r_pupil": null,
"l_shoulder": null,
"l_elbow": null,
"l_hip": null,
"l_knee": null,
"l_ankle": null,
"l_body_wrist": null,
"r_shoulder": null,
"r_elbow": null,
"r_hip": null,
"r_knee": null,
"r_ankle": null,
"r_body_wrist": null,
"m_face_position": null,
"m_body_position": null,
"m_face_scale": null,
"m_body_scale": null,
"l_hand_scale": null,
"r_hand_scale": [
0.20753618457075246,
0.20753618457075246,
0.20753618457075246
]
}
],
"framerate": 30,
"mirrorable": true,
"invalid": false
}