{
"label": "k",
"gestures": [
{
"l_hand_position": [
0.2655591368675232,
-0.015787601470947266,
-0.5200594067573547
],
"l_wrist": [
-0.10954041997000812,
0.9888420633607614,
0.1009567735282097
],
"l_thumb_cmc": [
-0.2949220766250342,
0.6443238245871754,
-0.008710281541575627
],
"l_thumb_mcp": [
-0.3143310182670476,
0.20643003424000003,
-0.05766104703245861
],
"l_thumb_ip": [
-0.1491214734349849,
-0.07926470292126053,
-0.10760097699910487
],
"l_thumb_tip": [
0.019916221821253348,
-0.24252672384816318,
-0.1518141307258396
],
"l_index_mcp": [
-0.19142312059926803,
-0.08585994522793707,
0.019175260147559058
],
"l_index_pip": [
-0.2081855656468079,
-0.5302328824179416,
-0.10155570695357725
],
"l_index_dip": [
-0.21827297150554364,
-0.7836929790707049,
-0.15408417952911044
],
"l_index_tip": [
-0.1999478875143841,
-0.9873512716098846,
-0.18267540614529393
],
"l_middle_mcp": [
0.0,
0.0,
0.0
],
"l_middle_pip": [
0.08652141938241611,
-0.4475348136472423,
-0.2003086796672934
],
"l_middle_dip": [
-0.034015670918992574,
-0.2716824346584765,
-0.24327309468550734
],
"l_middle_tip": [
-0.14383597995300476,
-0.05028718514848033,
-0.20747451842927778
],
"l_ring_mcp": [
0.16094371150929992,
0.16271154243553348,
-0.03503293117198053
],
"l_ring_pip": [
0.13565289968729985,
0.0011560048318752791,
-0.2568408145592946
],
"l_ring_dip": [
-0.05144528989830634,
0.26334741032962256,
-0.24802250911349474
],
"l_ring_tip": [
-0.16472206387921534,
0.4573384305943512,
-0.168632729829294
],
"l_pinky_mcp": [
0.2886460218468682,
0.3816552877321951,
-0.07698250459270334
],
"l_pinky_pip": [
0.2225454045704373,
0.2854484467844682,
-0.22498164688009428
],
"l_pinky_dip": [
0.04197226003429763,
0.44353986974012327,
-0.21289729404728672
],
"l_pinky_tip": [
-0.0809851356994634,
0.5702588185001939,
-0.1619880269551709
],
"r_hand_position": null,
"r_wrist": null,
"r_thumb_cmc": null,
"r_thumb_mcp": null,
"r_thumb_ip": null,
"r_thumb_tip": null,
"r_index_mcp": null,
"r_index_pip": null,
"r_index_dip": null,
"r_index_tip": null,
"r_middle_mcp": null,
"r_middle_pip": null,
"r_middle_dip": null,
"r_middle_tip": null,
"r_ring_mcp": null,
"r_ring_pip": null,
"r_ring_dip": null,
"r_ring_tip": null,
"r_pinky_mcp": null,
"r_pinky_pip": null,
"r_pinky_dip": null,
"r_pinky_tip": null,
"l_hand_velocity": null,
"r_hand_velocity": null,
"m_nose_point": null,
"m_top_nose": null,
"m_eyebrows": null,
"m_forehead": null,
"m_top_chin": null,
"m_bot_up_lip": null,
"m_top_low_lip": null,
"m_bot_nose": null,
"m_chin": null,
"m_nose": null,
"l_eye_exterior": null,
"l_temple": null,
"l_mid_chin": null,
"l_up_lip": null,
"l_ext_nostril": null,
"l_mid_cheek": null,
"l_mid_eyebrow": null,
"l_ext_eyebrow": null,
"l_ext_lips": null,
"l_jaw_angle": null,
"l_mid_ext_face": null,
"l_int_eyebrow": null,
"l_mid_jaw": null,
"l_mid_bot_eyelid": null,
"l_ext_mouth": null,
"l_top_eyelid": null,
"l_eye_int": null,
"l_pupil": null,
"r_eye_exterior": null,
"r_temple": null,
"r_mid_chin": null,
"r_up_lip": null,
"r_ext_nostril": null,
"r_mid_cheek": null,
"r_mid_eyebrow": null,
"r_ext_eyebrow": null,
"r_ext_lips": null,
"r_jaw_angle": null,
"r_mid_ext_face": null,
"r_int_eyebrow": null,
"r_mid_jaw": null,
"r_mid_bot_eyelid": null,
"r_ext_mouth": null,
"r_top_eyelid": null,
"r_eye_int": null,
"r_pupil": null,
"l_shoulder": null,
"l_elbow": null,
"l_hip": null,
"l_knee": null,
"l_ankle": null,
"l_body_wrist": null,
"r_shoulder": null,
"r_elbow": null,
"r_hip": null,
"r_knee": null,
"r_ankle": null,
"r_body_wrist": null,
"m_face_position": null,
"m_body_position": null,
"m_face_scale": null,
"m_body_scale": null,
"l_hand_scale": [
0.19868991228122182,
0.19868991228122182,
0.19868991228122182
],
"r_hand_scale": null
}
],
"framerate": 30,
"mirrorable": true,
"invalid": false
}