{
"label": "x",
"gestures": [
{
"l_hand_position": null,
"l_wrist": null,
"l_thumb_cmc": null,
"l_thumb_mcp": null,
"l_thumb_ip": null,
"l_thumb_tip": null,
"l_index_mcp": null,
"l_index_pip": null,
"l_index_dip": null,
"l_index_tip": null,
"l_middle_mcp": null,
"l_middle_pip": null,
"l_middle_dip": null,
"l_middle_tip": null,
"l_ring_mcp": null,
"l_ring_pip": null,
"l_ring_dip": null,
"l_ring_tip": null,
"l_pinky_mcp": null,
"l_pinky_pip": null,
"l_pinky_dip": null,
"l_pinky_tip": null,
"r_hand_position": null,
"r_wrist": [
0.008063463494181633,
0.08975739777088165,
-0.023261234164237976
],
"r_thumb_cmc": [
-0.021509850397706032,
0.0665387436747551,
-0.027827590703964233
],
"r_thumb_mcp": [
-0.024635663256049156,
0.03366567939519882,
-0.03304269164800644
],
"r_thumb_ip": [
-0.018107173964381218,
-0.0009379875846207142,
-0.037028081715106964
],
"r_thumb_tip": [
0.008181754499673843,
-0.022953592240810394,
-0.03328234702348709
],
"r_index_mcp": [
-0.02806508168578148,
-0.0022403812035918236,
0.00443484028801322
],
"r_index_pip": [
-0.03725532814860344,
-0.02890905737876892,
-0.00037212035385891795
],
"r_index_dip": [
-0.04264866188168526,
-0.04909002035856247,
-0.0056679691188037395
],
"r_index_tip": [
-0.051442861557006836,
-0.06625416874885559,
-0.025036709383130074
],
"r_middle_mcp": [
-0.004456877242773771,
-0.0023437696509063244,
0.007381469011306763
],
"r_middle_pip": [
0.00059465691447258,
-0.043381042778491974,
-0.0012414936209097505
],
"r_middle_dip": [
-0.007764636538922787,
-0.06077403202652931,
-0.01869787462055683
],
"r_middle_tip": [
-0.01500086858868599,
-0.07734934985637665,
-0.032826486974954605
],
"r_ring_mcp": [
0.01779807172715664,
-0.0008842071983963251,
-0.0016960478387773037
],
"r_ring_pip": [
0.012660768814384937,
-0.021517818793654442,
-0.02499077282845974
],
"r_ring_dip": [
0.0011912795016542077,
-0.007386820390820503,
-0.042006898671388626
],
"r_ring_tip": [
-0.00422396045178175,
0.01527728233486414,
-0.04491450637578964
],
"r_pinky_mcp": [
0.029581476002931595,
0.011293328367173672,
-0.013447940349578857
],
"r_pinky_pip": [
0.02304486557841301,
-0.0018366435542702675,
-0.030087796971201897
],
"r_pinky_dip": [
0.007730898447334766,
0.0017446237616240978,
-0.04505474865436554
],
"r_pinky_tip": [
0.001849450170993805,
0.018848245963454247,
-0.047365155071020126
]
}
],
"framerate": 30,
"mirrorable": true
}