{
"label": "x",
"gestures": [
{
"l_hand_position": null,
"l_wrist": null,
"l_thumb_cmc": null,
"l_thumb_mcp": null,
"l_thumb_ip": null,
"l_thumb_tip": null,
"l_index_mcp": null,
"l_index_pip": null,
"l_index_dip": null,
"l_index_tip": null,
"l_middle_mcp": null,
"l_middle_pip": null,
"l_middle_dip": null,
"l_middle_tip": null,
"l_ring_mcp": null,
"l_ring_pip": null,
"l_ring_dip": null,
"l_ring_tip": null,
"l_pinky_mcp": null,
"l_pinky_pip": null,
"l_pinky_dip": null,
"l_pinky_tip": null,
"r_hand_position": null,
"r_wrist": [
0.005697334185242653,
0.10095733404159546,
-0.008678211830556393
],
"r_thumb_cmc": [
-0.027655556797981262,
0.06959560513496399,
-0.025715887546539307
],
"r_thumb_mcp": [
-0.019763462245464325,
0.04172972962260246,
-0.030008511617779732
],
"r_thumb_ip": [
-0.007840853184461594,
0.006919624749571085,
-0.04258878156542778
],
"r_thumb_tip": [
0.012766176834702492,
-0.018835559487342834,
-0.03350190073251724
],
"r_index_mcp": [
-0.03033384680747986,
-0.009792727418243885,
-0.0014056111685931683
],
"r_index_pip": [
-0.03757850080728531,
-0.04126432538032532,
-0.0031758693512529135
],
"r_index_dip": [
-0.03232355788350105,
-0.060589201748371124,
-0.013167298398911953
],
"r_index_tip": [
-0.04019222781062126,
-0.05674568563699722,
-0.039342593401670456
],
"r_middle_mcp": [
-0.0031897276639938354,
-0.0036399997770786285,
0.0005289288237690926
],
"r_middle_pip": [
0.009263858199119568,
-0.04723060876131058,
0.004774435888975859
],
"r_middle_dip": [
0.0025481125339865685,
-0.0647643581032753,
-0.016280213370919228
],
"r_middle_tip": [
-0.009809421375393867,
-0.06952221691608429,
-0.033178847283124924
],
"r_ring_mcp": [
0.02055536024272442,
-0.002247251570224762,
0.0024377258960157633
],
"r_ring_pip": [
0.030253902077674866,
-0.025097787380218506,
-0.017920078709721565
],
"r_ring_dip": [
0.02044215053319931,
-0.02431372180581093,
-0.03768071159720421
],
"r_ring_tip": [
0.016042768955230713,
-0.021888457238674164,
-0.06037525832653046
],
"r_pinky_mcp": [
0.02621600218117237,
0.02214856445789337,
-0.008487746119499207
],
"r_pinky_pip": [
0.03635433688759804,
0.00928355474025011,
-0.028151705861091614
],
"r_pinky_dip": [
0.02348104491829872,
0.014992034994065762,
-0.045586567372083664
],
"r_pinky_tip": [
0.01732523739337921,
0.03468002751469612,
-0.051893290132284164
]
}
],
"framerate": 30,
"mirrorable": true
}