{
"label": "x",
"gestures": [
{
"l_hand_position": null,
"l_wrist": null,
"l_thumb_cmc": null,
"l_thumb_mcp": null,
"l_thumb_ip": null,
"l_thumb_tip": null,
"l_index_mcp": null,
"l_index_pip": null,
"l_index_dip": null,
"l_index_tip": null,
"l_middle_mcp": null,
"l_middle_pip": null,
"l_middle_dip": null,
"l_middle_tip": null,
"l_ring_mcp": null,
"l_ring_pip": null,
"l_ring_dip": null,
"l_ring_tip": null,
"l_pinky_mcp": null,
"l_pinky_pip": null,
"l_pinky_dip": null,
"l_pinky_tip": null,
"r_hand_position": null,
"r_wrist": [
0.00597674585878849,
0.08533435314893723,
-0.020855234935879707
],
"r_thumb_cmc": [
-0.02477305196225643,
0.06150471046566963,
-0.027821576222777367
],
"r_thumb_mcp": [
-0.02397923357784748,
0.029108351096510887,
-0.03160364180803299
],
"r_thumb_ip": [
-0.011426969431340694,
-0.00526713440194726,
-0.030542023479938507
],
"r_thumb_tip": [
0.017438210546970367,
-0.02419455535709858,
-0.022061647847294807
],
"r_index_mcp": [
-0.031605131924152374,
-0.008484506979584694,
0.0019913623109459877
],
"r_index_pip": [
-0.03648129850625992,
-0.03329747915267944,
-0.0007628216408193111
],
"r_index_dip": [
-0.03707757964730263,
-0.05101543664932251,
-0.007059808820486069
],
"r_index_tip": [
-0.04142148792743683,
-0.06219857186079025,
-0.029182985424995422
],
"r_middle_mcp": [
-0.005575097631663084,
-0.0036218510940670967,
0.007467873394489288
],
"r_middle_pip": [
0.00509794382378459,
-0.04315304011106491,
-0.0018151698168367147
],
"r_middle_dip": [
-0.0028222184628248215,
-0.058503568172454834,
-0.020807016640901566
],
"r_middle_tip": [
-0.008832688443362713,
-0.06690023839473724,
-0.030695905908942223
],
"r_ring_mcp": [
0.020037176087498665,
0.00306452508084476,
-0.0003426368930377066
],
"r_ring_pip": [
0.01567906327545643,
-0.011848162859678268,
-0.031783804297447205
],
"r_ring_dip": [
0.0026598130352795124,
0.004977591801434755,
-0.04290171340107918
],
"r_ring_tip": [
0.004237618762999773,
0.02207980677485466,
-0.02921990305185318
],
"r_pinky_mcp": [
0.03293232247233391,
0.019541293382644653,
-0.009947512298822403
],
"r_pinky_pip": [
0.026429232209920883,
0.010282396338880062,
-0.0321638397872448
],
"r_pinky_dip": [
0.010142947547137737,
0.021077033132314682,
-0.0426691509783268
],
"r_pinky_tip": [
0.01756397821009159,
0.0332535021007061,
-0.029631061479449272
]
}
],
"framerate": 30,
"mirrorable": true
}