{
"label": "b",
"gestures": [
{
"l_hand_position": null,
"l_wrist": [
0.00955137424170971,
0.0987298637628567,
-0.015489651821554044
],
"l_thumb_cmc": [
-0.01999206840991974,
0.07450146228075116,
-0.018478076905012564
],
"l_thumb_mcp": [
-0.027622051537036896,
0.04418971389532144,
-0.026579149067402226
],
"l_thumb_ip": [
-0.02271735481917858,
0.01255028881132622,
-0.04030515998601968
],
"l_thumb_tip": [
-0.0008754999726079404,
0.0027620524633676603,
-0.03913540393114125
],
"l_index_mcp": [
-0.028934316709637642,
-0.0016566142439842471,
0.006928855087608183
],
"l_index_pip": [
-0.026462068781256676,
-0.031053584069014012,
0.0027672098949551856
],
"l_index_dip": [
-0.02711971290409565,
-0.05489836260676455,
-0.0016662501730024765
],
"l_index_tip": [
-0.02719162404537201,
-0.07351943105459299,
-0.01788529567420502
],
"l_middle_mcp": [
-0.005110368598252535,
-0.003871916793286838,
0.006929140537977296
],
"l_middle_pip": [
-0.0050365980714559555,
-0.04500430822372484,
2.0888845028881986e-05
],
"l_middle_dip": [
-0.013738535344600677,
-0.06950126588344639,
-0.009743797592818836
],
"l_middle_tip": [
-0.01630900800228119,
-0.0943204835057268,
-0.018042527139187
],
"l_ring_mcp": [
0.019638443365693092,
-0.001886368263512877,
-0.003407918149605433
],
"l_ring_pip": [
0.015065234154462814,
-0.035292666405439856,
-0.012441895902156996
],
"l_ring_dip": [
0.0073561882600188255,
-0.05687824264168822,
-0.023688474670052785
],
"l_ring_tip": [
-0.0004755016416311264,
-0.07716698944568703,
-0.03718833625316655
],
"l_pinky_mcp": [
0.032975681126117706,
0.012337912805378609,
-0.014960721135139703
],
"l_pinky_pip": [
0.03313736617565155,
-0.013659817166626629,
-0.016332153230905668
],
"l_pinky_dip": [
0.0279515590518713,
-0.036512576043606144,
-0.0252556148916484
],
"l_pinky_tip": [
0.020641297101974487,
-0.052794393151999026,
-0.037525266408920725
],
"r_hand_position": null,
"r_wrist": null,
"r_thumb_cmc": null,
"r_thumb_mcp": null,
"r_thumb_ip": null,
"r_thumb_tip": null,
"r_index_mcp": null,
"r_index_pip": null,
"r_index_dip": null,
"r_index_tip": null,
"r_middle_mcp": null,
"r_middle_pip": null,
"r_middle_dip": null,
"r_middle_tip": null,
"r_ring_mcp": null,
"r_ring_pip": null,
"r_ring_dip": null,
"r_ring_tip": null,
"r_pinky_mcp": null,
"r_pinky_pip": null,
"r_pinky_dip": null,
"r_pinky_tip": null
}
],
"framerate": 30,
"mirrorable": true
}