{
"label": "b",
"gestures": [
{
"l_hand_position": null,
"l_wrist": [
0.01703333482146263,
0.09618553519249087,
0.028318963944912217
],
"l_thumb_cmc": [
-0.013430902734398842,
0.07995001971721755,
0.010660136118531323
],
"l_thumb_mcp": [
-0.02164299413561821,
0.05730811879038894,
-0.007302060723304917
],
"l_thumb_ip": [
-0.015330452471971512,
0.030724147334695133,
-0.03227511048316996
],
"l_thumb_tip": [
0.00039500766433775425,
0.01401305478066225,
-0.043378312140703756
],
"l_index_mcp": [
-0.024766111746430397,
0.0022712647914886704,
0.0020903209224343525
],
"l_index_pip": [
-0.027587853372097015,
-0.027228843420744244,
-0.005251459311693972
],
"l_index_dip": [
-0.030145276337862015,
-0.04911003261804631,
-0.011855989694595427
],
"l_index_tip": [
-0.036788731813430786,
-0.07178390026092601,
-0.031106481328606925
],
"l_middle_mcp": [
-0.004298707004636526,
-0.0048072435893118945,
0.004846548195928384
],
"l_middle_pip": [
-0.00847829319536686,
-0.04216281324625089,
-0.007523557636886868
],
"l_middle_dip": [
-0.018222177401185036,
-0.06510590761900038,
-0.02205925993621375
],
"l_middle_tip": [
-0.021840501576662064,
-0.08910556882619965,
-0.03201267495751405
],
"l_ring_mcp": [
0.01664643920958042,
-0.004928220994770586,
-0.0011919067474082227
],
"l_ring_pip": [
0.011667353101074696,
-0.03253428637981449,
-0.014082682318985592
],
"l_ring_dip": [
0.002025103196501732,
-0.05423408374190398,
-0.02896585129201441
],
"l_ring_tip": [
-0.00328229833394289,
-0.07562282681465231,
-0.041981898248196065
],
"l_pinky_mcp": [
0.02837209776043892,
0.011337567120790615,
-0.004651395604014461
],
"l_pinky_pip": [
0.029390547424554825,
-0.014094537124037932,
-0.010247838683426472
],
"l_pinky_dip": [
0.02244451828300953,
-0.03822821006178901,
-0.022753905504942273
],
"l_pinky_tip": [
0.015470091253519058,
-0.053608238697052564,
-0.036042187362909706
],
"r_hand_position": null,
"r_wrist": null,
"r_thumb_cmc": null,
"r_thumb_mcp": null,
"r_thumb_ip": null,
"r_thumb_tip": null,
"r_index_mcp": null,
"r_index_pip": null,
"r_index_dip": null,
"r_index_tip": null,
"r_middle_mcp": null,
"r_middle_pip": null,
"r_middle_dip": null,
"r_middle_tip": null,
"r_ring_mcp": null,
"r_ring_pip": null,
"r_ring_dip": null,
"r_ring_tip": null,
"r_pinky_mcp": null,
"r_pinky_pip": null,
"r_pinky_dip": null,
"r_pinky_tip": null
}
],
"framerate": 30,
"mirrorable": true
}