{
"label": "b",
"gestures": [
{
"l_hand_position": [
0.662635862827301,
0.6540029048919678,
-2.6218673454536656e-08
],
"l_wrist": [
-0.019001170992851257,
0.09807644784450531,
-0.0036066656466573477
],
"l_thumb_cmc": [
-0.03352783992886543,
0.07266997545957565,
0.014761854894459248
],
"l_thumb_mcp": [
-0.03310053423047066,
0.04528016224503517,
0.026860946789383888
],
"l_thumb_ip": [
-0.028736991807818413,
0.016147395595908165,
0.03963421285152435
],
"l_thumb_tip": [
-0.02194465883076191,
0.0006931498646736145,
0.052437540143728256
],
"l_index_mcp": [
-0.012987970374524593,
-0.0033469554036855698,
0.027902210131287575
],
"l_index_pip": [
-0.005331856198608875,
-0.032543301582336426,
0.02630101516842842
],
"l_index_dip": [
-0.0050529595464468,
-0.05880574882030487,
0.02556430920958519
],
"l_index_tip": [
-0.00400007888674736,
-0.08786916732788086,
0.01951998844742775
],
"l_middle_mcp": [
-0.0015193135477602482,
-0.005242867395281792,
0.0081138014793396
],
"l_middle_pip": [
0.0055327508598566055,
-0.04231517016887665,
0.005752675235271454
],
"l_middle_dip": [
0.003115762025117874,
-0.07265028357505798,
0.006499735172837973
],
"l_middle_tip": [
0.007262781262397766,
-0.10630345344543457,
0.006063065957278013
],
"l_ring_mcp": [
0.009684761054813862,
0.0007036258466541767,
-0.018874596804380417
],
"l_ring_pip": [
0.011569095775485039,
-0.03211241587996483,
-0.01960623823106289
],
"l_ring_dip": [
0.009977824985980988,
-0.06120667606592178,
-0.019276928156614304
],
"l_ring_tip": [
0.011113911867141724,
-0.0887974202632904,
-0.02096729353070259
],
"l_pinky_mcp": [
0.007550381124019623,
0.014609282836318016,
-0.03802122175693512
],
"l_pinky_pip": [
0.011656152084469795,
-0.01051301322877407,
-0.03735041618347168
],
"l_pinky_dip": [
0.012202149257063866,
-0.03814094513654709,
-0.03843902051448822
],
"l_pinky_tip": [
0.008965747430920601,
-0.062274422496557236,
-0.04283396154642105
],
"r_hand_position": null,
"r_wrist": null,
"r_thumb_cmc": null,
"r_thumb_mcp": null,
"r_thumb_ip": null,
"r_thumb_tip": null,
"r_index_mcp": null,
"r_index_pip": null,
"r_index_dip": null,
"r_index_tip": null,
"r_middle_mcp": null,
"r_middle_pip": null,
"r_middle_dip": null,
"r_middle_tip": null,
"r_ring_mcp": null,
"r_ring_pip": null,
"r_ring_dip": null,
"r_ring_tip": null,
"r_pinky_mcp": null,
"r_pinky_pip": null,
"r_pinky_dip": null,
"r_pinky_tip": null
}
],
"framerate": 30,
"mirrorable": true
}