{
"label": "b",
"gestures": [
{
"l_hand_position": null,
"l_wrist": null,
"l_thumb_cmc": null,
"l_thumb_mcp": null,
"l_thumb_ip": null,
"l_thumb_tip": null,
"l_index_mcp": null,
"l_index_pip": null,
"l_index_dip": null,
"l_index_tip": null,
"l_middle_mcp": null,
"l_middle_pip": null,
"l_middle_dip": null,
"l_middle_tip": null,
"l_ring_mcp": null,
"l_ring_pip": null,
"l_ring_dip": null,
"l_ring_tip": null,
"l_pinky_mcp": null,
"l_pinky_pip": null,
"l_pinky_dip": null,
"l_pinky_tip": null,
"r_hand_position": [
-0.2818702161312103,
0.21066701412200928,
-0.49999961648939006
],
"r_wrist": [
-0.009740207344293594,
0.08502407371997833,
0.036648210138082504
],
"r_thumb_cmc": [
0.01866869628429413,
0.06482352316379547,
0.019095513969659805
],
"r_thumb_mcp": [
0.03247615694999695,
0.044680155813694,
-0.006152858957648277
],
"r_thumb_ip": [
0.025263451039791107,
0.021336372941732407,
-0.03641515597701073
],
"r_thumb_tip": [
-0.0024394700303673744,
0.016915038228034973,
-0.04410398006439209
],
"r_index_mcp": [
0.026979196816682816,
-0.00384404044598341,
-0.0013845469802618027
],
"r_index_pip": [
0.02972901239991188,
-0.03510383889079094,
-0.01027980912476778
],
"r_index_dip": [
0.02886871062219143,
-0.05758350342512131,
-0.015925265848636627
],
"r_index_tip": [
0.024397891014814377,
-0.07663223892450333,
-0.037179846316576004
],
"r_middle_mcp": [
0.0025333270896226168,
-0.005819208920001984,
0.0038209399208426476
],
"r_middle_pip": [
0.005886770784854889,
-0.04469427466392517,
-0.004678816068917513
],
"r_middle_dip": [
0.0030479449778795242,
-0.06884952634572983,
-0.013886271975934505
],
"r_middle_tip": [
0.004403110593557358,
-0.09576118737459183,
-0.028894102200865746
],
"r_ring_mcp": [
-0.018919367343187332,
0.0005883043631911278,
0.00012226682156324387
],
"r_ring_pip": [
-0.016520444303750992,
-0.030039146542549133,
-0.008551610633730888
],
"r_ring_dip": [
-0.017497392371296883,
-0.054999593645334244,
-0.018004704266786575
],
"r_ring_tip": [
-0.012450706213712692,
-0.07688279449939728,
-0.0271968524903059
],
"r_pinky_mcp": [
-0.03903695568442345,
0.018622655421495438,
0.00015190184058155864
],
"r_pinky_pip": [
-0.03727686032652855,
-0.006184212863445282,
-0.005207523237913847
],
"r_pinky_dip": [
-0.03580896556377411,
-0.027702178806066513,
-0.014136098325252533
],
"r_pinky_tip": [
-0.03364918380975723,
-0.04664964601397514,
-0.024381060153245926
]
}
],
"framerate": 30,
"mirrorable": true
}