{
"label": "b",
"gestures": [
{
"l_hand_position": null,
"l_wrist": [
0.0064696017652750015,
0.09294985979795456,
0.04122063145041466
],
"l_thumb_cmc": [
-0.021347546949982643,
0.07344969362020493,
0.023259149864315987
],
"l_thumb_mcp": [
-0.026506714522838593,
0.05633440986275673,
0.0022062724456191063
],
"l_thumb_ip": [
-0.023498274385929108,
0.032854802906513214,
-0.027082234621047974
],
"l_thumb_tip": [
-0.012611620128154755,
0.015710195526480675,
-0.04601429030299187
],
"l_index_mcp": [
-0.023099590092897415,
-0.0013418649323284626,
0.0036259156186133623
],
"l_index_pip": [
-0.020863499492406845,
-0.031672403216362,
-0.004280764609575272
],
"l_index_dip": [
-0.020231956616044044,
-0.053484007716178894,
-0.012581637129187584
],
"l_index_tip": [
-0.02384156361222267,
-0.07518191635608673,
-0.03239378333091736
],
"l_middle_mcp": [
-0.003710396122187376,
-0.005153201054781675,
0.004194485489279032
],
"l_middle_pip": [
-0.002113642171025276,
-0.042724549770355225,
-0.009830390103161335
],
"l_middle_dip": [
-0.009406926110386848,
-0.06617097556591034,
-0.023962005972862244
],
"l_middle_tip": [
-0.011809149757027626,
-0.0922255888581276,
-0.0353270061314106
],
"l_ring_mcp": [
0.016472741961479187,
-0.0018661902286112309,
-0.0025876853615045547
],
"l_ring_pip": [
0.015015220269560814,
-0.03191757947206497,
-0.01493243221193552
],
"l_ring_dip": [
0.009671732783317566,
-0.05584242567420006,
-0.02613796480000019
],
"l_ring_tip": [
0.005475405603647232,
-0.07914653420448303,
-0.04057440161705017
],
"l_pinky_mcp": [
0.02639489248394966,
0.01661938615143299,
-0.005207831505686045
],
"l_pinky_pip": [
0.030964581295847893,
-0.00908623356372118,
-0.011175013147294521
],
"l_pinky_dip": [
0.028602849692106247,
-0.0329660028219223,
-0.02415171079337597
],
"l_pinky_tip": [
0.02286556363105774,
-0.05057996138930321,
-0.03716936334967613
],
"r_hand_position": [
0.14948946237564087,
0.13205039501190186,
-0.49999992560574924
],
"r_wrist": null,
"r_thumb_cmc": null,
"r_thumb_mcp": null,
"r_thumb_ip": null,
"r_thumb_tip": null,
"r_index_mcp": null,
"r_index_pip": null,
"r_index_dip": null,
"r_index_tip": null,
"r_middle_mcp": null,
"r_middle_pip": null,
"r_middle_dip": null,
"r_middle_tip": null,
"r_ring_mcp": null,
"r_ring_pip": null,
"r_ring_dip": null,
"r_ring_tip": null,
"r_pinky_mcp": null,
"r_pinky_pip": null,
"r_pinky_dip": null,
"r_pinky_tip": null,
"l_hand_velocity": null,
"r_hand_velocity": null,
"m_nose_point": null,
"m_top_nose": null,
"m_eyebrows": null,
"m_forehead": null,
"m_top_chin": null,
"m_bot_up_lip": null,
"m_top_low_lip": null,
"m_bot_nose": null,
"m_chin": null,
"m_nose": null,
"l_eye_exterior": null,
"l_temple": null,
"l_mid_chin": null,
"l_up_lip": null,
"l_ext_nostril": null,
"l_mid_cheek": null,
"l_mid_eyebrow": null,
"l_ext_eyebrow": null,
"l_ext_lips": null,
"l_jaw_angle": null,
"l_mid_ext_face": null,
"l_int_eyebrow": null,
"l_mid_jaw": null,
"l_mid_bot_eyelid": null,
"l_ext_mouth": null,
"l_top_eyelid": null,
"l_eye_int": null,
"l_pupil": null,
"r_eye_exterior": null,
"r_temple": null,
"r_mid_chin": null,
"r_up_lip": null,
"r_ext_nostril": null,
"r_mid_cheek": null,
"r_mid_eyebrow": null,
"r_ext_eyebrow": null,
"r_ext_lips": null,
"r_jaw_angle": null,
"r_mid_ext_face": null,
"r_int_eyebrow": null,
"r_mid_jaw": null,
"r_mid_bot_eyelid": null,
"r_ext_mouth": null,
"r_top_eyelid": null,
"r_eye_int": null,
"r_pupil": null,
"l_shoudler": null,
"l_elbow": null,
"l_hip": null,
"l_knee": null,
"l_ankle": null,
"r_shoudler": null,
"r_elbow": null,
"r_hip": null,
"r_knee": null,
"r_ankle": null
}
],
"framerate": 30,
"mirrorable": true,
"invalid": false
}