{
"label": "b",
"gestures": [
{
"l_hand_position": null,
"l_wrist": null,
"l_thumb_cmc": null,
"l_thumb_mcp": null,
"l_thumb_ip": null,
"l_thumb_tip": null,
"l_index_mcp": null,
"l_index_pip": null,
"l_index_dip": null,
"l_index_tip": null,
"l_middle_mcp": null,
"l_middle_pip": null,
"l_middle_dip": null,
"l_middle_tip": null,
"l_ring_mcp": null,
"l_ring_pip": null,
"l_ring_dip": null,
"l_ring_tip": null,
"l_pinky_mcp": null,
"l_pinky_pip": null,
"l_pinky_dip": null,
"l_pinky_tip": null,
"r_hand_position": [
-0.20857304334640503,
0.11569607257843018,
-0.4999998708728697
],
"r_wrist": [
-0.0076184384524822235,
0.10219781845808029,
-0.039113759994506836
],
"r_thumb_cmc": [
0.021808162331581116,
0.07953216135501862,
-0.01634671725332737
],
"r_thumb_mcp": [
0.038696739822626114,
0.05402069911360741,
-0.0015404162695631385
],
"r_thumb_ip": [
0.04070434346795082,
0.017250098288059235,
0.019760502502322197
],
"r_thumb_tip": [
0.03250332549214363,
-0.006132902577519417,
0.03454655408859253
],
"r_index_mcp": [
0.01944286935031414,
0.0011003920808434486,
0.02487184852361679
],
"r_index_pip": [
0.021375633776187897,
-0.02920188196003437,
0.023781362920999527
],
"r_index_dip": [
0.025583410635590553,
-0.05379452183842659,
0.024094944819808006
],
"r_index_tip": [
0.026664581149816513,
-0.07618079334497452,
0.013321565464138985
],
"r_middle_mcp": [
-0.0012752707116305828,
-0.005527167581021786,
0.010849231854081154
],
"r_middle_pip": [
0.008733740076422691,
-0.041143760085105896,
0.009459869004786015
],
"r_middle_dip": [
0.012024922296404839,
-0.06728925555944443,
0.007289600558578968
],
"r_middle_tip": [
0.018804825842380524,
-0.09352265298366547,
0.0024538098368793726
],
"r_ring_mcp": [
-0.012676415964961052,
-0.0036285382229834795,
-0.014579405076801777
],
"r_ring_pip": [
-0.004325938411056995,
-0.036873213946819305,
-0.015788566321134567
],
"r_ring_dip": [
0.0014668647199869156,
-0.058932654559612274,
-0.015417352318763733
],
"r_ring_tip": [
0.006325326859951019,
-0.0824422761797905,
-0.018466008827090263
],
"r_pinky_mcp": [
-0.023369746282696724,
0.01015553530305624,
-0.03876449540257454
],
"r_pinky_pip": [
-0.01954200118780136,
-0.018472613766789436,
-0.035354141145944595
],
"r_pinky_dip": [
-0.01183316856622696,
-0.04533087834715843,
-0.03288372978568077
],
"r_pinky_tip": [
-0.005958527326583862,
-0.06817847490310669,
-0.03229951113462448
]
}
],
"framerate": 30,
"mirrorable": true
}