{
"label": "b",
"gestures": [
{
"l_hand_position": null,
"l_wrist": [
0.01920270547270775,
0.09784937649965286,
0.025988886132836342
],
"l_thumb_cmc": [
-0.010386223904788494,
0.07645554840564728,
0.012218316085636616
],
"l_thumb_mcp": [
-0.022632930427789688,
0.05833432078361511,
-0.0012915030820295215
],
"l_thumb_ip": [
-0.02427082508802414,
0.03241797164082527,
-0.026044758036732674
],
"l_thumb_tip": [
-0.012885506264865398,
0.014393235556781292,
-0.03814585134387016
],
"l_index_mcp": [
-0.025515327230095863,
-0.0006531272083520889,
0.006081122439354658
],
"l_index_pip": [
-0.023683179169893265,
-0.03108517825603485,
0.0007378353038802743
],
"l_index_dip": [
-0.024178870022296906,
-0.055686499923467636,
-0.0038986457511782646
],
"l_index_tip": [
-0.025827843695878983,
-0.07629653811454773,
-0.019530698657035828
],
"l_middle_mcp": [
-0.004671201575547457,
-0.005397297907620668,
0.005919936578720808
],
"l_middle_pip": [
-0.003861655481159687,
-0.04353244975209236,
-0.005708996672183275
],
"l_middle_dip": [
-0.012613948434591293,
-0.06865750253200531,
-0.016023701056838036
],
"l_middle_tip": [
-0.012741995975375175,
-0.0952739343047142,
-0.02430378645658493
],
"l_ring_mcp": [
0.016575295478105545,
-0.0028261097613722086,
-0.0047819046303629875
],
"l_ring_pip": [
0.012241709977388382,
-0.03218795731663704,
-0.013536782935261726
],
"l_ring_dip": [
0.008511743508279324,
-0.05691644176840782,
-0.02277139201760292
],
"l_ring_tip": [
0.005878269672393799,
-0.0804683193564415,
-0.035725127905607224
],
"l_pinky_mcp": [
0.02917066216468811,
0.015588240697979927,
-0.01068918127566576
],
"l_pinky_pip": [
0.03075682558119297,
-0.012120552361011505,
-0.013902641832828522
],
"l_pinky_dip": [
0.027308784425258636,
-0.03700844943523407,
-0.0221036858856678
],
"l_pinky_tip": [
0.02059507742524147,
-0.055565956979990005,
-0.031958386301994324
],
"r_hand_position": [
0.13069480657577515,
0.1670546531677246,
-0.4999998333687188
],
"r_wrist": null,
"r_thumb_cmc": null,
"r_thumb_mcp": null,
"r_thumb_ip": null,
"r_thumb_tip": null,
"r_index_mcp": null,
"r_index_pip": null,
"r_index_dip": null,
"r_index_tip": null,
"r_middle_mcp": null,
"r_middle_pip": null,
"r_middle_dip": null,
"r_middle_tip": null,
"r_ring_mcp": null,
"r_ring_pip": null,
"r_ring_dip": null,
"r_ring_tip": null,
"r_pinky_mcp": null,
"r_pinky_pip": null,
"r_pinky_dip": null,
"r_pinky_tip": null,
"l_hand_velocity": null,
"r_hand_velocity": null,
"m_nose_point": null,
"m_top_nose": null,
"m_eyebrows": null,
"m_forehead": null,
"m_top_chin": null,
"m_bot_up_lip": null,
"m_top_low_lip": null,
"m_bot_nose": null,
"m_chin": null,
"m_nose": null,
"l_eye_exterior": null,
"l_temple": null,
"l_mid_chin": null,
"l_up_lip": null,
"l_ext_nostril": null,
"l_mid_cheek": null,
"l_mid_eyebrow": null,
"l_ext_eyebrow": null,
"l_ext_lips": null,
"l_jaw_angle": null,
"l_mid_ext_face": null,
"l_int_eyebrow": null,
"l_mid_jaw": null,
"l_mid_bot_eyelid": null,
"l_ext_mouth": null,
"l_top_eyelid": null,
"l_eye_int": null,
"l_pupil": null,
"r_eye_exterior": null,
"r_temple": null,
"r_mid_chin": null,
"r_up_lip": null,
"r_ext_nostril": null,
"r_mid_cheek": null,
"r_mid_eyebrow": null,
"r_ext_eyebrow": null,
"r_ext_lips": null,
"r_jaw_angle": null,
"r_mid_ext_face": null,
"r_int_eyebrow": null,
"r_mid_jaw": null,
"r_mid_bot_eyelid": null,
"r_ext_mouth": null,
"r_top_eyelid": null,
"r_eye_int": null,
"r_pupil": null,
"l_shoudler": null,
"l_elbow": null,
"l_hip": null,
"l_knee": null,
"l_ankle": null,
"r_shoudler": null,
"r_elbow": null,
"r_hip": null,
"r_knee": null,
"r_ankle": null
}
],
"framerate": 30,
"mirrorable": true,
"invalid": false
}