{
"label": "b",
"gestures": [
{
"l_hand_position": null,
"l_wrist": [
0.0028744004666805267,
0.09982658177614212,
0.030758392065763474
],
"l_thumb_cmc": [
-0.021949343383312225,
0.07762568444013596,
0.013417558744549751
],
"l_thumb_mcp": [
-0.02326975017786026,
0.054837416857481,
-0.007312038913369179
],
"l_thumb_ip": [
-0.011405338533222675,
0.03180310130119324,
-0.03563681244850159
],
"l_thumb_tip": [
0.004982828162610531,
0.01340906135737896,
-0.048946984112262726
],
"l_index_mcp": [
-0.02299845777451992,
-0.0038586100563406944,
0.003271695924922824
],
"l_index_pip": [
-0.02044425532221794,
-0.03281695023179054,
-0.004154577385634184
],
"l_index_dip": [
-0.01991151086986065,
-0.057278111577034,
-0.006788332015275955
],
"l_index_tip": [
-0.01990635320544243,
-0.08051308989524841,
-0.01785031333565712
],
"l_middle_mcp": [
-0.004289819858968258,
-0.005520038306713104,
0.004180317744612694
],
"l_middle_pip": [
-0.002882525324821472,
-0.04373100399971008,
-0.004594992380589247
],
"l_middle_dip": [
-0.008505351841449738,
-0.06965741515159607,
-0.01472482644021511
],
"l_middle_tip": [
-0.008604113012552261,
-0.09656906127929688,
-0.023016102612018585
],
"l_ring_mcp": [
0.015433947555720806,
-0.000869853887706995,
-0.0021440580021589994
],
"l_ring_pip": [
0.01302377413958311,
-0.031256817281246185,
-0.014166261069476604
],
"l_ring_dip": [
0.010414380580186844,
-0.05545537546277046,
-0.025868600234389305
],
"l_ring_tip": [
0.007449310272932053,
-0.08014268428087234,
-0.038787394762039185
],
"l_pinky_mcp": [
0.024959739297628403,
0.017059367150068283,
-0.005386906210333109
],
"l_pinky_pip": [
0.027220414951443672,
-0.008030199445784092,
-0.013355311937630177
],
"l_pinky_dip": [
0.0256345197558403,
-0.03072596713900566,
-0.024746030569076538
],
"l_pinky_tip": [
0.020409898832440376,
-0.04811684042215347,
-0.03573613241314888
],
"r_hand_position": [
0.07750809192657471,
0.13807016611099243,
-0.4999999853851831
],
"r_wrist": null,
"r_thumb_cmc": null,
"r_thumb_mcp": null,
"r_thumb_ip": null,
"r_thumb_tip": null,
"r_index_mcp": null,
"r_index_pip": null,
"r_index_dip": null,
"r_index_tip": null,
"r_middle_mcp": null,
"r_middle_pip": null,
"r_middle_dip": null,
"r_middle_tip": null,
"r_ring_mcp": null,
"r_ring_pip": null,
"r_ring_dip": null,
"r_ring_tip": null,
"r_pinky_mcp": null,
"r_pinky_pip": null,
"r_pinky_dip": null,
"r_pinky_tip": null,
"l_hand_velocity": null,
"r_hand_velocity": null,
"m_nose_point": null,
"m_top_nose": null,
"m_eyebrows": null,
"m_forehead": null,
"m_top_chin": null,
"m_bot_up_lip": null,
"m_top_low_lip": null,
"m_bot_nose": null,
"m_chin": null,
"m_nose": null,
"l_eye_exterior": null,
"l_temple": null,
"l_mid_chin": null,
"l_up_lip": null,
"l_ext_nostril": null,
"l_mid_cheek": null,
"l_mid_eyebrow": null,
"l_ext_eyebrow": null,
"l_ext_lips": null,
"l_jaw_angle": null,
"l_mid_ext_face": null,
"l_int_eyebrow": null,
"l_mid_jaw": null,
"l_mid_bot_eyelid": null,
"l_ext_mouth": null,
"l_top_eyelid": null,
"l_eye_int": null,
"l_pupil": null,
"r_eye_exterior": null,
"r_temple": null,
"r_mid_chin": null,
"r_up_lip": null,
"r_ext_nostril": null,
"r_mid_cheek": null,
"r_mid_eyebrow": null,
"r_ext_eyebrow": null,
"r_ext_lips": null,
"r_jaw_angle": null,
"r_mid_ext_face": null,
"r_int_eyebrow": null,
"r_mid_jaw": null,
"r_mid_bot_eyelid": null,
"r_ext_mouth": null,
"r_top_eyelid": null,
"r_eye_int": null,
"r_pupil": null,
"l_shoudler": null,
"l_elbow": null,
"l_hip": null,
"l_knee": null,
"l_ankle": null,
"r_shoudler": null,
"r_elbow": null,
"r_hip": null,
"r_knee": null,
"r_ankle": null
}
],
"framerate": 30,
"mirrorable": true,
"invalid": false
}