{
"label": "b",
"gestures": [
{
"l_hand_position": [
0.6248477101325989,
0.6999534368515015,
-4.958303989610613e-08
],
"l_wrist": [
-0.014684632420539856,
0.09138639271259308,
-0.0025834848638623953
],
"l_thumb_cmc": [
-0.023818202316761017,
0.06732835620641708,
0.022893931716680527
],
"l_thumb_mcp": [
-0.026937035843729973,
0.044646527618169785,
0.046723514795303345
],
"l_thumb_ip": [
-0.028676480054855347,
0.023740749806165695,
0.0798843502998352
],
"l_thumb_tip": [
-0.02346360683441162,
0.003914925269782543,
0.1146259605884552
],
"l_index_mcp": [
0.0016459303442388773,
-0.0020665046758949757,
0.028163103386759758
],
"l_index_pip": [
-0.003094940446317196,
-0.0301478523761034,
0.03011835552752018
],
"l_index_dip": [
-0.008606689050793648,
-0.05530199408531189,
0.03202129900455475
],
"l_index_tip": [
-0.020019052550196648,
-0.08692336827516556,
0.021682927384972572
],
"l_middle_mcp": [
0.003644025418907404,
-0.004144332837313414,
0.0059305340982973576
],
"l_middle_pip": [
-0.0007803253829479218,
-0.04076334089040756,
0.007282344624400139
],
"l_middle_dip": [
-0.011086702346801758,
-0.07017537951469421,
0.007529608439654112
],
"l_middle_tip": [
-0.01613478735089302,
-0.10560475289821625,
0.008751608431339264
],
"l_ring_mcp": [
-0.000891122967004776,
-0.0008838627254590392,
-0.018700765445828438
],
"l_ring_pip": [
-0.005383091978728771,
-0.03047700971364975,
-0.01930422894656658
],
"l_ring_dip": [
-0.013767348602414131,
-0.05974253639578819,
-0.01671670936048031
],
"l_ring_tip": [
-0.01825800910592079,
-0.08991207182407379,
-0.012062475085258484
],
"l_pinky_mcp": [
-0.013196960091590881,
0.011682456359267235,
-0.03396616503596306
],
"l_pinky_pip": [
-0.014153918251395226,
-0.008393562398850918,
-0.036040518432855606
],
"l_pinky_dip": [
-0.018631797283887863,
-0.03571607172489166,
-0.03599099814891815
],
"l_pinky_tip": [
-0.020335111767053604,
-0.05716165155172348,
-0.032318975776433945
],
"r_hand_position": null,
"r_wrist": null,
"r_thumb_cmc": null,
"r_thumb_mcp": null,
"r_thumb_ip": null,
"r_thumb_tip": null,
"r_index_mcp": null,
"r_index_pip": null,
"r_index_dip": null,
"r_index_tip": null,
"r_middle_mcp": null,
"r_middle_pip": null,
"r_middle_dip": null,
"r_middle_tip": null,
"r_ring_mcp": null,
"r_ring_pip": null,
"r_ring_dip": null,
"r_ring_tip": null,
"r_pinky_mcp": null,
"r_pinky_pip": null,
"r_pinky_dip": null,
"r_pinky_tip": null
}
],
"framerate": 30,
"mirrorable": true
}