{
"label": "b",
"gestures": [
{
"l_hand_position": [
0.6143814921379089,
0.6942464113235474,
-2.706509327765616e-08
],
"l_wrist": [
-0.01078936830163002,
0.09125491976737976,
-0.021869154646992683
],
"l_thumb_cmc": [
-0.020510271191596985,
0.07256940007209778,
0.009549464099109173
],
"l_thumb_mcp": [
-0.02238142490386963,
0.050039324909448624,
0.04017312452197075
],
"l_thumb_ip": [
-0.024020135402679443,
0.029206395149230957,
0.08019620925188065
],
"l_thumb_tip": [
-0.02297498658299446,
0.008067639544606209,
0.12780077755451202
],
"l_index_mcp": [
1.4170538634061813e-05,
0.0022644863929599524,
0.03425784409046173
],
"l_index_pip": [
-0.0009014131501317024,
-0.02623082511126995,
0.039567239582538605
],
"l_index_dip": [
-0.008182276040315628,
-0.05416937917470932,
0.04258899390697479
],
"l_index_tip": [
-0.01560283824801445,
-0.08549634367227554,
0.03699468821287155
],
"l_middle_mcp": [
0.0017199942376464605,
-0.0045700278133153915,
0.008439495228230953
],
"l_middle_pip": [
-0.0009140968322753906,
-0.03863328695297241,
0.012832395732402802
],
"l_middle_dip": [
-0.012197129428386688,
-0.06295162439346313,
0.014510493725538254
],
"l_middle_tip": [
-0.017362363636493683,
-0.09649810940027237,
0.01626948080956936
],
"l_ring_mcp": [
0.0007804922061040998,
-0.002568925963714719,
-0.02246660552918911
],
"l_ring_pip": [
-0.004709119908511639,
-0.029097259044647217,
-0.020712362602353096
],
"l_ring_dip": [
-0.01261959783732891,
-0.05667126923799515,
-0.016438687220215797
],
"l_ring_tip": [
-0.018022330477833748,
-0.08681416511535645,
-0.012486811727285385
],
"l_pinky_mcp": [
-0.007776614278554916,
0.007618250325322151,
-0.04372423514723778
],
"l_pinky_pip": [
-0.009477563202381134,
-0.011167353950440884,
-0.042577244341373444
],
"l_pinky_dip": [
-0.013506285846233368,
-0.038172051310539246,
-0.03941914811730385
],
"l_pinky_tip": [
-0.017168007791042328,
-0.06112644821405411,
-0.037808857858181
],
"r_hand_position": null,
"r_wrist": null,
"r_thumb_cmc": null,
"r_thumb_mcp": null,
"r_thumb_ip": null,
"r_thumb_tip": null,
"r_index_mcp": null,
"r_index_pip": null,
"r_index_dip": null,
"r_index_tip": null,
"r_middle_mcp": null,
"r_middle_pip": null,
"r_middle_dip": null,
"r_middle_tip": null,
"r_ring_mcp": null,
"r_ring_pip": null,
"r_ring_dip": null,
"r_ring_tip": null,
"r_pinky_mcp": null,
"r_pinky_pip": null,
"r_pinky_dip": null,
"r_pinky_tip": null
}
],
"framerate": 30,
"mirrorable": true
}