{
"label": "b",
"gestures": [
{
"l_hand_position": [
0.5854328274726868,
0.8671036958694458,
7.600331741741684e-08
],
"l_wrist": [
-0.0013157054781913757,
0.10377189517021179,
0.01574380323290825
],
"l_thumb_cmc": [
-0.02389467880129814,
0.07446257770061493,
0.01905026286840439
],
"l_thumb_mcp": [
-0.027776163071393967,
0.045033715665340424,
0.011710328981280327
],
"l_thumb_ip": [
-0.026495765894651413,
0.015268884599208832,
-0.005485435016453266
],
"l_thumb_tip": [
-0.011024967767298222,
-0.0018833782523870468,
-0.020106079056859016
],
"l_index_mcp": [
-0.019438819959759712,
-0.007436193060129881,
0.02085786871612072
],
"l_index_pip": [
-0.01529490016400814,
-0.03830494359135628,
0.01582660712301731
],
"l_index_dip": [
-0.015948660671710968,
-0.06333301216363907,
0.013034419156610966
],
"l_index_tip": [
-0.017363496124744415,
-0.08930696547031403,
0.005385786760598421
],
"l_middle_mcp": [
-0.0030152196995913982,
-0.005792232230305672,
0.006666309200227261
],
"l_middle_pip": [
-0.0010163187980651855,
-0.04568516090512276,
0.0006639421917498112
],
"l_middle_dip": [
-0.005148548632860184,
-0.07306559383869171,
-0.004183179698884487
],
"l_middle_tip": [
-0.006869383156299591,
-0.10261599719524384,
-0.009597035124897957
],
"l_ring_mcp": [
0.01240561157464981,
0.002484635217115283,
-0.013093304820358753
],
"l_ring_pip": [
0.008837752044200897,
-0.031510621309280396,
-0.02144886739552021
],
"l_ring_dip": [
0.005208203569054604,
-0.057136375457048416,
-0.02855607494711876
],
"l_ring_tip": [
0.0031787846237421036,
-0.08341201394796371,
-0.037088025361299515
],
"l_pinky_mcp": [
0.016162613406777382,
0.02202942967414856,
-0.027732206508517265
],
"l_pinky_pip": [
0.01719771884381771,
-0.0033610695973038673,
-0.03333510830998421
],
"l_pinky_dip": [
0.016108732670545578,
-0.0283907949924469,
-0.03997233510017395
],
"l_pinky_tip": [
0.010315359570086002,
-0.05026502162218094,
-0.04872114583849907
],
"r_hand_position": null,
"r_wrist": null,
"r_thumb_cmc": null,
"r_thumb_mcp": null,
"r_thumb_ip": null,
"r_thumb_tip": null,
"r_index_mcp": null,
"r_index_pip": null,
"r_index_dip": null,
"r_index_tip": null,
"r_middle_mcp": null,
"r_middle_pip": null,
"r_middle_dip": null,
"r_middle_tip": null,
"r_ring_mcp": null,
"r_ring_pip": null,
"r_ring_dip": null,
"r_ring_tip": null,
"r_pinky_mcp": null,
"r_pinky_pip": null,
"r_pinky_dip": null,
"r_pinky_tip": null,
"l_hand_velocity": null,
"r_hand_velocity": null
}
],
"framerate": 30,
"mirrorable": true
}