{
"label": "b",
"gestures": [
{
"l_hand_position": null,
"l_wrist": null,
"l_thumb_cmc": null,
"l_thumb_mcp": null,
"l_thumb_ip": null,
"l_thumb_tip": null,
"l_index_mcp": null,
"l_index_pip": null,
"l_index_dip": null,
"l_index_tip": null,
"l_middle_mcp": null,
"l_middle_pip": null,
"l_middle_dip": null,
"l_middle_tip": null,
"l_ring_mcp": null,
"l_ring_pip": null,
"l_ring_dip": null,
"l_ring_tip": null,
"l_pinky_mcp": null,
"l_pinky_pip": null,
"l_pinky_dip": null,
"l_pinky_tip": null,
"r_hand_position": [
-0.19608256220817566,
0.12273454666137695,
-0.4999999590489672
],
"r_wrist": [
-0.005061112344264984,
0.09717722237110138,
-0.01380842737853527
],
"r_thumb_cmc": [
0.013439815491437912,
0.07486530393362045,
0.012791880406439304
],
"r_thumb_mcp": [
0.02587795816361904,
0.048335086554288864,
0.029211200773715973
],
"r_thumb_ip": [
0.028811484575271606,
0.02004767768085003,
0.052912283688783646
],
"r_thumb_tip": [
0.02937939763069153,
0.00253413338214159,
0.07544876635074615
],
"r_index_mcp": [
0.01194995641708374,
-0.002106461673974991,
0.02778526395559311
],
"r_index_pip": [
0.0155597273260355,
-0.032520972192287445,
0.029128216207027435
],
"r_index_dip": [
0.02004246413707733,
-0.05774756520986557,
0.031233493238687515
],
"r_index_tip": [
0.02391892485320568,
-0.08744403719902039,
0.024015871807932854
],
"r_middle_mcp": [
-0.002259654924273491,
-0.00485256128013134,
0.008058336563408375
],
"r_middle_pip": [
0.007823771797120571,
-0.038964539766311646,
0.005556670017540455
],
"r_middle_dip": [
0.007864650338888168,
-0.06908192485570908,
0.004851344041526318
],
"r_middle_tip": [
0.012240063399076462,
-0.09895376861095428,
0.0004997174837626517
],
"r_ring_mcp": [
-0.007164926268160343,
-0.0016267381142824888,
-0.017151903361082077
],
"r_ring_pip": [
0.002104809507727623,
-0.028702475130558014,
-0.020442260429263115
],
"r_ring_dip": [
0.0030443016439676285,
-0.05723804980516434,
-0.019402818754315376
],
"r_ring_tip": [
0.006109107285737991,
-0.0858626738190651,
-0.01588865928351879
],
"r_pinky_mcp": [
-0.012350393459200859,
0.015498043037950993,
-0.038673173636198044
],
"r_pinky_pip": [
-0.00778935756534338,
-0.008878957480192184,
-0.03995012119412422
],
"r_pinky_dip": [
-0.0018448997288942337,
-0.03653128445148468,
-0.041923195123672485
],
"r_pinky_tip": [
0.0006623510271310806,
-0.06126389652490616,
-0.040628839284181595
]
}
],
"framerate": 30,
"mirrorable": true
}