{
"label": "b",
"gestures": [
{
"l_hand_position": null,
"l_wrist": null,
"l_thumb_cmc": null,
"l_thumb_mcp": null,
"l_thumb_ip": null,
"l_thumb_tip": null,
"l_index_mcp": null,
"l_index_pip": null,
"l_index_dip": null,
"l_index_tip": null,
"l_middle_mcp": null,
"l_middle_pip": null,
"l_middle_dip": null,
"l_middle_tip": null,
"l_ring_mcp": null,
"l_ring_pip": null,
"l_ring_dip": null,
"l_ring_tip": null,
"l_pinky_mcp": null,
"l_pinky_pip": null,
"l_pinky_dip": null,
"l_pinky_tip": null,
"r_hand_position": [
-0.21967396140098572,
0.12076050043106079,
-0.49999996490769405
],
"r_wrist": [
0.010278504341840744,
0.10069599747657776,
-0.01898212358355522
],
"r_thumb_cmc": [
0.0234177615493536,
0.07529233396053314,
0.009181811474263668
],
"r_thumb_mcp": [
0.03411733731627464,
0.04630431532859802,
0.024378743022680283
],
"r_thumb_ip": [
0.035186126828193665,
0.014639483764767647,
0.050098717212677
],
"r_thumb_tip": [
0.03956101834774017,
-0.00516943633556366,
0.07788439095020294
],
"r_index_mcp": [
0.003937793895602226,
0.0012828642502427101,
0.02711719274520874
],
"r_index_pip": [
0.005266672931611538,
-0.029094591736793518,
0.028876710683107376
],
"r_index_dip": [
0.011065380647778511,
-0.054180730134248734,
0.03001660481095314
],
"r_index_tip": [
0.012977154925465584,
-0.08408034592866898,
0.0203949436545372
],
"r_middle_mcp": [
-0.004807972349226475,
-0.0035578585229814053,
0.006276632659137249
],
"r_middle_pip": [
0.0031833481043577194,
-0.03623064607381821,
0.007328663486987352
],
"r_middle_dip": [
0.006162146106362343,
-0.06261837482452393,
0.003001066856086254
],
"r_middle_tip": [
0.013209588825702667,
-0.0942823588848114,
2.276059785799589e-05
],
"r_ring_mcp": [
-0.0022674864158034325,
-0.0034494027495384216,
-0.017043543979525566
],
"r_ring_pip": [
0.0027596615254878998,
-0.030145689845085144,
-0.019628379493951797
],
"r_ring_dip": [
0.007724469527602196,
-0.05345645546913147,
-0.01949954964220524
],
"r_ring_tip": [
0.012691320851445198,
-0.08288741856813431,
-0.01939467340707779
],
"r_pinky_mcp": [
0.0009287029970437288,
0.00937787164002657,
-0.03817258030176163
],
"r_pinky_pip": [
0.00605190172791481,
-0.012947844341397285,
-0.03791957348585129
],
"r_pinky_dip": [
0.012523227371275425,
-0.03812596946954727,
-0.037655510008335114
],
"r_pinky_tip": [
0.014758676290512085,
-0.062050871551036835,
-0.03852887824177742
]
}
],
"framerate": 30,
"mirrorable": true
}