{
"label": "b",
"gestures": [
{
"l_hand_position": [
0.7629950046539307,
0.6902318000793457,
-1.8080667629760683e-08
],
"l_wrist": [
-0.017480671405792236,
0.10090936720371246,
0.008106415160000324
],
"l_thumb_cmc": [
-0.03953002393245697,
0.07003220170736313,
-0.004869003314524889
],
"l_thumb_mcp": [
-0.040878020226955414,
0.041917748749256134,
-0.01957559771835804
],
"l_thumb_ip": [
-0.022816039621829987,
0.016396429389715195,
-0.04319210350513458
],
"l_thumb_tip": [
0.005755866877734661,
0.017059627920389175,
-0.045143160969018936
],
"l_index_mcp": [
-0.029182732105255127,
-0.007813308387994766,
0.003245612373575568
],
"l_index_pip": [
-0.01785554550588131,
-0.038522668182849884,
-0.0008258819580078125
],
"l_index_dip": [
-0.012703130021691322,
-0.060905929654836655,
-0.0052479226142168045
],
"l_index_tip": [
-0.0091610848903656,
-0.07691361755132675,
-0.02087646909058094
],
"l_middle_mcp": [
-0.004009331110864878,
-0.00628141313791275,
0.005961799528449774
],
"l_middle_pip": [
0.005663691088557243,
-0.04480196163058281,
-0.0018386601004749537
],
"l_middle_dip": [
0.004626031965017319,
-0.06810282915830612,
-0.014364181086421013
],
"l_middle_tip": [
0.009030308574438095,
-0.09007476270198822,
-0.021680587902665138
],
"l_ring_mcp": [
0.019883638247847557,
0.0037150168791413307,
-0.0014364002272486687
],
"l_ring_pip": [
0.023762721568346024,
-0.029309282079339027,
-0.01031527016311884
],
"l_ring_dip": [
0.021558839827775955,
-0.052934639155864716,
-0.023948190733790398
],
"l_ring_tip": [
0.020721405744552612,
-0.07347191870212555,
-0.03616498038172722
],
"l_pinky_mcp": [
0.02860083244740963,
0.022041810676455498,
-0.008430739864706993
],
"l_pinky_pip": [
0.0357397198677063,
-0.0037925979122519493,
-0.009141037240624428
],
"l_pinky_dip": [
0.03536674752831459,
-0.02743777260184288,
-0.016214771196246147
],
"l_pinky_tip": [
0.03408448025584221,
-0.04689450189471245,
-0.027585791423916817
],
"r_hand_position": null,
"r_wrist": null,
"r_thumb_cmc": null,
"r_thumb_mcp": null,
"r_thumb_ip": null,
"r_thumb_tip": null,
"r_index_mcp": null,
"r_index_pip": null,
"r_index_dip": null,
"r_index_tip": null,
"r_middle_mcp": null,
"r_middle_pip": null,
"r_middle_dip": null,
"r_middle_tip": null,
"r_ring_mcp": null,
"r_ring_pip": null,
"r_ring_dip": null,
"r_ring_tip": null,
"r_pinky_mcp": null,
"r_pinky_pip": null,
"r_pinky_dip": null,
"r_pinky_tip": null
}
],
"framerate": 30,
"mirrorable": true
}