{
"label": "b",
"gestures": [
{
"l_hand_position": [
0.6143006682395935,
0.6976374387741089,
1.1884030648445787e-08
],
"l_wrist": [
-0.011786878108978271,
0.09310811012983322,
-0.003946799319237471
],
"l_thumb_cmc": [
-0.02349773794412613,
0.07015293091535568,
0.018383560702204704
],
"l_thumb_mcp": [
-0.026377201080322266,
0.04481695964932442,
0.04498347267508507
],
"l_thumb_ip": [
-0.02855505794286728,
0.02128719538450241,
0.07518270611763
],
"l_thumb_tip": [
-0.02206760086119175,
0.001224437728524208,
0.11082039028406143
],
"l_index_mcp": [
-0.00414300337433815,
-0.0010366232600063086,
0.032237712293863297
],
"l_index_pip": [
-0.0021288003772497177,
-0.029828928411006927,
0.0337643027305603
],
"l_index_dip": [
-0.005881976336240768,
-0.05647557973861694,
0.03255895897746086
],
"l_index_tip": [
-0.010529696941375732,
-0.08655619621276855,
0.024229492992162704
],
"l_middle_mcp": [
0.0012493390822783113,
-0.005024468060582876,
0.007184934802353382
],
"l_middle_pip": [
0.0014537638053297997,
-0.040727678686380386,
0.007585037499666214
],
"l_middle_dip": [
-0.006592605262994766,
-0.06576573848724365,
0.002954429015517235
],
"l_middle_tip": [
-0.008108247071504593,
-0.10067839920520782,
0.0015227539697661996
],
"l_ring_mcp": [
0.0037280642427504063,
0.00018596788868308067,
-0.020596861839294434
],
"l_ring_pip": [
-0.00016383733600378036,
-0.028295405209064484,
-0.024047117680311203
],
"l_ring_dip": [
-0.006768288090825081,
-0.05557109788060188,
-0.024456491693854332
],
"l_ring_tip": [
-0.01019287109375,
-0.08413603901863098,
-0.02649577707052231
],
"l_pinky_mcp": [
-0.002760806120932102,
0.01310591958463192,
-0.040261153131723404
],
"l_pinky_pip": [
-0.004984933417290449,
-0.00828995555639267,
-0.04271404445171356
],
"l_pinky_dip": [
-0.008102986961603165,
-0.03419394791126251,
-0.04491230845451355
],
"l_pinky_tip": [
-0.011623071506619453,
-0.05539333075284958,
-0.04788237065076828
],
"r_hand_position": null,
"r_wrist": null,
"r_thumb_cmc": null,
"r_thumb_mcp": null,
"r_thumb_ip": null,
"r_thumb_tip": null,
"r_index_mcp": null,
"r_index_pip": null,
"r_index_dip": null,
"r_index_tip": null,
"r_middle_mcp": null,
"r_middle_pip": null,
"r_middle_dip": null,
"r_middle_tip": null,
"r_ring_mcp": null,
"r_ring_pip": null,
"r_ring_dip": null,
"r_ring_tip": null,
"r_pinky_mcp": null,
"r_pinky_pip": null,
"r_pinky_dip": null,
"r_pinky_tip": null
}
],
"framerate": 30,
"mirrorable": true
}