{
"label": "b",
"gestures": [
{
"l_hand_position": null,
"l_wrist": [
0.001390792429447174,
0.09918586909771077,
0.027996506541967652
],
"l_thumb_cmc": [
-0.02488872781395912,
0.07729657739400937,
0.010648047551512723
],
"l_thumb_mcp": [
-0.030577402561903,
0.05301116779446653,
-0.009028598666191233
],
"l_thumb_ip": [
-0.019050925970077515,
0.02716546133160615,
-0.037672277539968886
],
"l_thumb_tip": [
-0.0018693553283810616,
0.01060001924633988,
-0.04917232319712695
],
"l_index_mcp": [
-0.02474028803408146,
-0.002578957937657871,
0.0012406047899276254
],
"l_index_pip": [
-0.021872609853744507,
-0.0321946069598201,
-0.006033766549080661
],
"l_index_dip": [
-0.02103450894355774,
-0.05684433132410124,
-0.01052969694137575
],
"l_index_tip": [
-0.02076835185289383,
-0.07875443249940974,
-0.027165748178959285
],
"l_middle_mcp": [
-0.004000209271907806,
-0.005176293198019329,
0.004788641817867831
],
"l_middle_pip": [
-0.0019709449261426926,
-0.04339982941746754,
-0.007288489490747553
],
"l_middle_dip": [
-0.00737556628882885,
-0.06840949505567635,
-0.01960344426333921
],
"l_middle_tip": [
-0.006300227716565132,
-0.09195765107870213,
-0.030719192698598196
],
"l_ring_mcp": [
0.017766518518328667,
-0.0013954769819975049,
-0.0009500869200565003
],
"l_ring_pip": [
0.015891117975115776,
-0.030687183141708683,
-0.012030136771500208
],
"l_ring_dip": [
0.01236096303910017,
-0.05457413941621844,
-0.024917269125581044
],
"l_ring_tip": [
0.0089045949280262,
-0.07767271250486474,
-0.03857845067977949
],
"l_pinky_mcp": [
0.027073532342910767,
0.015466574579477494,
-0.0024916313122958257
],
"l_pinky_pip": [
0.03120187483727932,
-0.009530473500490293,
-0.009013701230287642
],
"l_pinky_dip": [
0.03051101788878441,
-0.03350599855184596,
-0.021017758175731045
],
"l_pinky_tip": [
0.023891715332865715,
-0.051086887717247634,
-0.035136915743351343
],
"r_hand_position": null,
"r_wrist": null,
"r_thumb_cmc": null,
"r_thumb_mcp": null,
"r_thumb_ip": null,
"r_thumb_tip": null,
"r_index_mcp": null,
"r_index_pip": null,
"r_index_dip": null,
"r_index_tip": null,
"r_middle_mcp": null,
"r_middle_pip": null,
"r_middle_dip": null,
"r_middle_tip": null,
"r_ring_mcp": null,
"r_ring_pip": null,
"r_ring_dip": null,
"r_ring_tip": null,
"r_pinky_mcp": null,
"r_pinky_pip": null,
"r_pinky_dip": null,
"r_pinky_tip": null
}
],
"framerate": 30,
"mirrorable": true
}