{
"label": "b",
"gestures": [
{
"l_hand_position": null,
"l_wrist": null,
"l_thumb_cmc": null,
"l_thumb_mcp": null,
"l_thumb_ip": null,
"l_thumb_tip": null,
"l_index_mcp": null,
"l_index_pip": null,
"l_index_dip": null,
"l_index_tip": null,
"l_middle_mcp": null,
"l_middle_pip": null,
"l_middle_dip": null,
"l_middle_tip": null,
"l_ring_mcp": null,
"l_ring_pip": null,
"l_ring_dip": null,
"l_ring_tip": null,
"l_pinky_mcp": null,
"l_pinky_pip": null,
"l_pinky_dip": null,
"l_pinky_tip": null,
"r_hand_position": null,
"r_wrist": [
-0.042408645153045654,
0.09286004304885973,
-0.035470496863127234
],
"r_thumb_cmc": [
-0.0027183368802070618,
0.07896219193935468,
-0.033537998795509665
],
"r_thumb_mcp": [
0.02178841456770897,
0.057131394743920115,
-0.043546173721552534
],
"r_thumb_ip": [
0.024179914966225624,
0.016843713819980746,
-0.052717506885529015
],
"r_thumb_tip": [
-0.004565291106700897,
-0.008044080808758883,
-0.04299627989530615
],
"r_index_mcp": [
0.02831190824508667,
0.008548893965780858,
0.0032993329223245577
],
"r_index_pip": [
0.03715619072318077,
-0.019538667052984383,
0.0006080409511923653
],
"r_index_dip": [
0.042371779680252075,
-0.045834038406611,
-0.005465008318424338
],
"r_index_tip": [
0.03910410776734352,
-0.06207796186208785,
-0.02688101865351212
],
"r_middle_mcp": [
0.003125878982245922,
-0.003793641226366191,
0.008335600607097239
],
"r_middle_pip": [
0.018534595146775246,
-0.04043345153331795,
0.0034028748050333366
],
"r_middle_dip": [
0.023014724254608154,
-0.06467171758413398,
-0.002988744992762832
],
"r_middle_tip": [
0.0281867403537035,
-0.08267263323068738,
-0.017415327951312214
],
"r_ring_mcp": [
-0.01770983263850212,
-0.007755157072097149,
-0.0014041950926184847
],
"r_ring_pip": [
-0.00521845743060112,
-0.03836003318429029,
-0.007659073919057839
],
"r_ring_dip": [
0.0034708604216575623,
-0.05881853401660988,
-0.0162713322788478
],
"r_ring_tip": [
0.009105291217565536,
-0.07534523308277191,
-0.026698337867856175
],
"r_pinky_mcp": [
-0.042005881667137146,
-0.0001388080418110115,
-0.014283819124102747
],
"r_pinky_pip": [
-0.031027469784021378,
-0.024413842707872696,
-0.012048354372382275
],
"r_pinky_dip": [
-0.01832130365073681,
-0.04524692147970251,
-0.01775901578366772
],
"r_pinky_tip": [
-0.01274849846959114,
-0.06297346949577387,
-0.026670502498746192
]
}
],
"framerate": 30,
"mirrorable": true
}