{
"label": "_null",
"gestures": [
{
"l_hand_position": [
0.7290775179862976,
0.8435073494911194,
2.678262376321072e-07
],
"l_wrist": [
-0.016261553391814232,
0.055602557957172394,
0.0328805074095726
],
"l_thumb_cmc": [
-0.03378435969352722,
0.04658183455467224,
0.02018665336072445
],
"l_thumb_mcp": [
-0.03240033611655235,
0.03797315061092377,
0.006255777087062597
],
"l_thumb_ip": [
-0.03613947331905365,
0.03616304323077202,
-0.0006308144074864686
],
"l_thumb_tip": [
-0.04168451949954033,
0.021968670189380646,
-0.012106290087103844
],
"l_index_mcp": [
-0.011978177353739738,
3.340328112244606e-05,
-0.002569330157712102
],
"l_index_pip": [
-0.009333031252026558,
-0.023325029760599136,
-0.010488225147128105
],
"l_index_dip": [
-0.011080749332904816,
-0.04118556156754494,
-0.014898602850735188
],
"l_index_tip": [
-0.00850786454975605,
-0.05615273490548134,
-0.026151228696107864
],
"l_middle_mcp": [
-0.0018037875415757298,
-0.003618797054514289,
0.0020809390116482973
],
"l_middle_pip": [
0.013807428069412708,
-0.03856384754180908,
-0.0031296086963266134
],
"l_middle_dip": [
0.015933813527226448,
-0.06638044118881226,
-0.014220532961189747
],
"l_middle_tip": [
0.023129012435674667,
-0.09101198613643646,
-0.02301233634352684
],
"l_ring_mcp": [
0.009429488331079483,
-0.0017134894151240587,
0.001333453576080501
],
"l_ring_pip": [
0.02151489444077015,
-0.026266783475875854,
9.06592613318935e-05
],
"l_ring_dip": [
0.03383810073137283,
-0.05180169641971588,
-0.00014441480743698776
],
"l_ring_tip": [
0.04549584537744522,
-0.07655397802591324,
-0.0018264413811266422
],
"l_pinky_mcp": [
0.0105280177667737,
0.005394245497882366,
0.006012257654219866
],
"l_pinky_pip": [
0.03701837360858917,
-0.005223452113568783,
0.004399989731609821
],
"l_pinky_dip": [
0.058421216905117035,
-0.019793303683400154,
0.0025385732296854258
],
"l_pinky_tip": [
0.06779336929321289,
-0.03588627651333809,
-0.003018437186256051
],
"r_hand_position": null,
"r_wrist": null,
"r_thumb_cmc": null,
"r_thumb_mcp": null,
"r_thumb_ip": null,
"r_thumb_tip": null,
"r_index_mcp": null,
"r_index_pip": null,
"r_index_dip": null,
"r_index_tip": null,
"r_middle_mcp": null,
"r_middle_pip": null,
"r_middle_dip": null,
"r_middle_tip": null,
"r_ring_mcp": null,
"r_ring_pip": null,
"r_ring_dip": null,
"r_ring_tip": null,
"r_pinky_mcp": null,
"r_pinky_pip": null,
"r_pinky_dip": null,
"r_pinky_tip": null
},
{
"l_hand_position": [
0.730691134929657,
0.8428754210472107,
2.5097227762671537e-07
],
"l_wrist": [
-0.015973269939422607,
0.053936801850795746,
0.03573434054851532
],
"l_thumb_cmc": [
-0.031593505293130875,
0.04520014300942421,
0.022679973393678665
],
"l_thumb_mcp": [
-0.03009723126888275,
0.037164296954870224,
0.009415717795491219
],
"l_thumb_ip": [
-0.033696629106998444,
0.036094799637794495,
0.0003576014132704586
],
"l_thumb_tip": [
-0.03974870964884758,
0.023053066805005074,
-0.010908165946602821
],
"l_index_mcp": [
-0.010372904129326344,
0.0004981686361134052,
-0.003163701854646206
],
"l_index_pip": [
-0.008991114795207977,
-0.022958334535360336,
-0.011037285439670086
],
"l_index_dip": [
-0.011673456989228725,
-0.039976898580789566,
-0.014517945237457752
],
"l_index_tip": [
-0.008810866624116898,
-0.05435315892100334,
-0.023563142865896225
],
"l_middle_mcp": [
-0.0017926176078617573,
-0.0031452220864593983,
0.001400353154167533
],
"l_middle_pip": [
0.013161569833755493,
-0.03729516267776489,
-0.004393629264086485
],
"l_middle_dip": [
0.014747189357876778,
-0.06460018455982208,
-0.015291095711290836
],
"l_middle_tip": [
0.022106830030679703,
-0.08825097978115082,
-0.022231126204133034
],
"l_ring_mcp": [
0.008403348736464977,
-0.0018463577143847942,
0.001550195156596601
],
"l_ring_pip": [
0.0194438174366951,
-0.025620680302381516,
-6.61188896629028e-05
],
"l_ring_dip": [
0.03218192979693413,
-0.05086769908666611,
-0.0019700161647051573
],
"l_ring_tip": [
0.04367607831954956,
-0.07450894266366959,
-0.0028238689992576838
],
"l_pinky_mcp": [
0.009788382798433304,
0.004890598356723785,
0.0076637486927211285
],
"l_pinky_pip": [
0.03517609089612961,
-0.00566548015922308,
0.005377455148845911
],
"l_pinky_dip": [
0.05649629980325699,
-0.019709086045622826,
0.003336541820317507
],
"l_pinky_tip": [
0.06612184643745422,
-0.035548169165849686,
-0.003633106593042612
],
"r_hand_position": null,
"r_wrist": null,
"r_thumb_cmc": null,
"r_thumb_mcp": null,
"r_thumb_ip": null,
"r_thumb_tip": null,
"r_index_mcp": null,
"r_index_pip": null,
"r_index_dip": null,
"r_index_tip": null,
"r_middle_mcp": null,
"r_middle_pip": null,
"r_middle_dip": null,
"r_middle_tip": null,
"r_ring_mcp": null,
"r_ring_pip": null,
"r_ring_dip": null,
"r_ring_tip": null,
"r_pinky_mcp": null,
"r_pinky_pip": null,
"r_pinky_dip": null,
"r_pinky_tip": null
},
{
"l_hand_position": [
0.730691134929657,
0.8428754210472107,
2.5097227762671537e-07
],
"l_wrist": [
-0.015973269939422607,
0.053936801850795746,
0.03573434054851532
],
"l_thumb_cmc": [
-0.031593505293130875,
0.04520014300942421,
0.022679973393678665
],
"l_thumb_mcp": [
-0.03009723126888275,
0.037164296954870224,
0.009415717795491219
],
"l_thumb_ip": [
-0.033696629106998444,
0.036094799637794495,
0.0003576014132704586
],
"l_thumb_tip": [
-0.03974870964884758,
0.023053066805005074,
-0.010908165946602821
],
"l_index_mcp": [
-0.010372904129326344,
0.0004981686361134052,
-0.003163701854646206
],
"l_index_pip": [
-0.008991114795207977,
-0.022958334535360336,
-0.011037285439670086
],
"l_index_dip": [
-0.011673456989228725,
-0.039976898580789566,
-0.014517945237457752
],
"l_index_tip": [
-0.008810866624116898,
-0.05435315892100334,
-0.023563142865896225
],
"l_middle_mcp": [
-0.0017926176078617573,
-0.0031452220864593983,
0.001400353154167533
],
"l_middle_pip": [
0.013161569833755493,
-0.03729516267776489,
-0.004393629264086485
],
"l_middle_dip": [
0.014747189357876778,
-0.06460018455982208,
-0.015291095711290836
],
"l_middle_tip": [
0.022106830030679703,
-0.08825097978115082,
-0.022231126204133034
],
"l_ring_mcp": [
0.008403348736464977,
-0.0018463577143847942,
0.001550195156596601
],
"l_ring_pip": [
0.0194438174366951,
-0.025620680302381516,
-6.61188896629028e-05
],
"l_ring_dip": [
0.03218192979693413,
-0.05086769908666611,
-0.0019700161647051573
],
"l_ring_tip": [
0.04367607831954956,
-0.07450894266366959,
-0.0028238689992576838
],
"l_pinky_mcp": [
0.009788382798433304,
0.004890598356723785,
0.0076637486927211285
],
"l_pinky_pip": [
0.03517609089612961,
-0.00566548015922308,
0.005377455148845911
],
"l_pinky_dip": [
0.05649629980325699,
-0.019709086045622826,
0.003336541820317507
],
"l_pinky_tip": [
0.06612184643745422,
-0.035548169165849686,
-0.003633106593042612
],
"r_hand_position": null,
"r_wrist": null,
"r_thumb_cmc": null,
"r_thumb_mcp": null,
"r_thumb_ip": null,
"r_thumb_tip": null,
"r_index_mcp": null,
"r_index_pip": null,
"r_index_dip": null,
"r_index_tip": null,
"r_middle_mcp": null,
"r_middle_pip": null,
"r_middle_dip": null,
"r_middle_tip": null,
"r_ring_mcp": null,
"r_ring_pip": null,
"r_ring_dip": null,
"r_ring_tip": null,
"r_pinky_mcp": null,
"r_pinky_pip": null,
"r_pinky_dip": null,
"r_pinky_tip": null
}
],
"framerate": 30,
"mirrorable": true
}