{
    "label": "0",
    "label_id": 0,
    "gestures": [
        {
            "wrist": [
                -0.09852681308984756,
                0.009874247014522552,
                0.0065767113119363785
            ],
            "thumb_cmc": [
                -0.07223591953516006,
                -0.014024760574102402,
                0.023385781794786453
            ],
            "thumb_mcp": [
                -0.041387610137462616,
                -0.017624884843826294,
                0.04135788977146149
            ],
            "thumb_ip": [
                -0.011034853756427765,
                -0.010887893848121166,
                0.05584631487727165
            ],
            "thumb_tip": [
                -0.0010272362269461155,
                0.004982820712029934,
                0.053487230092287064
            ],
            "index_mcp": [
                0.0010656656231731176,
                -0.02848396822810173,
                0.01066518109291792
            ],
            "index_pip": [
                0.017226481810212135,
                -0.014273629523813725,
                0.02087542787194252
            ],
            "index_dip": [
                0.021893193945288658,
                -0.002261553192511201,
                0.04510156065225601
            ],
            "index_tip": [
                0.01368237566202879,
                0.005308583378791809,
                0.07118123769760132
            ],
            "middle_mcp": [
                0.00278232479467988,
                -0.007884535938501358,
                3.675019252113998e-05
            ],
            "middle_pip": [
                0.02617053873836994,
                0.009726552292704582,
                0.012577175162732601
            ],
            "middle_dip": [
                0.019190814346075058,
                0.017362451180815697,
                0.04277440533041954
            ],
            "middle_tip": [
                0.009541675448417664,
                0.02183314599096775,
                0.0691186785697937
            ],
            "ring_mcp": [
                0.0018132224213331938,
                0.016472650691866875,
                -0.00790996104478836
            ],
            "ring_pip": [
                0.018502332270145416,
                0.032300349324941635,
                0.010853184387087822
            ],
            "ring_dip": [
                0.013297652825713158,
                0.03774638473987579,
                0.038164034485816956
            ],
            "ring_tip": [
                -0.0017720949836075306,
                0.039461661130189896,
                0.06027945876121521
            ],
            "pinky_mcp": [
                -0.010728889144957066,
                0.03719343617558479,
                -0.0050662062130868435
            ],
            "pinky_pip": [
                0.00467709731310606,
                0.04987573251128197,
                0.009045927785336971
            ],
            "pinky_dip": [
                0.002995215356349945,
                0.05151798576116562,
                0.029915757477283478
            ],
            "pinky_tip": [
                -0.01128890085965395,
                0.05056259408593178,
                0.04258951172232628
            ]
        }
    ]
}