{
"label": "_null",
"gestures": [
{
"l_hand_position": [
0.752627968788147,
0.7583024501800537,
9.263753497634752e-08
],
"l_wrist": [
-0.01175735890865326,
0.08983468264341354,
0.03820546343922615
],
"l_thumb_cmc": [
-0.034727565944194794,
0.060379508882761,
0.032165009528398514
],
"l_thumb_mcp": [
-0.0357530303299427,
0.03163386136293411,
0.01477187778800726
],
"l_thumb_ip": [
-0.029162902384996414,
0.002726910635828972,
-0.006511249579489231
],
"l_thumb_tip": [
-0.021374348551034927,
-0.022212594747543335,
-0.028876442462205887
],
"l_index_mcp": [
-0.02353961393237114,
-0.012522238306701183,
0.013622909784317017
],
"l_index_pip": [
-0.019434109330177307,
-0.037021614611148834,
0.0028856685385107994
],
"l_index_dip": [
-0.01699637807905674,
-0.05662249028682709,
-0.004657252226024866
],
"l_index_tip": [
-0.01663989946246147,
-0.07705438137054443,
-0.022692089900374413
],
"l_middle_mcp": [
-0.0030739072244614363,
-0.00613605510443449,
0.005260479636490345
],
"l_middle_pip": [
-0.0031801490113139153,
-0.03153373301029205,
-0.01764688454568386
],
"l_middle_dip": [
-0.010405512526631355,
-0.05235534533858299,
-0.036558713763952255
],
"l_middle_tip": [
-0.0146399587392807,
-0.07653860747814178,
-0.057328276336193085
],
"l_ring_mcp": [
0.016380582004785538,
0.0061088064685463905,
-0.009245393797755241
],
"l_ring_pip": [
-0.00861892756074667,
0.011633902788162231,
-0.0309162437915802
],
"l_ring_dip": [
-0.026649128645658493,
0.030554434284567833,
-0.02560444362461567
],
"l_ring_tip": [
-0.0345349982380867,
0.05008901655673981,
-0.011516883037984371
],
"l_pinky_mcp": [
0.01868368685245514,
0.027152923867106438,
-0.016901709139347076
],
"l_pinky_pip": [
0.001651921309530735,
0.02998647466301918,
-0.031012121587991714
],
"l_pinky_dip": [
-0.01572727970778942,
0.04047055542469025,
-0.027273092418909073
],
"l_pinky_tip": [
-0.018226047977805138,
0.054216355085372925,
-0.01292402669787407
],
"r_hand_position": null,
"r_wrist": null,
"r_thumb_cmc": null,
"r_thumb_mcp": null,
"r_thumb_ip": null,
"r_thumb_tip": null,
"r_index_mcp": null,
"r_index_pip": null,
"r_index_dip": null,
"r_index_tip": null,
"r_middle_mcp": null,
"r_middle_pip": null,
"r_middle_dip": null,
"r_middle_tip": null,
"r_ring_mcp": null,
"r_ring_pip": null,
"r_ring_dip": null,
"r_ring_tip": null,
"r_pinky_mcp": null,
"r_pinky_pip": null,
"r_pinky_dip": null,
"r_pinky_tip": null
}
],
"framerate": 30,
"mirrorable": true
}