{
"label": "0",
"gestures": [
{
"l_hand_position": null,
"l_wrist": [
0.011532582342624664,
0.09810528159141649,
0.008785426616668675
],
"l_thumb_cmc": [
-0.017240192741155624,
0.07637262344360475,
-0.005214169621467777
],
"l_thumb_mcp": [
-0.020942088216543198,
0.048590097576380074,
-0.018274424597621054
],
"l_thumb_ip": [
-0.015546174719929695,
0.018799282610416638,
-0.03753156960010569
],
"l_thumb_tip": [
0.005714630242437124,
0.00639323052018887,
-0.03893312439322519
],
"l_index_mcp": [
-0.029564648866653442,
-0.0029715285636484974,
0.0009585575899109379
],
"l_index_pip": [
-0.03844970464706421,
-0.027458325028419876,
-0.003902730997651815
],
"l_index_dip": [
-0.043075524270534515,
-0.051345542073250504,
-0.005914391484111605
],
"l_index_tip": [
-0.05186241865158081,
-0.07115615904331309,
-0.023353654891252854
],
"l_middle_mcp": [
-0.005597082898020744,
-0.004052094649523528,
0.004372376948595094
],
"l_middle_pip": [
0.0015600156038999557,
-0.047586429864168577,
0.00554261589422824
],
"l_middle_dip": [
0.0005242805927991867,
-0.07454122602939708,
0.0011770525015891685
],
"l_middle_tip": [
0.0012588836252689362,
-0.09872991591692086,
-0.0070595405995846315
],
"l_ring_mcp": [
0.019563235342502594,
-0.0026210066862404633,
-9.265894186683381e-05
],
"l_ring_pip": [
0.022151418030261993,
-0.03415554016828588,
-0.010224687866866667
],
"l_ring_dip": [
0.018681665882468224,
-0.05481497943401405,
-0.01980371028184922
],
"l_ring_tip": [
0.015085805207490921,
-0.07540270686149707,
-0.033095464110374784
],
"l_pinky_mcp": [
0.03335551545023918,
0.013739654794335514,
-0.003742143046110917
],
"l_pinky_pip": [
0.04408695176243782,
-0.01197930239141002,
-0.006617280654609282
],
"l_pinky_dip": [
0.050650596618652344,
-0.03423772007226987,
-0.01366988569498075
],
"l_pinky_tip": [
0.050033751875162125,
-0.04807983338832907,
-0.024212891235947876
],
"r_hand_position": null,
"r_wrist": null,
"r_thumb_cmc": null,
"r_thumb_mcp": null,
"r_thumb_ip": null,
"r_thumb_tip": null,
"r_index_mcp": null,
"r_index_pip": null,
"r_index_dip": null,
"r_index_tip": null,
"r_middle_mcp": null,
"r_middle_pip": null,
"r_middle_dip": null,
"r_middle_tip": null,
"r_ring_mcp": null,
"r_ring_pip": null,
"r_ring_dip": null,
"r_ring_tip": null,
"r_pinky_mcp": null,
"r_pinky_pip": null,
"r_pinky_dip": null,
"r_pinky_tip": null
}
],
"framerate": 30,
"mirrorable": true
}