{
    "label": "0",
    "label_id": 0,
    "gestures": [
        {
            "wrist": [
                -0.001187387853860855,
                0.13581471145153046,
                0.03072533942759037
            ],
            "thumb_cmc": [
                -0.02309992164373398,
                0.07577144354581833,
                -0.03662693873047829
            ],
            "thumb_mcp": [
                0.004714295268058777,
                0.06494364142417908,
                -0.006938704755157232
            ],
            "thumb_ip": [
                0.005178154446184635,
                0.006688929162919521,
                -0.08221661299467087
            ],
            "thumb_tip": [
                -0.014172517694532871,
                -0.0342712365090847,
                -0.03392236307263374
            ],
            "index_mcp": [
                0.01562220137566328,
                -0.019635533913969994,
                -0.02809877134859562
            ],
            "index_pip": [
                -0.0027878228574991226,
                -0.07388446480035782,
                -0.03027135133743286
            ],
            "index_dip": [
                0.04049510508775711,
                -0.06328394263982773,
                -0.04853163659572601
            ],
            "index_tip": [
                -0.008424428291618824,
                0.015399398282170296,
                -0.056645773351192474
            ],
            "middle_mcp": [
                0.024093078449368477,
                0.006158452946692705,
                -0.03694701939821243
            ],
            "middle_pip": [
                0.03104199282824993,
                -0.03890809789299965,
                -0.01218772865831852
            ],
            "middle_dip": [
                0.002787148579955101,
                -0.007804820314049721,
                -0.018965641036629677
            ],
            "middle_tip": [
                -0.03361605480313301,
                -0.00012727174907922745,
                -0.008587677031755447
            ],
            "ring_mcp": [
                -0.0031841564923524857,
                -0.02867189235985279,
                0.013017394579946995
            ],
            "ring_pip": [
                -0.00016856545698828995,
                0.0009896348929032683,
                -0.041700221598148346
            ],
            "ring_dip": [
                -0.04407539218664169,
                0.03685982525348663,
                -0.009664477780461311
            ],
            "ring_tip": [
                -0.014861993491649628,
                0.009059585630893707,
                -0.019237352535128593
            ],
            "pinky_mcp": [
                -0.07893586158752441,
                0.03581290692090988,
                -0.006974022835493088
            ],
            "pinky_pip": [
                -0.03266698122024536,
                0.03762204945087433,
                -0.04172861948609352
            ],
            "pinky_dip": [
                -0.060694508254528046,
                0.03868488967418671,
                -0.04699529707431793
            ],
            "pinky_tip": [
                -0.01840086467564106,
                0.053382616490125656,
                -0.03922765702009201
            ]
        }
    ]
}