{
    "label": "0",
    "label_id": 0,
    "gestures": [
        {
            "wrist": [
                -0.014769259840250015,
                0.08937535434961319,
                0.03350135684013367
            ],
            "thumb_cmc": [
                0.013535341247916222,
                0.07655410468578339,
                0.00902946200221777
            ],
            "thumb_mcp": [
                0.022206075489521027,
                0.05342894792556763,
                -0.01677401177585125
            ],
            "thumb_ip": [
                0.00662167277187109,
                0.02588869072496891,
                -0.04790901020169258
            ],
            "thumb_tip": [
                -0.018597396090626717,
                0.005527140572667122,
                -0.05299221724271774
            ],
            "index_mcp": [
                0.024986496195197105,
                0.0008330158889293671,
                -0.00569668086245656
            ],
            "index_pip": [
                0.0342746302485466,
                -0.021740160882472992,
                -0.024283839389681816
            ],
            "index_dip": [
                0.03672307729721069,
                -0.03396064415574074,
                -0.03898289054632187
            ],
            "index_tip": [
                0.0340423583984375,
                -0.029323052614927292,
                -0.06535287201404572
            ],
            "middle_mcp": [
                0.0024781040847301483,
                -0.0065289149060845375,
                0.003210756927728653
            ],
            "middle_pip": [
                0.0048813410103321075,
                -0.04633994773030281,
                -0.001962320413440466
            ],
            "middle_dip": [
                0.0023108404129743576,
                -0.0685282051563263,
                -0.015401587821543217
            ],
            "middle_tip": [
                0.003260526806116104,
                -0.08806241303682327,
                -0.03314334526658058
            ],
            "ring_mcp": [
                -0.016675373539328575,
                -0.002336293924599886,
                0.004401103127747774
            ],
            "ring_pip": [
                -0.01642661541700363,
                -0.037396036088466644,
                -0.004251332953572273
            ],
            "ring_dip": [
                -0.014615040272474289,
                -0.05976950377225876,
                -0.0202891044318676
            ],
            "ring_tip": [
                -0.015730103477835655,
                -0.08275552093982697,
                -0.041447266936302185
            ],
            "pinky_mcp": [
                -0.037013374269008636,
                0.013962659053504467,
                0.007701649330556393
            ],
            "pinky_pip": [
                -0.0364067517220974,
                -0.006339206360280514,
                -0.005541537888348103
            ],
            "pinky_dip": [
                -0.02982860431075096,
                -0.009953686036169529,
                -0.02309209480881691
            ],
            "pinky_tip": [
                -0.024239875376224518,
                -0.0030819224193692207,
                -0.040522824972867966
            ]
        }
    ]
}