{
    "label": "0",
    "label_id": 0,
    "gestures": [
        {
            "wrist": [
                -0.042094893753528595,
                0.07290070503950119,
                0.03101404570043087
            ],
            "thumb_cmc": [
                -0.029369931668043137,
                0.049447640776634216,
                0.044120799750089645
            ],
            "thumb_mcp": [
                -0.009248416870832443,
                0.03075026534497738,
                0.05977138131856918
            ],
            "thumb_ip": [
                -0.0005894354544579983,
                0.011344676837325096,
                0.07291191816329956
            ],
            "thumb_tip": [
                0.01673945225775242,
                -0.0008376520127058029,
                0.06884518265724182
            ],
            "index_mcp": [
                -0.004692219663411379,
                -0.010482513345777988,
                0.02680187299847603
            ],
            "index_pip": [
                0.014689969830214977,
                -0.037009354680776596,
                0.030368881300091743
            ],
            "index_dip": [
                0.03238735347986221,
                -0.04942230507731438,
                0.03661283105611801
            ],
            "index_tip": [
                0.05210740864276886,
                -0.04777875542640686,
                0.044743750244379044
            ],
            "middle_mcp": [
                -0.002120397752150893,
                -0.007271956652402878,
                0.003405224299058318
            ],
            "middle_pip": [
                0.019131574779748917,
                -0.03935232013463974,
                7.133351755328476e-05
            ],
            "middle_dip": [
                0.03957925736904144,
                -0.05197080969810486,
                0.009794780984520912
            ],
            "middle_tip": [
                0.06064184755086899,
                -0.051843076944351196,
                0.035612449049949646
            ],
            "ring_mcp": [
                0.0029546061996370554,
                0.0073634665459394455,
                -0.0175034087151289
            ],
            "ring_pip": [
                0.026744671165943146,
                -0.017215143889188766,
                -0.019952617585659027
            ],
            "ring_dip": [
                0.05310973525047302,
                -0.012913387268781662,
                -0.007254690397530794
            ],
            "ring_tip": [
                0.06740716099739075,
                -0.0007390566170215607,
                0.024858109652996063
            ],
            "pinky_mcp": [
                0.0022027213126420975,
                0.02194339409470558,
                -0.030210794880986214
            ],
            "pinky_pip": [
                0.023342151194810867,
                0.01543399877846241,
                -0.029241148382425308
            ],
            "pinky_dip": [
                0.04681408777832985,
                0.01718807965517044,
                -0.016151858493685722
            ],
            "pinky_tip": [
                0.05879965424537659,
                0.025138385593891144,
                0.0066938684321939945
            ]
        }
    ]
}