{
"label": "0",
"gestures": [
{
"l_hand_position": null,
"l_wrist": [
0.01660561002790928,
0.0876158848404896,
0.0059429295361042725
],
"l_thumb_cmc": [
-0.015229690819978714,
0.07020337134599773,
-0.0038607730530203803
],
"l_thumb_mcp": [
-0.03927574306726456,
0.056820247322321486,
-0.005838562734425182
],
"l_thumb_ip": [
-0.0634792372584343,
0.03683993220329326,
-0.010828745551407486
],
"l_thumb_tip": [
-0.077821284532547,
0.011948298662901025,
-0.012329774908721603
],
"l_index_mcp": [
-0.027203379198908806,
0.005482957232743558,
0.004446249455213594
],
"l_index_pip": [
-0.029513362795114517,
-0.022914346307516344,
-0.003113406477496075
],
"l_index_dip": [
-0.03500761091709137,
-0.02959145605564148,
-0.020216481760144407
],
"l_index_tip": [
-0.03927845507860184,
-0.010234946385026089,
-0.051222130656243
],
"l_middle_mcp": [
-0.004717686679214239,
-0.0025974758900702203,
0.006194106768816771
],
"l_middle_pip": [
-0.008219939656555653,
-0.037653960287571335,
-0.012236524373293069
],
"l_middle_dip": [
-0.02007950469851494,
-0.03114643506705791,
-0.040691178292036494
],
"l_middle_tip": [
-0.021505115553736687,
-0.01530505809932964,
-0.05867516994476383
],
"l_ring_mcp": [
0.018281416967511177,
-0.006544296629726961,
-0.0025404156185686875
],
"l_ring_pip": [
0.011636192910373211,
-0.03131696954369584,
-0.01759843714535247
],
"l_ring_dip": [
0.0022654226049780846,
-0.02660141885280639,
-0.04422112554311791
],
"l_ring_tip": [
-0.0006738766096532345,
-0.010895576328039348,
-0.06315574049949722
],
"l_pinky_mcp": [
0.030808236449956894,
0.006434560753405162,
-0.011609748005867114
],
"l_pinky_pip": [
0.03166380524635315,
-0.019363986328244404,
-0.0169703308492901
],
"l_pinky_dip": [
0.02313486859202385,
-0.02548486925661591,
-0.040954973548651116
],
"l_pinky_tip": [
0.01958831213414669,
-0.012699143029749612,
-0.05773121491074622
],
"r_hand_position": null,
"r_wrist": null,
"r_thumb_cmc": null,
"r_thumb_mcp": null,
"r_thumb_ip": null,
"r_thumb_tip": null,
"r_index_mcp": null,
"r_index_pip": null,
"r_index_dip": null,
"r_index_tip": null,
"r_middle_mcp": null,
"r_middle_pip": null,
"r_middle_dip": null,
"r_middle_tip": null,
"r_ring_mcp": null,
"r_ring_pip": null,
"r_ring_dip": null,
"r_ring_tip": null,
"r_pinky_mcp": null,
"r_pinky_pip": null,
"r_pinky_dip": null,
"r_pinky_tip": null
}
],
"framerate": 30,
"mirrorable": true
}