{
"label": "0",
"gestures": [
{
"l_hand_position": null,
"l_wrist": [
0.018212895840406418,
0.08744352310896018,
-0.004749071784317658
],
"l_thumb_cmc": [
-0.00940233189612627,
0.06972938776016312,
-0.01590303145349052
],
"l_thumb_mcp": [
-0.026855971664190292,
0.043956693261862384,
-0.020990561693907145
],
"l_thumb_ip": [
-0.04003674536943436,
0.01765946112573165,
-0.024703035131097124
],
"l_thumb_tip": [
-0.04858028516173363,
-0.012068649753928377,
-0.022815611213445882
],
"l_index_mcp": [
-0.02703133039176464,
0.0025525179225951754,
0.0044239265844226465
],
"l_index_pip": [
-0.028746724128723145,
-0.025403661653399693,
0.0037444522604346895
],
"l_index_dip": [
-0.03078855574131012,
-0.04874937236309101,
-0.0031454840209334816
],
"l_index_tip": [
-0.035466402769088745,
-0.0702676028013235,
-0.024042936041951173
],
"l_middle_mcp": [
-0.005852421745657921,
-0.002021043095737705,
0.007458903826773242
],
"l_middle_pip": [
-0.009500578977167606,
-0.014055188745260433,
-0.025180052965879798
],
"l_middle_dip": [
-0.009526870213449001,
0.00918976962566383,
-0.04007935523986869
],
"l_middle_tip": [
-0.005238628014922142,
0.025965064764023122,
-0.03500511869788198
],
"l_ring_mcp": [
0.018849588930606842,
-0.005048927385360057,
-0.00192050507757814
],
"l_ring_pip": [
0.01263359747827053,
-0.012351853772998002,
-0.028321554884314808
],
"l_ring_dip": [
0.013222910463809967,
0.007942792959511372,
-0.041654683649540364
],
"l_ring_tip": [
0.014898027293384075,
0.029039839282632214,
-0.04143968597054533
],
"l_pinky_mcp": [
0.03076542541384697,
0.007564876694232284,
-0.011798408813774705
],
"l_pinky_pip": [
0.03236769139766693,
-0.016159027814865296,
-0.015765130519867058
],
"l_pinky_dip": [
0.02863643504679203,
-0.03966786712408114,
-0.023687483742833394
],
"l_pinky_tip": [
0.021494576707482338,
-0.056691903620958925,
-0.03399177640676543
],
"r_hand_position": null,
"r_wrist": null,
"r_thumb_cmc": null,
"r_thumb_mcp": null,
"r_thumb_ip": null,
"r_thumb_tip": null,
"r_index_mcp": null,
"r_index_pip": null,
"r_index_dip": null,
"r_index_tip": null,
"r_middle_mcp": null,
"r_middle_pip": null,
"r_middle_dip": null,
"r_middle_tip": null,
"r_ring_mcp": null,
"r_ring_pip": null,
"r_ring_dip": null,
"r_ring_tip": null,
"r_pinky_mcp": null,
"r_pinky_pip": null,
"r_pinky_dip": null,
"r_pinky_tip": null
}
],
"framerate": 30,
"mirrorable": true
}