{
"label": "_null",
"gestures": [
{
"l_hand_position": null,
"l_wrist": null,
"l_thumb_cmc": null,
"l_thumb_mcp": null,
"l_thumb_ip": null,
"l_thumb_tip": null,
"l_index_mcp": null,
"l_index_pip": null,
"l_index_dip": null,
"l_index_tip": null,
"l_middle_mcp": null,
"l_middle_pip": null,
"l_middle_dip": null,
"l_middle_tip": null,
"l_ring_mcp": null,
"l_ring_pip": null,
"l_ring_dip": null,
"l_ring_tip": null,
"l_pinky_mcp": null,
"l_pinky_pip": null,
"l_pinky_dip": null,
"l_pinky_tip": null,
"r_hand_position": [
-0.3264905661344528,
0.3002926707267761,
-0.49999962657966535
],
"r_wrist": [
-0.011398589238524437,
0.08109939843416214,
0.0501202717423439
],
"r_thumb_cmc": [
0.01311870850622654,
0.06591439247131348,
0.026034153997898102
],
"r_thumb_mcp": [
0.03745223209261894,
0.049070775508880615,
0.005019232165068388
],
"r_thumb_ip": [
0.05566168576478958,
0.02908199653029442,
-0.019801247864961624
],
"r_thumb_tip": [
0.06727520376443863,
0.006493525579571724,
-0.03401990607380867
],
"r_index_mcp": [
0.02248099073767662,
-0.004245121031999588,
-0.0004543827672023326
],
"r_index_pip": [
0.03639796003699303,
-0.02301987074315548,
-0.014411794021725655
],
"r_index_dip": [
0.04083720222115517,
-0.04105308651924133,
-0.02451540157198906
],
"r_index_tip": [
0.0415557362139225,
-0.05264008417725563,
-0.05608673393726349
],
"r_middle_mcp": [
0.002365752123296261,
-0.0071715121157467365,
0.003626374527812004
],
"r_middle_pip": [
0.006960364989936352,
-0.04005889594554901,
-0.014683387242257595
],
"r_middle_dip": [
0.00485854409635067,
-0.05725623294711113,
-0.035979777574539185
],
"r_middle_tip": [
0.005163662135601044,
-0.07208004593849182,
-0.06020410731434822
],
"r_ring_mcp": [
-0.01621343567967415,
0.00021971901878714561,
-0.00028315544477663934
],
"r_ring_pip": [
-0.02126380428671837,
-0.02437984198331833,
-0.020647423341870308
],
"r_ring_dip": [
-0.025986429303884506,
-0.03603596240282059,
-0.04588828235864639
],
"r_ring_tip": [
-0.03307612985372543,
-0.04670732095837593,
-0.07465044409036636
],
"r_pinky_mcp": [
-0.03611147031188011,
0.01768338494002819,
0.0026880470104515553
],
"r_pinky_pip": [
-0.04909171536564827,
0.0034603606909513474,
-0.00918983668088913
],
"r_pinky_dip": [
-0.060297973453998566,
-0.010935565456748009,
-0.027485879138112068
],
"r_pinky_tip": [
-0.0651962161064148,
-0.019397364929318428,
-0.04409538581967354
]
},
{
"l_hand_position": null,
"l_wrist": null,
"l_thumb_cmc": null,
"l_thumb_mcp": null,
"l_thumb_ip": null,
"l_thumb_tip": null,
"l_index_mcp": null,
"l_index_pip": null,
"l_index_dip": null,
"l_index_tip": null,
"l_middle_mcp": null,
"l_middle_pip": null,
"l_middle_dip": null,
"l_middle_tip": null,
"l_ring_mcp": null,
"l_ring_pip": null,
"l_ring_dip": null,
"l_ring_tip": null,
"l_pinky_mcp": null,
"l_pinky_pip": null,
"l_pinky_dip": null,
"l_pinky_tip": null,
"r_hand_position": [
-0.32679058611392975,
0.30055326223373413,
-0.4999996194851519
],
"r_wrist": [
-0.011490551754832268,
0.08117583394050598,
0.05010858550667763
],
"r_thumb_cmc": [
0.013012764975428581,
0.06610755622386932,
0.02559373341500759
],
"r_thumb_mcp": [
0.037127673625946045,
0.04920008033514023,
0.00383626576513052
],
"r_thumb_ip": [
0.05557326227426529,
0.028910988941788673,
-0.0220001433044672
],
"r_thumb_tip": [
0.06687389314174652,
0.005964390933513641,
-0.036176372319459915
],
"r_index_mcp": [
0.022569620981812477,
-0.004086080007255077,
-0.0009400405688211322
],
"r_index_pip": [
0.03672868013381958,
-0.022826939821243286,
-0.015169772319495678
],
"r_index_dip": [
0.04105661064386368,
-0.040027815848588943,
-0.024934059008955956
],
"r_index_tip": [
0.040996287018060684,
-0.052171800285577774,
-0.0571691170334816
],
"r_middle_mcp": [
0.0025625592097640038,
-0.007095342967659235,
0.003417294705286622
],
"r_middle_pip": [
0.007675696164369583,
-0.040000949054956436,
-0.014770716428756714
],
"r_middle_dip": [
0.004668900743126869,
-0.057166989892721176,
-0.036846552044153214
],
"r_middle_tip": [
0.005445098504424095,
-0.07183536887168884,
-0.060901887714862823
],
"r_ring_mcp": [
-0.015827244147658348,
7.122429087758064e-05,
1.151106243924005e-05
],
"r_ring_pip": [
-0.020959477871656418,
-0.024278907105326653,
-0.020064901560544968
],
"r_ring_dip": [
-0.026879604905843735,
-0.03610369563102722,
-0.04576446861028671
],
"r_ring_tip": [
-0.03317178785800934,
-0.04734193533658981,
-0.07317909598350525
],
"r_pinky_mcp": [
-0.03604527935385704,
0.017430409789085388,
0.002770311664789915
],
"r_pinky_pip": [
-0.04913181811571121,
0.003561249002814293,
-0.008482849225401878
],
"r_pinky_dip": [
-0.05961817502975464,
-0.010815098881721497,
-0.02692744880914688
],
"r_pinky_tip": [
-0.06470127403736115,
-0.019357334822416306,
-0.04331846535205841
]
},
{
"l_hand_position": null,
"l_wrist": null,
"l_thumb_cmc": null,
"l_thumb_mcp": null,
"l_thumb_ip": null,
"l_thumb_tip": null,
"l_index_mcp": null,
"l_index_pip": null,
"l_index_dip": null,
"l_index_tip": null,
"l_middle_mcp": null,
"l_middle_pip": null,
"l_middle_dip": null,
"l_middle_tip": null,
"l_ring_mcp": null,
"l_ring_pip": null,
"l_ring_dip": null,
"l_ring_tip": null,
"l_pinky_mcp": null,
"l_pinky_pip": null,
"l_pinky_dip": null,
"l_pinky_tip": null,
"r_hand_position": [
-0.3273739665746689,
0.3011453151702881,
-0.499999621332762
],
"r_wrist": [
-0.01144815981388092,
0.08125833421945572,
0.04989613592624664
],
"r_thumb_cmc": [
0.012982804328203201,
0.06588654220104218,
0.025271261110901833
],
"r_thumb_mcp": [
0.03715783730149269,
0.04938787221908569,
0.0036423311103135347
],
"r_thumb_ip": [
0.05594220384955406,
0.02962719276547432,
-0.021973906084895134
],
"r_thumb_tip": [
0.06650062650442123,
0.0072441138327121735,
-0.0360267274081707
],
"r_index_mcp": [
0.022375471889972687,
-0.004061051644384861,
-0.001092293532565236
],
"r_index_pip": [
0.03664727509021759,
-0.02237119898200035,
-0.014937483705580235
],
"r_index_dip": [
0.041293915361166,
-0.039834145456552505,
-0.025182651355862617
],
"r_index_tip": [
0.04126839339733124,
-0.05193082243204117,
-0.0573151670396328
],
"r_middle_mcp": [
0.002524903044104576,
-0.007040912285447121,
0.0033159044105559587
],
"r_middle_pip": [
0.007749780081212521,
-0.03958316892385483,
-0.01491022389382124
],
"r_middle_dip": [
0.004737576469779015,
-0.05683399736881256,
-0.03658745810389519
],
"r_middle_tip": [
0.005229581147432327,
-0.07181441783905029,
-0.060717470943927765
],
"r_ring_mcp": [
-0.015800222754478455,
-7.184548303484917e-05,
-4.1951992898248136e-05
],
"r_ring_pip": [
-0.020587008446455002,
-0.02405744418501854,
-0.019854646176099777
],
"r_ring_dip": [
-0.02640831470489502,
-0.03580038249492645,
-0.04531136527657509
],
"r_ring_tip": [
-0.032913729548454285,
-0.04734379053115845,
-0.0740138441324234
],
"r_pinky_mcp": [
-0.03615795820951462,
0.01754571683704853,
0.0028379405848681927
],
"r_pinky_pip": [
-0.04897090792655945,
0.003385741263628006,
-0.008501519449055195
],
"r_pinky_dip": [
-0.05963019281625748,
-0.011564534157514572,
-0.026675473898649216
],
"r_pinky_tip": [
-0.06439497321844101,
-0.0202317051589489,
-0.0429203137755394
]
},
{
"l_hand_position": null,
"l_wrist": null,
"l_thumb_cmc": null,
"l_thumb_mcp": null,
"l_thumb_ip": null,
"l_thumb_tip": null,
"l_index_mcp": null,
"l_index_pip": null,
"l_index_dip": null,
"l_index_tip": null,
"l_middle_mcp": null,
"l_middle_pip": null,
"l_middle_dip": null,
"l_middle_tip": null,
"l_ring_mcp": null,
"l_ring_pip": null,
"l_ring_dip": null,
"l_ring_tip": null,
"l_pinky_mcp": null,
"l_pinky_pip": null,
"l_pinky_dip": null,
"l_pinky_tip": null,
"r_hand_position": [
-0.3273739665746689,
0.3011453151702881,
-0.499999621332762
],
"r_wrist": [
-0.01144815981388092,
0.08125833421945572,
0.04989613592624664
],
"r_thumb_cmc": [
0.012982804328203201,
0.06588654220104218,
0.025271261110901833
],
"r_thumb_mcp": [
0.03715783730149269,
0.04938787221908569,
0.0036423311103135347
],
"r_thumb_ip": [
0.05594220384955406,
0.02962719276547432,
-0.021973906084895134
],