{
"label": "0",
"gestures": [
{
"l_hand_position": null,
"l_wrist": null,
"l_thumb_cmc": null,
"l_thumb_mcp": null,
"l_thumb_ip": null,
"l_thumb_tip": null,
"l_index_mcp": null,
"l_index_pip": null,
"l_index_dip": null,
"l_index_tip": null,
"l_middle_mcp": null,
"l_middle_pip": null,
"l_middle_dip": null,
"l_middle_tip": null,
"l_ring_mcp": null,
"l_ring_pip": null,
"l_ring_dip": null,
"l_ring_tip": null,
"l_pinky_mcp": null,
"l_pinky_pip": null,
"l_pinky_dip": null,
"l_pinky_tip": null,
"r_hand_position": null,
"r_wrist": [
0.07675900310277939,
0.03292140364646954,
0.03400303050875695
],
"r_thumb_cmc": [
0.05780225992202759,
0.0071787126362324975,
0.03789252042770432
],
"r_thumb_mcp": [
0.036870475858449936,
-0.016006819903850698,
0.04332377761602444
],
"r_thumb_ip": [
0.006370849441736937,
-0.019852345809340755,
0.043238122016192024
],
"r_thumb_tip": [
-0.004582336638122797,
-0.017581406980753167,
0.035537403076887596
],
"r_index_mcp": [
-0.00029453448951244354,
-0.019652521237731202,
0.007421412970870858
],
"r_index_pip": [
-0.014823784120380878,
-0.011776736006140839,
0.01057197805494084
],
"r_index_dip": [
-0.010777270421385765,
-0.00825311709195384,
0.031857673078775815
],
"r_index_tip": [
-0.002565933857113123,
-0.0005143143935128611,
0.04902935773134276
],
"r_middle_mcp": [
-0.0032975052017718554,
-0.004326582420617385,
0.00016368541400879936
],
"r_middle_pip": [
-0.02195575274527073,
0.0005469508469104846,
0.010166716761887167
],
"r_middle_dip": [
-0.014180845580995083,
0.013068817555904564,
0.034125640988350255
],
"r_middle_tip": [
-0.005480595864355564,
0.008868189528584603,
0.050717856734991636
],
"r_ring_mcp": [
-0.0026933420449495316,
0.013577396050095699,
-0.007066451944410857
],
"r_ring_pip": [
-0.013520765118300915,
0.026214867830276708,
0.007200406864285455
],
"r_ring_dip": [
-0.0030395667999982834,
0.03142002969980281,
0.033631023019552675
],
"r_ring_tip": [
0.008869539014995098,
0.027620449662208918,
0.05189052969217349
],
"r_pinky_mcp": [
0.0017637219280004501,
0.04048134386539508,
-0.0024475255049765214
],
"r_pinky_pip": [
-0.0025408323854207993,
0.04388370364904451,
0.00879394263029103
],
"r_pinky_dip": [
0.005401775240898132,
0.04956460371613576,
0.02780891209840805
],
"r_pinky_tip": [
0.015542750246822834,
0.043873533606529645,
0.043077267706394584
]
}
],
"framerate": 30,
"mirrorable": true
}