{
    "label": "0",
    "label_id": 0,
    "gestures": [
        {
            "wrist": [
                -0.012400537729263306,
                0.10408379137516022,
                -0.010693111456930637
            ],
            "thumb_cmc": [
                0.00970098003745079,
                0.08316786587238312,
                -0.014162936247885227
            ],
            "thumb_mcp": [
                0.019907783716917038,
                0.05150448903441429,
                -0.027726611122488976
            ],
            "thumb_ip": [
                0.012769408524036407,
                0.012272128835320473,
                -0.038750145584344864
            ],
            "thumb_tip": [
                -0.017380880191922188,
                -0.010221217758953571,
                -0.03940260410308838
            ],
            "index_mcp": [
                0.02145536243915558,
                -0.0029386039823293686,
                0.004405055195093155
            ],
            "index_pip": [
                0.026728324592113495,
                -0.034906256943941116,
                -0.0021092495881021023
            ],
            "index_dip": [
                0.02956232614815235,
                -0.05865170434117317,
                -0.0045715207234025
            ],
            "index_tip": [
                0.026292432099580765,
                -0.08709994703531265,
                -0.012026767246425152
            ],
            "middle_mcp": [
                0.002461171243339777,
                -0.0073054456152021885,
                0.007059508468955755
            ],
            "middle_pip": [
                0.009739940986037254,
                -0.04724569618701935,
                0.007590233813971281
            ],
            "middle_dip": [
                0.009426834061741829,
                -0.07333534955978394,
                0.006505038123577833
            ],
            "middle_tip": [
                0.010567188262939453,
                -0.10432308912277222,
                -0.0014162188163027167
            ],
            "ring_mcp": [
                -0.015297852456569672,
                -0.0009918073192238808,
                -0.003238686127588153
            ],
            "ring_pip": [
                -0.009582551196217537,
                -0.03360571712255478,
                -0.011415907181799412
            ],
            "ring_dip": [
                -0.00707288458943367,
                -0.05797933042049408,
                -0.02115021087229252
            ],
            "ring_tip": [
                -0.0005804970860481262,
                -0.08066004514694214,
                -0.032960448414087296
            ],
            "pinky_mcp": [
                -0.033692289143800735,
                0.016400795429944992,
                -0.011463754810392857
            ],
            "pinky_pip": [
                -0.02189388871192932,
                -0.004156840965151787,
                -0.022828996181488037
            ],
            "pinky_dip": [
                -0.013855877332389355,
                -0.0011159307323396206,
                -0.03584998473525047
            ],
            "pinky_tip": [
                -0.012344700284302235,
                0.014516164548695087,
                -0.04154007509350777
            ]
        }
    ]
}