{
"label": "0",
"gestures": [
{
"l_hand_position": null,
"l_wrist": null,
"l_thumb_cmc": null,
"l_thumb_mcp": null,
"l_thumb_ip": null,
"l_thumb_tip": null,
"l_index_mcp": null,
"l_index_pip": null,
"l_index_dip": null,
"l_index_tip": null,
"l_middle_mcp": null,
"l_middle_pip": null,
"l_middle_dip": null,
"l_middle_tip": null,
"l_ring_mcp": null,
"l_ring_pip": null,
"l_ring_dip": null,
"l_ring_tip": null,
"l_pinky_mcp": null,
"l_pinky_pip": null,
"l_pinky_dip": null,
"l_pinky_tip": null,
"r_hand_position": null,
"r_wrist": [
-0.015819886699318886,
-0.040101554244756935,
0.06832654774189059
],
"r_thumb_cmc": [
0.0015618045581504703,
-0.01966808736324325,
0.053892318159342395
],
"r_thumb_mcp": [
-0.0033072789665311575,
-0.004070285242050896,
0.0428294017910963
],
"r_thumb_ip": [
-0.010813329368829727,
0.0010273793013766915,
0.021199367940426157
],
"r_thumb_tip": [
-0.0156736820936203,
0.006117753684520785,
0.004585793241858537
],
"r_index_mcp": [
0.004682860802859068,
-0.0013367828214541251,
-0.0027576601132750793
],
"r_index_pip": [
0.008696367964148521,
0.015418704599142229,
-0.0060451407916844915
],
"r_index_dip": [
0.014276049099862576,
0.039138872176409226,
0.0033276709727943013
],
"r_index_tip": [
0.014456765726208687,
0.06239751726388997,
0.011745293624699303
],
"r_middle_mcp": [
0.0028457411099225283,
-0.00031086429953575525,
-0.003261167090386189
],
"r_middle_pip": [
0.008037103340029716,
0.017252892255783338,
-0.010117846541106826
],
"r_middle_dip": [
0.012277225963771343,
0.04648343101143887,
-0.005702876951545574
],
"r_middle_tip": [
0.013808272778987885,
0.076247826218606,
0.011688077822327574
],
"r_ring_mcp": [
-0.0027480844873934984,
0.0005701709887944239,
0.0006268411525525222
],
"r_ring_pip": [
-0.00037059851456433535,
0.01575348526239415,
0.0006204610108398014
],
"r_ring_dip": [
-0.0031768123153597116,
0.04772550612688113,
0.004905896726995624
],
"r_ring_tip": [
-0.002402366604655981,
0.07664413750171756,
0.01760904677212258
],
"r_pinky_mcp": [
-0.008761734701693058,
2.254499122502927e-05,
0.013855704106390603
],
"r_pinky_pip": [
0.0028239134699106216,
0.007790147792548047,
0.016459127888083683
],
"r_pinky_dip": [
0.00881972722709179,
0.015745090320706537,
0.023874830454588217
],
"r_pinky_tip": [
0.017425252124667168,
0.016230989247560702,
0.03119692206382785
]
}
],
"framerate": 30,
"mirrorable": true
}