{
    "label": "0",
    "label_id": 0,
    "gestures": [
        {
            "wrist": [
                0.006422068923711777,
                0.09340938180685043,
                0.02089446410536766
            ],
            "thumb_cmc": [
                -0.022456182166934013,
                0.07165097445249557,
                0.004143864382058382
            ],
            "thumb_mcp": [
                -0.034503065049648285,
                0.04541678726673126,
                -0.009539407677948475
            ],
            "thumb_ip": [
                -0.03379330784082413,
                0.011866643093526363,
                -0.0286277886480093
            ],
            "thumb_tip": [
                -0.019758546724915504,
                -0.008890518918633461,
                -0.034699391573667526
            ],
            "index_mcp": [
                -0.02959875389933586,
                -0.005306522827595472,
                -0.0009436813415959477
            ],
            "index_pip": [
                -0.03531728312373161,
                -0.033918023109436035,
                -0.009685184806585312
            ],
            "index_dip": [
                -0.03692664951086044,
                -0.053090304136276245,
                -0.016554975882172585
            ],
            "index_tip": [
                -0.04398434981703758,
                -0.06972094625234604,
                -0.03941286355257034
            ],
            "middle_mcp": [
                -0.005996776279062033,
                -0.006160501390695572,
                0.004825533367693424
            ],
            "middle_pip": [
                0.0003338567912578583,
                -0.047776538878679276,
                -0.00039297956391237676
            ],
            "middle_dip": [
                -0.007230671122670174,
                -0.07392099499702454,
                -0.013204624876379967
            ],
            "middle_tip": [
                -0.010394588112831116,
                -0.09751717746257782,
                -0.02833569049835205
            ],
            "ring_mcp": [
                0.019862748682498932,
                0.0007053115405142307,
                0.0005808424903079867
            ],
            "ring_pip": [
                0.021437454968690872,
                -0.027761148288846016,
                -0.013276368379592896
            ],
            "ring_dip": [
                0.019253237172961235,
                -0.0520799346268177,
                -0.031651392579078674
            ],
            "ring_tip": [
                0.014889097772538662,
                -0.07125239819288254,
                -0.05250706151127815
            ],
            "pinky_mcp": [
                0.03307287022471428,
                0.019969243556261063,
                -0.0020981410052627325
            ],
            "pinky_pip": [
                0.0368088036775589,
                0.009517035447061062,
                -0.01771325059235096
            ],
            "pinky_dip": [
                0.03297663852572441,
                0.011143827810883522,
                -0.03805551677942276
            ],
            "pinky_tip": [
                0.025326840579509735,
                0.02578807808458805,
                -0.05532979965209961
            ]
        }
    ]
}