{
    "label": "0",
    "label_id": 0,
    "gestures": [
        {
            "wrist": [
                0.046316131949424744,
                0.04268171638250351,
                0.07092376053333282
            ],
            "thumb_cmc": [
                0.03166785463690758,
                0.0123524758964777,
                0.06437370181083679
            ],
            "thumb_mcp": [
                0.010420119389891624,
                -0.005335237830877304,
                0.05399099364876747
            ],
            "thumb_ip": [
                -0.00970369391143322,
                -0.011804874986410141,
                0.028075572103261948
            ],
            "thumb_tip": [
                -0.033841755241155624,
                -0.009693946689367294,
                0.006411460228264332
            ],
            "index_mcp": [
                0.0034167771227657795,
                -0.018217407166957855,
                0.003708859905600548
            ],
            "index_pip": [
                -0.01910373568534851,
                -0.027902498841285706,
                -0.0016716381069272757
            ],
            "index_dip": [
                -0.04443676769733429,
                -0.0347210168838501,
                0.009891416877508163
            ],
            "index_tip": [
                -0.0656280592083931,
                -0.03371056541800499,
                0.023447658866643906
            ],
            "middle_mcp": [
                -0.0017089720349758863,
                -0.004199263174086809,
                -0.0024509020149707794
            ],
            "middle_pip": [
                -0.028117433190345764,
                -0.01606539636850357,
                -0.004637080244719982
            ],
            "middle_dip": [
                -0.05730295553803444,
                -0.02127133309841156,
                0.005037102848291397
            ],
            "middle_tip": [
                -0.07831897586584091,
                -0.02686004899442196,
                0.025075526908040047
            ],
            "ring_mcp": [
                -0.0018646307289600372,
                0.011282898485660553,
                -0.0051938192918896675
            ],
            "ring_pip": [
                -0.029097625985741615,
                0.0051605477929115295,
                -0.0025599219370633364
            ],
            "ring_dip": [
                -0.05497024953365326,
                0.003304623067378998,
                0.013254962861537933
            ],
            "ring_tip": [
                -0.0768096074461937,
                -0.0039176344871521,
                0.029848631471395493
            ],
            "pinky_mcp": [
                -0.0029392577707767487,
                0.032068151980638504,
                0.004930306226015091
            ],
            "pinky_pip": [
                -0.02399437502026558,
                0.026365308091044426,
                0.006104086991399527
            ],
            "pinky_dip": [
                -0.04471174255013466,
                0.01947685144841671,
                0.016260884702205658
            ],
            "pinky_tip": [
                -0.057280465960502625,
                0.01588948257267475,
                0.02670600265264511
            ]
        }
    ]
}