{
"label": "0",
"gestures": [
{
"l_hand_position": null,
"l_wrist": [
0.0018295925110578537,
0.08976186066866018,
-0.006896588951349349
],
"l_thumb_cmc": [
-0.01880357228219509,
0.06571824848651964,
0.010228308849036841
],
"l_thumb_mcp": [
-0.03278231620788574,
0.04236225783824964,
0.02578677423298393
],
"l_thumb_ip": [
-0.04871940240263939,
0.01594974845647826,
0.04331278428435366
],
"l_thumb_tip": [
-0.05382700636982918,
-0.014057304710149975,
0.05976210534572668
],
"l_index_mcp": [
-0.009679692797362804,
-0.0004293735837563774,
0.02712302468717128
],
"l_index_pip": [
-0.012605417519807816,
-0.027337493374943997,
0.027750190347433302
],
"l_index_dip": [
-0.022699937224388123,
-0.04734932631254241,
0.025048034265637727
],
"l_index_tip": [
-0.03827982395887375,
-0.0613995790481575,
0.00642102723941219
],
"l_middle_mcp": [
0.0004454806912690401,
-0.002230756450444463,
0.008155741728842297
],
"l_middle_pip": [
-0.01345944032073021,
-0.03600829094648393,
-0.002121492056176128
],
"l_middle_dip": [
-0.03729616105556488,
-0.03795344009995506,
-0.01775019057095066
],
"l_middle_tip": [
-0.05048443377017975,
-0.029993847012520232,
-0.024861443787813495
],
"l_ring_mcp": [
0.006854875944554806,
-0.002616920508444335,
-0.017026606947183786
],
"l_ring_pip": [
-0.009419621899724007,
-0.02372273616492775,
-0.02393797039985686
],
"l_ring_dip": [
-0.03274672478437424,
-0.023567933589220293,
-0.02989729493856467
],
"l_ring_tip": [
-0.04773036018013954,
-0.012540110386908217,
-0.034737162292004
],
"l_pinky_mcp": [
0.004942972678691149,
0.01006075181067004,
-0.03789059817791029
],
"l_pinky_pip": [
-0.006927113048732281,
-0.007166785188019319,
-0.04007613658905063
],
"l_pinky_dip": [
-0.028731804341077805,
-0.017940130084753297,
-0.04467087611556113
],
"l_pinky_tip": [
-0.04418220371007919,
-0.009198993444442822,
-0.047482766211033305
],
"r_hand_position": null,
"r_wrist": null,
"r_thumb_cmc": null,
"r_thumb_mcp": null,
"r_thumb_ip": null,
"r_thumb_tip": null,
"r_index_mcp": null,
"r_index_pip": null,
"r_index_dip": null,
"r_index_tip": null,
"r_middle_mcp": null,
"r_middle_pip": null,
"r_middle_dip": null,
"r_middle_tip": null,
"r_ring_mcp": null,
"r_ring_pip": null,
"r_ring_dip": null,
"r_ring_tip": null,
"r_pinky_mcp": null,
"r_pinky_pip": null,
"r_pinky_dip": null,
"r_pinky_tip": null
}
],
"framerate": 30,
"mirrorable": true
}