{
"label": "0",
"gestures": [
{
"l_hand_position": null,
"l_wrist": [
-0.05355747044086456,
0.0708251819014555,
0.024169893935322914
],
"l_thumb_cmc": [
-0.03672240301966667,
0.05107276141643573,
0.041353594511747686
],
"l_thumb_mcp": [
-0.00949035957455635,
0.020568294450640907,
0.04445540159940761
],
"l_thumb_ip": [
-0.00288052624091506,
0.0032233167439699685,
0.053718741983175854
],
"l_thumb_tip": [
-0.0037675686180591583,
-0.01654592342674746,
0.05028097704052986
],
"l_index_mcp": [
0.019115515053272247,
-0.00847931299358618,
0.01818015985190892
],
"l_index_pip": [
0.007007531356066465,
-0.018371377140283796,
0.01186436321586381
],
"l_index_dip": [
-0.0027378741651773453,
-0.019471507519483747,
0.035881314426660885
],
"l_index_tip": [
-0.007892820052802563,
-0.019005546346307023,
0.042467739433050676
],
"l_middle_mcp": [
0.0027080655563622713,
-0.002394328359514502,
0.002606648951768902
],
"l_middle_pip": [
0.008924449793994427,
-0.02712714672088645,
0.005287016741931545
],
"l_middle_dip": [
0.01032903790473938,
-0.055717773735523904,
0.013028844259679519
],
"l_middle_tip": [
0.010415712371468544,
-0.07481992989778605,
0.013681177981198013
],
"l_ring_mcp": [
-0.008655029349029064,
0.0006756114307790884,
-0.011344868689775587
],
"l_ring_pip": [
-0.009561223909258842,
-0.012205377221107589,
-0.0028144805692136457
],
"l_ring_dip": [
-0.026880746707320213,
-0.005020717158913639,
0.011189054697752084
],
"l_ring_tip": [
-0.02266516350209713,
0.012103971093893223,
0.02579579502344166
],
"l_pinky_mcp": [
-0.03413467854261398,
0.0038169873878359972,
-0.014125117100775424
],
"l_pinky_pip": [
-0.031217660754919052,
-0.005736973136663493,
-0.004297649022191804
],
"l_pinky_dip": [
-0.0333886481821537,
-0.0002915756776928872,
0.019453695043921634
],
"l_pinky_tip": [
-0.03537283465266228,
0.016911908984184404,
0.03132740035653146
],
"r_hand_position": null,
"r_wrist": null,
"r_thumb_cmc": null,
"r_thumb_mcp": null,
"r_thumb_ip": null,
"r_thumb_tip": null,
"r_index_mcp": null,
"r_index_pip": null,
"r_index_dip": null,
"r_index_tip": null,
"r_middle_mcp": null,
"r_middle_pip": null,
"r_middle_dip": null,
"r_middle_tip": null,
"r_ring_mcp": null,
"r_ring_pip": null,
"r_ring_dip": null,
"r_ring_tip": null,
"r_pinky_mcp": null,
"r_pinky_pip": null,
"r_pinky_dip": null,
"r_pinky_tip": null
}
],
"framerate": 30,
"mirrorable": true
}