{
    "label": "0",
    "label_id": 0,
    "gestures": [
        {
            "wrist": [
                0.005550173111259937,
                0.021750275045633316,
                0.07770223170518875
            ],
            "thumb_cmc": [
                -0.011862117797136307,
                0.004421472083777189,
                0.06352808326482773
            ],
            "thumb_mcp": [
                -0.02570296823978424,
                -0.012489425018429756,
                0.03805979713797569
            ],
            "thumb_ip": [
                -0.0404793880879879,
                -0.01871028169989586,
                0.006514161359518766
            ],
            "thumb_tip": [
                -0.04449905827641487,
                -0.033671390265226364,
                -0.021236594766378403
            ],
            "index_mcp": [
                -0.007212369237095118,
                -0.010187670588493347,
                -0.0003964622737839818
            ],
            "index_pip": [
                -0.03433438390493393,
                -0.010309073142707348,
                -0.006523657590150833
            ],
            "index_dip": [
                -0.03810535743832588,
                -0.0067017702385783195,
                0.01640823855996132
            ],
            "index_tip": [
                -0.022631559520959854,
                -0.016291340813040733,
                0.04490971937775612
            ],
            "middle_mcp": [
                -0.0018184181535616517,
                -0.0034028030931949615,
                -0.00346066290512681
            ],
            "middle_pip": [
                -0.018924251198768616,
                -0.005604185629636049,
                -0.009543977677822113
            ],
            "middle_dip": [
                -0.025102127343416214,
                -0.0029206378385424614,
                0.012270388193428516
            ],
            "middle_tip": [
                -0.012353320606052876,
                -0.010782644152641296,
                0.0340452715754509
            ],
            "ring_mcp": [
                0.005459194537252188,
                0.004810732789337635,
                -0.001959273824468255
            ],
            "ring_pip": [
                -0.01750294864177704,
                0.00999906100332737,
                -0.005361178889870644
            ],
            "ring_dip": [
                -0.026688331738114357,
                0.012779418379068375,
                0.01956162601709366
            ],
            "ring_tip": [
                -0.01897560805082321,
                0.009789535775780678,
                0.04583439975976944
            ],
            "pinky_mcp": [
                0.005588265135884285,
                0.02174135111272335,
                0.013099431060254574
            ],
            "pinky_pip": [
                -0.009777968749403954,
                0.02074289694428444,
                0.0028676216024905443
            ],
            "pinky_dip": [
                -0.017852403223514557,
                0.018607309088110924,
                0.01640375331044197
            ],
            "pinky_tip": [
                -0.01609700359404087,
                0.01977306790649891,
                0.032015472650527954
            ]
        }
    ]
}