{
"label": "0",
"gestures": [
{
"l_hand_position": null,
"l_wrist": [
-0.0052286796271800995,
0.08453661203384497,
-0.0229762084782128
],
"l_thumb_cmc": [
-0.03126144781708717,
0.06170055270195077,
-0.021369202062487797
],
"l_thumb_mcp": [
-0.03238864615559578,
0.029353115707636247,
-0.02966955117881344
],
"l_thumb_ip": [
-0.029584964737296104,
-0.003900682553649059,
-0.03478029742836992
],
"l_thumb_tip": [
-0.006521132774651051,
-0.02480376139283217,
-0.04116377606988011
],
"l_index_mcp": [
-0.026390597224235535,
-0.0036209123209119238,
0.01113396883010877
],
"l_index_pip": [
-0.03435598313808441,
-0.025010965764522868,
-0.0012390663614496558
],
"l_index_dip": [
-0.04316602274775505,
-0.04460180550813715,
-0.00909483805298815
],
"l_index_tip": [
-0.051380421966314316,
-0.060000695288181895,
-0.02868773974478273
],
"l_middle_mcp": [
-0.004875050857663155,
-0.003420084016397633,
0.008648847229778855
],
"l_middle_pip": [
-0.013852419331669807,
-0.0395384021103387,
-0.006128088571131264
],
"l_middle_dip": [
-0.03382863849401474,
-0.05847873538732594,
-0.02203500084579016
],
"l_middle_tip": [
-0.047934941947460175,
-0.07647996395826423,
-0.037403695285320504
],
"l_ring_mcp": [
0.017721027135849,
6.253551691770952e-05,
-0.005645885132253226
],
"l_ring_pip": [
0.007009375840425491,
-0.021029518917203092,
-0.02594227343797699
],
"l_ring_dip": [
-0.00975090079009533,
-0.0066372836008668865,
-0.03717608749866519
],
"l_ring_tip": [
-0.016829289495944977,
0.01635771431028863,
-0.03685239329934165
],
"l_pinky_mcp": [
0.02661539800465107,
0.012386831454932773,
-0.020763618871569807
],
"l_pinky_pip": [
0.015882113948464394,
-0.0001326701603830136,
-0.03741604834795038
],
"l_pinky_dip": [
0.00028391648083925247,
0.01004255004227176,
-0.04749367758631753
],
"l_pinky_tip": [
-0.002287791110575199,
0.03221334144473103,
-0.03991389647126248
],
"r_hand_position": null,
"r_wrist": null,
"r_thumb_cmc": null,
"r_thumb_mcp": null,
"r_thumb_ip": null,
"r_thumb_tip": null,
"r_index_mcp": null,
"r_index_pip": null,
"r_index_dip": null,
"r_index_tip": null,
"r_middle_mcp": null,
"r_middle_pip": null,
"r_middle_dip": null,
"r_middle_tip": null,
"r_ring_mcp": null,
"r_ring_pip": null,
"r_ring_dip": null,
"r_ring_tip": null,
"r_pinky_mcp": null,
"r_pinky_pip": null,
"r_pinky_dip": null,
"r_pinky_tip": null
}
],
"framerate": 30,
"mirrorable": true
}