{
"label": "0",
"gestures": [
{
"l_hand_position": null,
"l_wrist": null,
"l_thumb_cmc": null,
"l_thumb_mcp": null,
"l_thumb_ip": null,
"l_thumb_tip": null,
"l_index_mcp": null,
"l_index_pip": null,
"l_index_dip": null,
"l_index_tip": null,
"l_middle_mcp": null,
"l_middle_pip": null,
"l_middle_dip": null,
"l_middle_tip": null,
"l_ring_mcp": null,
"l_ring_pip": null,
"l_ring_dip": null,
"l_ring_tip": null,
"l_pinky_mcp": null,
"l_pinky_pip": null,
"l_pinky_dip": null,
"l_pinky_tip": null,
"r_hand_position": null,
"r_wrist": [
-0.009576699696481228,
0.050329513847828494,
0.057216279208660716
],
"r_thumb_cmc": [
-0.02854832634329796,
0.025592571124434752,
0.034426543861627884
],
"r_thumb_mcp": [
-0.03036244958639145,
-0.008385485038161363,
0.030598837882280735
],
"r_thumb_ip": [
-0.03007821924984455,
-0.0381584167480472,
0.019124368205666743
],
"r_thumb_tip": [
-0.028549574315547943,
-0.06325168162584363,
0.014759466052055527
],
"r_index_mcp": [
-0.017239302396774292,
-0.011599540710449363,
-0.0056156306527555535
],
"r_index_pip": [
-0.0320197269320488,
-0.03009267151355783,
-0.016572266817093104
],
"r_index_dip": [
-0.037613749504089355,
-0.0467701852321629,
-0.01603457145392911
],
"r_index_tip": [
-0.041568588465452194,
-0.06291829049587322,
-0.0273587405681613
],
"r_middle_mcp": [
-0.002165519865229726,
-0.0013550504809245608,
-0.001584208104759475
],
"r_middle_pip": [
0.0037963781505823135,
-0.03188009932637243,
-0.008013303391635472
],
"r_middle_dip": [
0.002881046384572983,
-0.06092208623886186,
-0.013002625666558774
],
"r_middle_tip": [
0.006507899612188339,
-0.09194149076938707,
-0.009135245345532929
],
"r_ring_mcp": [
0.012733841314911842,
0.006426911335438576,
0.0033142571337521406
],
"r_ring_pip": [
0.010025735944509506,
-0.012878022156655953,
0.003095748368650705
],
"r_ring_dip": [
0.006136611104011536,
-0.013326195999980124,
0.0077769500203431485
],
"r_ring_tip": [
0.00603884644806385,
-0.0012597800232469916,
0.015282472595572593
],
"r_pinky_mcp": [
0.013879391364753246,
0.015754953026771726,
0.015949577093124535
],
"r_pinky_pip": [
0.009569976478815079,
0.00042988173663617097,
0.01480405684560553
],
"r_pinky_dip": [
0.005522073246538639,
-0.0017650260124355455,
0.021068068221211635
],
"r_pinky_tip": [
0.005399167072027922,
0.009408317506313445,
0.019906856119632933
]
}
],
"framerate": 30,
"mirrorable": true
}