{
"label": "_null",
"gestures": [
{
"l_hand_position": [
0.7501219511032104,
0.6773466467857361,
-1.301591368019217e-08
],
"l_wrist": [
0.03687254711985588,
0.06549639999866486,
0.04475856199860573
],
"l_thumb_cmc": [
0.04573366418480873,
0.030554212629795074,
0.03674304857850075
],
"l_thumb_mcp": [
0.04401398077607155,
-0.005285325460135937,
0.036421630531549454
],
"l_thumb_ip": [
0.03533725440502167,
-0.03148205578327179,
0.027256527915596962
],
"l_thumb_tip": [
0.027328280732035637,
-0.05508296936750412,
0.01827109232544899
],
"l_index_mcp": [
0.01527977455407381,
-0.016179895028471947,
-0.001878527575172484
],
"l_index_pip": [
0.0011652701068669558,
-0.03909391909837723,
-3.990619916294236e-06
],
"l_index_dip": [
-0.016675429418683052,
-0.05672847852110863,
0.022541005164384842
],
"l_index_tip": [
-0.03120434656739235,
-0.06855687499046326,
0.04228198155760765
],
"l_middle_mcp": [
-3.7262041587382555e-05,
-0.003280651057139039,
-0.002702007768675685
],
"l_middle_pip": [
-0.021882139146327972,
-0.026925114914774895,
0.009530400857329369
],
"l_middle_dip": [
-0.03556691110134125,
-0.040397338569164276,
0.03038005158305168
],
"l_middle_tip": [
-0.04037298262119293,
-0.05556967109441757,
0.05074373260140419
],
"l_ring_mcp": [
-0.010774782858788967,
0.00890414509922266,
0.00046575843589380383
],
"l_ring_pip": [
-0.021356210112571716,
-0.008741321973502636,
0.023013047873973846
],
"l_ring_dip": [
-0.01513961236923933,
-0.0052955299615859985,
0.04910816624760628
],
"l_ring_tip": [
-0.0035968429874628782,
-0.003766953246667981,
0.070872962474823
],
"l_pinky_mcp": [
-0.01992192305624485,
0.028504859656095505,
0.014301352202892303
],
"l_pinky_pip": [
-0.027756666764616966,
0.013836720027029514,
0.029105020686984062
],
"l_pinky_dip": [
-0.020362280309200287,
0.011208297684788704,
0.05066167563199997
],
"l_pinky_tip": [
-0.009097780101001263,
0.016800183802843094,
0.06502591073513031
],
"r_hand_position": null,
"r_wrist": null,
"r_thumb_cmc": null,
"r_thumb_mcp": null,
"r_thumb_ip": null,
"r_thumb_tip": null,
"r_index_mcp": null,
"r_index_pip": null,
"r_index_dip": null,
"r_index_tip": null,
"r_middle_mcp": null,
"r_middle_pip": null,
"r_middle_dip": null,
"r_middle_tip": null,
"r_ring_mcp": null,
"r_ring_pip": null,
"r_ring_dip": null,
"r_ring_tip": null,
"r_pinky_mcp": null,
"r_pinky_pip": null,
"r_pinky_dip": null,
"r_pinky_tip": null,
"l_hand_velocity": [
0.0019263029098510742,
-0.004500210285186768,
-6.558841647574809e-08
],
"r_hand_velocity": null
},
{
"l_hand_position": [
0.7481956481933594,
0.6818468570709229,
5.257250279555592e-08
],
"l_wrist": [
0.03124227374792099,
0.06263267993927002,
0.0692676529288292
],
"l_thumb_cmc": [
0.040728554129600525,
0.026574261486530304,
0.0549667663872242
],
"l_thumb_mcp": [
0.038755811750888824,
-0.006325657945126295,
0.04147353768348694
],
"l_thumb_ip": [
0.03253145515918732,
-0.03126712143421173,
0.021810442209243774
],
"l_thumb_tip": [
0.02729368954896927,
-0.05734950676560402,
-0.001404847833327949
],
"l_index_mcp": [
0.01669340208172798,
-0.01586483046412468,
-0.003191103460267186
],
"l_index_pip": [
0.0022249771282076836,
-0.04061035066843033,
-0.0056001972407102585
],
"l_index_dip": [
-0.015855848789215088,
-0.060504570603370667,
0.013269143179059029
],
"l_index_tip": [
-0.03218066692352295,
-0.07043067365884781,
0.03590920940041542
],
"l_middle_mcp": [
7.225107401609421e-05,
-0.003496360033750534,
-0.0035390013363212347
],
"l_middle_pip": [
-0.022545699030160904,
-0.031315453350543976,
0.003963544499129057
],
"l_middle_dip": [
-0.03949863091111183,
-0.04830074682831764,
0.02351619116961956
],
"l_middle_tip": [
-0.048422444611787796,
-0.06376323848962784,
0.05232036113739014
],
"l_ring_mcp": [
-0.013068662956357002,
0.009239403530955315,
0.0010930298594757915
],
"l_ring_pip": [
-0.028329597786068916,
-0.015102340839803219,
0.015265186317265034
],
"l_ring_dip": [
-0.028457708656787872,
-0.020365335047245026,
0.04229949042201042
],
"l_ring_tip": [
-0.024416150525212288,
-0.02437865547835827,
0.06642820686101913
],
"l_pinky_mcp": [
-0.02457340806722641,
0.025811675935983658,
0.018495438620448112
],
"l_pinky_pip": [
-0.03358757868409157,
0.00440506124868989,
0.026891591027379036
],
"l_pinky_dip": [
-0.03693162277340889,
-0.005560367833822966,
0.044243551790714264
],
"l_pinky_tip": [
-0.036567360162734985,
-0.00942226592451334,
0.06082732975482941
],
"r_hand_position": null,
"r_wrist": null,
"r_thumb_cmc": null,
"r_thumb_mcp": null,
"r_thumb_ip": null,
"r_thumb_tip": null,
"r_index_mcp": null,
"r_index_pip": null,
"r_index_dip": null,
"r_index_tip": null,
"r_middle_mcp": null,
"r_middle_pip": null,
"r_middle_dip": null,
"r_middle_tip": null,
"r_ring_mcp": null,
"r_ring_pip": null,
"r_ring_dip": null,
"r_ring_tip": null,
"r_pinky_mcp": null,
"r_pinky_pip": null,
"r_pinky_dip": null,
"r_pinky_tip": null,
"l_hand_velocity": [
-0.00813060998916626,
-0.007104635238647461,
1.6915920753035607e-07
],
"r_hand_velocity": null
},
{
"l_hand_position": [
0.7563262581825256,
0.6889514923095703,
-1.1658670473480015e-07
],
"l_wrist": [
0.02245287410914898,
0.07658925652503967,
0.050167642533779144
],
"l_thumb_cmc": [
0.02286304533481598,
0.044510290026664734,
0.054549235850572586
],
"l_thumb_mcp": [
0.01591026410460472,
0.011698676273226738,
0.05425982549786568
],
"l_thumb_ip": [
0.0009080914896912873,
-0.010870713740587234,
0.04211847111582756
],
"l_thumb_tip": [
-0.01741746813058853,
-0.015961522236466408,
0.02817879430949688
],
"l_index_mcp": [
0.010753775015473366,
-0.014548500068485737,
0.010627777315676212
],
"l_index_pip": [
0.0029299037996679544,
-0.038659848272800446,
0.00330763915553689
],
"l_index_dip": [
-0.012703634798526764,
-0.06175144389271736,
0.008998177014291286
],
"l_index_tip": [
-0.029439205303788185,
-0.07693484425544739,
0.011452116072177887
],
"l_middle_mcp": [
0.0008445488638244569,
-0.005976560525596142,
0.0006068769725970924
],
"l_middle_pip": [
-0.01789931021630764,
-0.025442466139793396,
-0.006757741793990135
],
"l_middle_dip": [
-0.0341031514108181,
-0.036403924226760864,
0.008946754969656467
],
"l_middle_tip": [
-0.04615560919046402,
-0.04350448027253151,
0.026756957173347473
],
"l_ring_mcp": [
-0.008556501939892769,
0.009986606426537037,
-0.008489616215229034
],
"l_ring_pip": [
-0.029789363965392113,
-0.008258342742919922,
-0.004762894473969936
],
"l_ring_dip": [
-0.044678326696157455,
-0.01804375648498535,
0.01022406853735447
],
"l_ring_tip": [
-0.05779063701629639,
-0.02520771324634552,
0.025682134553790092
],
"l_pinky_mcp": [
-0.02077704668045044,
0.030681362375617027,
-0.004737756215035915
],
"l_pinky_pip": [
-0.03961753472685814,
0.021466266363859177,
-0.0034761247225105762
],
"l_pinky_dip": [
-0.05660519748926163,
0.012797249481081963,
0.004590060096234083
],
"l_pinky_tip": [
-0.06908918917179108,
0.005255556665360928,
0.01529148779809475
],
"r_hand_position": null,
"r_wrist": null,
"r_thumb_cmc": null,
"r_thumb_mcp": null,
"r_thumb_ip": null,
"r_thumb_tip": null,
"r_index_mcp": null,
"r_index_pip": null,
"r_index_dip": null,
"r_index_tip": null,
"r_middle_mcp": null,
"r_middle_pip": null,
"r_middle_dip": null,
"r_middle_tip": null,
"r_ring_mcp": null,
"r_ring_pip": null,
"r_ring_dip": null,
"r_ring_tip": null,
"r_pinky_mcp": null,
"r_pinky_pip": null,
"r_pinky_dip": null,
"r_pinky_tip": null,
"l_hand_velocity": [
0.01574808359146118,
0.00707632303237915,
-7.579717120620444e-08
],
"r_hand_velocity": null
},
{
"l_hand_position": [
0.7405781745910645,
0.6818751692771912,
-4.078953352859571e-08
],
"l_wrist": [
-0.003118649125099182,
0.09195910394191742,
0.003890927415341139
],
"l_thumb_cmc": [
-0.02166093699634075,
0.0708995908498764,
0.015690946951508522
],
"l_thumb_mcp": [
-0.032734423875808716,
0.04718514531850815,
0.02551903761923313
],
"l_thumb_ip": [
-0.04932141304016113,
0.02185617759823799,
0.035711221396923065
],
"l_thumb_tip": [
-0.061881132423877716,
-7.278099656105042e-05,
0.04643574729561806
],
"l_index_mcp": [
-0.0066773961298167706,
-0.005208413116633892,
0.02081836760044098
],