{
    "label": "0",
    "label_id": 0,
    "gestures": [
        {
            "wrist": [
                -0.017454758286476135,
                0.08466263860464096,
                -0.041341058909893036
            ],
            "thumb_cmc": [
                0.016080724075436592,
                0.0628412514925003,
                -0.0447763167321682
            ],
            "thumb_mcp": [
                0.03494427725672722,
                0.0336395725607872,
                -0.046179842203855515
            ],
            "thumb_ip": [
                0.030746981501579285,
                -0.006978664547204971,
                -0.0437501035630703
            ],
            "thumb_tip": [
                0.009543382562696934,
                -0.03259548917412758,
                -0.03966400772333145
            ],
            "index_mcp": [
                0.025706743821501732,
                0.0007262080907821655,
                0.0019408816006034613
            ],
            "index_pip": [
                0.02990284003317356,
                -0.030734265223145485,
                -0.0012603818904608488
            ],
            "index_dip": [
                0.034774940460920334,
                -0.051226384937763214,
                -0.010986915789544582
            ],
            "index_tip": [
                0.03201784938573837,
                -0.06996943056583405,
                -0.028198139742016792
            ],
            "middle_mcp": [
                0.000813043094240129,
                -0.003254459472373128,
                0.009394688531756401
            ],
            "middle_pip": [
                0.015588821843266487,
                -0.03049340844154358,
                -0.01257532648742199
            ],
            "middle_dip": [
                0.015400233678519726,
                -0.016226811334490776,
                -0.03389142081141472
            ],
            "middle_tip": [
                0.016928521916270256,
                0.004839834291487932,
                -0.03607048839330673
            ],
            "ring_mcp": [
                -0.01719929277896881,
                -0.002462510485202074,
                0.00032894406467676163
            ],
            "ring_pip": [
                -0.006956448778510094,
                -0.02172662690281868,
                -0.023068591952323914
            ],
            "ring_dip": [
                -0.0017526347655802965,
                -0.001973072998225689,
                -0.03641238436102867
            ],
            "ring_tip": [
                -0.00023966748267412186,
                0.023379214107990265,
                -0.029933884739875793
            ],
            "pinky_mcp": [
                -0.03598809987306595,
                0.0073243603110313416,
                -0.012147998437285423
            ],
            "pinky_pip": [
                -0.028092697262763977,
                -0.01099458523094654,
                -0.025789886713027954
            ],
            "pinky_dip": [
                -0.016224786639213562,
                -0.002897564321756363,
                -0.040923021733760834
            ],
            "pinky_tip": [
                -0.01741766557097435,
                0.01852385327219963,
                -0.03723975270986557
            ]
        }
    ]
}