{
"label": "0",
"gestures": [
{
"l_hand_position": null,
"l_wrist": null,
"l_thumb_cmc": null,
"l_thumb_mcp": null,
"l_thumb_ip": null,
"l_thumb_tip": null,
"l_index_mcp": null,
"l_index_pip": null,
"l_index_dip": null,
"l_index_tip": null,
"l_middle_mcp": null,
"l_middle_pip": null,
"l_middle_dip": null,
"l_middle_tip": null,
"l_ring_mcp": null,
"l_ring_pip": null,
"l_ring_dip": null,
"l_ring_tip": null,
"l_pinky_mcp": null,
"l_pinky_pip": null,
"l_pinky_dip": null,
"l_pinky_tip": null,
"r_hand_position": null,
"r_wrist": [
-0.01775340735912323,
0.005277847405523112,
0.07616311311721909
],
"r_thumb_cmc": [
0.004814723040908575,
0.018290903419256516,
0.05385518819093756
],
"r_thumb_mcp": [
0.028446830809116364,
0.023382235318422574,
0.03694310039281881
],
"r_thumb_ip": [
0.0565309002995491,
0.014767654240131562,
0.01915633864700808
],
"r_thumb_tip": [
0.07747305929660797,
0.0004468560218811031,
-0.005765092093497578
],
"r_index_mcp": [
0.013735751621425152,
0.008597984910011392,
0.00022560983779839453
],
"r_index_pip": [
0.012637302279472351,
0.024354588240385323,
-0.000524802715517633
],
"r_index_dip": [
0.01378156989812851,
0.023423189297318736,
0.024124231189489663
],
"r_index_tip": [
0.004850607831031084,
0.013750987127423408,
0.05334817990660715
],
"r_middle_mcp": [
-0.0002562174340710044,
-0.0029207477346063072,
0.00037357726250775614
],
"r_middle_pip": [
0.004292631521821022,
0.011380136013031122,
-0.00564134726300842
],
"r_middle_dip": [
0.002753305248916149,
0.011994717642665041,
0.017969965934753647
],
"r_middle_tip": [
0.0047217439860105515,
0.0013942935038358721,
0.03950436413288155
],
"r_ring_mcp": [
-0.008975342847406864,
-0.008079314604401679,
-0.0016093988670036353
],
"r_ring_pip": [
-0.008928562514483929,
0.009942975826561572,
-5.565626906912089e-06
],
"r_ring_dip": [
-0.014078976586461067,
0.011895236559212354,
0.02308644540607951
],
"r_ring_tip": [
-0.012854480184614658,
0.010174670256674422,
0.04243965074420014
],
"r_pinky_mcp": [
-0.026003720238804817,
-0.005923427641391809,
0.007747587282210658
],
"r_pinky_pip": [
-0.02250722423195839,
0.0062176100909710555,
0.005364742130041177
],
"r_pinky_dip": [
-0.027533352375030518,
0.009339126758277515,
0.023981519043445865
],
"r_pinky_tip": [
-0.03434630483388901,
0.0041862605139613785,
0.03716106712818187
]
}
],
"framerate": 30,
"mirrorable": true
}