{
"label": "0",
"gestures": [
{
"l_hand_position": null,
"l_wrist": null,
"l_thumb_cmc": null,
"l_thumb_mcp": null,
"l_thumb_ip": null,
"l_thumb_tip": null,
"l_index_mcp": null,
"l_index_pip": null,
"l_index_dip": null,
"l_index_tip": null,
"l_middle_mcp": null,
"l_middle_pip": null,
"l_middle_dip": null,
"l_middle_tip": null,
"l_ring_mcp": null,
"l_ring_pip": null,
"l_ring_dip": null,
"l_ring_tip": null,
"l_pinky_mcp": null,
"l_pinky_pip": null,
"l_pinky_dip": null,
"l_pinky_tip": null,
"r_hand_position": null,
"r_wrist": [
-0.016595635563135147,
0.08317102491855725,
-0.0316735319793227
],
"r_thumb_cmc": [
0.018232041969895363,
0.06337101757526457,
-0.03381318598985707
],
"r_thumb_mcp": [
0.04925993084907532,
0.04487973079085393,
-0.021461930125952003
],
"r_thumb_ip": [
0.07572435587644577,
0.018252473324537413,
-0.0009975587017834455
],
"r_thumb_tip": [
0.09388306736946106,
-0.0014877133071422369,
0.019051870331168383
],
"r_index_mcp": [
0.02716636098921299,
-0.0008201897144317663,
0.007380373775959089
],
"r_index_pip": [
0.025108003988862038,
-0.0323840640485291,
0.007049792911857506
],
"r_index_dip": [
0.026916900649666786,
-0.057628501206637026,
0.0024324995465576783
],
"r_index_tip": [
0.0235768910497427,
-0.08064069598913282,
-0.016488021239638505
],
"r_middle_mcp": [
0.0011491368059068918,
-0.002920272760093255,
0.007919213734567257
],
"r_middle_pip": [
0.009632463566958904,
-0.025621715933084804,
-0.01614222489297406
],
"r_middle_dip": [
0.012846315279603004,
-0.006321463268250306,
-0.03361443802714385
],
"r_middle_tip": [
0.016676511615514755,
0.013006407767534405,
-0.02204962633550197
],
"r_ring_mcp": [
-0.017349932342767715,
-0.0022801612503826913,
-0.0018741434905678227
],
"r_ring_pip": [
-0.010351359844207764,
-0.020140087231993873,
-0.023567207157612045
],
"r_ring_dip": [
-0.0028598979115486145,
-0.001316033769398975,
-0.03786511719226894
],
"r_ring_tip": [
0.002730397507548332,
0.02202193066477797,
-0.032385684549808814
],
"r_pinky_mcp": [
-0.03556353226304054,
0.007236996665596998,
-0.017061732709407987
],
"r_pinky_pip": [
-0.029331570491194725,
-0.013978431001305707,
-0.02392820082604913
],
"r_pinky_dip": [
-0.013116228394210339,
-0.009842122904956499,
-0.03938442096114211
],
"r_pinky_tip": [
-0.009717701002955437,
0.011601588688790866,
-0.04108650237321886
]
}
],
"framerate": 30,
"mirrorable": true
}