{
"label": "_null",
"gestures": [
{
"l_hand_position": null,
"l_wrist": null,
"l_thumb_cmc": null,
"l_thumb_mcp": null,
"l_thumb_ip": null,
"l_thumb_tip": null,
"l_index_mcp": null,
"l_index_pip": null,
"l_index_dip": null,
"l_index_tip": null,
"l_middle_mcp": null,
"l_middle_pip": null,
"l_middle_dip": null,
"l_middle_tip": null,
"l_ring_mcp": null,
"l_ring_pip": null,
"l_ring_dip": null,
"l_ring_tip": null,
"l_pinky_mcp": null,
"l_pinky_pip": null,
"l_pinky_dip": null,
"l_pinky_tip": null,
"r_hand_position": [
-0.36057889461517334,
0.2731935381889343,
-0.49999967551315194
],
"r_wrist": [
-0.02146664820611477,
0.0884803831577301,
0.01982983760535717
],
"r_thumb_cmc": [
0.008398698642849922,
0.06838823854923248,
0.010716922581195831
],
"r_thumb_mcp": [
0.03355887159705162,
0.050232984125614166,
-0.0024080334696918726
],
"r_thumb_ip": [
0.054233014583587646,
0.027437526732683182,
-0.013215647079050541
],
"r_thumb_tip": [
0.07171618193387985,
0.006230633705854416,
-0.024407925084233284
],
"r_index_mcp": [
0.02189325913786888,
-0.0005951235070824623,
0.005929915700107813
],
"r_index_pip": [
0.030009986832737923,
-0.027925647795200348,
-0.0005323622026480734
],
"r_index_dip": [
0.030829228460788727,
-0.05068365857005119,
-0.008944705128669739
],
"r_index_tip": [
0.03049030713737011,
-0.07049749791622162,
-0.03109368495643139
],
"r_middle_mcp": [
0.001340660615824163,
-0.0055381255224347115,
0.005616245325654745
],
"r_middle_pip": [
0.012475378811359406,
-0.03894946724176407,
-0.0037523305509239435
],
"r_middle_dip": [
0.012621885165572166,
-0.06471391022205353,
-0.01880462095141411
],
"r_middle_tip": [
0.017757564783096313,
-0.08733689785003662,
-0.03835924714803696
],
"r_ring_mcp": [
-0.0141668189316988,
-0.002092973794788122,
-0.003758154809474945
],
"r_ring_pip": [
-0.007401013746857643,
-0.030731048434972763,
-0.011240553110837936
],
"r_ring_dip": [
-0.003582429140806198,
-0.0536295548081398,
-0.02800520695745945
],
"r_ring_tip": [
0.005130842328071594,
-0.073195680975914,
-0.04235077649354935
],
"r_pinky_mcp": [
-0.033181220293045044,
0.011011720634996891,
-0.010644341818988323
],
"r_pinky_pip": [
-0.028336090967059135,
-0.011291352100670338,
-0.013297613710165024
],
"r_pinky_dip": [
-0.0226457417011261,
-0.03177005052566528,
-0.022892825305461884
],
"r_pinky_tip": [
-0.016937408596277237,
-0.051458992063999176,
-0.035043250769376755
]
}
],
"framerate": 30,
"mirrorable": true
}