{
    "label": "0",
    "label_id": 0,
    "gestures": [
        {
            "wrist": [
                0.015620050020515919,
                0.0821768045425415,
                0.01874721795320511
            ],
            "thumb_cmc": [
                -0.017429575324058533,
                0.06362970173358917,
                0.000841926084831357
            ],
            "thumb_mcp": [
                -0.037812914699316025,
                0.042659662663936615,
                -0.007570324465632439
            ],
            "thumb_ip": [
                -0.05076911672949791,
                0.0134664848446846,
                -0.022858204320073128
            ],
            "thumb_tip": [
                -0.04671202227473259,
                -0.013598176650702953,
                -0.029522759839892387
            ],
            "index_mcp": [
                -0.029637502506375313,
                -0.0008606843184679747,
                0.005003266502171755
            ],
            "index_pip": [
                -0.024032115936279297,
                -0.026431402191519737,
                -0.0016226840671151876
            ],
            "index_dip": [
                -0.02022251859307289,
                -0.0517134815454483,
                -0.008757423609495163
            ],
            "index_tip": [
                -0.014565220102667809,
                -0.07699737697839737,
                -0.025075837969779968
            ],
            "middle_mcp": [
                -0.005088578909635544,
                -0.003497596364468336,
                0.006157541647553444
            ],
            "middle_pip": [
                -0.014318732544779778,
                -0.03936136141419411,
                -0.010078644379973412
            ],
            "middle_dip": [
                -0.028253059834241867,
                -0.06105818599462509,
                -0.032509736716747284
            ],
            "middle_tip": [
                -0.035319775342941284,
                -0.08785396814346313,
                -0.050747212022542953
            ],
            "ring_mcp": [
                0.01981167122721672,
                -0.0016679808031767607,
                -0.0023665132466703653
            ],
            "ring_pip": [
                0.011638994328677654,
                -0.02127332240343094,
                -0.024134183302521706
            ],
            "ring_dip": [
                0.005171291530132294,
                -0.005406463053077459,
                -0.04073600098490715
            ],
            "ring_tip": [
                0.005008533596992493,
                0.015121875330805779,
                -0.04174206405878067
            ],
            "pinky_mcp": [
                0.035096023231744766,
                0.013393172062933445,
                -0.009868418797850609
            ],
            "pinky_pip": [
                0.03287135437130928,
                -0.005128773860633373,
                -0.02420269139111042
            ],
            "pinky_dip": [
                0.024722540751099586,
                0.003177615348249674,
                -0.036375124007463455
            ],
            "pinky_tip": [
                0.02437593787908554,
                0.019989578053355217,
                -0.030099038034677505
            ]
        }
    ]
}