{
"label": "0",
"gestures": [
{
"l_hand_position": null,
"l_wrist": [
0.0037421956658363342,
0.08755411952734078,
-0.025468714535236588
],
"l_thumb_cmc": [
-0.021813146770000458,
0.06381942331790982,
-0.016393335536122537
],
"l_thumb_mcp": [
-0.02243531122803688,
0.03626867383718533,
-0.012138628400862429
],
"l_thumb_ip": [
-0.021493282169103622,
0.008527858182787965,
-0.01311117410659804
],
"l_thumb_tip": [
-0.013309812173247337,
-0.013457288965582999,
-0.010221262462437252
],
"l_index_mcp": [
-0.023512963205575943,
0.005420908331871099,
0.01627264358103291
],
"l_index_pip": [
-0.03344091400504112,
-0.010343831032514692,
-0.004024482332170037
],
"l_index_dip": [
-0.05060654878616333,
-0.005281576886773181,
-0.010842217132449282
],
"l_index_tip": [
-0.06340422481298447,
0.01909756287932422,
-0.022542225196957852
],
"l_middle_mcp": [
-0.004078121855854988,
-0.0021596455480903565,
0.00798612926155338
],
"l_middle_pip": [
-0.009603608399629593,
-0.03435921296477363,
-0.005723073147237305
],
"l_middle_dip": [
-0.03091638721525669,
-0.04650467634201111,
-0.024614922702312792
],
"l_middle_tip": [
-0.052537813782691956,
-0.04899220168590593,
-0.044337358325720104
],
"l_ring_mcp": [
0.01636386662721634,
-0.0050960667431354965,
-0.00904610473662625
],
"l_ring_pip": [
0.018981274217367172,
-0.03356172516942066,
-0.010153069160878719
],
"l_ring_dip": [
0.01113695465028286,
-0.06086129322648124,
-0.022087754681706602
],
"l_ring_tip": [
-0.0011578649282455444,
-0.08158842474222294,
-0.036587744951248696
],
"l_pinky_mcp": [
0.02643243595957756,
0.0036278837360442366,
-0.02701145038008713
],
"l_pinky_pip": [
0.037237152457237244,
-0.018638182431459666,
-0.02416096068918729
],
"l_pinky_dip": [
0.04298262298107147,
-0.041112966835499296,
-0.02406966127455247
],
"l_pinky_tip": [
0.03658946603536606,
-0.060987457633019194,
-0.029346175491810223
],
"r_hand_position": null,
"r_wrist": null,
"r_thumb_cmc": null,
"r_thumb_mcp": null,
"r_thumb_ip": null,
"r_thumb_tip": null,
"r_index_mcp": null,
"r_index_pip": null,
"r_index_dip": null,
"r_index_tip": null,
"r_middle_mcp": null,
"r_middle_pip": null,
"r_middle_dip": null,
"r_middle_tip": null,
"r_ring_mcp": null,
"r_ring_pip": null,
"r_ring_dip": null,
"r_ring_tip": null,
"r_pinky_mcp": null,
"r_pinky_pip": null,
"r_pinky_dip": null,
"r_pinky_tip": null
}
],
"framerate": 30,
"mirrorable": true
}