{
"label": "0",
"gestures": [
{
"l_hand_position": null,
"l_wrist": null,
"l_thumb_cmc": null,
"l_thumb_mcp": null,
"l_thumb_ip": null,
"l_thumb_tip": null,
"l_index_mcp": null,
"l_index_pip": null,
"l_index_dip": null,
"l_index_tip": null,
"l_middle_mcp": null,
"l_middle_pip": null,
"l_middle_dip": null,
"l_middle_tip": null,
"l_ring_mcp": null,
"l_ring_pip": null,
"l_ring_dip": null,
"l_ring_tip": null,
"l_pinky_mcp": null,
"l_pinky_pip": null,
"l_pinky_dip": null,
"l_pinky_tip": null,
"r_hand_position": null,
"r_wrist": [
0.005550173111259937,
0.021750275045633843,
0.07770223170518967
],
"r_thumb_cmc": [
-0.011862117797136307,
0.0044214720837773,
0.06352808326482827
],
"r_thumb_mcp": [
-0.02570296823978424,
-0.012489425018429846,
0.03805979713797612
],
"r_thumb_ip": [
-0.0404793880879879,
-0.01871028169989605,
0.006514161359518851
],
"r_thumb_tip": [
-0.04449905827641487,
-0.03367139026522671,
-0.02123659476637862
],
"r_index_mcp": [
-0.007212369237095118,
-0.010187670588493474,
-0.00039646227378398353
],
"r_index_pip": [
-0.03433438390493393,
-0.010309073142707466,
-0.006523657590150894
],
"r_index_dip": [
-0.03810535743832588,
-0.006701770238578375,
0.016408238559961444
],
"r_index_tip": [
-0.022631559520959854,
-0.016291340813040893,
0.04490971937775662
],
"r_middle_mcp": [
-0.0018184181535616517,
-0.0034028030931949824,
-0.0034606629051268365
],
"r_middle_pip": [
-0.018924251198768616,
-0.005604185629636116,
-0.009543977677822198
],
"r_middle_dip": [
-0.025102127343416214,
-0.002920637838542509,
0.012270388193428669
],
"r_middle_tip": [
-0.012353320606052876,
-0.010782644152641435,
0.034045271575451265
],
"r_ring_mcp": [
0.005459194537252188,
0.004810732789337702,
-0.001959273824468275
],
"r_ring_pip": [
-0.01750294864177704,
0.009999061003327477,
-0.0053611788898707
],
"r_ring_dip": [
-0.026688331738114357,
0.012779418379068534,
0.019561626017093877
],
"r_ring_tip": [
-0.01897560805082321,
0.009789535775780735,
0.045834399759769946
],
"r_pinky_mcp": [
0.005588265135884285,
0.021741351112723576,
0.013099431060254673
],
"r_pinky_pip": [
-0.009777968749403954,
0.02074289694428465,
0.002867621602490559
],
"r_pinky_dip": [
-0.017852403223514557,
0.018607309088111153,
0.01640375331044216
],
"r_pinky_tip": [
-0.01609700359404087,
0.01977306790649911,
0.03201547265052824
]
}
],
"framerate": 30,
"mirrorable": true
}