{
"label": "0",
"gestures": [
{
"l_hand_position": null,
"l_wrist": [
-0.06082385033369064,
0.037903670221567674,
0.034254334867000955
],
"l_thumb_cmc": [
-0.035059794783592224,
0.0349695459008219,
0.034086305648088656
],
"l_thumb_mcp": [
-0.004871253855526447,
0.03283570706844363,
0.033208485692739875
],
"l_thumb_ip": [
0.02076805755496025,
0.025963731110096214,
0.023945499211549957
],
"l_thumb_tip": [
0.04548858106136322,
0.019916273653507486,
0.011351809836924184
],
"l_index_mcp": [
0.008083442226052284,
0.0005338274640962735,
0.014192007482051995
],
"l_index_pip": [
0.029514869675040245,
-0.007110955659300149,
0.005632065236568491
],
"l_index_dip": [
0.04560941830277443,
-0.013034585863351962,
0.003689785487949893
],
"l_index_tip": [
0.06144313886761665,
-0.02103323303163074,
-0.014194075949490232
],
"l_middle_mcp": [
0.002553632017225027,
-0.00450841663405304,
0.003812702605500873
],
"l_middle_pip": [
0.027269309386610985,
-0.017375197261572075,
-0.00771107571199546
],
"l_middle_dip": [
0.04461325705051422,
-0.02669839933514627,
-0.023439235985279378
],
"l_middle_tip": [
0.06373924762010574,
-0.032668016850948674,
-0.03320860117673902
],
"l_ring_mcp": [
-0.004910100717097521,
-0.003014031099155571,
-0.009411589242518024
],
"l_ring_pip": [
0.018669368699193,
-0.011441055685281932,
-0.023114724084735184
],
"l_ring_dip": [
0.0342121496796608,
-0.01753825880587116,
-0.03290854394435915
],
"l_ring_tip": [
0.05082103610038757,
-0.021722421050071987,
-0.04021938890218779
],
"l_pinky_mcp": [
-0.017814356833696365,
0.0020679123699665035,
-0.01718023791909237
],
"l_pinky_pip": [
-0.0008084290893748403,
0.008195031434297614,
-0.024845454841852483
],
"l_pinky_dip": [
0.013282420113682747,
0.012221951968968017,
-0.03083759546279948
],
"l_pinky_tip": [
0.025374531745910645,
0.011076396331191124,
-0.03447041288018268
],
"r_hand_position": null,
"r_wrist": null,
"r_thumb_cmc": null,
"r_thumb_mcp": null,
"r_thumb_ip": null,
"r_thumb_tip": null,
"r_index_mcp": null,
"r_index_pip": null,
"r_index_dip": null,
"r_index_tip": null,
"r_middle_mcp": null,
"r_middle_pip": null,
"r_middle_dip": null,
"r_middle_tip": null,
"r_ring_mcp": null,
"r_ring_pip": null,
"r_ring_dip": null,
"r_ring_tip": null,
"r_pinky_mcp": null,
"r_pinky_pip": null,
"r_pinky_dip": null,
"r_pinky_tip": null
}
],
"framerate": 30,
"mirrorable": true
}