{
"label": "0",
"gestures": [
{
"l_hand_position": null,
"l_wrist": null,
"l_thumb_cmc": null,
"l_thumb_mcp": null,
"l_thumb_ip": null,
"l_thumb_tip": null,
"l_index_mcp": null,
"l_index_pip": null,
"l_index_dip": null,
"l_index_tip": null,
"l_middle_mcp": null,
"l_middle_pip": null,
"l_middle_dip": null,
"l_middle_tip": null,
"l_ring_mcp": null,
"l_ring_pip": null,
"l_ring_dip": null,
"l_ring_tip": null,
"l_pinky_mcp": null,
"l_pinky_pip": null,
"l_pinky_dip": null,
"l_pinky_tip": null,
"r_hand_position": null,
"r_wrist": [
-0.028626468032598495,
0.03879718482494389,
0.07415148615837182
],
"r_thumb_cmc": [
-0.011641412042081356,
0.009134274907410325,
0.061744827777148105
],
"r_thumb_mcp": [
0.003143047448247671,
-0.00046115962322795925,
0.047869659960270414
],
"r_thumb_ip": [
0.011420505121350288,
-0.007088790182024261,
0.022805208340287417
],
"r_thumb_tip": [
0.027926567941904068,
-0.007787079550325947,
0.0030279126949608604
],
"r_index_mcp": [
-0.0016494751907885075,
-0.01015392132103449,
0.006364398635923917
],
"r_index_pip": [
0.017503289505839348,
-0.010051416233182063,
0.00850673019886029
],
"r_index_dip": [
0.02054009586572647,
-0.010366793721914395,
0.0368931069970136
],
"r_index_tip": [
0.005025314632803202,
-0.010579481720924487,
0.06209098920226181
],
"r_middle_mcp": [
-0.002253079554066062,
-0.0029451977461576774,
-0.0028671084437519602
],
"r_middle_pip": [
0.01903998851776123,
-0.008287573233246909,
-0.0008164056343957812
],
"r_middle_dip": [
0.019063714891672134,
-0.005110344383865594,
0.028405981138348867
],
"r_middle_tip": [
0.010341382585465908,
-0.0057816035114228205,
0.05304617062211091
],
"r_ring_mcp": [
0.0019018336897715926,
0.006018424872309027,
-0.005027886014431752
],
"r_ring_pip": [
0.01985201984643936,
0.00039775297045708066,
-0.0008560499991290352
],
"r_ring_dip": [
0.02151101641356945,
0.0065555069595576556,
0.02630783431232009
],
"r_ring_tip": [
0.015321588143706322,
0.008598847314715568,
0.04862221702933372
],
"r_pinky_mcp": [
0.001180462073534727,
0.015416443347931096,
0.002312049968168181
],
"r_pinky_pip": [
0.018607337027788162,
0.012974509038031278,
0.00907203089445839
],
"r_pinky_dip": [
0.022217927500605583,
0.014888740144670183,
0.029851671308279367
],
"r_pinky_tip": [
0.012978744693100452,
0.017730761319399133,
0.04744225367903763
]
}
],
"framerate": 30,
"mirrorable": true
}