{
"label": "0",
"gestures": [
{
"l_hand_position": null,
"l_wrist": [
0.0014789942651987076,
0.09883518517017464,
-0.016798136755824145
],
"l_thumb_cmc": [
-0.025133194401860237,
0.07539777457714172,
-0.013579837977886363
],
"l_thumb_mcp": [
-0.04208514839410782,
0.05404574051499411,
-0.004034734796732697
],
"l_thumb_ip": [
-0.06263695657253265,
0.028391193598509133,
0.007237129379063895
],
"l_thumb_tip": [
-0.07683426141738892,
0.0008497592061758164,
0.01653504371643084
],
"l_index_mcp": [
-0.021871918812394142,
-0.0009817844256758605,
0.008941001258790583
],
"l_index_pip": [
-0.018082167953252792,
-0.030736003071070037,
0.008928992785513542
],
"l_index_dip": [
-0.017779812216758728,
-0.05362394452095083,
0.004033117089420583
],
"l_index_tip": [
-0.019220050424337387,
-0.07285866886377415,
-0.013612440787255937
],
"l_middle_mcp": [
-0.002947085304185748,
-0.004862913861870827,
0.007075026631355363
],
"l_middle_pip": [
0.00044071394950151443,
-0.0418565943837171,
-0.0009241609950549748
],
"l_middle_dip": [
-0.005213847383856773,
-0.06365002691745836,
-0.01053845137357723
],
"l_middle_tip": [
-0.00761224702000618,
-0.08558250963688022,
-0.021087557077408267
],
"l_ring_mcp": [
0.01564500294625759,
-0.0027894775848835954,
-0.00552407838404184
],
"l_ring_pip": [
0.01580803655087948,
-0.03014834411442315,
-0.01455988455563801
],
"l_ring_dip": [
0.01069297268986702,
-0.052322756499052686,
-0.02248594351112868
],
"l_ring_tip": [
0.004932102747261524,
-0.07157666236162254,
-0.03232480958104158
],
"l_pinky_mcp": [
0.023344920948147774,
0.0141214169561865,
-0.015062779188156322
],
"l_pinky_pip": [
0.029489457607269287,
-0.010856930166483085,
-0.017710147425532497
],
"l_pinky_dip": [
0.02534390613436699,
-0.03245915472507508,
-0.02390608936548259
],
"l_pinky_tip": [
0.018998224288225174,
-0.05261430144310054,
-0.032317362725735
],
"r_hand_position": null,
"r_wrist": null,
"r_thumb_cmc": null,
"r_thumb_mcp": null,
"r_thumb_ip": null,
"r_thumb_tip": null,
"r_index_mcp": null,
"r_index_pip": null,
"r_index_dip": null,
"r_index_tip": null,
"r_middle_mcp": null,
"r_middle_pip": null,
"r_middle_dip": null,
"r_middle_tip": null,
"r_ring_mcp": null,
"r_ring_pip": null,
"r_ring_dip": null,
"r_ring_tip": null,
"r_pinky_mcp": null,
"r_pinky_pip": null,
"r_pinky_dip": null,
"r_pinky_tip": null
}
],
"framerate": 30,
"mirrorable": true
}