{
"label": "0",
"gestures": [
{
"l_hand_position": null,
"l_wrist": [
0.00969342328608036,
0.08646034449338993,
-0.034749280661344764
],
"l_thumb_cmc": [
-0.021466189995408058,
0.06520671397447636,
-0.03272415697574651
],
"l_thumb_mcp": [
-0.031150899827480316,
0.03190759196877523,
-0.03040628135204353
],
"l_thumb_ip": [
-0.025966282933950424,
-0.00015165004879241935,
-0.03492666408419641
],
"l_thumb_tip": [
0.0007542214007116854,
-0.006106721237301913,
-0.029482351616025256
],
"l_index_mcp": [
-0.03022014908492565,
-0.0016982397064566712,
0.006493984255939767
],
"l_index_pip": [
-0.026050547137856483,
-0.02976924739778069,
0.0026896519120783364
],
"l_index_dip": [
-0.024123936891555786,
-0.05138074979186106,
0.0005936751258559473
],
"l_index_tip": [
-0.025463640689849854,
-0.06980770826339824,
-0.017494039610028447
],
"l_middle_mcp": [
-0.004783507902175188,
-0.002766487654298537,
0.008422599174082317
],
"l_middle_pip": [
-0.0036151502281427383,
-0.04326608777046255,
0.005207593552768364
],
"l_middle_dip": [
-0.008363412693142891,
-0.06781335920095517,
-0.00489487824961546
],
"l_middle_tip": [
-0.007999787107110023,
-0.09102844446897586,
-0.019361710175871984
],
"l_ring_mcp": [
0.018393930047750473,
-0.0024655302986502895,
-0.004387046676129147
],
"l_ring_pip": [
0.015980735421180725,
-0.035001579672098534,
-0.0076823537237943156
],
"l_ring_dip": [
0.010469826869666576,
-0.05985483154654583,
-0.020536595955491233
],
"l_ring_tip": [
0.006893162615597248,
-0.07883179932832787,
-0.034213475883007306
],
"l_pinky_mcp": [
0.0324433259665966,
0.009476307779550601,
-0.016965655609965494
],
"l_pinky_pip": [
0.03447213023900986,
-0.01776095665991324,
-0.012750858440995341
],
"l_pinky_dip": [
0.030235521495342255,
-0.044795062392950516,
-0.02171427011489876
],
"l_pinky_tip": [
0.02481836825609207,
-0.05983266234397906,
-0.031807199120521615
],
"r_hand_position": null,
"r_wrist": null,
"r_thumb_cmc": null,
"r_thumb_mcp": null,
"r_thumb_ip": null,
"r_thumb_tip": null,
"r_index_mcp": null,
"r_index_pip": null,
"r_index_dip": null,
"r_index_tip": null,
"r_middle_mcp": null,
"r_middle_pip": null,
"r_middle_dip": null,
"r_middle_tip": null,
"r_ring_mcp": null,
"r_ring_pip": null,
"r_ring_dip": null,
"r_ring_tip": null,
"r_pinky_mcp": null,
"r_pinky_pip": null,
"r_pinky_dip": null,
"r_pinky_tip": null
}
],
"framerate": 30,
"mirrorable": true
}