{
"label": "0",
"gestures": [
{
"l_hand_position": null,
"l_wrist": null,
"l_thumb_cmc": null,
"l_thumb_mcp": null,
"l_thumb_ip": null,
"l_thumb_tip": null,
"l_index_mcp": null,
"l_index_pip": null,
"l_index_dip": null,
"l_index_tip": null,
"l_middle_mcp": null,
"l_middle_pip": null,
"l_middle_dip": null,
"l_middle_tip": null,
"l_ring_mcp": null,
"l_ring_pip": null,
"l_ring_dip": null,
"l_ring_tip": null,
"l_pinky_mcp": null,
"l_pinky_pip": null,
"l_pinky_dip": null,
"l_pinky_tip": null,
"r_hand_position": null,
"r_wrist": [
0.05317975953221321,
0.06311174482107212,
-0.01689476519823089
],
"r_thumb_cmc": [
0.05681893602013588,
0.023235585540533326,
-0.02400140650570419
],
"r_thumb_mcp": [
0.04534367844462395,
-0.013754012063145799,
-0.022802425548434438
],
"r_thumb_ip": [
0.019713202491402626,
-0.041471682488918554,
-0.018519112840294907
],
"r_thumb_tip": [
-0.004837114363908768,
-0.06367217749357282,
-0.010309034027159318
],
"r_index_mcp": [
0.014132658950984478,
-0.022668253630399926,
0.0026630607899278767
],
"r_index_pip": [
-0.002691111993044615,
-0.03809847682714512,
-0.012751474045217115
],
"r_index_dip": [
-0.0007424489594995975,
-0.03375607728958177,
-0.021909276023507392
],
"r_index_tip": [
0.01267591118812561,
-0.016653556376695838,
-0.02831900306046035
],
"r_middle_mcp": [
-0.0025379552971571684,
-0.004455363377928773,
0.00753882853314291
],
"r_middle_pip": [
-0.020018260926008224,
-0.02125747315585638,
-0.01988703757524509
],
"r_middle_dip": [
-0.005537482909858227,
-0.012570425868034528,
-0.03821880742907565
],
"r_middle_tip": [
0.015419432893395424,
-0.0025398302823305564,
-0.02927139960229422
],
"r_ring_mcp": [
-0.009986203163862228,
0.01416477654129284,
0.00030168853118081975
],
"r_ring_pip": [
-0.01987481862306595,
0.000977791845798494,
-0.02678021416068104
],
"r_ring_dip": [
0.0014764199731871486,
0.010887709446251493,
-0.04036287218332344
],
"r_ring_tip": [
0.021273057907819748,
0.020091688260436207,
-0.03071023523807547
],
"r_pinky_mcp": [
-0.013435062021017075,
0.03488982841372533,
-0.012219401076436227
],
"r_pinky_pip": [
-0.022976510226726532,
0.023608302697539527,
-0.02868210151791606
],
"r_pinky_dip": [
-0.005610363092273474,
0.027862822636962114,
-0.04418339580297534
],
"r_pinky_tip": [
0.01048555038869381,
0.03508519008755721,
-0.03936432674527204
]
}
],
"framerate": 30,
"mirrorable": true
}