{
"label": "0",
"gestures": [
{
"l_hand_position": null,
"l_wrist": [
0.014744815416634083,
0.07537170499563314,
0.0013984990073367912
],
"l_thumb_cmc": [
-0.015467863529920578,
0.052508220076561474,
-0.008222263306379369
],
"l_thumb_mcp": [
-0.03662886098027229,
0.024602349847555435,
0.0005869728047400553
],
"l_thumb_ip": [
-0.05959561839699745,
-0.0034087644889950843,
0.010795752517879117
],
"l_thumb_tip": [
-0.08066420257091522,
-0.029403058812022587,
0.0219961609691385
],
"l_index_mcp": [
-0.02888665162026882,
-0.004714900162071038,
0.004457927308976686
],
"l_index_pip": [
-0.026187090203166008,
-0.018937373533845173,
-0.016048358753323687
],
"l_index_dip": [
-0.025438424199819565,
-0.003866968909278546,
-0.01863260753452796
],
"l_index_tip": [
-0.027781110256910324,
0.017009375616908285,
-0.012481505982577945
],
"l_middle_mcp": [
-0.005001408513635397,
-0.0023073232732713504,
0.005556837189942658
],
"l_middle_pip": [
-0.004496748559176922,
-0.021773865446448597,
-0.024185080081224702
],
"l_middle_dip": [
-0.011901896446943283,
-0.00019753095693885922,
-0.0381204783916477
],
"l_middle_tip": [
-0.01124132052063942,
0.02081007324159168,
-0.021561997011304176
],
"l_ring_mcp": [
0.019098874181509018,
0.00021198659669607875,
-0.002237922977656154
],
"l_ring_pip": [
0.014896541833877563,
-0.011308931745588896,
-0.02900812402367623
],
"l_ring_dip": [
0.0067174178548157215,
0.013289622031152384,
-0.03664749115705528
],
"l_ring_tip": [
0.0070669446140527725,
0.0346840992569928,
-0.024419460445642773
],
"l_pinky_mcp": [
0.032246533781290054,
0.013939944095909769,
-0.009611329995095867
],
"l_pinky_pip": [
0.03360768035054207,
0.0012319681700318412,
-0.02769874408841162
],
"l_pinky_dip": [
0.024546019732952118,
0.01291642803698795,
-0.04008285701274909
],
"l_pinky_tip": [
0.019181231036782265,
0.03315379843115838,
-0.030547866597771985
],
"r_hand_position": null,
"r_wrist": null,
"r_thumb_cmc": null,
"r_thumb_mcp": null,
"r_thumb_ip": null,
"r_thumb_tip": null,
"r_index_mcp": null,
"r_index_pip": null,
"r_index_dip": null,
"r_index_tip": null,
"r_middle_mcp": null,
"r_middle_pip": null,
"r_middle_dip": null,
"r_middle_tip": null,
"r_ring_mcp": null,
"r_ring_pip": null,
"r_ring_dip": null,
"r_ring_tip": null,
"r_pinky_mcp": null,
"r_pinky_pip": null,
"r_pinky_dip": null,
"r_pinky_tip": null
}
],
"framerate": 30,
"mirrorable": true
}