{
"label": "0",
"gestures": [
{
"l_hand_position": null,
"l_wrist": null,
"l_thumb_cmc": null,
"l_thumb_mcp": null,
"l_thumb_ip": null,
"l_thumb_tip": null,
"l_index_mcp": null,
"l_index_pip": null,
"l_index_dip": null,
"l_index_tip": null,
"l_middle_mcp": null,
"l_middle_pip": null,
"l_middle_dip": null,
"l_middle_tip": null,
"l_ring_mcp": null,
"l_ring_pip": null,
"l_ring_dip": null,
"l_ring_tip": null,
"l_pinky_mcp": null,
"l_pinky_pip": null,
"l_pinky_dip": null,
"l_pinky_tip": null,
"r_hand_position": null,
"r_wrist": [
0.0485600084066391,
0.02941890060901672,
0.0634139776229865
],
"r_thumb_cmc": [
0.030927609652280807,
0.006013173609972112,
0.059951767325402035
],
"r_thumb_mcp": [
0.014321004040539265,
-0.008593564853072172,
0.04927904531359734
],
"r_thumb_ip": [
0.0007394771091639996,
-0.01146184280514723,
0.029495323076844552
],
"r_thumb_tip": [
-0.021011443808674812,
-0.008431587368249964,
0.009661909192800638
],
"r_index_mcp": [
-0.001448827562853694,
-0.008264161646366229,
0.0007351062959060152
],
"r_index_pip": [
-0.01987220160663128,
-0.014191264286637485,
-0.002456630580127254
],
"r_index_dip": [
-0.044358640909194946,
-0.021955424919724704,
0.013207785785198382
],
"r_index_tip": [
-0.0660616010427475,
-0.021256189793348597,
0.02692741714417976
],
"r_middle_mcp": [
-0.0024884790182113647,
-0.0012173198629170817,
-0.001815424067899599
],
"r_middle_pip": [
-0.02255796641111374,
-0.008221208117902367,
-0.0050894874148071255
],
"r_middle_dip": [
-0.0572676919400692,
-0.014109017327428012,
0.005598552059382263
],
"r_middle_tip": [
-0.07927296310663223,
-0.014104261994362034,
0.022087488323450345
],
"r_ring_mcp": [
-0.0030315264593809843,
0.007779234088957393,
-0.0030598284211010105
],
"r_ring_pip": [
-0.02382068708539009,
0.0020012520253658433,
0.0007070774445310243
],
"r_ring_dip": [
-0.05084063112735748,
0.0015724059194326772,
0.012098914943635634
],
"r_ring_tip": [
-0.06939446926116943,
-0.004198983311653178,
0.028675409033894844
],
"r_pinky_mcp": [
-0.00037126708775758743,
0.022167190909385945,
0.010679900646209786
],
"r_pinky_pip": [
-0.01577472686767578,
0.02055751159787203,
0.007129489909857651
],
"r_pinky_dip": [
-0.03713135048747063,
0.02414999902248406,
0.011832696385681777
],
"r_pinky_tip": [
-0.04901260882616043,
0.023883137851953787,
0.021832795813679987
]
}
],
"framerate": 30,
"mirrorable": true
}