{
    "label": "0",
    "label_id": 0,
    "gestures": [
        {
            "wrist": [
                -0.0024858713150024414,
                0.09221349656581879,
                -0.025433842092752457
            ],
            "thumb_cmc": [
                0.023052729666233063,
                0.07270998507738113,
                -0.036432620137929916
            ],
            "thumb_mcp": [
                0.023152120411396027,
                0.03962711617350578,
                -0.04589556157588959
            ],
            "thumb_ip": [
                0.004966764245182276,
                0.00480647012591362,
                -0.05323994904756546
            ],
            "thumb_tip": [
                -0.023134157061576843,
                -0.017506513744592667,
                -0.04356246441602707
            ],
            "index_mcp": [
                0.020871607586741447,
                0.0005856696516275406,
                -0.00301362038590014
            ],
            "index_pip": [
                0.027866419404745102,
                -0.020522430539131165,
                -0.020603463053703308
            ],
            "index_dip": [
                0.02950776368379593,
                -0.029054678976535797,
                -0.032415036112070084
            ],
            "index_tip": [
                0.02480149269104004,
                -0.024232637137174606,
                -0.053142186254262924
            ],
            "middle_mcp": [
                0.0009587642271071672,
                -0.004371119197458029,
                0.0062942784279584885
            ],
            "middle_pip": [
                0.00734858401119709,
                -0.04704396426677704,
                0.008513543754816055
            ],
            "middle_dip": [
                0.009015902876853943,
                -0.07173030078411102,
                0.002592455828562379
            ],
            "middle_tip": [
                0.011849965900182724,
                -0.1005750223994255,
                -0.006907050497829914
            ],
            "ring_mcp": [
                -0.015107830055058002,
                -0.0032385995145887136,
                0.0019359167199581861
            ],
            "ring_pip": [
                -0.020356278866529465,
                -0.03689487650990486,
                -0.0038853075820952654
            ],
            "ring_dip": [
                -0.021655701100826263,
                -0.06219750642776489,
                -0.01747053861618042
            ],
            "ring_tip": [
                -0.020404642447829247,
                -0.08346115797758102,
                -0.03343925625085831
            ],
            "pinky_mcp": [
                -0.03143323212862015,
                0.009164205752313137,
                -0.0040833353996276855
            ],
            "pinky_pip": [
                -0.027612127363681793,
                -0.007402043789625168,
                -0.012675624340772629
            ],
            "pinky_dip": [
                -0.016855066642165184,
                -0.012298906221985817,
                -0.023937206715345383
            ],
            "pinky_tip": [
                -0.0072236680425703526,
                0.0028539695776998997,
                -0.03605738282203674
            ]
        }
    ]
}