{
"label": "0",
"gestures": [
{
"l_hand_position": null,
"l_wrist": [
0.011268625035881996,
0.08498164266347977,
-0.03974807262420694
],
"l_thumb_cmc": [
-0.017695918679237366,
0.060738340020180526,
-0.048788662999868934
],
"l_thumb_mcp": [
-0.03045773319900036,
0.028630753979087136,
-0.047182451933622804
],
"l_thumb_ip": [
-0.03132175654172897,
-0.006664741318672988,
-0.04185044392943429
],
"l_thumb_tip": [
-0.03658222407102585,
-0.03924684599041981,
-0.022759152576327577
],
"l_index_mcp": [
-0.0295329038053751,
0.0008910717442631796,
-0.00028897629817948027
],
"l_index_pip": [
-0.031075742095708847,
-0.03205775097012551,
-0.0010620948160067198
],
"l_index_dip": [
-0.02982993796467781,
-0.05669450014829701,
-0.0009155481238849515
],
"l_index_tip": [
-0.02643696963787079,
-0.08300956338644108,
-0.01776492968201657
],
"l_middle_mcp": [
-0.005577948410063982,
-0.0007092962041497278,
0.007704622577875919
],
"l_middle_pip": [
-0.0068856580182909966,
-0.02433603815734422,
-0.022736908867955402
],
"l_middle_dip": [
-0.013556495308876038,
-0.001924643060192532,
-0.04133281484246307
],
"l_middle_tip": [
-0.013875475153326988,
0.026220330968499517,
-0.03009780682623424
],
"l_ring_mcp": [
0.020542247220873833,
-0.003636287758126898,
0.0019719095434993787
],
"l_ring_pip": [
0.01656145416200161,
-0.011308996938169147,
-0.027603393420577403
],
"l_ring_dip": [
0.01075612474232912,
0.018041215837002016,
-0.03742818906903314
],
"l_ring_tip": [
0.008751180954277515,
0.0430731363594537,
-0.026274854317307767
],
"l_pinky_mcp": [
0.03369586542248726,
0.0067214295268059505,
-0.008667003363370986
],
"l_pinky_pip": [
0.0352059043943882,
-0.013915594667196371,
-0.014095430262386896
],
"l_pinky_dip": [
0.040004681795835495,
-0.03073387965560003,
-0.02092040516436127
],
"l_pinky_tip": [
0.04320112243294716,
-0.04968508705496848,
-0.02858598157763511
],
"r_hand_position": null,
"r_wrist": null,
"r_thumb_cmc": null,
"r_thumb_mcp": null,
"r_thumb_ip": null,
"r_thumb_tip": null,
"r_index_mcp": null,
"r_index_pip": null,
"r_index_dip": null,
"r_index_tip": null,
"r_middle_mcp": null,
"r_middle_pip": null,
"r_middle_dip": null,
"r_middle_tip": null,
"r_ring_mcp": null,
"r_ring_pip": null,
"r_ring_dip": null,
"r_ring_tip": null,
"r_pinky_mcp": null,
"r_pinky_pip": null,
"r_pinky_dip": null,
"r_pinky_tip": null
}
],
"framerate": 30,
"mirrorable": true
}