{
"label": "_null",
"gestures": [
{
"l_hand_position": null,
"l_wrist": null,
"l_thumb_cmc": null,
"l_thumb_mcp": null,
"l_thumb_ip": null,
"l_thumb_tip": null,
"l_index_mcp": null,
"l_index_pip": null,
"l_index_dip": null,
"l_index_tip": null,
"l_middle_mcp": null,
"l_middle_pip": null,
"l_middle_dip": null,
"l_middle_tip": null,
"l_ring_mcp": null,
"l_ring_pip": null,
"l_ring_dip": null,
"l_ring_tip": null,
"l_pinky_mcp": null,
"l_pinky_pip": null,
"l_pinky_dip": null,
"l_pinky_tip": null,
"r_hand_position": [
-0.3698400855064392,
0.1702498197555542,
-0.49999971624313844
],
"r_wrist": [
-0.0010606907308101654,
0.08786250650882721,
0.04572493955492973
],
"r_thumb_cmc": [
0.0004356987774372101,
0.05904972553253174,
0.048333849757909775
],
"r_thumb_mcp": [
0.012261703610420227,
0.023197567090392113,
0.04366905987262726
],
"r_thumb_ip": [
0.020067721605300903,
-0.00770439812913537,
0.02276349999010563
],
"r_thumb_tip": [
0.017079060897231102,
-0.029220493510365486,
-0.00487396540120244
],
"r_index_mcp": [
-0.0064695412293076515,
-0.014554938301444054,
0.019750770181417465
],
"r_index_pip": [
0.006019282154738903,
-0.04059767723083496,
0.013504358939826488
],
"r_index_dip": [
0.014591136947274208,
-0.058757174760103226,
0.009218249469995499
],
"r_index_tip": [
0.020291248336434364,
-0.08389008045196533,
0.0015200398629531264
],
"r_middle_mcp": [
-0.004757373593747616,
-0.00631746556609869,
0.0018732351018115878
],
"r_middle_pip": [
-0.005792468786239624,
-0.04369242116808891,
-0.006106606684625149
],
"r_middle_dip": [
-0.00430806539952755,
-0.07022613286972046,
-0.008763708174228668
],
"r_middle_tip": [
0.0005752481520175934,
-0.10123100876808167,
-0.015519379638135433
],
"r_ring_mcp": [
0.0026136203669011593,
0.009008446708321571,
-0.013133575208485126
],
"r_ring_pip": [
0.01878308318555355,
-0.016728945076465607,
-0.025539053604006767
],
"r_ring_dip": [
0.04060555621981621,
-0.03658416122198105,
-0.028746791183948517
],
"r_ring_tip": [
0.057761795818805695,
-0.0539594329893589,
-0.01544127892702818
],
"r_pinky_mcp": [
0.005157537758350372,
0.03061593323945999,
-0.01910017430782318
],
"r_pinky_pip": [
0.0334751158952713,
0.021093793213367462,
-0.026300782337784767
],
"r_pinky_dip": [
0.06056482344865799,
0.009445581585168839,
-0.020566396415233612
],
"r_pinky_tip": [
0.07957322895526886,
0.006532948464155197,
0.0045462679117918015
]
}
],
"framerate": 30,
"mirrorable": true
}