{
"label": "_null",
"gestures": [
{
"l_hand_position": [
0.6744316220283508,
0.821373701095581,
2.8203606916576973e-07
],
"l_wrist": [
0.011444390751421452,
0.08211212605237961,
0.03405073285102844
],
"l_thumb_cmc": [
-0.01851516403257847,
0.06385990977287292,
0.020292917266488075
],
"l_thumb_mcp": [
-0.04087035730481148,
0.045559387654066086,
0.010988342575728893
],
"l_thumb_ip": [
-0.0645173043012619,
0.02777208760380745,
0.0007983393152244389
],
"l_thumb_tip": [
-0.08738534152507782,
0.009206561371684074,
-0.005435393191874027
],
"l_index_mcp": [
-0.02675534412264824,
-0.0032519944943487644,
0.0036258422769606113
],
"l_index_pip": [
-0.0305588711053133,
-0.031911689788103104,
-0.004378179553896189
],
"l_index_dip": [
-0.038482487201690674,
-0.05094420164823532,
-0.012266838923096657
],
"l_index_tip": [
-0.047490641474723816,
-0.06308221817016602,
-0.039264459162950516
],
"l_middle_mcp": [
-0.004645879380404949,
-0.005405694246292114,
0.005147249903529882
],
"l_middle_pip": [
-0.0039183227345347404,
-0.041797660291194916,
-0.01010177843272686
],
"l_middle_dip": [
-0.013194173574447632,
-0.061929211020469666,
-0.028634320944547653
],
"l_middle_tip": [
-0.021572459489107132,
-0.08023568987846375,
-0.050492171198129654
],
"l_ring_mcp": [
0.017745526507496834,
-0.00025270693004131317,
-0.002964286832138896
],
"l_ring_pip": [
0.018712826073169708,
-0.029317375272512436,
-0.01261998899281025
],
"l_ring_dip": [
0.014547422528266907,
-0.05243181064724922,
-0.03253661468625069
],
"l_ring_tip": [
0.010038192383944988,
-0.06951556354761124,
-0.0494215190410614
],
"l_pinky_mcp": [
0.029405761510133743,
0.015619652345776558,
-0.0044814045540988445
],
"l_pinky_pip": [
0.04140876233577728,
-0.005233935546129942,
-0.010503941215574741
],
"l_pinky_dip": [
0.049488577991724014,
-0.025063306093215942,
-0.024023644626140594
],
"l_pinky_tip": [
0.04900141432881355,
-0.037880197167396545,
-0.03850410506129265
],
"r_hand_position": null,
"r_wrist": null,
"r_thumb_cmc": null,
"r_thumb_mcp": null,
"r_thumb_ip": null,
"r_thumb_tip": null,
"r_index_mcp": null,
"r_index_pip": null,
"r_index_dip": null,
"r_index_tip": null,
"r_middle_mcp": null,
"r_middle_pip": null,
"r_middle_dip": null,
"r_middle_tip": null,
"r_ring_mcp": null,
"r_ring_pip": null,
"r_ring_dip": null,
"r_ring_tip": null,
"r_pinky_mcp": null,
"r_pinky_pip": null,
"r_pinky_dip": null,
"r_pinky_tip": null,
"l_hand_velocity": [
0.014392316341400146,
0.038338541984558105,
-3.743295451386075e-08
],
"r_hand_velocity": null
},
{
"l_hand_position": [
0.6600393056869507,
0.783035159111023,
3.194690236796305e-07
],
"l_wrist": [
0.017709318548440933,
0.08017545938491821,
0.032542046159505844
],
"l_thumb_cmc": [
-0.012615757063031197,
0.062447890639305115,
0.02192949317395687
],
"l_thumb_mcp": [
-0.036824457347393036,
0.046326808631420135,
0.017315614968538284
],
"l_thumb_ip": [
-0.060210276395082474,
0.030001727864146233,
0.008464950136840343
],
"l_thumb_tip": [
-0.08482668548822403,
0.013313641771674156,
0.003779239021241665
],
"l_index_mcp": [
-0.023725036531686783,
-0.003023062366992235,
0.005300461780279875
],
"l_index_pip": [
-0.031041424721479416,
-0.03142852336168289,
0.0007642389973625541
],
"l_index_dip": [
-0.03936741128563881,
-0.05235402286052704,
-0.006035111844539642
],
"l_index_tip": [
-0.051600467413663864,
-0.06761042773723602,
-0.028738172724843025
],
"l_middle_mcp": [
-0.0039616236463189125,
-0.005033855792135,
0.0049297562800347805
],
"l_middle_pip": [
-0.006782701704651117,
-0.03965099900960922,
-0.008642680011689663
],
"l_middle_dip": [
-0.019684847444295883,
-0.05862639844417572,
-0.02780817076563835
],
"l_middle_tip": [
-0.025949692353606224,
-0.07723091542720795,
-0.04358955845236778
],
"l_ring_mcp": [
0.016048302873969078,
-0.0012922724708914757,
-0.0043822359293699265
],
"l_ring_pip": [
0.011726029217243195,
-0.028221378102898598,
-0.014214864000678062
],
"l_ring_dip": [
0.0075706858187913895,
-0.05024006962776184,
-0.03154442831873894
],
"l_ring_tip": [
0.0014965543523430824,
-0.07000421732664108,
-0.04744928330183029
],
"l_pinky_mcp": [
0.02627476118505001,
0.01462780311703682,
-0.0075164902955293655
],
"l_pinky_pip": [
0.03777221962809563,
-0.0056625306606292725,
-0.013546142727136612
],
"l_pinky_dip": [
0.04473165422677994,
-0.02668832242488861,
-0.024924203753471375
],
"l_pinky_tip": [
0.044302232563495636,
-0.041078679263591766,
-0.03752398490905762
],
"r_hand_position": null,
"r_wrist": null,
"r_thumb_cmc": null,
"r_thumb_mcp": null,
"r_thumb_ip": null,
"r_thumb_tip": null,
"r_index_mcp": null,
"r_index_pip": null,
"r_index_dip": null,
"r_index_tip": null,
"r_middle_mcp": null,
"r_middle_pip": null,
"r_middle_dip": null,
"r_middle_tip": null,
"r_ring_mcp": null,
"r_ring_pip": null,
"r_ring_dip": null,
"r_ring_tip": null,
"r_pinky_mcp": null,
"r_pinky_pip": null,
"r_pinky_dip": null,
"r_pinky_tip": null,
"l_hand_velocity": [
0.0,
0.0,
0.0
],
"r_hand_velocity": null
},
{
"l_hand_position": [
0.6600393056869507,
0.783035159111023,
3.194690236796305e-07
],
"l_wrist": [
0.017709318548440933,
0.08017545938491821,
0.032542046159505844
],
"l_thumb_cmc": [
-0.012615757063031197,
0.062447890639305115,
0.02192949317395687
],
"l_thumb_mcp": [
-0.036824457347393036,
0.046326808631420135,
0.017315614968538284
],
"l_thumb_ip": [
-0.060210276395082474,
0.030001727864146233,
0.008464950136840343
],
"l_thumb_tip": [
-0.08482668548822403,
0.013313641771674156,
0.003779239021241665
],
"l_index_mcp": [
-0.023725036531686783,
-0.003023062366992235,
0.005300461780279875
],
"l_index_pip": [
-0.031041424721479416,
-0.03142852336168289,
0.0007642389973625541
],
"l_index_dip": [
-0.03936741128563881,
-0.05235402286052704,
-0.006035111844539642
],
"l_index_tip": [
-0.051600467413663864,
-0.06761042773723602,
-0.028738172724843025
],
"l_middle_mcp": [
-0.0039616236463189125,
-0.005033855792135,
0.0049297562800347805
],
"l_middle_pip": [
-0.006782701704651117,
-0.03965099900960922,
-0.008642680011689663
],
"l_middle_dip": [
-0.019684847444295883,
-0.05862639844417572,
-0.02780817076563835
],
"l_middle_tip": [
-0.025949692353606224,
-0.07723091542720795,
-0.04358955845236778
],
"l_ring_mcp": [
0.016048302873969078,
-0.0012922724708914757,
-0.0043822359293699265
],
"l_ring_pip": [
0.011726029217243195,
-0.028221378102898598,
-0.014214864000678062
],
"l_ring_dip": [
0.0075706858187913895,
-0.05024006962776184,
-0.03154442831873894
],
"l_ring_tip": [
0.0014965543523430824,
-0.07000421732664108,
-0.04744928330183029
],
"l_pinky_mcp": [
0.02627476118505001,
0.01462780311703682,
-0.0075164902955293655
],
"l_pinky_pip": [
0.03777221962809563,
-0.0056625306606292725,
-0.013546142727136612
],
"l_pinky_dip": [
0.04473165422677994,
-0.02668832242488861,
-0.024924203753471375
],
"l_pinky_tip": [
0.044302232563495636,
-0.041078679263591766,
-0.03752398490905762
],
"r_hand_position": null,
"r_wrist": null,
"r_thumb_cmc": null,
"r_thumb_mcp": null,
"r_thumb_ip": null,
"r_thumb_tip": null,
"r_index_mcp": null,
"r_index_pip": null,
"r_index_dip": null,
"r_index_tip": null,
"r_middle_mcp": null,
"r_middle_pip": null,
"r_middle_dip": null,
"r_middle_tip": null,
"r_ring_mcp": null,
"r_ring_pip": null,
"r_ring_dip": null,
"r_ring_tip": null,
"r_pinky_mcp": null,
"r_pinky_pip": null,
"r_pinky_dip": null,
"r_pinky_tip": null,
"l_hand_velocity": null,
"r_hand_velocity": null
},
{
"l_hand_position": null,
"l_wrist": null,
"l_thumb_cmc": null,
"l_thumb_mcp": null,
"l_thumb_ip": null,
"l_thumb_tip": null,
"l_index_mcp": null,
"l_index_pip": null,
"l_index_dip": null,
"l_index_tip": null,
"l_middle_mcp": null,
"l_middle_pip": null,
"l_middle_dip": null,
"l_middle_tip": null,
"l_ring_mcp": null,
"l_ring_pip": null,
"l_ring_dip": null,
"l_ring_tip": null,
"l_pinky_mcp": null,
"l_pinky_pip": null,
"l_pinky_dip": null,
"l_pinky_tip": null,
"r_hand_position": [
0.13179481029510498,
0.1764357089996338,
-0.4999996419235515
],
"r_wrist": [
0.02025230973958969,
0.05675284191966057,
0.02942124754190445
],