{
"label": "0",
"gestures": [
{
"l_hand_position": null,
"l_wrist": null,
"l_thumb_cmc": null,
"l_thumb_mcp": null,
"l_thumb_ip": null,
"l_thumb_tip": null,
"l_index_mcp": null,
"l_index_pip": null,
"l_index_dip": null,
"l_index_tip": null,
"l_middle_mcp": null,
"l_middle_pip": null,
"l_middle_dip": null,
"l_middle_tip": null,
"l_ring_mcp": null,
"l_ring_pip": null,
"l_ring_dip": null,
"l_ring_tip": null,
"l_pinky_mcp": null,
"l_pinky_pip": null,
"l_pinky_dip": null,
"l_pinky_tip": null,
"r_hand_position": null,
"r_wrist": [
-0.06875155866146088,
0.013580052182078535,
0.044868335127831026
],
"r_thumb_cmc": [
-0.03795122355222702,
0.012656246311962714,
0.05093324184417771
],
"r_thumb_mcp": [
-0.01649988815188408,
0.016196668148041025,
0.05058765783906044
],
"r_thumb_ip": [
0.00555292796343565,
0.018694877624511975,
0.04269887134432843
],
"r_thumb_tip": [
0.030443158000707626,
0.022044019773602735,
0.027075426653027753
],
"r_index_mcp": [
0.00843304954469204,
-0.012865214608609819,
0.019401701167226025
],
"r_index_pip": [
0.02605150267481804,
-0.004047340247780138,
0.010002173483371849
],
"r_index_dip": [
0.045492228120565414,
0.00014933757483959317,
0.0003836936375591928
],
"r_index_tip": [
0.05845921114087105,
0.009262509644031644,
-0.012992548756301554
],
"r_middle_mcp": [
0.006151431240141392,
-0.007624960504472349,
0.0017198794521391645
],
"r_middle_pip": [
0.03060261160135269,
0.009092681109905335,
-0.004020888824015905
],
"r_middle_dip": [
0.0554501973092556,
0.024187408387661216,
-0.01663939468562624
],
"r_middle_tip": [
0.08260611444711685,
0.03625159338116692,
-0.01860730163753057
],
"r_ring_mcp": [
-0.005952521692961454,
0.00859485566616067,
-0.012814407236874235
],
"r_ring_pip": [
0.023517237976193428,
0.0140770971775056,
-0.024378456175327565
],
"r_ring_dip": [
0.05270013213157654,
0.03296042233705566,
-0.0344310700893407
],
"r_ring_tip": [
0.08535042405128479,
0.047993037849665146,
-0.04778670147061398
],
"r_pinky_mcp": [
-0.02100783959031105,
0.01989446952939053,
-0.01833969913423081
],
"r_pinky_pip": [
-0.012373351491987705,
0.007874967530369802,
-0.030709048733115595
],
"r_pinky_dip": [
7.035228190943599e-05,
-0.008322330191731475,
-0.04553649574518256
],
"r_pinky_tip": [
0.016440363600850105,
-0.026833582669496717,
-0.06299898773431836
]
}
],
"framerate": 30,
"mirrorable": true
}