{
"label": "0",
"gestures": [
{
"l_hand_position": null,
"l_wrist": null,
"l_thumb_cmc": null,
"l_thumb_mcp": null,
"l_thumb_ip": null,
"l_thumb_tip": null,
"l_index_mcp": null,
"l_index_pip": null,
"l_index_dip": null,
"l_index_tip": null,
"l_middle_mcp": null,
"l_middle_pip": null,
"l_middle_dip": null,
"l_middle_tip": null,
"l_ring_mcp": null,
"l_ring_pip": null,
"l_ring_dip": null,
"l_ring_tip": null,
"l_pinky_mcp": null,
"l_pinky_pip": null,
"l_pinky_dip": null,
"l_pinky_tip": null,
"r_hand_position": null,
"r_wrist": [
-0.07188677787780762,
0.03811654075980238,
0.055881537497044234
],
"r_thumb_cmc": [
-0.04484136775135994,
0.010202608071267771,
0.05611867830157344
],
"r_thumb_mcp": [
-0.017351489514112473,
0.006056312471628277,
0.05244989693164879
],
"r_thumb_ip": [
0.007316373288631439,
0.005163784138858412,
0.03551460802555121
],
"r_thumb_tip": [
0.0239887535572052,
0.016430808231234773,
0.018136637285351948
],
"r_index_mcp": [
-0.00034364243037998676,
-0.022455926984548815,
0.012720549479127128
],
"r_index_pip": [
0.03203604742884636,
-0.023060314357281016,
0.00853129848837866
],
"r_index_dip": [
0.05552293732762337,
-0.02578754909336598,
0.010778985917568377
],
"r_index_tip": [
0.08270817995071411,
-0.02939076721668261,
0.01571076922118677
],
"r_middle_mcp": [
-0.0007649874314665794,
-0.006991896778345188,
-0.000533712154719976
],
"r_middle_pip": [
0.036855343729257584,
-0.010568256489932662,
-0.013682492077350781
],
"r_middle_dip": [
0.063749760389328,
-0.01782033964991589,
-0.01806602440774457
],
"r_middle_tip": [
0.09625767916440964,
-0.02469916269183191,
-0.010906568728387448
],
"r_ring_mcp": [
0.0007290377980098128,
0.014365232549607894,
-0.00937377009540812
],
"r_ring_pip": [
0.024424796923995018,
0.023411432281136704,
-0.005280033219605756
],
"r_ring_dip": [
0.0429333858191967,
0.03299811482429541,
0.01532774791121503
],
"r_ring_tip": [
0.05703982338309288,
0.03805806860327767,
0.042082738131285144
],
"r_pinky_mcp": [
-0.007478128187358379,
0.0303647555410865,
-0.0068100714124740055
],
"r_pinky_pip": [
0.013123031705617905,
0.034800678491592824,
-0.0010807099752128807
],
"r_pinky_dip": [
0.03062332794070244,
0.038377646356821594,
0.012878631241619734
],
"r_pinky_tip": [
0.04410826414823532,
0.03549411147832917,
0.029912393540144258
]
}
],
"framerate": 30,
"mirrorable": true
}