{
"label": "0",
"gestures": [
{
"l_hand_position": null,
"l_wrist": null,
"l_thumb_cmc": null,
"l_thumb_mcp": null,
"l_thumb_ip": null,
"l_thumb_tip": null,
"l_index_mcp": null,
"l_index_pip": null,
"l_index_dip": null,
"l_index_tip": null,
"l_middle_mcp": null,
"l_middle_pip": null,
"l_middle_dip": null,
"l_middle_tip": null,
"l_ring_mcp": null,
"l_ring_pip": null,
"l_ring_dip": null,
"l_ring_tip": null,
"l_pinky_mcp": null,
"l_pinky_pip": null,
"l_pinky_dip": null,
"l_pinky_tip": null,
"r_hand_position": null,
"r_wrist": [
0.014107968658208847,
0.08114948868751606,
-0.043148335069418335
],
"r_thumb_cmc": [
0.00526298675686121,
0.07261510938406085,
-0.007148104254156625
],
"r_thumb_mcp": [
-0.003759734332561493,
0.05154732614755694,
0.036428172141313914
],
"r_thumb_ip": [
-0.014752458781003952,
0.03679690137505574,
0.08088973909616556
],
"r_thumb_tip": [
-0.023885589092969894,
0.02008653059601812,
0.12000691145658618
],
"r_index_mcp": [
0.008956396020948887,
-0.0032730454113334387,
0.02660004235804113
],
"r_index_pip": [
-0.0040982794016599655,
-0.02891554310917871,
0.040914155542851
],
"r_index_dip": [
-0.020296743139624596,
-0.04332654550671619,
0.06237724795937606
],
"r_index_tip": [
-0.0433930903673172,
-0.04735141992569013,
0.08044093102216825
],
"r_middle_mcp": [
0.002876956481486559,
-0.003800649428740173,
0.006760397460311736
],
"r_middle_pip": [
-0.014463992789387703,
-0.044251389801502644,
0.021224185824394382
],
"r_middle_dip": [
-0.03896516561508179,
-0.05325360596180006,
0.04371738061308918
],
"r_middle_tip": [
-0.05272303521633148,
-0.049867216497660134,
0.06882176548242654
],
"r_ring_mcp": [
-0.00796789675951004,
-0.0025684216525406183,
-0.017120657488703953
],
"r_ring_pip": [
-0.021874237805604935,
-0.033709283918142784,
-0.001280768774449837
],
"r_ring_dip": [
-0.04385599121451378,
-0.04232581332325994,
0.02076019160449536
],
"r_ring_tip": [
-0.06236940249800682,
-0.04060020670294805,
0.04287893325090458
],
"r_pinky_mcp": [
-0.020202023908495903,
0.010966529138386296,
-0.032182678580284334
],
"r_pinky_pip": [
-0.03070514090359211,
-0.010233614593744417,
-0.025268262252211852
],
"r_pinky_dip": [
-0.04632524028420448,
-0.03244802355766324,
-0.007699378300458249
],
"r_pinky_tip": [
-0.06139437109231949,
-0.03570243343710949,
0.01099033467471616
]
}
],
"framerate": 30,
"mirrorable": true
}