{
"label": "0",
"gestures": [
{
"l_hand_position": null,
"l_wrist": [
0.015620050020515919,
0.08217680454254257,
0.018747217953205192
],
"l_thumb_cmc": [
-0.017429575324058533,
0.06362970173358985,
0.0008419260848313622
],
"l_thumb_mcp": [
-0.037812914699316025,
0.04265966266393703,
-0.007570324465632616
],
"l_thumb_ip": [
-0.05076911672949791,
0.013466484844684764,
-0.022858204320073492
],
"l_thumb_tip": [
-0.04671202227473259,
-0.013598176650703127,
-0.029522759839892828
],
"l_index_mcp": [
-0.029637502506375313,
-0.0008606843184679847,
0.005003266502171817
],
"l_index_pip": [
-0.024032115936279297,
-0.026431402191520056,
-0.001622684067115185
],
"l_index_dip": [
-0.02022251859307289,
-0.05171348154544886,
-0.008757423609495248
],
"l_index_tip": [
-0.014565220102667809,
-0.07699737697839826,
-0.0250758379697801
],
"l_middle_mcp": [
-0.005088578909635544,
-0.003497596364468366,
0.006157541647553509
],
"l_middle_pip": [
-0.014318732544779778,
-0.03936136141419464,
-0.010078644379973547
],
"l_middle_dip": [
-0.028253059834241867,
-0.061058185994625695,
-0.03250973671674758
],
"l_middle_tip": [
-0.035319775342941284,
-0.08785396814346406,
-0.05074721202254348
],
"l_ring_mcp": [
0.01981167122721672,
-0.0016679808031767789,
-0.0023665132466703827
],
"l_ring_pip": [
0.011638994328677654,
-0.021273322403431064,
-0.024134183302521896
],
"l_ring_dip": [
0.005171291530132294,
-0.005406463053077494,
-0.040736000984907664
],
"l_ring_tip": [
0.005008533596992493,
0.015121875330805999,
-0.041742064058781184
],
"l_pinky_mcp": [
0.035096023231744766,
0.013393172062933629,
-0.009868418797850746
],
"l_pinky_pip": [
0.03287135437130928,
-0.005128773860633445,
-0.02420269139111067
],
"l_pinky_dip": [
0.024722540751099586,
0.003177615348249665,
-0.036375124007463816
],
"l_pinky_tip": [
0.02437593787908554,
0.01998957805335537,
-0.030099038034677707
],
"r_hand_position": null,
"r_wrist": null,
"r_thumb_cmc": null,
"r_thumb_mcp": null,
"r_thumb_ip": null,
"r_thumb_tip": null,
"r_index_mcp": null,
"r_index_pip": null,
"r_index_dip": null,
"r_index_tip": null,
"r_middle_mcp": null,
"r_middle_pip": null,
"r_middle_dip": null,
"r_middle_tip": null,
"r_ring_mcp": null,
"r_ring_pip": null,
"r_ring_dip": null,
"r_ring_tip": null,
"r_pinky_mcp": null,
"r_pinky_pip": null,
"r_pinky_dip": null,
"r_pinky_tip": null
}
],
"framerate": 30,
"mirrorable": true
}