{
"label": "0",
"gestures": [
{
"l_hand_position": null,
"l_wrist": null,
"l_thumb_cmc": null,
"l_thumb_mcp": null,
"l_thumb_ip": null,
"l_thumb_tip": null,
"l_index_mcp": null,
"l_index_pip": null,
"l_index_dip": null,
"l_index_tip": null,
"l_middle_mcp": null,
"l_middle_pip": null,
"l_middle_dip": null,
"l_middle_tip": null,
"l_ring_mcp": null,
"l_ring_pip": null,
"l_ring_dip": null,
"l_ring_tip": null,
"l_pinky_mcp": null,
"l_pinky_pip": null,
"l_pinky_dip": null,
"l_pinky_tip": null,
"r_hand_position": null,
"r_wrist": [
-0.009617898613214493,
0.10390357673168314,
-0.01238831412047163
],
"r_thumb_cmc": [
0.011161016300320625,
0.08227077126503057,
-0.015059682540595814
],
"r_thumb_mcp": [
0.01750006712973118,
0.048444017767906716,
-0.02673273719847234
],
"r_thumb_ip": [
0.007991294376552105,
0.011336158961057823,
-0.03622203692793889
],
"r_thumb_tip": [
-0.017206205055117607,
-0.01260278932750243,
-0.036191470921040074
],
"r_index_mcp": [
0.021307451650500298,
-0.003528304863721171,
0.00413790624588732
],
"r_index_pip": [
0.02609449066221714,
-0.03627298772335086,
-0.003574047004804007
],
"r_index_dip": [
0.02815253473818302,
-0.0607748329639441,
-0.006069584283977773
],
"r_index_tip": [
0.02452828735113144,
-0.08811688423156834,
-0.014551985077559984
],
"r_middle_mcp": [
0.0031428395304828882,
-0.0075613572262228385,
0.007215083576738922
],
"r_middle_pip": [
0.009675540030002594,
-0.04758942127227837,
0.007057255133986631
],
"r_middle_dip": [
0.00865546427667141,
-0.07495961338281738,
0.004178802482783976
],
"r_middle_tip": [
0.009873766452074051,
-0.10679087042808644,
-0.004320108797401045
],
"r_ring_mcp": [
-0.014925218187272549,
0.0004982464015483958,
-0.0029185547027737184
],
"r_ring_pip": [
-0.011808632872998714,
-0.03498550131917038,
-0.013747024349868507
],
"r_ring_dip": [
-0.00889153964817524,
-0.05689342692494449,
-0.024861151352524924
],
"r_ring_tip": [
-0.005156334489583969,
-0.08196494728326886,
-0.03951060771942165
],
"r_pinky_mcp": [
-0.03522195667028427,
0.01657507941126841,
-0.01102579943835748
],
"r_pinky_pip": [
-0.022846391424536705,
-0.002548222430050393,
-0.023150999099016453
],
"r_pinky_dip": [
-0.013658421114087105,
0.0013237707316875267,
-0.03776466101408055
],
"r_pinky_tip": [
-0.009548504836857319,
0.01790138520300407,
-0.045451525598764975
]
}
],
"framerate": 30,
"mirrorable": true
}