{
    "label": "0",
    "label_id": 0,
    "gestures": [
        {
            "wrist": [
                -0.02099703997373581,
                0.08501074463129044,
                -0.025166789069771767
            ],
            "thumb_cmc": [
                -0.0361146554350853,
                0.055279191583395004,
                -0.008586420677602291
            ],
            "thumb_mcp": [
                -0.03142043948173523,
                0.02250550128519535,
                -0.006786808837205172
            ],
            "thumb_ip": [
                -0.029701607301831245,
                -0.007697252556681633,
                -0.004535971209406853
            ],
            "thumb_tip": [
                -0.026561982929706573,
                -0.029518991708755493,
                -0.012123052962124348
            ],
            "index_mcp": [
                -0.018758954480290413,
                -0.005030429922044277,
                0.021862158551812172
            ],
            "index_pip": [
                -0.02513406239449978,
                -0.025322649627923965,
                0.008966832421720028
            ],
            "index_dip": [
                -0.03833489865064621,
                -0.0385080948472023,
                0.0012699826620519161
            ],
            "index_tip": [
                -0.059009868651628494,
                -0.04508068412542343,
                -0.013800205662846565
            ],
            "middle_mcp": [
                -0.0018162631895393133,
                -0.0032850527204573154,
                0.008464879356324673
            ],
            "middle_pip": [
                -0.014882599003612995,
                -0.030801743268966675,
                -0.004333629738539457
            ],
            "middle_dip": [
                -0.0394706167280674,
                -0.04180358350276947,
                -0.020087944343686104
            ],
            "middle_tip": [
                -0.05934551730751991,
                -0.0556027814745903,
                -0.032372236251831055
            ],
            "ring_mcp": [
                0.01337724644690752,
                0.0017660045996308327,
                -0.012976462952792645
            ],
            "ring_pip": [
                -0.0037922514602541924,
                -0.021209485828876495,
                -0.02293582633137703
            ],
            "ring_dip": [
                -0.02467832900583744,
                -0.03895439952611923,
                -0.034948334097862244
            ],
            "ring_tip": [
                -0.0440024696290493,
                -0.05446190387010574,
                -0.046658895909786224
            ],
            "pinky_mcp": [
                0.015620275400578976,
                0.013709409162402153,
                -0.03150537610054016
            ],
            "pinky_pip": [
                0.007531283423304558,
                0.00015631853602826595,
                -0.040288735181093216
            ],
            "pinky_dip": [
                -0.006002894137054682,
                -0.014531897380948067,
                -0.05281907692551613
            ],
            "pinky_tip": [
                -0.022718321532011032,
                -0.02435361221432686,
                -0.06461585313081741
            ]
        }
    ]
}