{
"label": "_null",
"gestures": [
{
"l_hand_position": [
0.760043740272522,
0.6976481676101685,
2.794056115362764e-07
],
"l_wrist": [
0.0029644519090652466,
0.08193574845790863,
-0.0033803891856223345
],
"l_thumb_cmc": [
-0.02366154082119465,
0.056960221379995346,
-0.0173589326441288
],
"l_thumb_mcp": [
-0.03013908676803112,
0.027966594323515892,
-0.024780573323369026
],
"l_thumb_ip": [
-0.026337401941418648,
-0.0040229433216154575,
-0.03382917121052742
],
"l_thumb_tip": [
-0.009965162724256516,
-0.032786790281534195,
-0.030349113047122955
],
"l_index_mcp": [
-0.032382868230342865,
-0.00820145383477211,
-0.0014065180439502
],
"l_index_pip": [
-0.028202040120959282,
-0.035756856203079224,
-0.004858376923948526
],
"l_index_dip": [
-0.02093137614428997,
-0.06187036633491516,
-0.004852792248129845
],
"l_index_tip": [
-0.019195105880498886,
-0.08404543995857239,
-0.019606634974479675
],
"l_middle_mcp": [
-0.0061233495362102985,
-0.003651723964139819,
0.005783079657703638
],
"l_middle_pip": [
-0.0070260800421237946,
-0.0375915989279747,
-0.0028573947492986917
],
"l_middle_dip": [
-0.011801505461335182,
-0.068931445479393,
-0.019846441224217415
],
"l_middle_tip": [
-0.014548353850841522,
-0.09658510982990265,
-0.046934038400650024
],
"l_ring_mcp": [
0.019003620371222496,
0.003137486521154642,
0.0017292629927396774
],
"l_ring_pip": [
0.01630852185189724,
-0.007969167083501816,
-0.02364899404346943
],
"l_ring_dip": [
0.0048781028017401695,
0.01174045167863369,
-0.03672916814684868
],
"l_ring_tip": [
-0.005095423199236393,
0.03731261566281319,
-0.03773334249854088
],
"l_pinky_mcp": [
0.034061942249536514,
0.018626559525728226,
-0.006222320254892111
],
"l_pinky_pip": [
0.031528618186712265,
0.01729436032474041,
-0.027682961896061897
],
"l_pinky_dip": [
0.016371365636587143,
0.03339812532067299,
-0.036645714193582535
],
"l_pinky_tip": [
0.009625032544136047,
0.04911251366138458,
-0.026942193508148193
],
"r_hand_position": null,
"r_wrist": null,
"r_thumb_cmc": null,
"r_thumb_mcp": null,
"r_thumb_ip": null,
"r_thumb_tip": null,
"r_index_mcp": null,
"r_index_pip": null,
"r_index_dip": null,
"r_index_tip": null,
"r_middle_mcp": null,
"r_middle_pip": null,
"r_middle_dip": null,
"r_middle_tip": null,
"r_ring_mcp": null,
"r_ring_pip": null,
"r_ring_dip": null,
"r_ring_tip": null,
"r_pinky_mcp": null,
"r_pinky_pip": null,
"r_pinky_dip": null,
"r_pinky_tip": null
}
],
"framerate": 30,
"mirrorable": true
}