{
"label": "_null",
"gestures": [
{
"l_hand_position": null,
"l_wrist": null,
"l_thumb_cmc": null,
"l_thumb_mcp": null,
"l_thumb_ip": null,
"l_thumb_tip": null,
"l_index_mcp": null,
"l_index_pip": null,
"l_index_dip": null,
"l_index_tip": null,
"l_middle_mcp": null,
"l_middle_pip": null,
"l_middle_dip": null,
"l_middle_tip": null,
"l_ring_mcp": null,
"l_ring_pip": null,
"l_ring_dip": null,
"l_ring_tip": null,
"l_pinky_mcp": null,
"l_pinky_pip": null,
"l_pinky_dip": null,
"l_pinky_tip": null,
"r_hand_position": [
-0.2673998922109604,
0.15923070907592773,
-0.49999980974703817
],
"r_wrist": [
-0.06686654686927795,
0.03893304616212845,
0.03786027431488037
],
"r_thumb_cmc": [
-0.03406531363725662,
0.03217807412147522,
0.04663768410682678
],
"r_thumb_mcp": [
-0.008604764007031918,
0.031786613166332245,
0.04545355588197708
],
"r_thumb_ip": [
0.007528197951614857,
0.037837881594896317,
0.03064899519085884
],
"r_thumb_tip": [
0.029422985389828682,
0.034874867647886276,
0.015626633539795876
],
"r_index_mcp": [
0.007412962149828672,
-0.0023014754988253117,
0.02067197673022747
],
"r_index_pip": [
0.03136482089757919,
-0.005306035280227661,
0.01516836415976286
],
"r_index_dip": [
0.053648050874471664,
-0.015521042980253696,
0.014909569174051285
],
"r_index_tip": [
0.07655174285173416,
-0.024652821943163872,
0.004215317312628031
],
"r_middle_mcp": [
0.0028420602902770042,
-0.005425797309726477,
0.005306699313223362
],
"r_middle_pip": [
0.028797348961234093,
-0.01631830260157585,
0.00030901748687028885
],
"r_middle_dip": [
0.05576559156179428,
-0.038177862763404846,
0.0011125878663733602
],
"r_middle_tip": [
0.0842839926481247,
-0.05901934951543808,
-0.007220168132334948
],
"r_ring_mcp": [
-0.00506736570969224,
0.002547713927924633,
-0.013911106623709202
],
"r_ring_pip": [
0.013694106601178646,
-0.00951814092695713,
-0.025152748450636864
],
"r_ring_dip": [
0.03778007626533508,
-0.03138577565550804,
-0.029715316370129585
],
"r_ring_tip": [
0.06275366991758347,
-0.053748734295368195,
-0.032777514308691025
],
"r_pinky_mcp": [
-0.020711924880743027,
0.007765714079141617,
-0.026739250868558884
],
"r_pinky_pip": [
-0.013697739690542221,
0.0033978091087192297,
-0.03785697743296623
],
"r_pinky_dip": [
-0.001400933600962162,
-0.01627008616924286,
-0.04942570626735687
],
"r_pinky_tip": [
0.015819787979125977,
-0.03211798518896103,
-0.0646451786160469
]
}
],
"framerate": 30,
"mirrorable": true
}