{
    "label": "0",
    "label_id": 0,
    "gestures": [
        {
            "wrist": [
                0.004492718726396561,
                0.09230222553014755,
                -0.05151620879769325
            ],
            "thumb_cmc": [
                0.03170248866081238,
                0.06444283574819565,
                -0.055577293038368225
            ],
            "thumb_mcp": [
                0.034947000443935394,
                0.027472002431750298,
                -0.0575224794447422
            ],
            "thumb_ip": [
                0.014713666401803493,
                -0.009778449311852455,
                -0.05750446021556854
            ],
            "thumb_tip": [
                -0.019262704998254776,
                -0.030850227922201157,
                -0.04955713450908661
            ],
            "index_mcp": [
                0.026186125352978706,
                -0.0022464324720203876,
                0.0022057872265577316
            ],
            "index_pip": [
                0.03102399781346321,
                -0.024328529834747314,
                -0.007352127227932215
            ],
            "index_dip": [
                0.03077838383615017,
                -0.03965103626251221,
                -0.024411432445049286
            ],
            "index_tip": [
                0.029011184349656105,
                -0.0439254492521286,
                -0.053475212305784225
            ],
            "middle_mcp": [
                0.0007706417236477137,
                -0.0038717729039490223,
                0.009812405332922935
            ],
            "middle_pip": [
                0.0023763030767440796,
                -0.03573225438594818,
                -0.00724104093387723
            ],
            "middle_dip": [
                0.007018579635769129,
                -0.044153835624456406,
                -0.03118390031158924
            ],
            "middle_tip": [
                0.011924373917281628,
                -0.050004128366708755,
                -0.048409417271614075
            ],
            "ring_mcp": [
                -0.018463825806975365,
                0.0010263831354677677,
                0.00030664479709230363
            ],
            "ring_pip": [
                -0.016151713207364082,
                -0.020864469930529594,
                -0.022879349067807198
            ],
            "ring_dip": [
                -0.0030541610904037952,
                -0.009794794954359531,
                -0.0401541069149971
            ],
            "ring_tip": [
                0.008504098281264305,
                0.009844454936683178,
                -0.046302422881126404
            ],
            "pinky_mcp": [
                -0.03504272177815437,
                0.013549248687922955,
                -0.015241619199514389
            ],
            "pinky_pip": [
                -0.026681507006287575,
                -0.0022235438227653503,
                -0.03247739002108574
            ],
            "pinky_dip": [
                -0.010088901966810226,
                0.004442282952368259,
                -0.04797644540667534
            ],
            "pinky_tip": [
                0.00016303127631545067,
                0.02559002861380577,
                -0.04958091303706169
            ]
        }
    ]
}