{
"label": "0",
"gestures": [
{
"l_hand_position": null,
"l_wrist": [
-0.005184058099985123,
0.09457435458898672,
-0.01157523971050993
],
"l_thumb_cmc": [
-0.02806965261697769,
0.06775480508804413,
0.003877191571518671
],
"l_thumb_mcp": [
-0.03741911053657532,
0.04607364907860799,
0.020764039829373578
],
"l_thumb_ip": [
-0.04706163704395294,
0.020452409982681528,
0.03577403351664583
],
"l_thumb_tip": [
-0.053727805614471436,
-0.005913678556680666,
0.047690074890852335
],
"l_index_mcp": [
-0.01724526472389698,
-0.0014272283297031819,
0.026722909882664903
],
"l_index_pip": [
-0.011902624741196632,
-0.0337966047227386,
0.030775852501392763
],
"l_index_dip": [
-0.014057046733796597,
-0.055385820567608324,
0.03852228075265919
],
"l_index_tip": [
-0.017998091876506805,
-0.08402460813522408,
0.03475854173302676
],
"l_middle_mcp": [
-0.0011813020100817084,
-0.0030242139473557893,
0.00914670340716849
],
"l_middle_pip": [
0.00019670836627483368,
-0.04273840785026599,
0.009588493034243828
],
"l_middle_dip": [
-0.010890550911426544,
-0.06700057536363668,
0.020377553999424147
],
"l_middle_tip": [
-0.013961277902126312,
-0.09635061025619625,
0.02777281031012598
],
"l_ring_mcp": [
0.013103182427585125,
-0.0022806460037827856,
-0.016330992802977756
],
"l_ring_pip": [
0.008098500780761242,
-0.0320791974663738,
-0.021282246336340984
],
"l_ring_dip": [
-0.003725052811205387,
-0.0559417270123964,
-0.016418145969510207
],
"l_ring_tip": [
-0.011503610759973526,
-0.08051790297031478,
-0.011463280767202386
],
"l_pinky_mcp": [
0.014785539358854294,
0.01142528653144845,
-0.039249986410141324
],
"l_pinky_pip": [
0.01440348569303751,
-0.014153763651848075,
-0.03619010373950047
],
"l_pinky_dip": [
0.0057797981426119804,
-0.042167365550995484,
-0.03231680765748057
],
"l_pinky_tip": [
-0.0033719222992658615,
-0.06319408118724883,
-0.030312011018395615
],
"r_hand_position": null,
"r_wrist": null,
"r_thumb_cmc": null,
"r_thumb_mcp": null,
"r_thumb_ip": null,
"r_thumb_tip": null,
"r_index_mcp": null,
"r_index_pip": null,
"r_index_dip": null,
"r_index_tip": null,
"r_middle_mcp": null,
"r_middle_pip": null,
"r_middle_dip": null,
"r_middle_tip": null,
"r_ring_mcp": null,
"r_ring_pip": null,
"r_ring_dip": null,
"r_ring_tip": null,
"r_pinky_mcp": null,
"r_pinky_pip": null,
"r_pinky_dip": null,
"r_pinky_tip": null
}
],
"framerate": 30,
"mirrorable": true
}