{
    "label": "0",
    "label_id": 0,
    "gestures": [
        {
            "wrist": [
                0.08903494477272034,
                0.02123982273042202,
                0.04102271795272827
            ],
            "thumb_cmc": [
                0.06377880275249481,
                -0.0026201866567134857,
                0.032703522592782974
            ],
            "thumb_mcp": [
                0.03662354126572609,
                -0.018132861703634262,
                0.04416494444012642
            ],
            "thumb_ip": [
                0.005035958252847195,
                -0.01618978939950466,
                0.03660012036561966
            ],
            "thumb_tip": [
                -0.008171162568032742,
                0.002933184150606394,
                0.03365710750222206
            ],
            "index_mcp": [
                -0.008115565404295921,
                -0.026973383501172066,
                0.0021791676990687847
            ],
            "index_pip": [
                -0.041055675595998764,
                -0.030011652037501335,
                0.0008519915281794965
            ],
            "index_dip": [
                -0.06448403000831604,
                -0.0316275879740715,
                0.011560769751667976
            ],
            "index_tip": [
                -0.08444797992706299,
                -0.018108319491147995,
                0.016187619417905807
            ],
            "middle_mcp": [
                -0.004061493091285229,
                -0.006102666258811951,
                -0.004741830751299858
            ],
            "middle_pip": [
                -0.03335645794868469,
                -0.005895745940506458,
                0.014915836043655872
            ],
            "middle_dip": [
                -0.023186106234788895,
                0.0015995427966117859,
                0.03721658140420914
            ],
            "middle_tip": [
                -0.005858107935637236,
                -0.004592707380652428,
                0.0652969554066658
            ],
            "ring_mcp": [
                0.0001053791493177414,
                0.016714202240109444,
                -0.0021711604204028845
            ],
            "ring_pip": [
                -0.012250482104718685,
                0.021976225078105927,
                0.019969942048192024
            ],
            "ring_dip": [
                0.0036046653985977173,
                0.023508217185735703,
                0.049181148409843445
            ],
            "ring_tip": [
                0.015402569435536861,
                0.014052757993340492,
                0.06414400041103363
            ],
            "pinky_mcp": [
                0.014404498040676117,
                0.04718199372291565,
                0.0041009425185620785
            ],
            "pinky_pip": [
                0.0052065663039684296,
                0.04165270924568176,
                0.021723253652453423
            ],
            "pinky_dip": [
                0.009028695523738861,
                0.037694014608860016,
                0.046172548085451126
            ],
            "pinky_tip": [
                0.02620392106473446,
                0.03087090328335762,
                0.049438681453466415
            ]
        }
    ]
}