{
"label": "0",
"gestures": [
{
"l_hand_position": null,
"l_wrist": [
0.003512132912874222,
0.08882897347211954,
-0.017161874100566032
],
"l_thumb_cmc": [
-0.024250902235507965,
0.06604163348674855,
-0.01306112576276077
],
"l_thumb_mcp": [
-0.027343902736902237,
0.03576127439737361,
-0.015837226063013188
],
"l_thumb_ip": [
-0.02907564304769039,
0.004709136672318048,
-0.02034896612167385
],
"l_thumb_tip": [
-0.022746572270989418,
-0.019356349483132623,
-0.019566621631384142
],
"l_index_mcp": [
-0.02663780003786087,
0.003309784457087557,
0.01081763207912453
],
"l_index_pip": [
-0.03516143187880516,
-0.01320069283247013,
-0.01104686968028559
],
"l_index_dip": [
-0.05099444091320038,
-0.010546658188104711,
-0.022122459486127143
],
"l_index_tip": [
-0.06559416651725769,
0.007764840498566742,
-0.03996508568525366
],
"l_middle_mcp": [
-0.004632722120732069,
-0.003254920477047575,
0.00702245160937317
],
"l_middle_pip": [
-0.007354499772191048,
-0.038141898810863946,
-0.00181324803270398
],
"l_middle_dip": [
-0.02095036581158638,
-0.06186601519584737,
-0.016386834904551704
],
"l_middle_tip": [
-0.040831997990608215,
-0.0820137336850176,
-0.03688388317823439
],
"l_ring_mcp": [
0.017083168029785156,
-0.003906781785190168,
-0.006396754179149943
],
"l_ring_pip": [
0.026157228276133537,
-0.03265053406357804,
-0.005488064605742683
],
"l_ring_dip": [
0.02382669411599636,
-0.0638359934091576,
-0.012970075942575945
],
"l_ring_tip": [
0.01746530830860138,
-0.08780977129936308,
-0.02294436469674123
],
"l_pinky_mcp": [
0.0260307714343071,
0.00787455588579182,
-0.02032417617738279
],
"l_pinky_pip": [
0.041377339512109756,
-0.015203553251922299,
-0.018578777089715223
],
"l_pinky_dip": [
0.045425914227962494,
-0.039119649678469225,
-0.021280059590935894
],
"l_pinky_tip": [
0.04349593073129654,
-0.060018077492714365,
-0.02472764067351836
],
"r_hand_position": null,
"r_wrist": null,
"r_thumb_cmc": null,
"r_thumb_mcp": null,
"r_thumb_ip": null,
"r_thumb_tip": null,
"r_index_mcp": null,
"r_index_pip": null,
"r_index_dip": null,
"r_index_tip": null,
"r_middle_mcp": null,
"r_middle_pip": null,
"r_middle_dip": null,
"r_middle_tip": null,
"r_ring_mcp": null,
"r_ring_pip": null,
"r_ring_dip": null,
"r_ring_tip": null,
"r_pinky_mcp": null,
"r_pinky_pip": null,
"r_pinky_dip": null,
"r_pinky_tip": null
}
],
"framerate": 30,
"mirrorable": true
}