{
    "label": "0",
    "label_id": 0,
    "gestures": [
        {
            "wrist": [
                0.021930135786533356,
                0.07970741391181946,
                -0.03820145130157471
            ],
            "thumb_cmc": [
                -0.01059044525027275,
                0.058688290417194366,
                -0.04245321452617645
            ],
            "thumb_mcp": [
                -0.03116580843925476,
                0.03434816002845764,
                -0.034583549946546555
            ],
            "thumb_ip": [
                -0.05943530797958374,
                0.010611306875944138,
                -0.014724239706993103
            ],
            "thumb_tip": [
                -0.08435454219579697,
                -0.007795245852321386,
                0.003788343630731106
            ],
            "index_mcp": [
                -0.028554385527968407,
                0.0005719142500311136,
                0.004503158852458
            ],
            "index_pip": [
                -0.02902374602854252,
                -0.03128091245889664,
                0.0045538428239524364
            ],
            "index_dip": [
                -0.03250462934374809,
                -0.05691108480095863,
                -0.00231128535233438
            ],
            "index_tip": [
                -0.03457903861999512,
                -0.07285533100366592,
                -0.028425265103578568
            ],
            "middle_mcp": [
                -0.005872430745512247,
                -0.0017555926460772753,
                0.009940138086676598
            ],
            "middle_pip": [
                -0.0019841238390654325,
                -0.017910851165652275,
                -0.023324793204665184
            ],
            "middle_dip": [
                -0.006213576532900333,
                0.002523836214095354,
                -0.03775214031338692
            ],
            "middle_tip": [
                -0.010254004038870335,
                0.02296053245663643,
                -0.028770674020051956
            ],
            "ring_mcp": [
                0.019167572259902954,
                -0.0037219692021608353,
                -0.000665835163090378
            ],
            "ring_pip": [
                0.019408738240599632,
                -0.014484251849353313,
                -0.024183103814721107
            ],
            "ring_dip": [
                0.015837177634239197,
                0.007798503153026104,
                -0.03283653035759926
            ],
            "ring_tip": [
                0.006745445542037487,
                0.029383758082985878,
                -0.030092043802142143
            ],
            "pinky_mcp": [
                0.03161725774407387,
                0.007240423001348972,
                -0.011560029350221157
            ],
            "pinky_pip": [
                0.040631476789712906,
                -0.014969225972890854,
                -0.010532977990806103
            ],
            "pinky_dip": [
                0.043153636157512665,
                -0.041942618787288666,
                -0.01586218737065792
            ],
            "pinky_tip": [
                0.0419580414891243,
                -0.06364849209785461,
                -0.023256873711943626
            ]
        }
    ]
}