{
    "label": "0",
    "label_id": 0,
    "gestures": [
        {
            "wrist": [
                0.02033531293272972,
                0.0910322293639183,
                -0.03050822764635086
            ],
            "thumb_cmc": [
                -0.0053810784593224525,
                0.06857002526521683,
                -0.03690153732895851
            ],
            "thumb_mcp": [
                -0.009567297995090485,
                0.03491119667887688,
                -0.04045539349317551
            ],
            "thumb_ip": [
                -0.006884056609123945,
                -0.004015381447970867,
                -0.042642224580049515
            ],
            "thumb_tip": [
                0.012552433647215366,
                -0.027305608615279198,
                -0.033500734716653824
            ],
            "index_mcp": [
                -0.024947181344032288,
                -0.0011441083624958992,
                -0.0038766267243772745
            ],
            "index_pip": [
                -0.0280778668820858,
                -0.02241852693259716,
                -0.02358933351933956
            ],
            "index_dip": [
                -0.021822554990649223,
                -0.021311528980731964,
                -0.035783424973487854
            ],
            "index_tip": [
                -0.0222609955817461,
                -0.01162644475698471,
                -0.053905367851257324
            ],
            "middle_mcp": [
                -0.006708876229822636,
                -0.0021769737359136343,
                0.005782319698482752
            ],
            "middle_pip": [
                -0.004756486043334007,
                -0.04432150349020958,
                0.006359654013067484
            ],
            "middle_dip": [
                -0.011726412922143936,
                -0.07034587115049362,
                0.002677380805835128
            ],
            "middle_tip": [
                -0.012202249839901924,
                -0.10391400009393692,
                -0.005276155192404985
            ],
            "ring_mcp": [
                0.017024269327521324,
                -0.002842596033588052,
                0.002496179658919573
            ],
            "ring_pip": [
                0.020240984857082367,
                -0.034185413271188736,
                -0.0024078672286123037
            ],
            "ring_dip": [
                0.020478449761867523,
                -0.05987626314163208,
                -0.013689696788787842
            ],
            "ring_tip": [
                0.02117408812046051,
                -0.08450451493263245,
                -0.02850506268441677
            ],
            "pinky_mcp": [
                0.030682792887091637,
                0.009312080219388008,
                -0.003910966217517853
            ],
            "pinky_pip": [
                0.026978319510817528,
                -0.010937431827187538,
                -0.014093172736465931
            ],
            "pinky_dip": [
                0.02202126383781433,
                -0.016149461269378662,
                -0.031126784160733223
            ],
            "pinky_tip": [
                0.01920255273580551,
                -0.008097565732896328,
                -0.04533801227807999
            ]
        }
    ]
}