{
"label": "0",
"gestures": [
{
"l_hand_position": null,
"l_wrist": null,
"l_thumb_cmc": null,
"l_thumb_mcp": null,
"l_thumb_ip": null,
"l_thumb_tip": null,
"l_index_mcp": null,
"l_index_pip": null,
"l_index_dip": null,
"l_index_tip": null,
"l_middle_mcp": null,
"l_middle_pip": null,
"l_middle_dip": null,
"l_middle_tip": null,
"l_ring_mcp": null,
"l_ring_pip": null,
"l_ring_dip": null,
"l_ring_tip": null,
"l_pinky_mcp": null,
"l_pinky_pip": null,
"l_pinky_dip": null,
"l_pinky_tip": null,
"r_hand_position": null,
"r_wrist": [
-0.0063723064959049225,
0.0911755114793785,
-0.03160254657268533
],
"r_thumb_cmc": [
0.023899858817458153,
0.0717278048396117,
-0.024295728653669593
],
"r_thumb_mcp": [
0.05283566564321518,
0.05046794191002907,
-0.016954893246293314
],
"r_thumb_ip": [
0.07613822817802429,
0.025731351226568486,
-0.008472535759210722
],
"r_thumb_tip": [
0.0773303285241127,
-0.0026582293212414143,
-0.0036466801539063844
],
"r_index_mcp": [
0.024512257426977158,
-0.0015509575605392582,
0.011682884767651662
],
"r_index_pip": [
0.03935367986559868,
-0.015331804752350024,
-0.0020129557233303954
],
"r_index_dip": [
0.052559252828359604,
-0.014874871820211646,
-0.012130144983530176
],
"r_index_tip": [
0.06447595357894897,
-0.003464693203568535,
-0.04007657244801587
],
"r_middle_mcp": [
0.0002565225586295128,
-0.005098750814795531,
0.008468989282846551
],
"r_middle_pip": [
0.008151756599545479,
-0.0434164553880696,
-0.0008294454892166319
],
"r_middle_dip": [
0.01600346527993679,
-0.06338515877723774,
-0.015242770314216832
],
"r_middle_tip": [
0.02944156900048256,
-0.08499824255704967,
-0.030770437791943883
],
"r_ring_mcp": [
-0.01819322444498539,
-0.0026759887114167396,
-0.008024994283914642
],
"r_ring_pip": [
-0.022802600637078285,
-0.03818428888917002,
-0.010498498566448758
],
"r_ring_dip": [
-0.02192883938550949,
-0.06161248311400478,
-0.018600575625896697
],
"r_ring_tip": [
-0.0140841044485569,
-0.07973773777484984,
-0.02896503917872931
],
"r_pinky_mcp": [
-0.03260500729084015,
0.008873209357261765,
-0.022763004526496253
],
"r_pinky_pip": [
-0.042252976447343826,
-0.014496639370918404,
-0.02092826180160073
],
"r_pinky_dip": [
-0.04773343726992607,
-0.03910867124795948,
-0.02170118503272552
],
"r_pinky_tip": [
-0.046222202479839325,
-0.053763899952173816,
-0.02589940279722237
]
}
],
"framerate": 30,
"mirrorable": true
}