{
    "label": "0",
    "label_id": 0,
    "gestures": [
        {
            "wrist": [
                0.01190504152327776,
                0.09623345732688904,
                0.002095281146466732
            ],
            "thumb_cmc": [
                -0.015566419810056686,
                0.07588350027799606,
                -0.006185006350278854
            ],
            "thumb_mcp": [
                -0.030503908172249794,
                0.05252736061811447,
                -0.014790975488722324
            ],
            "thumb_ip": [
                -0.040660642087459564,
                0.021666109561920166,
                -0.029681026935577393
            ],
            "thumb_tip": [
                -0.04157797247171402,
                -0.008366971276700497,
                -0.03935546055436134
            ],
            "index_mcp": [
                -0.024678640067577362,
                0.0017863188404589891,
                0.007120457012206316
            ],
            "index_pip": [
                -0.02475840225815773,
                -0.027961641550064087,
                1.798233597583021e-06
            ],
            "index_dip": [
                -0.027910899370908737,
                -0.049987275153398514,
                -0.009544744156301022
            ],
            "index_tip": [
                -0.03311222419142723,
                -0.06852080672979355,
                -0.032686758786439896
            ],
            "middle_mcp": [
                -0.004163709003478289,
                -0.004717604722827673,
                0.007115690503269434
            ],
            "middle_pip": [
                -0.007173631805926561,
                -0.04108179733157158,
                -0.003908760379999876
            ],
            "middle_dip": [
                -0.015952743589878082,
                -0.06268990784883499,
                -0.02052498608827591
            ],
            "middle_tip": [
                -0.020916342735290527,
                -0.0866740494966507,
                -0.03518830984830856
            ],
            "ring_mcp": [
                0.016455724835395813,
                -0.004605459049344063,
                -0.004271951038390398
            ],
            "ring_pip": [
                0.0116780586540699,
                -0.03163802996277809,
                -0.014357823878526688
            ],
            "ring_dip": [
                0.0028983294032514095,
                -0.05338350310921669,
                -0.02900116518139839
            ],
            "ring_tip": [
                -0.0034983623772859573,
                -0.07393985241651535,
                -0.04590282961726189
            ],
            "pinky_mcp": [
                0.027402140200138092,
                0.011670451611280441,
                -0.015140105970203876
            ],
            "pinky_pip": [
                0.028998566791415215,
                -0.011931341141462326,
                -0.018449567258358
            ],
            "pinky_dip": [
                0.023162048310041428,
                -0.03462884575128555,
                -0.030382245779037476
            ],
            "pinky_tip": [
                0.016676774248480797,
                -0.050111230462789536,
                -0.04570681229233742
            ]
        }
    ]
}