{
    "label": "0",
    "label_id": 0,
    "gestures": [
        {
            "wrist": [
                0.011117380112409592,
                -0.048121728003025055,
                0.03480028733611107
            ],
            "thumb_cmc": [
                -0.0074266837909817696,
                -0.031847406178712845,
                0.02736629545688629
            ],
            "thumb_mcp": [
                -0.02418282814323902,
                -0.021482042968273163,
                0.0216041449457407
            ],
            "thumb_ip": [
                -0.04140807315707207,
                -0.017633866518735886,
                0.01952514238655567
            ],
            "thumb_tip": [
                -0.0640750452876091,
                -0.015400169417262077,
                0.014257393777370453
            ],
            "index_mcp": [
                -0.001406694995239377,
                0.006065556779503822,
                -0.003630436724051833
            ],
            "index_pip": [
                -0.010823267512023449,
                0.010932602919638157,
                -0.005209991708397865
            ],
            "index_dip": [
                -0.022036906331777573,
                0.03041859343647957,
                0.0053988052532076836
            ],
            "index_tip": [
                -0.027569051831960678,
                0.05058223381638527,
                0.016174903139472008
            ],
            "middle_mcp": [
                0.0017948562745004892,
                0.00238444609567523,
                -0.0008525901357643306
            ],
            "middle_pip": [
                -0.0018016505055129528,
                0.016286106780171394,
                0.0020864782854914665
            ],
            "middle_dip": [
                -0.0026262663304805756,
                0.046729013323783875,
                0.01083682756870985
            ],
            "middle_tip": [
                -0.011464886367321014,
                0.07159504294395447,
                0.023777397349476814
            ],
            "ring_mcp": [
                0.0013424335047602654,
                -0.0021498417481780052,
                0.0016774615505710244
            ],
            "ring_pip": [
                0.007310864515602589,
                0.008628886193037033,
                0.0050942059606313705
            ],
            "ring_dip": [
                0.011845240369439125,
                0.03619537502527237,
                0.014314270578324795
            ],
            "ring_tip": [
                0.0071265362203121185,
                0.05678929388523102,
                0.024349622428417206
            ],
            "pinky_mcp": [
                0.009617507457733154,
                -0.009495537728071213,
                0.01153266616165638
            ],
            "pinky_pip": [
                0.015432635322213173,
                0.002723341342061758,
                0.01385457068681717
            ],
            "pinky_dip": [
                0.023685939610004425,
                0.022782355546951294,
                0.014000827446579933
            ],
            "pinky_tip": [
                0.02291109412908554,
                0.03722912818193436,
                0.01547173224389553
            ]
        }
    ]
}