{
"label": "0",
"gestures": [
{
"l_hand_position": null,
"l_wrist": [
0.023230671882629395,
0.08807572722435082,
-0.008513261564076021
],
"l_thumb_cmc": [
-0.008355287835001945,
0.0704402476549155,
-0.018283000215888124
],
"l_thumb_mcp": [
-0.023016812279820442,
0.044125296175480326,
-0.023154867812991402
],
"l_thumb_ip": [
-0.022378377616405487,
0.016366571187973113,
-0.031107703223824806
],
"l_thumb_tip": [
0.004783909302204847,
0.0018562185578048598,
-0.032618861645460406
],
"l_index_mcp": [
-0.02947203256189823,
0.005192080512642919,
0.0034299781545997048
],
"l_index_pip": [
-0.033931881189346313,
-0.019423974677920567,
-0.00040280554094347665
],
"l_index_dip": [
-0.035373933613300323,
-0.038078028708696775,
-0.010029538534581748
],
"l_index_tip": [
-0.04076620936393738,
-0.047402039170265864,
-0.03595621883869222
],
"l_middle_mcp": [
-0.006724187638610601,
-0.002864670241251626,
0.007326217368245221
],
"l_middle_pip": [
-0.010670352727174759,
-0.027793316170573377,
-0.020326469093561294
],
"l_middle_dip": [
-0.010900412686169147,
-0.012841997668147117,
-0.04381370544433641
],
"l_middle_tip": [
-0.008593378588557243,
0.0062068095430732485,
-0.04753200337290813
],
"l_ring_mcp": [
0.01960759609937668,
-0.00629627332091338,
-0.001382158021442599
],
"l_ring_pip": [
0.014969682320952415,
-0.023352144286036797,
-0.02660531550645863
],
"l_ring_dip": [
0.015313772484660149,
-0.006574420724064177,
-0.04524626582861001
],
"l_ring_tip": [
0.01466367021203041,
0.016431204974651427,
-0.05037248879671158
],
"l_pinky_mcp": [
0.03376980125904083,
0.004281902220100192,
-0.011024150997400381
],
"l_pinky_pip": [
0.039363447576761246,
-0.019463874399662216,
-0.014922893606126477
],
"l_pinky_dip": [
0.035797201097011566,
-0.03989062085747764,
-0.025735026225447905
],
"l_pinky_tip": [
0.029408976435661316,
-0.054635502398014534,
-0.03983556479215654
],
"r_hand_position": null,
"r_wrist": null,
"r_thumb_cmc": null,
"r_thumb_mcp": null,
"r_thumb_ip": null,
"r_thumb_tip": null,
"r_index_mcp": null,
"r_index_pip": null,
"r_index_dip": null,
"r_index_tip": null,
"r_middle_mcp": null,
"r_middle_pip": null,
"r_middle_dip": null,
"r_middle_tip": null,
"r_ring_mcp": null,
"r_ring_pip": null,
"r_ring_dip": null,
"r_ring_tip": null,
"r_pinky_mcp": null,
"r_pinky_pip": null,
"r_pinky_dip": null,
"r_pinky_tip": null
}
],
"framerate": 30,
"mirrorable": true
}