{
"label": "0",
"gestures": [
{
"l_hand_position": null,
"l_wrist": [
-0.0035260654985904694,
0.09212163090705965,
-0.022944234311580967
],
"l_thumb_cmc": [
-0.020118048414587975,
0.0681296065449719,
-0.0022159796208143677
],
"l_thumb_mcp": [
-0.032107818871736526,
0.04274467378854804,
0.02478790469467664
],
"l_thumb_ip": [
-0.050986431539058685,
0.017585329711437378,
0.058914352208376465
],
"l_thumb_tip": [
-0.0653102770447731,
-0.008230674080550721,
0.10140172392130001
],
"l_index_mcp": [
-0.00987207517027855,
0.0007045811507851244,
0.029120281338692034
],
"l_index_pip": [
-0.0068550328724086285,
-0.027391524985432927,
0.028588671237230703
],
"l_index_dip": [
-0.007051877677440643,
-0.045684754848480696,
0.02479802817106278
],
"l_index_tip": [
-0.01357991062104702,
-0.06092812493443554,
0.0014257337898015688
],
"l_middle_mcp": [
0.0009016970871016383,
-0.003386031370610036,
0.010022745467722537
],
"l_middle_pip": [
-0.015534492209553719,
-0.03505729883909259,
-0.0007319853175431308
],
"l_middle_dip": [
-0.03927177935838699,
-0.03208067268133201,
-0.014437030069530123
],
"l_middle_tip": [
-0.0544414259493351,
-0.01736745610833189,
-0.021841140463948475
],
"l_ring_mcp": [
0.00622358825057745,
-0.0029508639127016605,
-0.018187282606959572
],
"l_ring_pip": [
-0.01246209442615509,
-0.023690661415457993,
-0.02761789970099956
],
"l_ring_dip": [
-0.03438409045338631,
-0.02029524371027966,
-0.03415287658572218
],
"l_ring_tip": [
-0.05089644715189934,
-0.010261515155434645,
-0.04069921001791989
],
"l_pinky_mcp": [
0.0018329506274312735,
0.008919321931898674,
-0.04180481284856848
],
"l_pinky_pip": [
0.0003981802146881819,
-0.014798246324062478,
-0.043788563460112125
],
"l_pinky_dip": [
-0.009683259762823582,
-0.04302812367677732,
-0.043468534946442164
],
"l_pinky_tip": [
-0.015651404857635498,
-0.06609716266393734,
-0.04840844869613692
],
"r_hand_position": null,
"r_wrist": null,
"r_thumb_cmc": null,
"r_thumb_mcp": null,
"r_thumb_ip": null,
"r_thumb_tip": null,
"r_index_mcp": null,
"r_index_pip": null,
"r_index_dip": null,
"r_index_tip": null,
"r_middle_mcp": null,
"r_middle_pip": null,
"r_middle_dip": null,
"r_middle_tip": null,
"r_ring_mcp": null,
"r_ring_pip": null,
"r_ring_dip": null,
"r_ring_tip": null,
"r_pinky_mcp": null,
"r_pinky_pip": null,
"r_pinky_dip": null,
"r_pinky_tip": null
}
],
"framerate": 30,
"mirrorable": true
}