{
    "label": "0",
    "label_id": 0,
    "gestures": [
        {
            "wrist": [
                0.014107968658208847,
                0.08114948868751526,
                -0.043148335069417953
            ],
            "thumb_cmc": [
                0.00526298675686121,
                0.0726151093840599,
                -0.007148104254156351
            ],
            "thumb_mcp": [
                -0.003759734332561493,
                0.051547326147556305,
                0.03642817214131355
            ],
            "thumb_ip": [
                -0.014752458781003952,
                0.03679690137505531,
                0.0808897390961647
            ],
            "thumb_tip": [
                -0.023885589092969894,
                0.020086530596017838,
                0.12000691145658493
            ],
            "index_mcp": [
                0.008956396020948887,
                -0.0032730454113334417,
                0.02660004235804081
            ],
            "index_pip": [
                -0.0040982794016599655,
                -0.028915543109178543,
                0.040914155542850494
            ],
            "index_dip": [
                -0.020296743139624596,
                -0.043326545506715775,
                0.06237724795937538
            ],
            "index_tip": [
                -0.0433930903673172,
                -0.0473514199256897,
                0.0804409310221672
            ],
            "middle_mcp": [
                0.002876956481486559,
                -0.0038006494287401438,
                0.006760397460311651
            ],
            "middle_pip": [
                -0.014463992789387703,
                -0.04425138980150223,
                0.021224185824394226
            ],
            "middle_dip": [
                -0.03896516561508179,
                -0.05325360596179962,
                0.04371738061308861
            ],
            "middle_tip": [
                -0.05272303521633148,
                -0.04986721649765968,
                0.06882176548242569
            ],
            "ring_mcp": [
                -0.00796789675951004,
                -0.0025684216525405645,
                -0.017120657488703728
            ],
            "ring_pip": [
                -0.021874237805604935,
                -0.03370928391814232,
                -0.0012807687744498253
            ],
            "ring_dip": [
                -0.04385599121451378,
                -0.042325813323259354,
                0.02076019160449505
            ],
            "ring_tip": [
                -0.06236940249800682,
                -0.04060020670294762,
                0.04287893325090408
            ],
            "pinky_mcp": [
                -0.020202023908495903,
                0.01096652913838625,
                -0.03218267858028412
            ],
            "pinky_pip": [
                -0.03070514090359211,
                -0.010233614593744278,
                -0.02526826225221157
            ],
            "pinky_dip": [
                -0.04632524028420448,
                -0.032448023557662964,
                -0.007699378300458193
            ],
            "pinky_tip": [
                -0.06139437109231949,
                -0.035702433437108994,
                0.010990334674715996
            ]
        }
    ]
}