{
"label": "0",
"gestures": [
{
"l_hand_position": null,
"l_wrist": [
0.021787865087389946,
0.009265067055821575,
0.08849014341831303
],
"l_thumb_cmc": [
-0.0018807095475494862,
0.019304443150759035,
0.061599791049957914
],
"l_thumb_mcp": [
-0.01804385706782341,
0.02217074111104035,
0.04520486667752307
],
"l_thumb_ip": [
-0.03517285734415054,
0.031706374138594055,
0.010955508798360965
],
"l_thumb_tip": [
-0.04601825773715973,
0.03367366641759915,
-0.012587018311023839
],
"l_index_mcp": [
-0.017885202541947365,
0.004130983725190201,
0.00026003184029832553
],
"l_index_pip": [
-0.020782917737960815,
0.026995573192835114,
-0.00947393570095317
],
"l_index_dip": [
-0.015709619969129562,
0.03094869479537053,
0.013663527555763862
],
"l_index_tip": [
-0.014109866693615913,
0.01578504778444785,
0.045560840517282944
],
"l_middle_mcp": [
-0.003382007824257016,
0.00015676152543164947,
-0.0020735296420753245
],
"l_middle_pip": [
-0.00643860874697566,
0.016182007268071355,
-0.011640252545476062
],
"l_middle_dip": [
-0.004818405956029892,
0.02515835128724606,
0.007822123356163588
],
"l_middle_tip": [
-0.00014814268797636032,
0.004334493074566166,
0.03636810556054158
],
"l_ring_mcp": [
0.010047865100204945,
-0.004986685235053359,
-0.0017733871936798154
],
"l_ring_pip": [
0.010469255968928337,
0.02208185568451903,
-0.008025247603654966
],
"l_ring_dip": [
0.00905879307538271,
0.02599975839257271,
0.013990943320095667
],
"l_ring_tip": [
0.014315668493509293,
0.012476008385420055,
0.04436392337083863
],
"l_pinky_mcp": [
0.02476557344198227,
0.0026582446880638855,
0.007375662680715384
],
"l_pinky_pip": [
0.023740069940686226,
0.01997109502553963,
0.0007837670273147687
],
"l_pinky_dip": [
0.02013383060693741,
0.019103657454252528,
0.017304545268416616
],
"l_pinky_tip": [
0.024005241692066193,
0.01225470844656248,
0.03321745991706885
],
"r_hand_position": null,
"r_wrist": null,
"r_thumb_cmc": null,
"r_thumb_mcp": null,
"r_thumb_ip": null,
"r_thumb_tip": null,
"r_index_mcp": null,
"r_index_pip": null,
"r_index_dip": null,
"r_index_tip": null,
"r_middle_mcp": null,
"r_middle_pip": null,
"r_middle_dip": null,
"r_middle_tip": null,
"r_ring_mcp": null,
"r_ring_pip": null,
"r_ring_dip": null,
"r_ring_tip": null,
"r_pinky_mcp": null,
"r_pinky_pip": null,
"r_pinky_dip": null,
"r_pinky_tip": null
}
],
"framerate": 30,
"mirrorable": true
}