{
"label": "0",
"gestures": [
{
"l_hand_position": null,
"l_wrist": null,
"l_thumb_cmc": null,
"l_thumb_mcp": null,
"l_thumb_ip": null,
"l_thumb_tip": null,
"l_index_mcp": null,
"l_index_pip": null,
"l_index_dip": null,
"l_index_tip": null,
"l_middle_mcp": null,
"l_middle_pip": null,
"l_middle_dip": null,
"l_middle_tip": null,
"l_ring_mcp": null,
"l_ring_pip": null,
"l_ring_dip": null,
"l_ring_tip": null,
"l_pinky_mcp": null,
"l_pinky_pip": null,
"l_pinky_dip": null,
"l_pinky_tip": null,
"r_hand_position": null,
"r_wrist": [
-0.014769259840250015,
0.08937535434961409,
0.03350135684013392
],
"r_thumb_cmc": [
0.013535341247916222,
0.07655410468578433,
0.009029462002217787
],
"r_thumb_mcp": [
0.022206075489521027,
0.05342894792556818,
-0.016774011775851527
],
"r_thumb_ip": [
0.00662167277187109,
0.02588869072496927,
-0.04790901020169313
],
"r_thumb_tip": [
-0.018597396090626717,
0.005527140572667204,
-0.05299221724271842
],
"r_index_mcp": [
0.024986496195197105,
0.0008330158889293602,
-0.0056966808624566104
],
"r_index_pip": [
0.0342746302485466,
-0.021740160882473193,
-0.02428383938968199
],
"r_index_dip": [
0.03672307729721069,
-0.03396064415574109,
-0.038982890546322126
],
"r_index_tip": [
0.0340423583984375,
-0.0293230526149277,
-0.0653528720140465
],
"r_middle_mcp": [
0.0024781040847301483,
-0.006528914906084607,
0.003210756927728701
],
"r_middle_pip": [
0.0048813410103321075,
-0.04633994773030342,
-0.0019623204134405076
],
"r_middle_dip": [
0.0023108404129743576,
-0.06852820515632704,
-0.015401587821543323
],
"r_middle_tip": [
0.003260526806116104,
-0.08806241303682445,
-0.03314334526658096
],
"r_ring_mcp": [
-0.016675373539328575,
-0.0023362939245999055,
0.004401103127747813
],
"r_ring_pip": [
-0.01642661541700363,
-0.037396036088467116,
-0.004251332953572291
],
"r_ring_dip": [
-0.014615040272474289,
-0.05976950377225923,
-0.020289104431867842
],
"r_ring_tip": [
-0.015730103477835655,
-0.08275552093982767,
-0.04144726693630256
],
"r_pinky_mcp": [
-0.037013374269008636,
0.013962659053504602,
0.007701649330556441
],
"r_pinky_pip": [
-0.0364067517220974,
-0.006339206360280593,
-0.005541537888348189
],
"r_pinky_dip": [
-0.02982860431075096,
-0.009953686036169645,
-0.02309209480881715
],
"r_pinky_tip": [
-0.024239875376224518,
-0.003081922419369297,
-0.04052282497286845
]
}
],
"framerate": 30,
"mirrorable": true
}