{
"label": "0",
"gestures": [
{
"l_hand_position": null,
"l_wrist": null,
"l_thumb_cmc": null,
"l_thumb_mcp": null,
"l_thumb_ip": null,
"l_thumb_tip": null,
"l_index_mcp": null,
"l_index_pip": null,
"l_index_dip": null,
"l_index_tip": null,
"l_middle_mcp": null,
"l_middle_pip": null,
"l_middle_dip": null,
"l_middle_tip": null,
"l_ring_mcp": null,
"l_ring_pip": null,
"l_ring_dip": null,
"l_ring_tip": null,
"l_pinky_mcp": null,
"l_pinky_pip": null,
"l_pinky_dip": null,
"l_pinky_tip": null,
"r_hand_position": null,
"r_wrist": [
-0.05545859783887863,
0.06919375061988922,
0.01008800044655809
],
"r_thumb_cmc": [
-0.05825690180063248,
0.0365552864968781,
0.021402744576335193
],
"r_thumb_mcp": [
-0.0496877059340477,
0.008565125986933823,
0.04302602261304902
],
"r_thumb_ip": [
-0.0317826047539711,
-0.02121385373175181,
0.06447678804397669
],
"r_thumb_tip": [
-0.01931113377213478,
-0.0404267087578779,
0.06849364936351865
],
"r_index_mcp": [
-0.019486146047711372,
-0.02202790044248129,
0.00839068740606323
],
"r_index_pip": [
0.0010244008153676987,
-0.04624066874384935,
0.010659352876246185
],
"r_index_dip": [
0.017187148332595825,
-0.062296360731125405,
0.020049847662449122
],
"r_index_tip": [
0.03414624184370041,
-0.07738339900970534,
0.02249693311750929
],
"r_middle_mcp": [
-0.002418095013126731,
-0.006990640424192042,
0.0012302335817367036
],
"r_middle_pip": [
0.030734138563275337,
-0.02483682706952124,
0.001276509137824211
],
"r_middle_dip": [
0.04553420841693878,
-0.04030189663171809,
0.005606415681541017
],
"r_middle_tip": [
0.06671378761529922,
-0.05350873619318081,
0.02080235444009342
],
"r_ring_mcp": [
0.014439440332353115,
0.014210359193384797,
-0.00572032341733582
],
"r_ring_pip": [
0.03613138198852539,
0.01321083307266248,
0.013788209296763077
],
"r_ring_dip": [
0.03740321099758148,
0.016934387385845368,
0.03623483330011401
],
"r_ring_tip": [
0.03696770220994949,
0.023466467857361263,
0.06343912333250123
],
"r_pinky_mcp": [
0.014428353868424892,
0.03618728742003464,
-0.003566473256796621
],
"r_pinky_pip": [
0.025575708597898483,
0.03733006119728115,
0.01296501606702816
],
"r_pinky_dip": [
0.029256584122776985,
0.03906920179724742,
0.036749653518200386
],
"r_pinky_tip": [
0.02393772453069687,
0.04335508123040253,
0.05537426844239293
]
}
],
"framerate": 30,
"mirrorable": true
}