{
"label": "0",
"gestures": [
{
"l_hand_position": null,
"l_wrist": [
0.026865020394325256,
-0.013056610710918971,
0.08827362954616648
],
"l_thumb_cmc": [
0.015696188434958458,
0.010762700811028678,
0.06737316399812766
],
"l_thumb_mcp": [
0.0027508288621902466,
0.023600608110428006,
0.048100680112839245
],
"l_thumb_ip": [
-0.0037735914811491966,
0.04166378080844926,
0.016054876148700856
],
"l_thumb_tip": [
-0.010818308219313622,
0.05076553300023125,
-0.014235917478800007
],
"l_index_mcp": [
-0.012100666761398315,
0.014128809794783743,
0.006120691541582381
],
"l_index_pip": [
0.003523571416735649,
0.03596983477473288,
-0.004864325746894026
],
"l_index_dip": [
0.0061403680592775345,
0.03731330111622859,
0.01658610440790666
],
"l_index_tip": [
-0.0003787446767091751,
0.025865763425827484,
0.043402541428804876
],
"l_middle_mcp": [
-0.004727684892714024,
0.002240126486867692,
-0.0015140370232984606
],
"l_middle_pip": [
0.004382794722914696,
0.022036250680685193,
-0.010659621097147553
],
"l_middle_dip": [
0.013479048386216164,
0.02423220314085511,
0.009033679962158281
],
"l_middle_tip": [
0.003103694412857294,
0.009663703851401917,
0.03717692568898238
],
"l_ring_mcp": [
0.0049909381195902824,
-0.008325544185936536,
-0.005152441095560844
],
"l_ring_pip": [
0.02221733331680298,
0.015475913882255722,
-0.011891662143170985
],
"l_ring_dip": [
0.02691187709569931,
0.016155553981661942,
0.012596485204994774
],
"l_ring_tip": [
0.019958745688199997,
0.0030684778466821628,
0.03924642130732583
],
"l_pinky_mcp": [
0.024527622386813164,
-0.012752860784530778,
0.002989749889820861
],
"l_pinky_pip": [
0.03205060213804245,
0.005950650665909108,
-0.0048302072100341875
],
"l_pinky_dip": [
0.030588118359446526,
0.006924204993993124,
0.013978312723338736
],
"l_pinky_tip": [
0.025401942431926727,
-0.0012177424505353043,
0.03131378069520029
],
"r_hand_position": null,
"r_wrist": null,
"r_thumb_cmc": null,
"r_thumb_mcp": null,
"r_thumb_ip": null,
"r_thumb_tip": null,
"r_index_mcp": null,
"r_index_pip": null,
"r_index_dip": null,
"r_index_tip": null,
"r_middle_mcp": null,
"r_middle_pip": null,
"r_middle_dip": null,
"r_middle_tip": null,
"r_ring_mcp": null,
"r_ring_pip": null,
"r_ring_dip": null,
"r_ring_tip": null,
"r_pinky_mcp": null,
"r_pinky_pip": null,
"r_pinky_dip": null,
"r_pinky_tip": null
}
],
"framerate": 30,
"mirrorable": true
}