{
    "label": "0",
    "label_id": 0,
    "gestures": [
        {
            "wrist": [
                0.027763668447732925,
                0.08022769540548325,
                0.009786258451640606
            ],
            "thumb_cmc": [
                -0.0012150820111855865,
                0.06509498506784439,
                0.01937968097627163
            ],
            "thumb_mcp": [
                -0.02260931394994259,
                0.04313500598073006,
                0.02625921554863453
            ],
            "thumb_ip": [
                -0.05095957964658737,
                0.027635011821985245,
                0.030404698103666306
            ],
            "thumb_tip": [
                -0.07451065629720688,
                0.016408303752541542,
                0.043396539986133575
            ],
            "index_mcp": [
                -0.014173900708556175,
                0.0003422906738705933,
                0.024860804900527
            ],
            "index_pip": [
                -0.03370121866464615,
                -0.01105752307921648,
                0.013237791135907173
            ],
            "index_dip": [
                -0.05716180428862572,
                -0.01986752450466156,
                0.006300203502178192
            ],
            "index_tip": [
                -0.08307816088199615,
                -0.018061790615320206,
                -0.01344764232635498
            ],
            "middle_mcp": [
                -0.0016585594275966287,
                -0.004118879791349173,
                0.005447634495794773
            ],
            "middle_pip": [
                -0.030987009406089783,
                -0.019393527880311012,
                -0.0024488656781613827
            ],
            "middle_dip": [
                -0.057207368314266205,
                -0.017296377569437027,
                -0.014168239198625088
            ],
            "middle_tip": [
                -0.08083870261907578,
                -0.018954508006572723,
                -0.024478202685713768
            ],
            "ring_mcp": [
                0.007689326535910368,
                -0.0021521449089050293,
                -0.015999365597963333
            ],
            "ring_pip": [
                -0.018666034564375877,
                -0.009837173856794834,
                -0.022100690752267838
            ],
            "ring_dip": [
                -0.046444132924079895,
                -0.012156939134001732,
                -0.029381800442934036
            ],
            "ring_tip": [
                -0.07292108982801437,
                -0.014495300129055977,
                -0.036724500358104706
            ],
            "pinky_mcp": [
                0.012406806461513042,
                0.011808384209871292,
                -0.031077275052666664
            ],
            "pinky_pip": [
                -0.0062060048803687096,
                0.0039023910649120808,
                -0.03363683447241783
            ],
            "pinky_dip": [
                -0.029529647901654243,
                -0.0061134821735322475,
                -0.039837464690208435
            ],
            "pinky_tip": [
                -0.05106831714510918,
                -0.007517574820667505,
                -0.045882392674684525
            ]
        }
    ]
}