{
    "label": "0",
    "label_id": 0,
    "gestures": [
        {
            "wrist": [
                -0.05355747044086456,
                0.07082518190145493,
                0.02416989393532276
            ],
            "thumb_cmc": [
                -0.03672240301966667,
                0.05107276141643524,
                0.04135359451174736
            ],
            "thumb_mcp": [
                -0.00949035957455635,
                0.02056829445064068,
                0.044455401599407196
            ],
            "thumb_ip": [
                -0.00288052624091506,
                0.0032233167439699173,
                0.05371874198317528
            ],
            "thumb_tip": [
                -0.0037675686180591583,
                -0.016545923426747322,
                0.05028097704052925
            ],
            "index_mcp": [
                0.019115515053272247,
                -0.008479312993586063,
                0.018180159851908684
            ],
            "index_pip": [
                0.007007531356066465,
                -0.018371377140283585,
                0.011864363215863705
            ],
            "index_dip": [
                -0.0027378741651773453,
                -0.019471507519483566,
                0.03588131442666054
            ],
            "index_tip": [
                -0.007892820052802563,
                -0.0190055463463068,
                0.042467739433050156
            ],
            "middle_mcp": [
                0.0027080655563622713,
                -0.002394328359514475,
                0.002606648951768875
            ],
            "middle_pip": [
                0.008924449793994427,
                -0.02712714672088623,
                0.0052870167419314384
            ],
            "middle_dip": [
                0.01032903790473938,
                -0.055717773735523224,
                0.013028844259679317
            ],
            "middle_tip": [
                0.010415712371468544,
                -0.07481992989778519,
                0.013681177981197834
            ],
            "ring_mcp": [
                -0.008655029349029064,
                0.0006756114307790995,
                -0.011344868689775467
            ],
            "ring_pip": [
                -0.009561223909258842,
                -0.012205377221107483,
                -0.0028144805692136288
            ],
            "ring_dip": [
                -0.026880746707320213,
                -0.005020717158913612,
                0.011189054697751999
            ],
            "ring_tip": [
                -0.02266516350209713,
                0.012103971093893051,
                0.025795795023441315
            ],
            "pinky_mcp": [
                -0.03413467854261398,
                0.0038169873878359795,
                -0.014125117100775242
            ],
            "pinky_pip": [
                -0.031217660754919052,
                -0.005736973136663437,
                -0.004297649022191763
            ],
            "pinky_dip": [
                -0.0333886481821537,
                -0.00029157567769289017,
                0.01945369504392147
            ],
            "pinky_tip": [
                -0.03537283465266228,
                0.016911908984184265,
                0.03132740035653114
            ]
        }
    ]
}