{
    "label": "0",
    "label_id": 0,
    "gestures": [
        {
            "wrist": [
                -0.007695753127336502,
                0.07967448979616165,
                -0.024897580966353416
            ],
            "thumb_cmc": [
                0.019658951088786125,
                0.057939313352108,
                -0.03221713379025459
            ],
            "thumb_mcp": [
                0.03753840923309326,
                0.025920595973730087,
                -0.031170081347227097
            ],
            "thumb_ip": [
                0.04343552514910698,
                -0.00794626772403717,
                -0.02926630526781082
            ],
            "thumb_tip": [
                0.04632066935300827,
                -0.038380216807127,
                -0.02194804698228836
            ],
            "index_mcp": [
                0.024544933810830116,
                -0.004467555321753025,
                0.001881263917312026
            ],
            "index_pip": [
                0.027128765359520912,
                -0.03534344956278801,
                -0.0001655127271078527
            ],
            "index_dip": [
                0.030103689059615135,
                -0.05962640047073364,
                -0.0031186090782284737
            ],
            "index_tip": [
                0.02821691706776619,
                -0.08435247838497162,
                -0.024431975558400154
            ],
            "middle_mcp": [
                0.0012670443393290043,
                -0.0038395924493670464,
                0.008440341800451279
            ],
            "middle_pip": [
                0.005686943419277668,
                -0.02075611613690853,
                -0.020153161138296127
            ],
            "middle_dip": [
                0.008616512641310692,
                0.003146317321807146,
                -0.03542843833565712
            ],
            "middle_tip": [
                0.010942110791802406,
                0.02312491461634636,
                -0.024318456649780273
            ],
            "ring_mcp": [
                -0.018222056329250336,
                0.0007430864498019218,
                0.0002720298944041133
            ],
            "ring_pip": [
                -0.011132466606795788,
                -0.00928650051355362,
                -0.02866170182824135
            ],
            "ring_dip": [
                -0.006700510159134865,
                0.01630399376153946,
                -0.03886452689766884
            ],
            "ring_tip": [
                -0.003703880123794079,
                0.03821292147040367,
                -0.026450330391526222
            ],
            "pinky_mcp": [
                -0.036280494183301926,
                0.012535403482615948,
                -0.011453601531684399
            ],
            "pinky_pip": [
                -0.03142962232232094,
                0.002854292280972004,
                -0.029982775449752808
            ],
            "pinky_dip": [
                -0.020121464505791664,
                0.01735498383641243,
                -0.04229763522744179
            ],
            "pinky_tip": [
                -0.01749499887228012,
                0.03455665707588196,
                -0.03154700994491577
            ]
        }
    ]
}