{
    "label": "0",
    "label_id": 0,
    "gestures": [
        {
            "wrist": [
                -0.015683799982070923,
                0.08857716619968414,
                0.033485863357782364
            ],
            "thumb_cmc": [
                0.002688096836209297,
                0.0663701668381691,
                0.038244955241680145
            ],
            "thumb_mcp": [
                0.012054233811795712,
                0.03773701936006546,
                0.05199091508984566
            ],
            "thumb_ip": [
                0.011129382997751236,
                0.01159660890698433,
                0.061130620539188385
            ],
            "thumb_tip": [
                0.006307269912213087,
                -0.0038190139457583427,
                0.06054951623082161
            ],
            "index_mcp": [
                0.01800105720758438,
                -0.0030656596645712852,
                0.011808088980615139
            ],
            "index_pip": [
                0.006276705302298069,
                -0.02230284921824932,
                0.008182492107152939
            ],
            "index_dip": [
                -0.0036026686429977417,
                -0.033336836844682693,
                0.025906778872013092
            ],
            "index_tip": [
                -0.019258055835962296,
                -0.040192123502492905,
                0.04282572865486145
            ],
            "middle_mcp": [
                0.001496703247539699,
                -0.0009169017430394888,
                -0.00038459734059870243
            ],
            "middle_pip": [
                -0.0009356886148452759,
                -0.040931642055511475,
                0.0009232030133716762
            ],
            "middle_dip": [
                -0.011783633381128311,
                -0.0635102316737175,
                0.01714465767145157
            ],
            "middle_tip": [
                -0.01575431227684021,
                -0.08636245876550674,
                0.04154172167181969
            ],
            "ring_mcp": [
                -0.013729032129049301,
                -0.0017337235622107983,
                -0.0095288110896945
            ],
            "ring_pip": [
                -0.015951327979564667,
                -0.030146237462759018,
                -0.0029346151277422905
            ],
            "ring_dip": [
                -0.024797162041068077,
                -0.05164434015750885,
                0.011718584224581718
            ],
            "ring_tip": [
                -0.028092432767152786,
                -0.0651540532708168,
                0.029145438224077225
            ],
            "pinky_mcp": [
                -0.0335102304816246,
                0.009740179404616356,
                -0.007189041469246149
            ],
            "pinky_pip": [
                -0.03253359720110893,
                -0.011764837428927422,
                -0.0005270789260976017
            ],
            "pinky_dip": [
                -0.03275052830576897,
                -0.034383974969387054,
                0.011247915215790272
            ],
            "pinky_tip": [
                -0.03467368334531784,
                -0.03956475481390953,
                0.022524483501911163
            ]
        }
    ]
}