{
    "label": "0",
    "label_id": 0,
    "gestures": [
        {
            "wrist": [
                0.05208021402359009,
                -0.04955270513892174,
                0.044634804129600525
            ],
            "thumb_cmc": [
                0.022627394646406174,
                -0.03330603986978531,
                0.04785976558923721
            ],
            "thumb_mcp": [
                0.002093495801091194,
                -0.013683255761861801,
                0.051608022302389145
            ],
            "thumb_ip": [
                -0.004457353614270687,
                0.006523189600557089,
                0.04891807958483696
            ],
            "thumb_tip": [
                0.0015949453227221966,
                0.02371819317340851,
                0.03316909819841385
            ],
            "index_mcp": [
                -0.014557992108166218,
                0.0011190136428922415,
                0.008954505436122417
            ],
            "index_pip": [
                -0.02162681147456169,
                0.02085316739976406,
                0.010476245544850826
            ],
            "index_dip": [
                -0.029976751655340195,
                0.04414336755871773,
                0.02274252660572529
            ],
            "index_tip": [
                -0.034900061786174774,
                0.0734780952334404,
                0.03266876935958862
            ],
            "middle_mcp": [
                -0.0037000617012381554,
                0.0029088377486914396,
                0.0007522380910813808
            ],
            "middle_pip": [
                -0.007104695774614811,
                0.018324539065361023,
                0.010276616550981998
            ],
            "middle_dip": [
                -0.003559716045856476,
                0.032431211322546005,
                0.027263788506388664
            ],
            "middle_tip": [
                -0.006450745277106762,
                0.03723156452178955,
                0.0500524640083313
            ],
            "ring_mcp": [
                0.008771139197051525,
                0.0006556110456585884,
                -0.006869314704090357
            ],
            "ring_pip": [
                0.011877808719873428,
                0.010518986731767654,
                0.01454559713602066
            ],
            "ring_dip": [
                0.014465978369116783,
                0.005222893785685301,
                0.03807813301682472
            ],
            "ring_tip": [
                0.01164892315864563,
                -0.009503666311502457,
                0.055870916694402695
            ],
            "pinky_mcp": [
                0.029947655275464058,
                -0.0004547256976366043,
                -7.282321166712791e-05
            ],
            "pinky_pip": [
                0.027961883693933487,
                0.004221275448799133,
                0.014647278003394604
            ],
            "pinky_dip": [
                0.026203010231256485,
                -0.0002573607489466667,
                0.03881348669528961
            ],
            "pinky_tip": [
                0.028842326253652573,
                -0.012430432252585888,
                0.04827826842665672
            ]
        }
    ]
}