{
"label": "0",
"gestures": [
{
"l_hand_position": null,
"l_wrist": null,
"l_thumb_cmc": null,
"l_thumb_mcp": null,
"l_thumb_ip": null,
"l_thumb_tip": null,
"l_index_mcp": null,
"l_index_pip": null,
"l_index_dip": null,
"l_index_tip": null,
"l_middle_mcp": null,
"l_middle_pip": null,
"l_middle_dip": null,
"l_middle_tip": null,
"l_ring_mcp": null,
"l_ring_pip": null,
"l_ring_dip": null,
"l_ring_tip": null,
"l_pinky_mcp": null,
"l_pinky_pip": null,
"l_pinky_dip": null,
"l_pinky_tip": null,
"r_hand_position": null,
"r_wrist": [
0.0006141830235719681,
0.09279301017522938,
-0.03536592423915928
],
"r_thumb_cmc": [
0.026321038603782654,
0.06441751867532804,
-0.03932954743504561
],
"r_thumb_mcp": [
0.03056628257036209,
0.029443159699440273,
-0.04706623777747205
],
"r_thumb_ip": [
0.014687676914036274,
-0.007717448286712283,
-0.05217428505420724
],
"r_thumb_tip": [
-0.017595786601305008,
-0.027950488030910752,
-0.04764228686690375
],
"r_index_mcp": [
0.023814497515559196,
-0.004228662233799741,
0.004189184866845663
],
"r_index_pip": [
0.0270752664655447,
-0.03448508679866823,
0.0004884676891379066
],
"r_index_dip": [
0.026750579476356506,
-0.058058701455593706,
-0.0052226176485418545
],
"r_index_tip": [
0.024889236316084862,
-0.079053409397603,
-0.023007586598396374
],
"r_middle_mcp": [
0.0008783593075349927,
-0.004307248629629654,
0.009402351453900466
],
"r_middle_pip": [
0.004742843098938465,
-0.04203762486577079,
0.00013742923329118834
],
"r_middle_dip": [
0.006076788529753685,
-0.06421069800853807,
-0.016876563429832632
],
"r_middle_tip": [
0.009711923077702522,
-0.08691204339265912,
-0.03222367912530942
],
"r_ring_mcp": [
-0.016990650445222855,
0.001712604425847539,
-0.0012346616713330254
],
"r_ring_pip": [
-0.014251133427023888,
-0.01942832954227948,
-0.025594491511583602
],
"r_ring_dip": [
-0.003432872937992215,
-0.006017142441123823,
-0.04240142554044767
],
"r_ring_tip": [
0.004704850260168314,
0.01434623356908571,
-0.048560675233603065
],
"r_pinky_mcp": [
-0.032629918307065964,
0.015115130692720505,
-0.01547407917678373
],
"r_pinky_pip": [
-0.02333988808095455,
0.0012641232460737215,
-0.03175327926874199
],
"r_pinky_dip": [
-0.00727488100528717,
0.008413996547460709,
-0.04460280761122749
],
"r_pinky_tip": [
-0.00027765892446041107,
0.02859440445899982,
-0.04402697458863294
]
}
],
"framerate": 30,
"mirrorable": true
}