{
    "label": "0",
    "label_id": 0,
    "gestures": [
        {
            "wrist": [
                0.07675900310277939,
                0.032921403646469116,
                0.03400303050875664
            ],
            "thumb_cmc": [
                0.05780225992202759,
                0.007178712636232376,
                0.03789252042770386
            ],
            "thumb_mcp": [
                0.036870475858449936,
                -0.016006819903850555,
                0.04332377761602402
            ],
            "thumb_ip": [
                0.006370849441736937,
                -0.019852345809340477,
                0.04323812201619148
            ],
            "thumb_tip": [
                -0.004582336638122797,
                -0.017581406980752945,
                0.03553740307688713
            ],
            "index_mcp": [
                -0.00029453448951244354,
                -0.01965252123773098,
                0.007421412970870733
            ],
            "index_pip": [
                -0.014823784120380878,
                -0.011776736006140709,
                0.0105719780549407
            ],
            "index_dip": [
                -0.010777270421385765,
                -0.008253117091953754,
                0.031857673078775406
            ],
            "index_tip": [
                -0.002565933857113123,
                -0.0005143143935129046,
                0.049029357731342316
            ],
            "middle_mcp": [
                -0.0032975052017718554,
                -0.004326582420617342,
                0.00016368541400879622
            ],
            "middle_pip": [
                -0.02195575274527073,
                0.0005469508469104767,
                0.010166716761887074
            ],
            "middle_dip": [
                -0.014180845580995083,
                0.013068817555904388,
                0.034125640988349915
            ],
            "middle_tip": [
                -0.005480595864355564,
                0.00886818952858448,
                0.050717856734991074
            ],
            "ring_mcp": [
                -0.0026933420449495316,
                0.013577396050095558,
                -0.007066451944410801
            ],
            "ring_pip": [
                -0.013520765118300915,
                0.02621486783027649,
                0.007200406864285469
            ],
            "ring_dip": [
                -0.0030395667999982834,
                0.0314200296998024,
                0.03363102301955223
            ],
            "ring_tip": [
                0.008869539014995098,
                0.027620449662208557,
                0.051890529692173004
            ],
            "pinky_mcp": [
                0.0017637219280004501,
                0.04048134386539459,
                -0.002447525504976511
            ],
            "pinky_pip": [
                -0.0025408323854207993,
                0.04388370364904404,
                0.008793942630290985
            ],
            "pinky_dip": [
                0.005401775240898132,
                0.049564603716135025,
                0.027808912098407745
            ],
            "pinky_tip": [
                0.015542750246822834,
                0.043873533606529236,
                0.043077267706394196
            ]
        }
    ]
}