{
"label": "0",
"gestures": [
{
"l_hand_position": null,
"l_wrist": [
0.01202203705906868,
-0.008715364150702837,
0.09018814563751326
],
"l_thumb_cmc": [
0.015361981466412544,
0.0078717870637776,
0.05613112449646054
],
"l_thumb_mcp": [
0.019552260637283325,
0.018850548192858915,
0.03313887119293238
],
"l_thumb_ip": [
0.031009012833237648,
0.030205370858311997,
0.006536549888551282
],
"l_thumb_tip": [
0.041933756321668625,
0.042839273810387164,
-0.011759469285607527
],
"l_index_mcp": [
0.0031456719152629375,
0.008900674059987136,
-0.008737538009882074
],
"l_index_pip": [
0.002997027710080147,
0.015308059751987586,
-0.025040673092007876
],
"l_index_dip": [
0.0052055735141038895,
0.030175780877471234,
-0.042159173637629124
],
"l_index_tip": [
0.0005094427615404129,
0.04314971715211935,
-0.06240360438823772
],
"l_middle_mcp": [
0.0019145302940160036,
0.00199746643193068,
-0.0036373757757246785
],
"l_middle_pip": [
-0.0095826406031847,
0.00556335272267474,
-0.025017082691192957
],
"l_middle_dip": [
-0.02413581684231758,
0.016489937901497047,
-0.0511678718030457
],
"l_middle_tip": [
-0.03713495656847954,
0.0341441072523599,
-0.05044491961598466
],
"l_ring_mcp": [
-0.004787649028003216,
-0.005113967694342195,
0.006428455933928552
],
"l_ring_pip": [
-0.01570902019739151,
-0.00988656748086222,
-0.010840313509106754
],
"l_ring_dip": [
-0.046745412051677704,
-0.0006231702864170402,
-0.02724100276827844
],
"l_ring_tip": [
-0.07187750190496445,
0.0013987198472023067,
-0.028465567156672797
],
"l_pinky_mcp": [
-0.0036023068241775036,
-0.00892325211316352,
0.02261603251099607
],
"l_pinky_pip": [
-0.018623381853103638,
-0.01147085987031468,
0.01926925033330935
],
"l_pinky_dip": [
-0.04719690978527069,
-0.0038191229104996153,
0.012741582468152194
],
"l_pinky_tip": [
-0.060869455337524414,
-0.0005762763321399636,
0.00654285773634917
],
"r_hand_position": null,
"r_wrist": null,
"r_thumb_cmc": null,
"r_thumb_mcp": null,
"r_thumb_ip": null,
"r_thumb_tip": null,
"r_index_mcp": null,
"r_index_pip": null,
"r_index_dip": null,
"r_index_tip": null,
"r_middle_mcp": null,
"r_middle_pip": null,
"r_middle_dip": null,
"r_middle_tip": null,
"r_ring_mcp": null,
"r_ring_pip": null,
"r_ring_dip": null,
"r_ring_tip": null,
"r_pinky_mcp": null,
"r_pinky_pip": null,
"r_pinky_dip": null,
"r_pinky_tip": null
}
],
"framerate": 30,
"mirrorable": true
}