{
    "label": "0",
    "label_id": 0,
    "gestures": [
        {
            "wrist": [
                -0.029545951634645462,
                0.019549338147044182,
                0.07655300945043564
            ],
            "thumb_cmc": [
                -0.02308560162782669,
                0.01257568784058094,
                0.04766377806663513
            ],
            "thumb_mcp": [
                -0.0038043316453695297,
                0.007318416610360146,
                0.035541750490665436
            ],
            "thumb_ip": [
                0.0074050650000572205,
                -0.012528476305305958,
                0.013992599211633205
            ],
            "thumb_tip": [
                0.025435399264097214,
                -0.02497580461204052,
                -0.007322072517126799
            ],
            "index_mcp": [
                -0.0014917256776243448,
                -0.01105544064193964,
                -0.005479361861944199
            ],
            "index_pip": [
                0.015756677836179733,
                -0.024516504257917404,
                -0.021113665774464607
            ],
            "index_dip": [
                0.03135000914335251,
                -0.03418993949890137,
                -0.02923394739627838
            ],
            "index_tip": [
                0.04470008984208107,
                -0.04568803682923317,
                -0.0504952073097229
            ],
            "middle_mcp": [
                -0.00045648825471289456,
                -0.004713644739240408,
                -0.00120315991807729
            ],
            "middle_pip": [
                0.01698199100792408,
                -0.016754401847720146,
                -0.02471780590713024
            ],
            "middle_dip": [
                0.03880791366100311,
                -0.024087056517601013,
                -0.05693524703383446
            ],
            "middle_tip": [
                0.06901092082262039,
                -0.03150340914726257,
                -0.06711839139461517
            ],
            "ring_mcp": [
                0.0008707474917173386,
                0.005793811287730932,
                0.0028972497675567865
            ],
            "ring_pip": [
                0.02255445532500744,
                0.0035920697264373302,
                -0.012878773733973503
            ],
            "ring_dip": [
                0.045222990214824677,
                0.004930561408400536,
                -0.028776824474334717
            ],
            "ring_tip": [
                0.0615304671227932,
                -0.00046992674469947815,
                -0.03087388537824154
            ],
            "pinky_mcp": [
                0.002036860678344965,
                0.01403389684855938,
                0.015178140252828598
            ],
            "pinky_pip": [
                0.018044840544462204,
                0.01560642197728157,
                0.00933557003736496
            ],
            "pinky_dip": [
                0.03908234462141991,
                0.01744786836206913,
                -0.002499788301065564
            ],
            "pinky_tip": [
                0.05099237337708473,
                0.009780196473002434,
                -0.004619159735739231
            ]
        }
    ]
}