{
"label": "_null",
"gestures": [
{
"l_hand_position": null,
"l_wrist": null,
"l_thumb_cmc": null,
"l_thumb_mcp": null,
"l_thumb_ip": null,
"l_thumb_tip": null,
"l_index_mcp": null,
"l_index_pip": null,
"l_index_dip": null,
"l_index_tip": null,
"l_middle_mcp": null,
"l_middle_pip": null,
"l_middle_dip": null,
"l_middle_tip": null,
"l_ring_mcp": null,
"l_ring_pip": null,
"l_ring_dip": null,
"l_ring_tip": null,
"l_pinky_mcp": null,
"l_pinky_pip": null,
"l_pinky_dip": null,
"l_pinky_tip": null,
"r_hand_position": [
-0.29448816180229187,
0.31134021282196045,
-0.49999946554584085
],
"r_wrist": [
-0.012325432151556015,
0.08361998945474625,
0.016938667744398117
],
"r_thumb_cmc": [
0.014361651614308357,
0.060428813099861145,
0.008921347558498383
],
"r_thumb_mcp": [
0.03638502210378647,
0.03850654140114784,
0.002669645007699728
],
"r_thumb_ip": [
0.05579186975955963,
0.014851422980427742,
-0.006063811480998993
],
"r_thumb_tip": [
0.0706179141998291,
-0.003994997590780258,
-0.011572723276913166
],
"r_index_mcp": [
0.020361362025141716,
-0.0042263176292181015,
0.004649238660931587
],
"r_index_pip": [
0.02818998694419861,
-0.028647109866142273,
-0.003550404217094183
],
"r_index_dip": [
0.029322044923901558,
-0.0514083132147789,
-0.0054114703088998795
],
"r_index_tip": [
0.02731507644057274,
-0.06545762717723846,
-0.02615574561059475
],
"r_middle_mcp": [
0.0016057149041444063,
-0.005824638064950705,
0.005272130947560072
],
"r_middle_pip": [
0.01126357913017273,
-0.037207283079624176,
-0.005009297281503677
],
"r_middle_dip": [
0.011230185627937317,
-0.0610276460647583,
-0.018551833927631378
],
"r_middle_tip": [
0.018133657053112984,
-0.08512832224369049,
-0.032029375433921814
],
"r_ring_mcp": [
-0.0142058739438653,
0.0015843375585973263,
-0.00351702026091516
],
"r_ring_pip": [
-0.020488709211349487,
-0.025609027594327927,
-0.014590222388505936
],
"r_ring_dip": [
-0.030924130231142044,
-0.04534885287284851,
-0.024545300751924515
],
"r_ring_tip": [
-0.03611782193183899,
-0.06307907402515411,
-0.03382181003689766
],
"r_pinky_mcp": [
-0.03215336054563522,
0.015501171350479126,
-0.009061761200428009
],
"r_pinky_pip": [
-0.03694286569952965,
-0.006771526299417019,
-0.011315715499222279
],
"r_pinky_dip": [
-0.04022694751620293,
-0.027395978569984436,
-0.0172440093010664
],
"r_pinky_tip": [
-0.040349580347537994,
-0.04318496212363243,
-0.023269474506378174
]
}
],
"framerate": 30,
"mirrorable": true
}