{
"label": "_null",
"gestures": [
{
"l_hand_position": null,
"l_wrist": null,
"l_thumb_cmc": null,
"l_thumb_mcp": null,
"l_thumb_ip": null,
"l_thumb_tip": null,
"l_index_mcp": null,
"l_index_pip": null,
"l_index_dip": null,
"l_index_tip": null,
"l_middle_mcp": null,
"l_middle_pip": null,
"l_middle_dip": null,
"l_middle_tip": null,
"l_ring_mcp": null,
"l_ring_pip": null,
"l_ring_dip": null,
"l_ring_tip": null,
"l_pinky_mcp": null,
"l_pinky_pip": null,
"l_pinky_dip": null,
"l_pinky_tip": null,
"r_hand_position": [
-0.3021537959575653,
0.23026609420776367,
-0.49999952366496814
],
"r_wrist": [
-0.012573668733239174,
0.08163463324308395,
0.01628601923584938
],
"r_thumb_cmc": [
0.01361476443707943,
0.060038451105356216,
0.01051563024520874
],
"r_thumb_mcp": [
0.035996727645397186,
0.0401964969933033,
0.002308756113052368
],
"r_thumb_ip": [
0.05866054445505142,
0.023591643199324608,
-0.003586436389014125
],
"r_thumb_tip": [
0.08172576874494553,
0.007326900959014893,
-0.009613779373466969
],
"r_index_mcp": [
0.017235781997442245,
-0.003934592939913273,
0.0025577039923518896
],
"r_index_pip": [
0.031174611300230026,
-0.023985791951417923,
-0.003402192145586014
],
"r_index_dip": [
0.04031096398830414,
-0.043142057955265045,
-0.002959110075607896
],
"r_index_tip": [
0.04501926898956299,
-0.05966757982969284,
-0.021041881293058395
],
"r_middle_mcp": [
0.00047918129712343216,
-0.005196839105337858,
0.0048075648956000805
],
"r_middle_pip": [
0.012097107246518135,
-0.03273437172174454,
-0.006372538860887289
],
"r_middle_dip": [
0.008936848491430283,
-0.05829601362347603,
-0.017583444714546204
],
"r_middle_tip": [
0.012450456619262695,
-0.07784408330917358,
-0.032046858221292496
],
"r_ring_mcp": [
-0.012149491347372532,
-5.1769427955150604e-05,
-0.0026106899604201317
],
"r_ring_pip": [
-0.014521961100399494,
-0.026910360902547836,
-0.010439096949994564
],
"r_ring_dip": [
-0.017309237271547318,
-0.046764686703681946,
-0.02225862815976143
],
"r_ring_tip": [
-0.017123470082879066,
-0.06486643850803375,
-0.03343045338988304
],
"r_pinky_mcp": [
-0.029346540570259094,
0.011633539572358131,
-0.0054329996928572655
],
"r_pinky_pip": [
-0.03904896229505539,
-0.006019428372383118,
-0.009242367930710316
],
"r_pinky_dip": [
-0.05127440765500069,
-0.025218136608600616,
-0.01574673131108284
],
"r_pinky_tip": [
-0.05371604487299919,
-0.039429955184459686,
-0.026420511305332184
]
}
],
"framerate": 30,
"mirrorable": true
}