{
"label": "0",
"gestures": [
{
"l_hand_position": null,
"l_wrist": [
0.010433295741677284,
0.0883141160011302,
-0.056584138423205026
],
"l_thumb_cmc": [
-0.005288730375468731,
0.0549826622009285,
-0.05044664442539294
],
"l_thumb_mcp": [
-0.000701309647411108,
0.017419138923287548,
-0.03936799615621615
],
"l_thumb_ip": [
-0.0007895398885011673,
-0.02211591973900815,
-0.02734445594251176
],
"l_thumb_tip": [
0.005232322029769421,
-0.05395835638046323,
-0.012426869012415463
],
"l_index_mcp": [
-0.021402165293693542,
-0.007408699020743462,
0.007364223245531437
],
"l_index_pip": [
-0.014794904738664627,
-0.0335501506924633,
0.010841163806617421
],
"l_index_dip": [
-0.007044479250907898,
-0.05944660678505963,
0.016039447858929873
],
"l_index_tip": [
-0.002340998500585556,
-0.08785552531480888,
0.013475218787789544
],
"l_middle_mcp": [
-0.006795505061745644,
-0.0013458906905725598,
0.009940559975802976
],
"l_middle_pip": [
0.0035331030376255512,
-0.038715802133083795,
0.007512261159718146
],
"l_middle_dip": [
0.007112306542694569,
-0.06295707821846071,
0.004387820139527386
],
"l_middle_tip": [
0.01059240847826004,
-0.0971549004316341,
-0.0022442035842686484
],
"l_ring_mcp": [
0.013392223976552486,
0.002114122733473792,
-0.004357377532869628
],
"l_ring_pip": [
0.019400037825107574,
-0.028504448011517775,
-0.012751081027090678
],
"l_ring_dip": [
0.023243993520736694,
-0.05105048045516092,
-0.023498611524701413
],
"l_ring_tip": [
0.01931106671690941,
-0.07547342032194237,
-0.03555027022957851
],
"l_pinky_mcp": [
0.024955281987786293,
0.01630391925573369,
-0.01910293102264431
],
"l_pinky_pip": [
0.024553008377552032,
-0.006893228273838853,
-0.028268171474337904
],
"l_pinky_dip": [
0.02373165264725685,
-0.028975361958146463,
-0.037143010646105146
],
"l_pinky_tip": [
0.02162521332502365,
-0.052263114601374124,
-0.04331321269273792
],
"r_hand_position": null,
"r_wrist": null,
"r_thumb_cmc": null,
"r_thumb_mcp": null,
"r_thumb_ip": null,
"r_thumb_tip": null,
"r_index_mcp": null,
"r_index_pip": null,
"r_index_dip": null,
"r_index_tip": null,
"r_middle_mcp": null,
"r_middle_pip": null,
"r_middle_dip": null,
"r_middle_tip": null,
"r_ring_mcp": null,
"r_ring_pip": null,
"r_ring_dip": null,
"r_ring_tip": null,
"r_pinky_mcp": null,
"r_pinky_pip": null,
"r_pinky_dip": null,
"r_pinky_tip": null
}
],
"framerate": 30,
"mirrorable": true
}