{
"label": "r",
"gestures": [
{
"l_hand_position": null,
"l_wrist": null,
"l_thumb_cmc": null,
"l_thumb_mcp": null,
"l_thumb_ip": null,
"l_thumb_tip": null,
"l_index_mcp": null,
"l_index_pip": null,
"l_index_dip": null,
"l_index_tip": null,
"l_middle_mcp": null,
"l_middle_pip": null,
"l_middle_dip": null,
"l_middle_tip": null,
"l_ring_mcp": null,
"l_ring_pip": null,
"l_ring_dip": null,
"l_ring_tip": null,
"l_pinky_mcp": null,
"l_pinky_pip": null,
"l_pinky_dip": null,
"l_pinky_tip": null,
"r_hand_position": null,
"r_wrist": [
0.0153864286839962,
0.09479689598083496,
-0.004549763631075621
],
"r_thumb_cmc": [
-0.016399411484599113,
0.0714041218161583,
-0.007022062782198191
],
"r_thumb_mcp": [
-0.024850420653820038,
0.04313153028488159,
-0.017545193433761597
],
"r_thumb_ip": [
-0.027077872306108475,
0.009745911695063114,
-0.03383638709783554
],
"r_thumb_tip": [
-0.002596971346065402,
-0.01113019697368145,
-0.050969019532203674
],
"r_index_mcp": [
-0.026455966755747795,
-0.0013237236998975277,
0.012229151092469692
],
"r_index_pip": [
-0.027877336367964745,
-0.030400333926081657,
0.006658240221440792
],
"r_index_dip": [
-0.026725124567747116,
-0.05410364270210266,
0.004456604830920696
],
"r_index_tip": [
-0.02651180699467659,
-0.08216020464897156,
-0.0014619140420109034
],
"r_middle_mcp": [
-0.0040581440553069115,
-0.0033297801855951548,
0.0080391401425004
],
"r_middle_pip": [
-0.012552784755825996,
-0.04365275055170059,
-0.0013005159562453628
],
"r_middle_dip": [
-0.026600435376167297,
-0.06460428237915039,
-0.015206233598291874
],
"r_middle_tip": [
-0.03540769964456558,
-0.08787217736244202,
-0.029983432963490486
],
"r_ring_mcp": [
0.016207972541451454,
-0.0009389144834131002,
-0.00667166942730546
],
"r_ring_pip": [
0.003066600766032934,
-0.02332179807126522,
-0.028723876923322678
],
"r_ring_dip": [
-0.006251559592783451,
-0.0069026825949549675,
-0.04100983589887619
],
"r_ring_tip": [
-0.0064188577234745026,
0.018788063898682594,
-0.040561217814683914
],
"r_pinky_mcp": [
0.027138449251651764,
0.012398378923535347,
-0.02112782746553421
],
"r_pinky_pip": [
0.014023476280272007,
0.0010536509798839688,
-0.0392310693860054
],
"r_pinky_dip": [
-0.001359050627797842,
0.011564434505999088,
-0.04761810600757599
],
"r_pinky_tip": [
-0.0004148813895881176,
0.03296088054776192,
-0.040598586201667786
]
}
],
"framerate": 30,
"mirrorable": true
}