{
"label": "r",
"gestures": [
{
"l_hand_position": null,
"l_wrist": null,
"l_thumb_cmc": null,
"l_thumb_mcp": null,
"l_thumb_ip": null,
"l_thumb_tip": null,
"l_index_mcp": null,
"l_index_pip": null,
"l_index_dip": null,
"l_index_tip": null,
"l_middle_mcp": null,
"l_middle_pip": null,
"l_middle_dip": null,
"l_middle_tip": null,
"l_ring_mcp": null,
"l_ring_pip": null,
"l_ring_dip": null,
"l_ring_tip": null,
"l_pinky_mcp": null,
"l_pinky_pip": null,
"l_pinky_dip": null,
"l_pinky_tip": null,
"r_hand_position": null,
"r_wrist": [
0.0012861080467700958,
0.0967709943652153,
-0.0051989080384373665
],
"r_thumb_cmc": [
-0.023653065785765648,
0.0699666365981102,
-0.018517572432756424
],
"r_thumb_mcp": [
-0.021298525854945183,
0.040625765919685364,
-0.030380798503756523
],
"r_thumb_ip": [
-0.007565724663436413,
0.00968272052705288,
-0.038891009986400604
],
"r_thumb_tip": [
0.018254220485687256,
-0.013633336871862411,
-0.03635544702410698
],
"r_index_mcp": [
-0.027094420045614243,
-0.008054220117628574,
-0.001451863907277584
],
"r_index_pip": [
-0.026166001334786415,
-0.03852285444736481,
-0.0016432509291917086
],
"r_index_dip": [
-0.02338462695479393,
-0.06378018856048584,
0.00012112561671528965
],
"r_index_tip": [
-0.0211428701877594,
-0.08822260797023773,
-0.01285674050450325
],
"r_middle_mcp": [
-0.005483627784997225,
-0.004828565288335085,
0.005966647993773222
],
"r_middle_pip": [
-0.005862491205334663,
-0.04538154974579811,
-0.001017127768136561
],
"r_middle_dip": [
-0.016452768817543983,
-0.06949301064014435,
-0.01523678470402956
],
"r_middle_tip": [
-0.021304430440068245,
-0.09111754596233368,
-0.02598637156188488
],
"r_ring_mcp": [
0.01753547415137291,
0.002914060838520527,
0.002492915140464902
],
"r_ring_pip": [
0.017091473564505577,
-0.012667872942984104,
-0.02419537492096424
],
"r_ring_dip": [
0.0076357158832252026,
0.005810145754367113,
-0.03683006018400192
],
"r_ring_tip": [
0.0041229212656617165,
0.0254621934145689,
-0.03324335813522339
],
"r_pinky_mcp": [
0.03010169230401516,
0.019569849595427513,
-0.003553059184923768
],
"r_pinky_pip": [
0.026448212563991547,
0.005260792560875416,
-0.024704743176698685
],
"r_pinky_dip": [
0.014807576313614845,
0.01843397319316864,
-0.03846897557377815
],
"r_pinky_tip": [
0.011386348865926266,
0.03475727513432503,
-0.03295493498444557
]
}
],
"framerate": 30,
"mirrorable": true
}