{
"label": "r",
"gestures": [
{
"l_hand_position": null,
"l_wrist": null,
"l_thumb_cmc": null,
"l_thumb_mcp": null,
"l_thumb_ip": null,
"l_thumb_tip": null,
"l_index_mcp": null,
"l_index_pip": null,
"l_index_dip": null,
"l_index_tip": null,
"l_middle_mcp": null,
"l_middle_pip": null,
"l_middle_dip": null,
"l_middle_tip": null,
"l_ring_mcp": null,
"l_ring_pip": null,
"l_ring_dip": null,
"l_ring_tip": null,
"l_pinky_mcp": null,
"l_pinky_pip": null,
"l_pinky_dip": null,
"l_pinky_tip": null,
"r_hand_position": null,
"r_wrist": [
-0.019999966025352478,
0.09446242451667786,
-0.028403447940945625
],
"r_thumb_cmc": [
0.00960971787571907,
0.06984546780586243,
-0.024647461250424385
],
"r_thumb_mcp": [
0.027230173349380493,
0.0388321727514267,
-0.030979804694652557
],
"r_thumb_ip": [
0.028920933604240417,
0.0005959952250123024,
-0.03647696226835251
],
"r_thumb_tip": [
0.010775024071335793,
-0.02919473871588707,
-0.04267841950058937
],
"r_index_mcp": [
0.020892677828669548,
-0.002866927534341812,
0.009841524995863438
],
"r_index_pip": [
0.024223169311881065,
-0.033744268119335175,
0.009025022387504578
],
"r_index_dip": [
0.02679474651813507,
-0.05923212319612503,
0.004910198971629143
],
"r_index_tip": [
0.025238461792469025,
-0.08780653774738312,
-0.009134872816503048
],
"r_middle_mcp": [
-6.573204882442951e-05,
-0.004863702692091465,
0.00939694419503212
],
"r_middle_pip": [
0.013255837373435497,
-0.04247794672846794,
-0.00021118621225468814
],
"r_middle_dip": [
0.02066088654100895,
-0.06843534857034683,
-0.014499587938189507
],
"r_middle_tip": [
0.030602803453803062,
-0.0919455885887146,
-0.02667895331978798
],
"r_ring_mcp": [
-0.013497046194970608,
0.0002031289041042328,
-0.0054272497072815895
],
"r_ring_pip": [
0.0006895372644066811,
-0.020436599850654602,
-0.025013232603669167
],
"r_ring_dip": [
0.009799916297197342,
-0.0020327502861618996,
-0.03610101342201233
],
"r_ring_tip": [
0.011892278678715229,
0.022251738235354424,
-0.03907480835914612
],
"r_pinky_mcp": [
-0.028249293565750122,
0.012819832190871239,
-0.021552113816142082
],
"r_pinky_pip": [
-0.012278622016310692,
-0.003379159141331911,
-0.033036164939403534
],
"r_pinky_dip": [
0.002415135968476534,
0.006581590510904789,
-0.04295268654823303
],
"r_pinky_tip": [
0.002595372498035431,
0.027766317129135132,
-0.04080847650766373
]
}
],
"framerate": 30,
"mirrorable": true
}