{
"label": "r",
"gestures": [
{
"l_hand_position": null,
"l_wrist": null,
"l_thumb_cmc": null,
"l_thumb_mcp": null,
"l_thumb_ip": null,
"l_thumb_tip": null,
"l_index_mcp": null,
"l_index_pip": null,
"l_index_dip": null,
"l_index_tip": null,
"l_middle_mcp": null,
"l_middle_pip": null,
"l_middle_dip": null,
"l_middle_tip": null,
"l_ring_mcp": null,
"l_ring_pip": null,
"l_ring_dip": null,
"l_ring_tip": null,
"l_pinky_mcp": null,
"l_pinky_pip": null,
"l_pinky_dip": null,
"l_pinky_tip": null,
"r_hand_position": null,
"r_wrist": [
0.01687220111489296,
0.08818189799785614,
0.033120397478342056
],
"r_thumb_cmc": [
-0.01583213545382023,
0.0721522718667984,
0.010897471569478512
],
"r_thumb_mcp": [
-0.0250324048101902,
0.05081886798143387,
-0.014749639667570591
],
"r_thumb_ip": [
-0.016532503068447113,
0.023927608504891396,
-0.04116987809538841
],
"r_thumb_tip": [
0.008077721111476421,
0.005869914777576923,
-0.050440091639757156
],
"r_index_mcp": [
-0.029525702819228172,
0.0009730774909257889,
-0.0021627680398523808
],
"r_index_pip": [
-0.025097990408539772,
-0.028429366648197174,
-0.008356498554348946
],
"r_index_dip": [
-0.021330783143639565,
-0.05336008593440056,
-0.012147917412221432
],
"r_index_tip": [
-0.01704712025821209,
-0.08071648329496384,
-0.0295258816331625
],
"r_middle_mcp": [
-0.005616032052785158,
-0.003849877044558525,
0.004415146075189114
],
"r_middle_pip": [
-0.015221268869936466,
-0.04236800968647003,
-0.007528380025178194
],
"r_middle_dip": [
-0.027491087093949318,
-0.06802661716938019,
-0.02405928634107113
],
"r_middle_tip": [
-0.03385058417916298,
-0.09194271266460419,
-0.045933060348033905
],
"r_ring_mcp": [
0.020100466907024384,
-0.002243542578071356,
0.0020676120184361935
],
"r_ring_pip": [
0.0169183649122715,
-0.022702788934111595,
-0.023678775876760483
],
"r_ring_dip": [
0.01162062305957079,
-0.008840557187795639,
-0.04610773175954819
],
"r_ring_tip": [
0.009764323942363262,
0.01227526180446148,
-0.055982157588005066
],
"r_pinky_mcp": [
0.03433090075850487,
0.012855403125286102,
0.00020661404414568096
],
"r_pinky_pip": [
0.03812876716256142,
-0.006615884602069855,
-0.017223434522747993
],
"r_pinky_dip": [
0.03512420877814293,
0.002347505185753107,
-0.037507712841033936
],
"r_pinky_tip": [
0.03013458661735058,
0.0176093652844429,
-0.03927173838019371
]
}
],
"framerate": 30,
"mirrorable": true
}