{
"label": "w",
"gestures": [
{
"l_hand_position": null,
"l_wrist": null,
"l_thumb_cmc": null,
"l_thumb_mcp": null,
"l_thumb_ip": null,
"l_thumb_tip": null,
"l_index_mcp": null,
"l_index_pip": null,
"l_index_dip": null,
"l_index_tip": null,
"l_middle_mcp": null,
"l_middle_pip": null,
"l_middle_dip": null,
"l_middle_tip": null,
"l_ring_mcp": null,
"l_ring_pip": null,
"l_ring_dip": null,
"l_ring_tip": null,
"l_pinky_mcp": null,
"l_pinky_pip": null,
"l_pinky_dip": null,
"l_pinky_tip": null,
"r_hand_position": null,
"r_wrist": [
-0.017494140192866325,
0.07922989875078201,
0.03341595083475113
],
"r_thumb_cmc": [
0.006660996004939079,
0.06904057413339615,
0.01628192886710167
],
"r_thumb_mcp": [
0.01495402306318283,
0.04674519598484039,
-0.014746309258043766
],
"r_thumb_ip": [
0.0005603404715657234,
0.021444307640194893,
-0.04149708151817322
],
"r_thumb_tip": [
-0.020656643435359,
0.0063157156109809875,
-0.048080768436193466
],
"r_index_mcp": [
0.021924223750829697,
-6.139185279607773e-05,
-0.00627956073731184
],
"r_index_pip": [
0.03800998628139496,
-0.026571420952677727,
-0.017943575978279114
],
"r_index_dip": [
0.047085728496313095,
-0.047701574862003326,
-0.02574978955090046
],
"r_index_tip": [
0.05406438559293747,
-0.06623748689889908,
-0.04307325556874275
],
"r_middle_mcp": [
0.0028050201945006847,
-0.006899615284055471,
0.004973925184458494
],
"r_middle_pip": [
0.012110057286918163,
-0.043185580521821976,
-0.006240896414965391
],
"r_middle_dip": [
0.011414196342229843,
-0.06824632734060287,
-0.019465291872620583
],
"r_middle_tip": [
0.012966528534889221,
-0.09386512637138367,
-0.04388189688324928
],
"r_ring_mcp": [
-0.016151059418916702,
-0.001901382114738226,
0.0029979487881064415
],
"r_ring_pip": [
-0.01498769223690033,
-0.03682451695203781,
-0.012121758423745632
],
"r_ring_dip": [
-0.016709057614207268,
-0.05862022191286087,
-0.028487568721175194
],
"r_ring_tip": [
-0.01972123235464096,
-0.08158271014690399,
-0.05603812262415886
],
"r_pinky_mcp": [
-0.03921055048704147,
0.011089147999882698,
0.0058376784436404705
],
"r_pinky_pip": [
-0.030946996062994003,
-0.0001748502254486084,
-0.009477018378674984
],
"r_pinky_dip": [
-0.02808935008943081,
0.012152545154094696,
-0.022879524156451225
],
"r_pinky_tip": [
-0.026870789006352425,
0.027143031358718872,
-0.028024498373270035
]
}
],
"framerate": 30,
"mirrorable": true
}