{
"label": "b",
"gestures": [
{
"l_hand_position": [
0.24720978736877441,
0.011686563491821289,
-0.5306120552122593
],
"l_wrist": [
0.6004898448192233,
0.7817180061308115,
0.1683119281567811
],
"l_thumb_cmc": [
0.23147391482387172,
0.7976152880061531,
0.15462787204979042
],
"l_thumb_mcp": [
-0.09704718880506447,
0.6382872227303843,
0.10756952361496014
],
"l_thumb_ip": [
-0.32252222208678677,
0.5723309867133699,
0.039307196113552635
],
"l_thumb_tip": [
-0.5166611693713069,
0.5589020782756394,
-0.044641833841129845
],
"l_index_mcp": [
-0.11017918455898246,
0.06871201831081031,
0.09094863484655175
],
"l_index_pip": [
-0.3363152254381107,
-0.25882199811763673,
-0.018683132313441812
],
"l_index_dip": [
-0.4753037887181427,
-0.46325916193209427,
-0.11024929577012278
],
"l_index_tip": [
-0.5944788377038939,
-0.6431004198464482,
-0.18186727323715404
],
"l_middle_mcp": [
0.0,
0.0,
0.0
],
"l_middle_pip": [
-0.2556962219827544,
-0.3740949065667928,
-0.10956614671223112
],
"l_middle_dip": [
-0.4134086365618394,
-0.6392321981429376,
-0.20439286041109894
],
"l_middle_tip": [
-0.5401778992583924,
-0.8809522223038921,
-0.2768858864210273
],
"l_ring_mcp": [
0.14560126099964366,
0.011837508887406657,
-0.09996756756182376
],
"l_ring_pip": [
-0.09423471126369729,
-0.3504485641339592,
-0.20403036312370149
],
"l_ring_dip": [
-0.2512012392331165,
-0.5867763131299574,
-0.2896909423116027
],
"l_ring_tip": [
-0.379473745285793,
-0.786528253783129,
-0.3523228459329126
],
"l_pinky_mcp": [
0.31665082292212415,
0.09361040810402535,
-0.20311467752474174
],
"l_pinky_pip": [
0.11357237874021245,
-0.1778962504326463,
-0.3020681620998412
],
"l_pinky_dip": [
-0.03910235175988207,
-0.36028338713750485,
-0.36229121410053505
],
"l_pinky_tip": [
-0.17201960777687889,
-0.5232322468802738,
-0.40779685165402857
],
"r_hand_position": null,
"r_wrist": null,
"r_thumb_cmc": null,
"r_thumb_mcp": null,
"r_thumb_ip": null,
"r_thumb_tip": null,
"r_index_mcp": null,
"r_index_pip": null,
"r_index_dip": null,
"r_index_tip": null,
"r_middle_mcp": null,
"r_middle_pip": null,
"r_middle_dip": null,
"r_middle_tip": null,
"r_ring_mcp": null,
"r_ring_pip": null,
"r_ring_dip": null,
"r_ring_tip": null,
"r_pinky_mcp": null,
"r_pinky_pip": null,
"r_pinky_dip": null,
"r_pinky_tip": null,
"l_hand_velocity": null,
"r_hand_velocity": null,
"m_nose_point": null,
"m_top_nose": null,
"m_eyebrows": null,
"m_forehead": null,
"m_top_chin": null,
"m_bot_up_lip": null,
"m_top_low_lip": null,
"m_bot_nose": null,
"m_chin": null,
"m_nose": null,
"l_eye_exterior": null,
"l_temple": null,
"l_mid_chin": null,
"l_up_lip": null,
"l_ext_nostril": null,
"l_mid_cheek": null,
"l_mid_eyebrow": null,
"l_ext_eyebrow": null,
"l_ext_lips": null,
"l_jaw_angle": null,
"l_mid_ext_face": null,
"l_int_eyebrow": null,
"l_mid_jaw": null,
"l_mid_bot_eyelid": null,
"l_ext_mouth": null,
"l_top_eyelid": null,
"l_eye_int": null,
"l_pupil": null,
"r_eye_exterior": null,
"r_temple": null,
"r_mid_chin": null,
"r_up_lip": null,
"r_ext_nostril": null,
"r_mid_cheek": null,
"r_mid_eyebrow": null,
"r_ext_eyebrow": null,
"r_ext_lips": null,
"r_jaw_angle": null,
"r_mid_ext_face": null,
"r_int_eyebrow": null,
"r_mid_jaw": null,
"r_mid_bot_eyelid": null,
"r_ext_mouth": null,
"r_top_eyelid": null,
"r_eye_int": null,
"r_pupil": null,
"l_shoulder": null,
"l_elbow": null,
"l_hip": null,
"l_knee": null,
"l_ankle": null,
"l_body_wrist": null,
"r_shoulder": null,
"r_elbow": null,
"r_hip": null,
"r_knee": null,
"r_ankle": null,
"r_body_wrist": null,
"m_face_position": null,
"m_body_position": null,
"m_face_scale": null,
"m_body_scale": null,
"l_hand_scale": [
0.18187774086677422,
0.18187774086677422,
0.18187774086677422
],
"r_hand_scale": null
}
],
"framerate": 30,
"mirrorable": true,
"invalid": false
}