{
"label": "b",
"gestures": [
{
"l_hand_position": null,
"l_wrist": null,
"l_thumb_cmc": null,
"l_thumb_mcp": null,
"l_thumb_ip": null,
"l_thumb_tip": null,
"l_index_mcp": null,
"l_index_pip": null,
"l_index_dip": null,
"l_index_tip": null,
"l_middle_mcp": null,
"l_middle_pip": null,
"l_middle_dip": null,
"l_middle_tip": null,
"l_ring_mcp": null,
"l_ring_pip": null,
"l_ring_dip": null,
"l_ring_tip": null,
"l_pinky_mcp": null,
"l_pinky_pip": null,
"l_pinky_dip": null,
"l_pinky_tip": null,
"r_hand_position": [
-0.17711347341537476,
-0.07511699199676514,
-0.5312678180634975
],
"r_wrist": [
-0.0172176408711271,
0.9836053210572924,
0.17951079418969154
],
"r_thumb_cmc": [
-0.24414416625177748,
0.5405228130992773,
0.20245421227580782
],
"r_thumb_mcp": [
-0.2579811056892251,
0.09508994856479311,
0.1902567182506952
],
"r_thumb_ip": [
-0.10832240305031049,
-0.209998209177996,
0.17476170523812137
],
"r_thumb_tip": [
0.038207452626829924,
-0.35567189652808884,
0.15285750145309918
],
"r_index_mcp": [
-0.21556843620744431,
-0.0689336981992727,
0.05222787198228665
],
"r_index_pip": [
-0.11847836619117526,
-0.6680920649261474,
-0.03695049007394129
],
"r_index_dip": [
-0.04766551196952785,
-1.0051606076972661,
-0.06657765265460319
],
"r_index_tip": [
0.005461409472293598,
-1.2496189932001673,
-0.0743303903115132
],
"r_middle_mcp": [
0.0,
0.0,
0.0
],
"r_middle_pip": [
0.06339375530129669,
-0.6498300492611957,
-0.09662310410767704
],
"r_middle_dip": [
0.10422634594609029,
-1.0376111666989625,
-0.12770863154777748
],
"r_middle_tip": [
0.13261814694334592,
-1.3332132052258252,
-0.13261722729811054
],
"r_ring_mcp": [
0.20433524768946298,
0.11121291218642979,
-0.0438271694022012
],
"r_ring_pip": [
0.24030116129697843,
-0.4987231834088257,
-0.12422108017000502
],
"r_ring_dip": [
0.2558273393221439,
-0.8530050896313722,
-0.1467855812138737
],
"r_ring_tip": [
0.25470272013475714,
-1.126355306494398,
-0.14409726570694872
],
"r_pinky_mcp": [
0.38590144812502825,
0.2604411353067889,
-0.08066830724152534
],
"r_pinky_pip": [
0.3993178316576232,
-0.22037557156250573,
-0.1308851075779054
],
"r_pinky_dip": [
0.3949791593080486,
-0.49945650424210425,
-0.1268634134151606
],
"r_pinky_tip": [
0.3844250539415564,
-0.7319484659421396,
-0.10768863916053732
],
"l_hand_velocity": null,
"r_hand_velocity": null,
"m_nose_point": null,
"m_top_nose": null,
"m_eyebrows": null,
"m_forehead": null,
"m_top_chin": null,
"m_bot_up_lip": null,
"m_top_low_lip": null,
"m_bot_nose": null,
"m_chin": null,
"m_nose": null,
"l_eye_exterior": null,
"l_temple": null,
"l_mid_chin": null,
"l_up_lip": null,
"l_ext_nostril": null,
"l_mid_cheek": null,
"l_mid_eyebrow": null,
"l_ext_eyebrow": null,
"l_ext_lips": null,
"l_jaw_angle": null,
"l_mid_ext_face": null,
"l_int_eyebrow": null,
"l_mid_jaw": null,
"l_mid_bot_eyelid": null,
"l_ext_mouth": null,
"l_top_eyelid": null,
"l_eye_int": null,
"l_pupil": null,
"r_eye_exterior": null,
"r_temple": null,
"r_mid_chin": null,
"r_up_lip": null,
"r_ext_nostril": null,
"r_mid_cheek": null,
"r_mid_eyebrow": null,
"r_ext_eyebrow": null,
"r_ext_lips": null,
"r_jaw_angle": null,
"r_mid_ext_face": null,
"r_int_eyebrow": null,
"r_mid_jaw": null,
"r_mid_bot_eyelid": null,
"r_ext_mouth": null,
"r_top_eyelid": null,
"r_eye_int": null,
"r_pupil": null,
"l_shoulder": null,
"l_elbow": null,
"l_hip": null,
"l_knee": null,
"l_ankle": null,
"l_body_wrist": null,
"r_shoulder": null,
"r_elbow": null,
"r_hip": null,
"r_knee": null,
"r_ankle": null,
"r_body_wrist": null,
"m_face_position": null,
"m_body_position": null,
"m_face_scale": null,
"m_body_scale": null,
"l_hand_scale": null,
"r_hand_scale": [
0.1741839969043241,
0.1741839969043241,
0.1741839969043241
]
}
],
"framerate": 30,
"mirrorable": true,
"invalid": false
}