{
"label": "b",
"gestures": [
{
"l_hand_position": [
0.4036846160888672,
0.06422072649002075,
-0.48956899903714657
],
"l_wrist": [
0.06347163159795526,
0.9970977092201088,
-0.042041767925538334
],
"l_thumb_cmc": [
-0.2321545927264893,
0.7661654341607822,
-0.07271335006350275
],
"l_thumb_mcp": [
-0.36542589634510686,
0.4190875157695971,
-0.05623903267149358
],
"l_thumb_ip": [
-0.4121889162943131,
0.13135927014516077,
-0.04295449246665356
],
"l_thumb_tip": [
-0.5090847380160926,
-0.04457879977824641,
-0.029427061730597948
],
"l_index_mcp": [
-0.1741853125138908,
0.0053240967255621914,
0.015857239946676815
],
"l_index_pip": [
-0.17070358099852337,
-0.39473209152166894,
-0.0005408899818429417
],
"l_index_dip": [
-0.16077993748532407,
-0.6193880968849539,
-0.03394955583197184
],
"l_index_tip": [
-0.14919242365711513,
-0.8093876246885436,
-0.06430397590635963
],
"l_middle_mcp": [
0.0,
0.0,
0.0
],
"l_middle_pip": [
-0.004816239109921072,
-0.4388288589887593,
-0.015002229053805435
],
"l_middle_dip": [
-0.012111707450408061,
-0.7080153768167883,
-0.061275067456966495
],
"l_middle_tip": [
-0.020818798945818045,
-0.9321990794022348,
-0.1019105928599295
],
"l_ring_mcp": [
0.15301793201637207,
0.06162205932604372,
-0.029748143837435622
],
"l_ring_pip": [
0.15095406977608217,
-0.3398945198603938,
-0.05712704308588448
],
"l_ring_dip": [
0.12513525164656564,
-0.5858550801292065,
-0.11680614801613191
],
"l_ring_tip": [
0.09041667323841103,
-0.7827037189176251,
-0.16197558902413478
],
"l_pinky_mcp": [
0.30657687413228235,
0.1725240847881773,
-0.06466085308639054
],
"l_pinky_pip": [
0.3094938122444462,
-0.14791196902543718,
-0.09575946703397904
],
"l_pinky_dip": [
0.2817456636933527,
-0.3560394191651968,
-0.13441959124870842
],
"l_pinky_tip": [
0.2479260461166688,
-0.5397397347929466,
-0.1655095116781011
],
"r_hand_position": null,
"r_wrist": null,
"r_thumb_cmc": null,
"r_thumb_mcp": null,
"r_thumb_ip": null,
"r_thumb_tip": null,
"r_index_mcp": null,
"r_index_pip": null,
"r_index_dip": null,
"r_index_tip": null,
"r_middle_mcp": null,
"r_middle_pip": null,
"r_middle_dip": null,
"r_middle_tip": null,
"r_ring_mcp": null,
"r_ring_pip": null,
"r_ring_dip": null,
"r_ring_tip": null,
"r_pinky_mcp": null,
"r_pinky_pip": null,
"r_pinky_dip": null,
"r_pinky_tip": null,
"l_hand_velocity": null,
"r_hand_velocity": null,
"m_nose_point": null,
"m_top_nose": null,
"m_eyebrows": null,
"m_forehead": null,
"m_top_chin": null,
"m_bot_up_lip": null,
"m_top_low_lip": null,
"m_bot_nose": null,
"m_chin": null,
"m_nose": null,
"l_eye_exterior": null,
"l_temple": null,
"l_mid_chin": null,
"l_up_lip": null,
"l_ext_nostril": null,
"l_mid_cheek": null,
"l_mid_eyebrow": null,
"l_ext_eyebrow": null,
"l_ext_lips": null,
"l_jaw_angle": null,
"l_mid_ext_face": null,
"l_int_eyebrow": null,
"l_mid_jaw": null,
"l_mid_bot_eyelid": null,
"l_ext_mouth": null,
"l_top_eyelid": null,
"l_eye_int": null,
"l_pupil": null,
"r_eye_exterior": null,
"r_temple": null,
"r_mid_chin": null,
"r_up_lip": null,
"r_ext_nostril": null,
"r_mid_cheek": null,
"r_mid_eyebrow": null,
"r_ext_eyebrow": null,
"r_ext_lips": null,
"r_jaw_angle": null,
"r_mid_ext_face": null,
"r_int_eyebrow": null,
"r_mid_jaw": null,
"r_mid_bot_eyelid": null,
"r_ext_mouth": null,
"r_top_eyelid": null,
"r_eye_int": null,
"r_pupil": null,
"l_shoulder": null,
"l_elbow": null,
"l_hip": null,
"l_knee": null,
"l_ankle": null,
"l_body_wrist": null,
"r_shoulder": null,
"r_elbow": null,
"r_hip": null,
"r_knee": null,
"r_ankle": null,
"r_body_wrist": null,
"m_face_position": null,
"m_body_position": null,
"m_face_scale": null,
"m_body_scale": null,
"l_hand_scale": [
0.24810934241107765,
0.24810934241107765,
0.24810934241107765
],
"r_hand_scale": null
}
],
"framerate": 30,
"mirrorable": true,
"invalid": false
}