{
"label": "b",
"gestures": [
{
"l_hand_position": [
0.25562119483947754,
0.015898585319519043,
-0.5401360057294369
],
"l_wrist": [
0.046281129032545186,
0.9831424817883415,
0.1768867366382604
],
"l_thumb_cmc": [
-0.22927604705468635,
0.7786374933237654,
0.04392633485591578
],
"l_thumb_mcp": [
-0.4521611982945837,
0.4757788011930198,
-0.05518931514825685
],
"l_thumb_ip": [
-0.6233147417621168,
0.24863445373704335,
-0.14718858714634658
],
"l_thumb_tip": [
-0.7569201633639697,
0.07096156083749768,
-0.24167206738519723
],
"l_index_mcp": [
-0.16459584183078707,
-0.007863778088352362,
0.0075042754226642035
],
"l_index_pip": [
-0.1472940064556759,
-0.4295092303591614,
-0.09590814315226753
],
"l_index_dip": [
-0.12173094856918731,
-0.6736479388365473,
-0.17881828740435154
],
"l_index_tip": [
-0.09140144715607015,
-0.8830962900735599,
-0.23957832596172005
],
"l_middle_mcp": [
0.0,
0.0,
0.0
],
"l_middle_pip": [
0.018980663734366257,
-0.4572600713766241,
-0.091198521963217
],
"l_middle_dip": [
0.041871413547204084,
-0.7437409273113667,
-0.1651155503242957
],
"l_middle_tip": [
0.0730591112128148,
-0.99279672992781,
-0.22098712755298994
],
"l_ring_mcp": [
0.15130732826332713,
0.09073763879058157,
-0.02222756532739199
],
"l_ring_pip": [
0.16442325690948673,
-0.3360270447531367,
-0.0996236443289838
],
"l_ring_dip": [
0.1652060621841824,
-0.5913980895202374,
-0.16014798757335877
],
"l_ring_tip": [
0.16511070704501646,
-0.8058410273647757,
-0.2041644320507126
],
"l_pinky_mcp": [
0.299077847728499,
0.24419479200965014,
-0.0579358321112034
],
"l_pinky_pip": [
0.3036830018461802,
-0.09465731292023649,
-0.128284529314072
],
"l_pinky_dip": [
0.29084552071383857,
-0.31445589973809546,
-0.16765566150046637
],
"l_pinky_tip": [
0.27877508367616516,
-0.5131585411187402,
-0.19379610394862648
],
"r_hand_position": null,
"r_wrist": null,
"r_thumb_cmc": null,
"r_thumb_mcp": null,
"r_thumb_ip": null,
"r_thumb_tip": null,
"r_index_mcp": null,
"r_index_pip": null,
"r_index_dip": null,
"r_index_tip": null,
"r_middle_mcp": null,
"r_middle_pip": null,
"r_middle_dip": null,
"r_middle_tip": null,
"r_ring_mcp": null,
"r_ring_pip": null,
"r_ring_dip": null,
"r_ring_tip": null,
"r_pinky_mcp": null,
"r_pinky_pip": null,
"r_pinky_dip": null,
"r_pinky_tip": null,
"l_hand_velocity": null,
"r_hand_velocity": null,
"m_nose_point": null,
"m_top_nose": null,
"m_eyebrows": null,
"m_forehead": null,
"m_top_chin": null,
"m_bot_up_lip": null,
"m_top_low_lip": null,
"m_bot_nose": null,
"m_chin": null,
"m_nose": null,
"l_eye_exterior": null,
"l_temple": null,
"l_mid_chin": null,
"l_up_lip": null,
"l_ext_nostril": null,
"l_mid_cheek": null,
"l_mid_eyebrow": null,
"l_ext_eyebrow": null,
"l_ext_lips": null,
"l_jaw_angle": null,
"l_mid_ext_face": null,
"l_int_eyebrow": null,
"l_mid_jaw": null,
"l_mid_bot_eyelid": null,
"l_ext_mouth": null,
"l_top_eyelid": null,
"l_eye_int": null,
"l_pupil": null,
"r_eye_exterior": null,
"r_temple": null,
"r_mid_chin": null,
"r_up_lip": null,
"r_ext_nostril": null,
"r_mid_cheek": null,
"r_mid_eyebrow": null,
"r_ext_eyebrow": null,
"r_ext_lips": null,
"r_jaw_angle": null,
"r_mid_ext_face": null,
"r_int_eyebrow": null,
"r_mid_jaw": null,
"r_mid_bot_eyelid": null,
"r_ext_mouth": null,
"r_top_eyelid": null,
"r_eye_int": null,
"r_pupil": null,
"l_shoulder": null,
"l_elbow": null,
"l_hip": null,
"l_knee": null,
"l_ankle": null,
"l_body_wrist": null,
"r_shoulder": null,
"r_elbow": null,
"r_hip": null,
"r_knee": null,
"r_ankle": null,
"r_body_wrist": null,
"m_face_position": null,
"m_body_position": null,
"m_face_scale": null,
"m_body_scale": null,
"l_hand_scale": [
0.22690424703603884,
0.22690424703603884,
0.22690424703603884
],
"r_hand_scale": null
}
],
"framerate": 30,
"mirrorable": true,
"invalid": false
}