{
"label": "b",
"gestures": [
{
"l_hand_position": [
-0.19312745332717896,
-0.024541527032852173,
-0.48848105501383543
],
"l_wrist": [
-0.12041677924112358,
0.9910662351443802,
-0.057336871504631355
],
"l_thumb_cmc": [
0.19630768905535553,
0.8382296622079312,
-0.07811200183861997
],
"l_thumb_mcp": [
0.38067604537748184,
0.5499956977518404,
-0.05051861605540835
],
"l_thumb_ip": [
0.38749099786911745,
0.2706922746657505,
-0.02678417658367807
],
"l_thumb_tip": [
0.23915144206041264,
0.2597163129567203,
-0.005348366971677173
],
"l_index_mcp": [
0.18845741682582565,
0.04043933083686818,
0.019119156066365738
],
"l_index_pip": [
0.21475103715876656,
-0.29856253608972744,
0.019741104483205076
],
"l_index_dip": [
0.2427549600075669,
-0.4618174311171031,
0.0009103830217805271
],
"l_index_tip": [
0.27316923893908773,
-0.561526183773845,
-0.019484766329247692
],
"l_middle_mcp": [
0.0,
0.0,
0.0
],
"l_middle_pip": [
-0.0004974103856081813,
-0.39970996632464656,
-0.0020046246766249193
],
"l_middle_dip": [
0.04214251265528975,
-0.5902328304510457,
-0.03119783611986604
],
"l_middle_tip": [
0.09437564697150062,
-0.7005913278654451,
-0.05559871069316522
],
"l_ring_mcp": [
-0.16602173102557974,
0.047605274373045695,
-0.029694949414173687
],
"l_ring_pip": [
-0.17552815880086858,
-0.33734482129365695,
-0.05776150247811125
],
"l_ring_dip": [
-0.12351487601805208,
-0.5238823200727957,
-0.10319702749347427
],
"l_ring_tip": [
-0.05605680049248611,
-0.6213694151289209,
-0.13084683935673294
],
"l_pinky_mcp": [
-0.3255259470254184,
0.16238676333140817,
-0.06286388938839974
],
"l_pinky_pip": [
-0.3572858894248342,
-0.15759557239076175,
-0.09779263602405185
],
"l_pinky_dip": [
-0.31622023390915965,
-0.3059309744592945,
-0.12571537550466727
],
"l_pinky_tip": [
-0.2436710080633768,
-0.38137876920588204,
-0.14292137725973797
],
"r_hand_position": null,
"r_wrist": null,
"r_thumb_cmc": null,
"r_thumb_mcp": null,
"r_thumb_ip": null,
"r_thumb_tip": null,
"r_index_mcp": null,
"r_index_pip": null,
"r_index_dip": null,
"r_index_tip": null,
"r_middle_mcp": null,
"r_middle_pip": null,
"r_middle_dip": null,
"r_middle_tip": null,
"r_ring_mcp": null,
"r_ring_pip": null,
"r_ring_dip": null,
"r_ring_tip": null,
"r_pinky_mcp": null,
"r_pinky_pip": null,
"r_pinky_dip": null,
"r_pinky_tip": null,
"l_hand_velocity": null,
"r_hand_velocity": null,
"m_nose_point": null,
"m_top_nose": null,
"m_eyebrows": null,
"m_forehead": null,
"m_top_chin": null,
"m_bot_up_lip": null,
"m_top_low_lip": null,
"m_bot_nose": null,
"m_chin": null,
"m_nose": null,
"l_eye_exterior": null,
"l_temple": null,
"l_mid_chin": null,
"l_up_lip": null,
"l_ext_nostril": null,
"l_mid_cheek": null,
"l_mid_eyebrow": null,
"l_ext_eyebrow": null,
"l_ext_lips": null,
"l_jaw_angle": null,
"l_mid_ext_face": null,
"l_int_eyebrow": null,
"l_mid_jaw": null,
"l_mid_bot_eyelid": null,
"l_ext_mouth": null,
"l_top_eyelid": null,
"l_eye_int": null,
"l_pupil": null,
"r_eye_exterior": null,
"r_temple": null,
"r_mid_chin": null,
"r_up_lip": null,
"r_ext_nostril": null,
"r_mid_cheek": null,
"r_mid_eyebrow": null,
"r_ext_eyebrow": null,
"r_ext_lips": null,
"r_jaw_angle": null,
"r_mid_ext_face": null,
"r_int_eyebrow": null,
"r_mid_jaw": null,
"r_mid_bot_eyelid": null,
"r_ext_mouth": null,
"r_top_eyelid": null,
"r_eye_int": null,
"r_pupil": null,
"l_shoulder": null,
"l_elbow": null,
"l_hip": null,
"l_knee": null,
"l_ankle": null,
"l_body_wrist": null,
"r_shoulder": null,
"r_elbow": null,
"r_hip": null,
"r_knee": null,
"r_ankle": null,
"r_body_wrist": null,
"m_face_position": null,
"m_body_position": null,
"m_face_scale": null,
"m_body_scale": null,
"l_hand_scale": [
0.20089485434398777,
0.20089485434398777,
0.20089485434398777
],
"r_hand_scale": null
}
],
"framerate": 30,
"mirrorable": true,
"invalid": false
}