{
"label": "b",
"gestures": [
{
"l_hand_position": null,
"l_wrist": null,
"l_thumb_cmc": null,
"l_thumb_mcp": null,
"l_thumb_ip": null,
"l_thumb_tip": null,
"l_index_mcp": null,
"l_index_pip": null,
"l_index_dip": null,
"l_index_tip": null,
"l_middle_mcp": null,
"l_middle_pip": null,
"l_middle_dip": null,
"l_middle_tip": null,
"l_ring_mcp": null,
"l_ring_pip": null,
"l_ring_dip": null,
"l_ring_tip": null,
"l_pinky_mcp": null,
"l_pinky_pip": null,
"l_pinky_dip": null,
"l_pinky_tip": null,
"r_hand_position": [
-0.1794062852859497,
-0.030503809452056885,
-0.5170382019132376
],
"r_wrist": [
0.11784066813059825,
0.9879841185476126,
0.10000479204633703
],
"r_thumb_cmc": [
-0.24349868762530527,
0.6969320050320478,
0.18212976262943947
],
"r_thumb_mcp": [
-0.37798861739913187,
0.24293053463289924,
0.22567120384553913
],
"r_thumb_ip": [
-0.35508127648979576,
-0.16047208389144874,
0.27742810693879344
],
"r_thumb_tip": [
-0.27436646769055684,
-0.4071328717765212,
0.34353527898731234
],
"r_index_mcp": [
-0.26207753537051354,
0.01630885963484713,
0.003907243492206693
],
"r_index_pip": [
-0.23259008020152921,
-0.6909118223391149,
0.024101415528920953
],
"r_index_dip": [
-0.2591729231664181,
-0.8820970535232515,
0.13228236218205652
],
"r_index_tip": [
-0.2860736029500267,
-0.8803268231405086,
0.24089743728299556
],
"r_middle_mcp": [
0.0,
0.0,
0.0
],
"r_middle_pip": [
-0.01903942250783299,
-0.7132978898748765,
-0.0014205136739782144
],
"r_middle_dip": [
-0.08219379080379341,
-0.9085315609778077,
0.11173139448294105
],
"r_middle_tip": [
-0.13999286234405478,
-0.9320392408865088,
0.23233656073299275
],
"r_ring_mcp": [
0.22113221157204044,
0.04275753592942337,
0.017962459473351525
],
"r_ring_pip": [
0.1866699192404861,
-0.5742655349450155,
0.036382410674693784
],
"r_ring_dip": [
0.10826393166870012,
-0.756278978613504,
0.1549849546069064
],
"r_ring_tip": [
0.03748585282223728,
-0.7914843478883282,
0.26967758745666165
],
"r_pinky_mcp": [
0.3815899516995183,
0.13991047316319785,
0.05085926990664918
],
"r_pinky_pip": [
0.28351516524469095,
-0.31191424359139996,
0.12026489543463366
],
"r_pinky_dip": [
0.20213267172500443,
-0.4579129448644167,
0.23244515570823845
],
"r_pinky_tip": [
0.13940004507457693,
-0.475004414255429,
0.33961569242382283
],
"l_hand_velocity": null,
"r_hand_velocity": null,
"m_nose_point": null,
"m_top_nose": null,
"m_eyebrows": null,
"m_forehead": null,
"m_top_chin": null,
"m_bot_up_lip": null,
"m_top_low_lip": null,
"m_bot_nose": null,
"m_chin": null,
"m_nose": null,
"l_eye_exterior": null,
"l_temple": null,
"l_mid_chin": null,
"l_up_lip": null,
"l_ext_nostril": null,
"l_mid_cheek": null,
"l_mid_eyebrow": null,
"l_ext_eyebrow": null,
"l_ext_lips": null,
"l_jaw_angle": null,
"l_mid_ext_face": null,
"l_int_eyebrow": null,
"l_mid_jaw": null,
"l_mid_bot_eyelid": null,
"l_ext_mouth": null,
"l_top_eyelid": null,
"l_eye_int": null,
"l_pupil": null,
"r_eye_exterior": null,
"r_temple": null,
"r_mid_chin": null,
"r_up_lip": null,
"r_ext_nostril": null,
"r_mid_cheek": null,
"r_mid_eyebrow": null,
"r_ext_eyebrow": null,
"r_ext_lips": null,
"r_jaw_angle": null,
"r_mid_ext_face": null,
"r_int_eyebrow": null,
"r_mid_jaw": null,
"r_mid_bot_eyelid": null,
"r_ext_mouth": null,
"r_top_eyelid": null,
"r_eye_int": null,
"r_pupil": null,
"l_shoulder": null,
"l_elbow": null,
"l_hip": null,
"l_knee": null,
"l_ankle": null,
"l_body_wrist": null,
"r_shoulder": null,
"r_elbow": null,
"r_hip": null,
"r_knee": null,
"r_ankle": null,
"r_body_wrist": null,
"m_face_position": null,
"m_body_position": null,
"m_face_scale": null,
"m_body_scale": null,
"l_hand_scale": null,
"r_hand_scale": [
0.17037302347966585,
0.17037302347966585,
0.17037302347966585
]
}
],
"framerate": 30,
"mirrorable": true,
"invalid": false
}