{
"label": "b",
"gestures": [
{
"l_hand_position": [
0.24344080686569214,
-0.05553865432739258,
-0.5121973240748048
],
"l_wrist": [
0.12514272787857028,
0.990611431113906,
0.05502990283081658
],
"l_thumb_cmc": [
-0.07807060133652721,
0.7808254141010121,
-0.03752827396229397
],
"l_thumb_mcp": [
-0.1619208436922533,
0.39800998224282824,
-0.06371785219053082
],
"l_thumb_ip": [
-0.006356744575275585,
0.13789198346572826,
-0.08388722313680885
],
"l_thumb_tip": [
0.20485105552288277,
0.11783198755996656,
-0.1022183202557563
],
"l_index_mcp": [
-0.14720793005920896,
0.050044909049335715,
0.009119727014455258
],
"l_index_pip": [
-0.21040910598746504,
-0.3157712464387283,
-0.01535921801671476
],
"l_index_dip": [
-0.2409528360879484,
-0.5399137228611904,
-0.039832620762888966
],
"l_index_tip": [
-0.24954592417316526,
-0.7572405417454483,
-0.07758696869002737
],
"l_middle_mcp": [
0.0,
0.0,
0.0
],
"l_middle_pip": [
-0.08588408867194612,
-0.3966489752077377,
-0.031599995498484065
],
"l_middle_dip": [
-0.15224212324176073,
-0.628269998388222,
-0.06726951144894815
],
"l_middle_tip": [
-0.20387379814973142,
-0.8294192277223004,
-0.10388902294917247
],
"l_ring_mcp": [
0.15276759404724716,
0.03988401400609125,
-0.02199106834122915
],
"l_ring_pip": [
0.23566585756396505,
-0.3174700177172635,
-0.09138470358413432
],
"l_ring_dip": [
0.3014871266641016,
-0.5612079297504629,
-0.1408954187167999
],
"l_ring_tip": [
0.35020235792544974,
-0.7682412757475127,
-0.1790147254806301
],
"l_pinky_mcp": [
0.3039794825623863,
0.148522817215517,
-0.05091421582064667
],
"l_pinky_pip": [
0.33382670837105294,
-0.18456745215818454,
-0.12722112677084083
],
"l_pinky_dip": [
0.3644895702867003,
-0.38009435901001887,
-0.15383026311646367
],
"l_pinky_tip": [
0.39874440433585967,
-0.554200935222441,
-0.1736847196644882
],
"r_hand_position": null,
"r_wrist": null,
"r_thumb_cmc": null,
"r_thumb_mcp": null,
"r_thumb_ip": null,
"r_thumb_tip": null,
"r_index_mcp": null,
"r_index_pip": null,
"r_index_dip": null,
"r_index_tip": null,
"r_middle_mcp": null,
"r_middle_pip": null,
"r_middle_dip": null,
"r_middle_tip": null,
"r_ring_mcp": null,
"r_ring_pip": null,
"r_ring_dip": null,
"r_ring_tip": null,
"r_pinky_mcp": null,
"r_pinky_pip": null,
"r_pinky_dip": null,
"r_pinky_tip": null,
"l_hand_velocity": null,
"r_hand_velocity": null,
"m_nose_point": null,
"m_top_nose": null,
"m_eyebrows": null,
"m_forehead": null,
"m_top_chin": null,
"m_bot_up_lip": null,
"m_top_low_lip": null,
"m_bot_nose": null,
"m_chin": null,
"m_nose": null,
"l_eye_exterior": null,
"l_temple": null,
"l_mid_chin": null,
"l_up_lip": null,
"l_ext_nostril": null,
"l_mid_cheek": null,
"l_mid_eyebrow": null,
"l_ext_eyebrow": null,
"l_ext_lips": null,
"l_jaw_angle": null,
"l_mid_ext_face": null,
"l_int_eyebrow": null,
"l_mid_jaw": null,
"l_mid_bot_eyelid": null,
"l_ext_mouth": null,
"l_top_eyelid": null,
"l_eye_int": null,
"l_pupil": null,
"r_eye_exterior": null,
"r_temple": null,
"r_mid_chin": null,
"r_up_lip": null,
"r_ext_nostril": null,
"r_mid_cheek": null,
"r_mid_eyebrow": null,
"r_ext_eyebrow": null,
"r_ext_lips": null,
"r_jaw_angle": null,
"r_mid_ext_face": null,
"r_int_eyebrow": null,
"r_mid_jaw": null,
"r_mid_bot_eyelid": null,
"r_ext_mouth": null,
"r_top_eyelid": null,
"r_eye_int": null,
"r_pupil": null,
"l_shoulder": null,
"l_elbow": null,
"l_hip": null,
"l_knee": null,
"l_ankle": null,
"l_body_wrist": null,
"r_shoulder": null,
"r_elbow": null,
"r_hip": null,
"r_knee": null,
"r_ankle": null,
"r_body_wrist": null,
"m_face_position": null,
"m_body_position": null,
"m_face_scale": null,
"m_body_scale": null,
"l_hand_scale": [
0.2216440469671698,
0.2216440469671698,
0.2216440469671698
],
"r_hand_scale": null
}
],
"framerate": 30,
"mirrorable": true,
"invalid": false
}