{
"label": "b",
"gestures": [
{
"l_hand_position": [
0.19765979051589966,
-0.04662469029426575,
-0.5146855749189854
],
"l_wrist": [
-0.08098929686540843,
0.9927074305210549,
0.0892899276600211
],
"l_thumb_cmc": [
0.21797905506538778,
0.6097729961600409,
0.1775570516252476
],
"l_thumb_mcp": [
0.30010666255400853,
0.16311237430538542,
0.19996342533803554
],
"l_thumb_ip": [
0.18715986572804272,
-0.21938192052939764,
0.21860698775814716
],
"l_thumb_tip": [
0.01117146235948541,
-0.40527047340604627,
0.2208905966046049
],
"l_index_mcp": [
0.23537190503031294,
-0.056324450413575,
0.04866746774267397
],
"l_index_pip": [
0.05357851612765334,
-0.6553231788792183,
0.06212460012075004
],
"l_index_dip": [
-0.06476882348949693,
-0.8667066643211889,
0.09592410987648681
],
"l_index_tip": [
-0.13886737276185873,
-0.966318991161231,
0.12235919033401911
],
"l_middle_mcp": [
0.0,
0.0,
0.0
],
"l_middle_pip": [
-0.17420646343403484,
-0.5987772996879347,
0.01770032701662263
],
"l_middle_dip": [
-0.26114353296679793,
-0.8387218358192924,
0.046585109138497144
],
"l_middle_tip": [
-0.31977395934200936,
-0.9566239622557307,
0.06105943279545254
],
"l_ring_mcp": [
-0.23396505312349655,
0.08274623093141717,
-0.0293548284629957
],
"l_ring_pip": [
-0.37216524032109743,
-0.45985393552483866,
-0.015527987489978062
],
"l_ring_dip": [
-0.41717616604971763,
-0.7025244737280854,
0.006737365808528604
],
"l_ring_tip": [
-0.441517023422547,
-0.8352545365873332,
0.019288341231265122
],
"l_pinky_mcp": [
-0.4574555465708688,
0.19969940277795367,
-0.04393929742144453
],
"l_pinky_pip": [
-0.5148708326978692,
-0.2610335433857266,
-0.03695068945257035
],
"l_pinky_dip": [
-0.5432097298017646,
-0.4757872038167337,
-0.004656623865461534
],
"l_pinky_tip": [
-0.5536096342762392,
-0.6238686955200676,
0.02466131867645208
],
"r_hand_position": null,
"r_wrist": null,
"r_thumb_cmc": null,
"r_thumb_mcp": null,
"r_thumb_ip": null,
"r_thumb_tip": null,
"r_index_mcp": null,
"r_index_pip": null,
"r_index_dip": null,
"r_index_tip": null,
"r_middle_mcp": null,
"r_middle_pip": null,
"r_middle_dip": null,
"r_middle_tip": null,
"r_ring_mcp": null,
"r_ring_pip": null,
"r_ring_dip": null,
"r_ring_tip": null,
"r_pinky_mcp": null,
"r_pinky_pip": null,
"r_pinky_dip": null,
"r_pinky_tip": null,
"l_hand_velocity": null,
"r_hand_velocity": null,
"m_nose_point": null,
"m_top_nose": null,
"m_eyebrows": null,
"m_forehead": null,
"m_top_chin": null,
"m_bot_up_lip": null,
"m_top_low_lip": null,
"m_bot_nose": null,
"m_chin": null,
"m_nose": null,
"l_eye_exterior": null,
"l_temple": null,
"l_mid_chin": null,
"l_up_lip": null,
"l_ext_nostril": null,
"l_mid_cheek": null,
"l_mid_eyebrow": null,
"l_ext_eyebrow": null,
"l_ext_lips": null,
"l_jaw_angle": null,
"l_mid_ext_face": null,
"l_int_eyebrow": null,
"l_mid_jaw": null,
"l_mid_bot_eyelid": null,
"l_ext_mouth": null,
"l_top_eyelid": null,
"l_eye_int": null,
"l_pupil": null,
"r_eye_exterior": null,
"r_temple": null,
"r_mid_chin": null,
"r_up_lip": null,
"r_ext_nostril": null,
"r_mid_cheek": null,
"r_mid_eyebrow": null,
"r_ext_eyebrow": null,
"r_ext_lips": null,
"r_jaw_angle": null,
"r_mid_ext_face": null,
"r_int_eyebrow": null,
"r_mid_jaw": null,
"r_mid_bot_eyelid": null,
"r_ext_mouth": null,
"r_top_eyelid": null,
"r_eye_int": null,
"r_pupil": null,
"l_shoulder": null,
"l_elbow": null,
"l_hip": null,
"l_knee": null,
"l_ankle": null,
"l_body_wrist": null,
"r_shoulder": null,
"r_elbow": null,
"r_hip": null,
"r_knee": null,
"r_ankle": null,
"r_body_wrist": null,
"m_face_position": null,
"m_body_position": null,
"m_face_scale": null,
"m_body_scale": null,
"l_hand_scale": [
0.16447021175219054,
0.16447021175219054,
0.16447021175219054
],
"r_hand_scale": null
}
],
"framerate": 30,
"mirrorable": true,
"invalid": false
}