{
"label": "b",
"gestures": [
{
"l_hand_position": null,
"l_wrist": null,
"l_thumb_cmc": null,
"l_thumb_mcp": null,
"l_thumb_ip": null,
"l_thumb_tip": null,
"l_index_mcp": null,
"l_index_pip": null,
"l_index_dip": null,
"l_index_tip": null,
"l_middle_mcp": null,
"l_middle_pip": null,
"l_middle_dip": null,
"l_middle_tip": null,
"l_ring_mcp": null,
"l_ring_pip": null,
"l_ring_dip": null,
"l_ring_tip": null,
"l_pinky_mcp": null,
"l_pinky_pip": null,
"l_pinky_dip": null,
"l_pinky_tip": null,
"r_hand_position": [
0.29954373836517334,
0.013969242572784424,
-0.5201475191861391
],
"r_wrist": [
0.16013747366095804,
0.9820460290710372,
0.09970750380635102
],
"r_thumb_cmc": [
-0.1530357222640614,
0.8316467685940444,
-0.018890980235475238
],
"r_thumb_mcp": [
-0.4080165017855599,
0.589986345011284,
-0.09744231539234757
],
"r_thumb_ip": [
-0.6157551189784252,
0.399713328498002,
-0.16965074286630025
],
"r_thumb_tip": [
-0.7785986678726085,
0.26648174674882036,
-0.24167977191743767
],
"r_index_mcp": [
-0.17097917795539802,
0.03797944437858556,
-0.0059191063322180815
],
"r_index_pip": [
-0.2033544449461434,
-0.37367996444101964,
-0.07112457967038467
],
"r_index_dip": [
-0.21364956569936186,
-0.6042059237915838,
-0.13160651521181574
],
"r_index_tip": [
-0.22290107470468942,
-0.8051795003875007,
-0.17824302581027465
],
"r_middle_mcp": [
0.0,
0.0,
0.0
],
"r_middle_pip": [
-0.04001534270643822,
-0.4479215248781736,
-0.050151454992204025
],
"r_middle_dip": [
-0.06543929413732041,
-0.7228775288076488,
-0.10175882838393305
],
"r_middle_tip": [
-0.08488002886548407,
-0.9539606906996956,
-0.1447759559836475
],
"r_ring_mcp": [
0.16045397886318724,
0.04425763331078146,
-0.009423837312517547
],
"r_ring_pip": [
0.1120732237287714,
-0.3710088434169875,
-0.05132111206090343
],
"r_ring_dip": [
0.07213516374645625,
-0.6031429913626621,
-0.10016831968682684
],
"r_ring_tip": [
0.030001920432370655,
-0.7979809980993355,
-0.1388470510426815
],
"r_pinky_mcp": [
0.32138138815468564,
0.13811602689709707,
-0.03190896198535257
],
"r_pinky_pip": [
0.28672185621886764,
-0.18811263990458985,
-0.07191823932532217
],
"r_pinky_dip": [
0.24534138203440825,
-0.3830091986288145,
-0.10027250019112538
],
"r_pinky_tip": [
0.20248693161925052,
-0.5641945632102435,
-0.12095445962516536
],
"l_hand_velocity": null,
"r_hand_velocity": null,
"m_nose_point": null,
"m_top_nose": null,
"m_eyebrows": null,
"m_forehead": null,
"m_top_chin": null,
"m_bot_up_lip": null,
"m_top_low_lip": null,
"m_bot_nose": null,
"m_chin": null,
"m_nose": null,
"l_eye_exterior": null,
"l_temple": null,
"l_mid_chin": null,
"l_up_lip": null,
"l_ext_nostril": null,
"l_mid_cheek": null,
"l_mid_eyebrow": null,
"l_ext_eyebrow": null,
"l_ext_lips": null,
"l_jaw_angle": null,
"l_mid_ext_face": null,
"l_int_eyebrow": null,
"l_mid_jaw": null,
"l_mid_bot_eyelid": null,
"l_ext_mouth": null,
"l_top_eyelid": null,
"l_eye_int": null,
"l_pupil": null,
"r_eye_exterior": null,
"r_temple": null,
"r_mid_chin": null,
"r_up_lip": null,
"r_ext_nostril": null,
"r_mid_cheek": null,
"r_mid_eyebrow": null,
"r_ext_eyebrow": null,
"r_ext_lips": null,
"r_jaw_angle": null,
"r_mid_ext_face": null,
"r_int_eyebrow": null,
"r_mid_jaw": null,
"r_mid_bot_eyelid": null,
"r_ext_mouth": null,
"r_top_eyelid": null,
"r_eye_int": null,
"r_pupil": null,
"l_shoulder": null,
"l_elbow": null,
"l_hip": null,
"l_knee": null,
"l_ankle": null,
"l_body_wrist": null,
"r_shoulder": null,
"r_elbow": null,
"r_hip": null,
"r_knee": null,
"r_ankle": null,
"r_body_wrist": null,
"m_face_position": null,
"m_body_position": null,
"m_face_scale": null,
"m_body_scale": null,
"l_hand_scale": null,
"r_hand_scale": [
0.20206866551811334,
0.20206866551811334,
0.20206866551811334
]
}
],
"framerate": 30,
"mirrorable": true,
"invalid": false
}