{
"label": "b",
"gestures": [
{
"l_hand_position": null,
"l_wrist": null,
"l_thumb_cmc": null,
"l_thumb_mcp": null,
"l_thumb_ip": null,
"l_thumb_tip": null,
"l_index_mcp": null,
"l_index_pip": null,
"l_index_dip": null,
"l_index_tip": null,
"l_middle_mcp": null,
"l_middle_pip": null,
"l_middle_dip": null,
"l_middle_tip": null,
"l_ring_mcp": null,
"l_ring_pip": null,
"l_ring_dip": null,
"l_ring_tip": null,
"l_pinky_mcp": null,
"l_pinky_pip": null,
"l_pinky_dip": null,
"l_pinky_tip": null,
"r_hand_position": [
-0.3635532855987549,
0.04774731397628784,
-0.49781160964630544
],
"r_wrist": [
-0.009845152018716165,
0.9998780826519581,
-0.012119934569634989
],
"r_thumb_cmc": [
0.21486648530265987,
0.7613686569980627,
-0.11537898918410285
],
"r_thumb_mcp": [
0.34143519710345693,
0.3816547633986513,
-0.1291213559283339
],
"r_thumb_ip": [
0.3307873192951759,
0.03389011553682102,
-0.1332044681965458
],
"r_thumb_tip": [
0.20983199317458393,
-0.13728608324621702,
-0.13474816370205409
],
"r_index_mcp": [
0.14985749871145862,
0.006490144477505863,
-0.01148440828745748
],
"r_index_pip": [
0.15987093757830587,
-0.3734530286040576,
-0.04984500890823575
],
"r_index_dip": [
0.15393971342230248,
-0.5883734086158051,
-0.10354324062460733
],
"r_index_tip": [
0.14474748796345138,
-0.7785259922423894,
-0.1465289239768182
],
"r_middle_mcp": [
0.0,
0.0,
0.0
],
"r_middle_pip": [
0.011070699545885458,
-0.40071351718502973,
-0.0235312331467327
],
"r_middle_dip": [
0.01351296346106268,
-0.6601075140134132,
-0.07548208960434173
],
"r_middle_tip": [
0.005812787850428053,
-0.8727204081497077,
-0.11995343673567925
],
"r_ring_mcp": [
-0.12946338589646983,
0.0598747933780138,
-0.006101156525975839
],
"r_ring_pip": [
-0.12578600050886427,
-0.3043398732551254,
-0.03219866996635116
],
"r_ring_dip": [
-0.10895467460741039,
-0.5248834604943695,
-0.07371985435484371
],
"r_ring_tip": [
-0.10125387999169436,
-0.6983849724992048,
-0.10625365754104882
],
"r_pinky_mcp": [
-0.2580490225875086,
0.17599750556107843,
-0.025885952978678427
],
"r_pinky_pip": [
-0.26260064948508394,
-0.12291493114029568,
-0.04809151194713688
],
"r_pinky_dip": [
-0.23938890807355442,
-0.3038770225222568,
-0.06335112204639755
],
"r_pinky_tip": [
-0.20970984283852018,
-0.45762253341702014,
-0.07773717154127803
],
"l_hand_velocity": null,
"r_hand_velocity": null,
"m_nose_point": null,
"m_top_nose": null,
"m_eyebrows": null,
"m_forehead": null,
"m_top_chin": null,
"m_bot_up_lip": null,
"m_top_low_lip": null,
"m_bot_nose": null,
"m_chin": null,
"m_nose": null,
"l_eye_exterior": null,
"l_temple": null,
"l_mid_chin": null,
"l_up_lip": null,
"l_ext_nostril": null,
"l_mid_cheek": null,
"l_mid_eyebrow": null,
"l_ext_eyebrow": null,
"l_ext_lips": null,
"l_jaw_angle": null,
"l_mid_ext_face": null,
"l_int_eyebrow": null,
"l_mid_jaw": null,
"l_mid_bot_eyelid": null,
"l_ext_mouth": null,
"l_top_eyelid": null,
"l_eye_int": null,
"l_pupil": null,
"r_eye_exterior": null,
"r_temple": null,
"r_mid_chin": null,
"r_up_lip": null,
"r_ext_nostril": null,
"r_mid_cheek": null,
"r_mid_eyebrow": null,
"r_ext_eyebrow": null,
"r_ext_lips": null,
"r_jaw_angle": null,
"r_mid_ext_face": null,
"r_int_eyebrow": null,
"r_mid_jaw": null,
"r_mid_bot_eyelid": null,
"r_ext_mouth": null,
"r_top_eyelid": null,
"r_eye_int": null,
"r_pupil": null,
"l_shoulder": null,
"l_elbow": null,
"l_hip": null,
"l_knee": null,
"l_ankle": null,
"l_body_wrist": null,
"r_shoulder": null,
"r_elbow": null,
"r_hip": null,
"r_knee": null,
"r_ankle": null,
"r_body_wrist": null,
"m_face_position": null,
"m_body_position": null,
"m_face_scale": null,
"m_body_scale": null,
"l_hand_scale": null,
"r_hand_scale": [
0.18054570521513413,
0.18054570521513413,
0.18054570521513413
]
}
],
"framerate": 30,
"mirrorable": true,
"invalid": false
}