{
"label": "b",
"gestures": [
{
"l_hand_position": [
0.022370636463165283,
0.037173569202423096,
-0.5119844824075699
],
"l_wrist": [
0.12500866765167948,
0.990501145078913,
0.05727403084570036
],
"l_thumb_cmc": [
-0.11681659403951085,
0.8170299485567765,
-0.029935890124612553
],
"l_thumb_mcp": [
-0.2659054118647527,
0.4499373731260785,
-0.06600174416027091
],
"l_thumb_ip": [
-0.2840993695725878,
0.12710404278611087,
-0.10166292068358226
],
"l_thumb_tip": [
-0.294269743933618,
-0.14614956710139326,
-0.13246295543471226
],
"l_index_mcp": [
-0.1477995753213761,
0.023819367691837005,
0.013656359438931693
],
"l_index_pip": [
-0.19687496438782673,
-0.37462678214877065,
-0.06279224851006031
],
"l_index_dip": [
-0.21676934921161994,
-0.6098038708842114,
-0.1281126699515717
],
"l_index_tip": [
-0.2248773913304964,
-0.8114693425209913,
-0.17855009914393716
],
"l_middle_mcp": [
0.0,
0.0,
0.0
],
"l_middle_pip": [
-0.05023402669006396,
-0.43289692569650334,
-0.06663578136077111
],
"l_middle_dip": [
-0.07953538112226695,
-0.694890030630336,
-0.12737326402373042
],
"l_middle_tip": [
-0.104390472575495,
-0.9206516041817779,
-0.17347082265320446
],
"l_ring_mcp": [
0.1453901502840477,
0.04963925462906712,
-0.030202476476425492
],
"l_ring_pip": [
0.10276026160562675,
-0.3484173593909404,
-0.09554752875924401
],
"l_ring_dip": [
0.06366282902319326,
-0.5880435596305523,
-0.1442369960714373
],
"l_ring_tip": [
0.02208319158466472,
-0.7955601868731447,
-0.17903662724747288
],
"l_pinky_mcp": [
0.3002348405472841,
0.16455103986978206,
-0.07149758185440412
],
"l_pinky_pip": [
0.2592699148461268,
-0.1529578271731775,
-0.134733817524521
],
"l_pinky_dip": [
0.21560430240631484,
-0.3574588632166591,
-0.17059160459786882
],
"l_pinky_tip": [
0.17051841530360523,
-0.5378937068600405,
-0.19450251676820335
],
"r_hand_position": null,
"r_wrist": null,
"r_thumb_cmc": null,
"r_thumb_mcp": null,
"r_thumb_ip": null,
"r_thumb_tip": null,
"r_index_mcp": null,
"r_index_pip": null,
"r_index_dip": null,
"r_index_tip": null,
"r_middle_mcp": null,
"r_middle_pip": null,
"r_middle_dip": null,
"r_middle_tip": null,
"r_ring_mcp": null,
"r_ring_pip": null,
"r_ring_dip": null,
"r_ring_tip": null,
"r_pinky_mcp": null,
"r_pinky_pip": null,
"r_pinky_dip": null,
"r_pinky_tip": null,
"l_hand_velocity": null,
"r_hand_velocity": null,
"m_nose_point": null,
"m_top_nose": null,
"m_eyebrows": null,
"m_forehead": null,
"m_top_chin": null,
"m_bot_up_lip": null,
"m_top_low_lip": null,
"m_bot_nose": null,
"m_chin": null,
"m_nose": null,
"l_eye_exterior": null,
"l_temple": null,
"l_mid_chin": null,
"l_up_lip": null,
"l_ext_nostril": null,
"l_mid_cheek": null,
"l_mid_eyebrow": null,
"l_ext_eyebrow": null,
"l_ext_lips": null,
"l_jaw_angle": null,
"l_mid_ext_face": null,
"l_int_eyebrow": null,
"l_mid_jaw": null,
"l_mid_bot_eyelid": null,
"l_ext_mouth": null,
"l_top_eyelid": null,
"l_eye_int": null,
"l_pupil": null,
"r_eye_exterior": null,
"r_temple": null,
"r_mid_chin": null,
"r_up_lip": null,
"r_ext_nostril": null,
"r_mid_cheek": null,
"r_mid_eyebrow": null,
"r_ext_eyebrow": null,
"r_ext_lips": null,
"r_jaw_angle": null,
"r_mid_ext_face": null,
"r_int_eyebrow": null,
"r_mid_jaw": null,
"r_mid_bot_eyelid": null,
"r_ext_mouth": null,
"r_top_eyelid": null,
"r_eye_int": null,
"r_pupil": null,
"l_shoulder": null,
"l_elbow": null,
"l_hip": null,
"l_knee": null,
"l_ankle": null,
"l_body_wrist": null,
"r_shoulder": null,
"r_elbow": null,
"r_hip": null,
"r_knee": null,
"r_ankle": null,
"r_body_wrist": null,
"m_face_position": null,
"m_body_position": null,
"m_face_scale": null,
"m_body_scale": null,
"l_hand_scale": [
0.2092473847585068,
0.2092473847585068,
0.2092473847585068
],
"r_hand_scale": null
}
],
"framerate": 30,
"mirrorable": true,
"invalid": false
}