{
"label": "b",
"gestures": [
{
"l_hand_position": [
0.2003231644630432,
-0.014165401458740234,
-0.5071451105177402
],
"l_wrist": [
-0.01435842071207171,
0.998856499166326,
0.04560186210942014
],
"l_thumb_cmc": [
0.25677930847896074,
0.6053619729108759,
0.14916465469099838
],
"l_thumb_mcp": [
0.3162618575070123,
0.2024147404354161,
0.19134819784584683
],
"l_thumb_ip": [
0.1811005978338165,
-0.13621137016135776,
0.22404963653719218
],
"l_thumb_tip": [
0.0376130138118109,
-0.30817975374628437,
0.23838556575040043
],
"l_index_mcp": [
0.21019137825809148,
-0.03602424856862723,
0.06179292048899929
],
"l_index_pip": [
0.12357866081662779,
-0.6153404000852924,
0.04445158322179572
],
"l_index_dip": [
0.05485110719020617,
-0.9321565089892445,
0.03964515216218997
],
"l_index_tip": [
-0.00996663459150295,
-1.1569788687870721,
0.040884472607434885
],
"l_middle_mcp": [
0.0,
0.0,
0.0
],
"l_middle_pip": [
-0.06576114841479795,
-0.6224047278593957,
-0.015380981491662832
],
"l_middle_dip": [
-0.11769416194273621,
-0.9763754614651295,
-0.025368425474688237
],
"l_middle_tip": [
-0.15245260987765252,
-1.2211183468482985,
-0.031979208370150856
],
"l_ring_mcp": [
-0.2004895061732941,
0.0867743899491503,
-0.048602637139542965
],
"l_ring_pip": [
-0.23642036509336356,
-0.4920485653175958,
-0.07131413543414128
],
"l_ring_dip": [
-0.26692549465547094,
-0.8307288837551822,
-0.09328050772741242
],
"l_ring_tip": [
-0.2826845698929592,
-1.0888514054685932,
-0.10485536770144338
],
"l_pinky_mcp": [
-0.3927188786244548,
0.2150054149281476,
-0.08006569414121997
],
"l_pinky_pip": [
-0.4107851156481059,
-0.27031434061953213,
-0.11838128198808863
],
"l_pinky_dip": [
-0.41685258976010864,
-0.5386420114240213,
-0.13013757180126023
],
"l_pinky_tip": [
-0.40268513281005736,
-0.7667107551761959,
-0.12937466776792972
],
"r_hand_position": null,
"r_wrist": null,
"r_thumb_cmc": null,
"r_thumb_mcp": null,
"r_thumb_ip": null,
"r_thumb_tip": null,
"r_index_mcp": null,
"r_index_pip": null,
"r_index_dip": null,
"r_index_tip": null,
"r_middle_mcp": null,
"r_middle_pip": null,
"r_middle_dip": null,
"r_middle_tip": null,
"r_ring_mcp": null,
"r_ring_pip": null,
"r_ring_dip": null,
"r_ring_tip": null,
"r_pinky_mcp": null,
"r_pinky_pip": null,
"r_pinky_dip": null,
"r_pinky_tip": null,
"l_hand_velocity": null,
"r_hand_velocity": null,
"m_nose_point": null,
"m_top_nose": null,
"m_eyebrows": null,
"m_forehead": null,
"m_top_chin": null,
"m_bot_up_lip": null,
"m_top_low_lip": null,
"m_bot_nose": null,
"m_chin": null,
"m_nose": null,
"l_eye_exterior": null,
"l_temple": null,
"l_mid_chin": null,
"l_up_lip": null,
"l_ext_nostril": null,
"l_mid_cheek": null,
"l_mid_eyebrow": null,
"l_ext_eyebrow": null,
"l_ext_lips": null,
"l_jaw_angle": null,
"l_mid_ext_face": null,
"l_int_eyebrow": null,
"l_mid_jaw": null,
"l_mid_bot_eyelid": null,
"l_ext_mouth": null,
"l_top_eyelid": null,
"l_eye_int": null,
"l_pupil": null,
"r_eye_exterior": null,
"r_temple": null,
"r_mid_chin": null,
"r_up_lip": null,
"r_ext_nostril": null,
"r_mid_cheek": null,
"r_mid_eyebrow": null,
"r_ext_eyebrow": null,
"r_ext_lips": null,
"r_jaw_angle": null,
"r_mid_ext_face": null,
"r_int_eyebrow": null,
"r_mid_jaw": null,
"r_mid_bot_eyelid": null,
"r_ext_mouth": null,
"r_top_eyelid": null,
"r_eye_int": null,
"r_pupil": null,
"l_shoulder": null,
"l_elbow": null,
"l_hip": null,
"l_knee": null,
"l_ankle": null,
"l_body_wrist": null,
"r_shoulder": null,
"r_elbow": null,
"r_hip": null,
"r_knee": null,
"r_ankle": null,
"r_body_wrist": null,
"m_face_position": null,
"m_body_position": null,
"m_face_scale": null,
"m_body_scale": null,
"l_hand_scale": [
0.15668696176005203,
0.15668696176005203,
0.15668696176005203
],
"r_hand_scale": null
}
],
"framerate": 30,
"mirrorable": true,
"invalid": false
}