{
"label": "b",
"gestures": [
{
"l_hand_position": [
0.19200271368026733,
-0.010926872491836548,
-0.5247714500874281
],
"l_wrist": [
0.9086678848441645,
0.3963067498721967,
0.13139115289306302
],
"l_thumb_cmc": [
0.580233355360408,
0.6526963706700492,
-0.0292701706846416
],
"l_thumb_mcp": [
0.22683888792273615,
0.8507132484153737,
-0.1360455229923436
],
"l_thumb_ip": [
-0.049672331494684425,
1.0110331903564045,
-0.23216920399484914
],
"l_thumb_tip": [
-0.2530169467244849,
1.1428207143070508,
-0.3242265609700034
],
"l_index_mcp": [
-0.0707806301314048,
0.22878367650188133,
-0.011798026403624522
],
"l_index_pip": [
-0.43170101679634654,
0.03358984835705707,
-0.10383726410779738
],
"l_index_dip": [
-0.6288826297402239,
-0.08447192275966622,
-0.18475618949314018
],
"l_index_tip": [
-0.8034134546581833,
-0.19245534831509892,
-0.24753991790751137
],
"l_middle_mcp": [
0.0,
0.0,
0.0
],
"l_middle_pip": [
-0.3998503023048308,
-0.18363179684803363,
-0.07586820329838491
],
"l_middle_dip": [
-0.6275263519210688,
-0.30039419690724467,
-0.1386732322297877
],
"l_middle_tip": [
-0.8217364834611609,
-0.41932648340276607,
-0.19143028563206832
],
"l_ring_mcp": [
0.13062599371578007,
-0.1726116443815535,
-0.008939242123113547
],
"l_ring_pip": [
-0.23641376671782524,
-0.3389695518072311,
-0.07399915208638458
],
"l_ring_dip": [
-0.44861813243806936,
-0.437164540137076,
-0.1213636377663592
],
"l_ring_tip": [
-0.6313681906293143,
-0.5159552711927288,
-0.1589470564367505
],
"l_pinky_mcp": [
0.3151208764487306,
-0.32813592705946926,
-0.0367561069840697
],
"l_pinky_pip": [
0.028110043359524245,
-0.45403565614647085,
-0.0924971889407062
],
"l_pinky_dip": [
-0.15637250957507035,
-0.5014540056570839,
-0.11750877768452947
],
"l_pinky_tip": [
-0.3221004907642289,
-0.5414148821287362,
-0.1353670086562135
],
"r_hand_position": null,
"r_wrist": null,
"r_thumb_cmc": null,
"r_thumb_mcp": null,
"r_thumb_ip": null,
"r_thumb_tip": null,
"r_index_mcp": null,
"r_index_pip": null,
"r_index_dip": null,
"r_index_tip": null,
"r_middle_mcp": null,
"r_middle_pip": null,
"r_middle_dip": null,
"r_middle_tip": null,
"r_ring_mcp": null,
"r_ring_pip": null,
"r_ring_dip": null,
"r_ring_tip": null,
"r_pinky_mcp": null,
"r_pinky_pip": null,
"r_pinky_dip": null,
"r_pinky_tip": null,
"l_hand_velocity": null,
"r_hand_velocity": null,
"m_nose_point": null,
"m_top_nose": null,
"m_eyebrows": null,
"m_forehead": null,
"m_top_chin": null,
"m_bot_up_lip": null,
"m_top_low_lip": null,
"m_bot_nose": null,
"m_chin": null,
"m_nose": null,
"l_eye_exterior": null,
"l_temple": null,
"l_mid_chin": null,
"l_up_lip": null,
"l_ext_nostril": null,
"l_mid_cheek": null,
"l_mid_eyebrow": null,
"l_ext_eyebrow": null,
"l_ext_lips": null,
"l_jaw_angle": null,
"l_mid_ext_face": null,
"l_int_eyebrow": null,
"l_mid_jaw": null,
"l_mid_bot_eyelid": null,
"l_ext_mouth": null,
"l_top_eyelid": null,
"l_eye_int": null,
"l_pupil": null,
"r_eye_exterior": null,
"r_temple": null,
"r_mid_chin": null,
"r_up_lip": null,
"r_ext_nostril": null,
"r_mid_cheek": null,
"r_mid_eyebrow": null,
"r_ext_eyebrow": null,
"r_ext_lips": null,
"r_jaw_angle": null,
"r_mid_ext_face": null,
"r_int_eyebrow": null,
"r_mid_jaw": null,
"r_mid_bot_eyelid": null,
"r_ext_mouth": null,
"r_top_eyelid": null,
"r_eye_int": null,
"r_pupil": null,
"l_shoulder": null,
"l_elbow": null,
"l_hip": null,
"l_knee": null,
"l_ankle": null,
"l_body_wrist": null,
"r_shoulder": null,
"r_elbow": null,
"r_hip": null,
"r_knee": null,
"r_ankle": null,
"r_body_wrist": null,
"m_face_position": null,
"m_body_position": null,
"m_face_scale": null,
"m_body_scale": null,
"l_hand_scale": [
0.18853358985529425,
0.18853358985529425,
0.18853358985529425
],
"r_hand_scale": null
}
],
"framerate": 30,
"mirrorable": true,
"invalid": false
}