{
"label": "b",
"gestures": [
{
"l_hand_position": null,
"l_wrist": null,
"l_thumb_cmc": null,
"l_thumb_mcp": null,
"l_thumb_ip": null,
"l_thumb_tip": null,
"l_index_mcp": null,
"l_index_pip": null,
"l_index_dip": null,
"l_index_tip": null,
"l_middle_mcp": null,
"l_middle_pip": null,
"l_middle_dip": null,
"l_middle_tip": null,
"l_ring_mcp": null,
"l_ring_pip": null,
"l_ring_dip": null,
"l_ring_tip": null,
"l_pinky_mcp": null,
"l_pinky_pip": null,
"l_pinky_dip": null,
"l_pinky_tip": null,
"r_hand_position": [
-0.15042302012443542,
-0.033013761043548584,
-0.5325351506471634
],
"r_wrist": [
0.0633842268898363,
0.9839877718782855,
0.16658482696687876
],
"r_thumb_cmc": [
-0.2588916748223727,
0.6201846520879787,
0.1705549449734267
],
"r_thumb_mcp": [
-0.35554299607315754,
0.2323711416434666,
0.15640215140779848
],
"r_thumb_ip": [
-0.26885152362053366,
-0.08920634533709768,
0.15320675761733332
],
"r_thumb_tip": [
-0.15843912801336155,
-0.2555706570772305,
0.14802267313164916
],
"r_index_mcp": [
-0.22952636431288923,
0.014607198386749964,
0.0032616021375096414
],
"r_index_pip": [
-0.26167846709766823,
-0.5943620758639651,
-0.04844456813678288
],
"r_index_dip": [
-0.27711012141517555,
-0.9155402289243383,
-0.04612028297348542
],
"r_index_tip": [
-0.28785475215890105,
-1.1621386905463333,
-0.03205493966911921
],
"r_middle_mcp": [
0.0,
0.0,
0.0
],
"r_middle_pip": [
-0.07417005754126207,
-0.6379256375282107,
-0.061303974883537504
],
"r_middle_dip": [
-0.13216411576589884,
-0.9798195619570254,
-0.04667983875695521
],
"r_middle_tip": [
-0.17410745291176924,
-1.2293715228882514,
-0.021821874446005224
],
"r_ring_mcp": [
0.17553846303922482,
0.03617931746635372,
0.010838579885104036
],
"r_ring_pip": [
0.09567961379806174,
-0.5260169223102655,
-0.026000918417067947
],
"r_ring_dip": [
0.04004768361490636,
-0.8407451535240382,
-0.0025157693639469357
],
"r_ring_tip": [
-0.00979581212861367,
-1.0625949068866145,
0.027123377476508163
],
"r_pinky_mcp": [
0.2923694990815955,
0.1158887788940407,
0.027193169357191144
],
"r_pinky_pip": [
0.20392062167717956,
-0.31087665021280164,
0.03374471764278569
],
"r_pinky_dip": [
0.14297436117744328,
-0.537351169510857,
0.0780525098619613
],
"r_pinky_tip": [
0.09964365528782941,
-0.6982761778810515,
0.119989337994636
],
"l_hand_velocity": null,
"r_hand_velocity": null,
"m_nose_point": null,
"m_top_nose": null,
"m_eyebrows": null,
"m_forehead": null,
"m_top_chin": null,
"m_bot_up_lip": null,
"m_top_low_lip": null,
"m_bot_nose": null,
"m_chin": null,
"m_nose": null,
"l_eye_exterior": null,
"l_temple": null,
"l_mid_chin": null,
"l_up_lip": null,
"l_ext_nostril": null,
"l_mid_cheek": null,
"l_mid_eyebrow": null,
"l_ext_eyebrow": null,
"l_ext_lips": null,
"l_jaw_angle": null,
"l_mid_ext_face": null,
"l_int_eyebrow": null,
"l_mid_jaw": null,
"l_mid_bot_eyelid": null,
"l_ext_mouth": null,
"l_top_eyelid": null,
"l_eye_int": null,
"l_pupil": null,
"r_eye_exterior": null,
"r_temple": null,
"r_mid_chin": null,
"r_up_lip": null,
"r_ext_nostril": null,
"r_mid_cheek": null,
"r_mid_eyebrow": null,
"r_ext_eyebrow": null,
"r_ext_lips": null,
"r_jaw_angle": null,
"r_mid_ext_face": null,
"r_int_eyebrow": null,
"r_mid_jaw": null,
"r_mid_bot_eyelid": null,
"r_ext_mouth": null,
"r_top_eyelid": null,
"r_eye_int": null,
"r_pupil": null,
"l_shoulder": null,
"l_elbow": null,
"l_hip": null,
"l_knee": null,
"l_ankle": null,
"l_body_wrist": null,
"r_shoulder": null,
"r_elbow": null,
"r_hip": null,
"r_knee": null,
"r_ankle": null,
"r_body_wrist": null,
"m_face_position": null,
"m_body_position": null,
"m_face_scale": null,
"m_body_scale": null,
"l_hand_scale": null,
"r_hand_scale": [
0.19530691921010213,
0.19530691921010213,
0.19530691921010213
]
}
],
"framerate": 30,
"mirrorable": true,
"invalid": false
}