{
"label": "b",
"gestures": [
{
"l_hand_position": null,
"l_wrist": null,
"l_thumb_cmc": null,
"l_thumb_mcp": null,
"l_thumb_ip": null,
"l_thumb_tip": null,
"l_index_mcp": null,
"l_index_pip": null,
"l_index_dip": null,
"l_index_tip": null,
"l_middle_mcp": null,
"l_middle_pip": null,
"l_middle_dip": null,
"l_middle_tip": null,
"l_ring_mcp": null,
"l_ring_pip": null,
"l_ring_dip": null,
"l_ring_tip": null,
"l_pinky_mcp": null,
"l_pinky_pip": null,
"l_pinky_dip": null,
"l_pinky_tip": null,
"r_hand_position": [
-0.05623328685760498,
0.03970980644226074,
-0.5080328928306699
],
"r_wrist": [
-0.2743987676248022,
0.9599500549035056,
0.056579222482695986
],
"r_thumb_cmc": [
0.080720435608088,
0.7413961075426698,
0.09882123891499862
],
"r_thumb_mcp": [
0.28253264967989306,
0.38608924777926995,
0.08369651153914662
],
"r_thumb_ip": [
0.4438282655055627,
0.164934557227142,
0.029963520919242804
],
"r_thumb_tip": [
0.6578419323799051,
0.013866432220885218,
-0.03881909641873178
],
"r_index_mcp": [
0.047840870415123436,
-0.017232075185306554,
0.12092682464755626
],
"r_index_pip": [
0.1498804732728967,
-0.4649429836940438,
0.04190256091156007
],
"r_index_dip": [
0.26246599531337494,
-0.7769356095976244,
-0.03542484711588927
],
"r_index_tip": [
0.3665761172057654,
-1.0245484016051856,
-0.10934247110970823
],
"r_middle_mcp": [
0.0,
0.0,
0.0
],
"r_middle_pip": [
0.07570555622284476,
-0.5398668476130651,
-0.10533442201207457
],
"r_middle_dip": [
0.20785857465495064,
-0.8891913683165917,
-0.22453415455646064
],
"r_middle_tip": [
0.3382519457769191,
-1.145872546712386,
-0.32475565110661664
],
"r_ring_mcp": [
-0.05460385224565176,
0.06376879568537762,
-0.1308225186749444
],
"r_ring_pip": [
0.04579595998981518,
-0.44207659464750504,
-0.2401933730972755
],
"r_ring_dip": [
0.1581961344727542,
-0.7608519336051799,
-0.33563839172139004
],
"r_ring_tip": [
0.25824624225651066,
-1.0103683688735827,
-0.41158673120441464
],
"r_pinky_mcp": [
-0.09641977255426493,
0.20745786289125598,
-0.26060277875826343
],
"r_pinky_pip": [
-0.022081548143210145,
-0.1400115029838089,
-0.3711660865282001
],
"r_pinky_dip": [
0.04393975562818502,
-0.4158729000320917,
-0.44717215033548663
],
"r_pinky_tip": [
0.0948631049588958,
-0.67808238943911,
-0.5117337108996143
],
"l_hand_velocity": null,
"r_hand_velocity": null,
"m_nose_point": null,
"m_top_nose": null,
"m_eyebrows": null,
"m_forehead": null,
"m_top_chin": null,
"m_bot_up_lip": null,
"m_top_low_lip": null,
"m_bot_nose": null,
"m_chin": null,
"m_nose": null,
"l_eye_exterior": null,
"l_temple": null,
"l_mid_chin": null,
"l_up_lip": null,
"l_ext_nostril": null,
"l_mid_cheek": null,
"l_mid_eyebrow": null,
"l_ext_eyebrow": null,
"l_ext_lips": null,
"l_jaw_angle": null,
"l_mid_ext_face": null,
"l_int_eyebrow": null,
"l_mid_jaw": null,
"l_mid_bot_eyelid": null,
"l_ext_mouth": null,
"l_top_eyelid": null,
"l_eye_int": null,
"l_pupil": null,
"r_eye_exterior": null,
"r_temple": null,
"r_mid_chin": null,
"r_up_lip": null,
"r_ext_nostril": null,
"r_mid_cheek": null,
"r_mid_eyebrow": null,
"r_ext_eyebrow": null,
"r_ext_lips": null,
"r_jaw_angle": null,
"r_mid_ext_face": null,
"r_int_eyebrow": null,
"r_mid_jaw": null,
"r_mid_bot_eyelid": null,
"r_ext_mouth": null,
"r_top_eyelid": null,
"r_eye_int": null,
"r_pupil": null,
"l_shoulder": null,
"l_elbow": null,
"l_hip": null,
"l_knee": null,
"l_ankle": null,
"l_body_wrist": null,
"r_shoulder": null,
"r_elbow": null,
"r_hip": null,
"r_knee": null,
"r_ankle": null,
"r_body_wrist": null,
"m_face_position": null,
"m_body_position": null,
"m_face_scale": null,
"m_body_scale": null,
"l_hand_scale": null,
"r_hand_scale": [
0.14197894494921998,
0.14197894494921998,
0.14197894494921998
]
}
],
"framerate": 30,
"mirrorable": true,
"invalid": false
}