{
"label": "s",
"gestures": [
{
"l_hand_position": null,
"l_wrist": null,
"l_thumb_cmc": null,
"l_thumb_mcp": null,
"l_thumb_ip": null,
"l_thumb_tip": null,
"l_index_mcp": null,
"l_index_pip": null,
"l_index_dip": null,
"l_index_tip": null,
"l_middle_mcp": null,
"l_middle_pip": null,
"l_middle_dip": null,
"l_middle_tip": null,
"l_ring_mcp": null,
"l_ring_pip": null,
"l_ring_dip": null,
"l_ring_tip": null,
"l_pinky_mcp": null,
"l_pinky_pip": null,
"l_pinky_dip": null,
"l_pinky_tip": null,
"r_hand_position": null,
"r_wrist": [
0.021093910560011864,
0.0886697992682457,
0.03261219337582588
],
"r_thumb_cmc": [
-0.0103769451379776,
0.0723365843296051,
0.016094332560896873
],
"r_thumb_mcp": [
-0.036523230373859406,
0.04942777752876282,
0.01291907299309969
],
"r_thumb_ip": [
-0.054136376827955246,
0.02230045571923256,
-0.010000341571867466
],
"r_thumb_tip": [
-0.0346272811293602,
0.011007516644895077,
-0.025946425274014473
],
"r_index_mcp": [
-0.0291802529245615,
0.0018874986562877893,
0.008770227432250977
],
"r_index_pip": [
-0.03847666457295418,
0.0061002555303275585,
-0.021629536524415016
],
"r_index_dip": [
-0.03661216422915459,
0.02003258652985096,
-0.023352790623903275
],
"r_index_tip": [
-0.027265749871730804,
0.026252709329128265,
0.0053644198924303055
],
"r_middle_mcp": [
-0.006167240906506777,
-0.00596297113224864,
0.0058329179883003235
],
"r_middle_pip": [
-0.01610979437828064,
-0.005782368592917919,
-0.031209560111165047
],
"r_middle_dip": [
-0.01837880164384842,
0.024926647543907166,
-0.03478463366627693
],
"r_middle_tip": [
-0.004848417825996876,
0.019863935187458992,
0.004303192254155874
],
"r_ring_mcp": [
0.019091544672846794,
-0.003484779503196478,
-0.006281232461333275
],
"r_ring_pip": [
0.0018833347130566835,
0.000408067338867113,
-0.03812357783317566
],
"r_ring_dip": [
0.0032064516562968493,
0.025229929015040398,
-0.03512551635503769
],
"r_ring_tip": [
0.01689884625375271,
0.02682598866522312,
-0.009031162597239017
],
"r_pinky_mcp": [
0.03288784995675087,
0.011678689159452915,
-0.012857768684625626
],
"r_pinky_pip": [
0.02297191321849823,
0.00719028152525425,
-0.03362561762332916
],
"r_pinky_dip": [
0.017639892175793648,
0.024023747071623802,
-0.03621053323149681
],
"r_pinky_tip": [
0.028121892362833023,
0.027763886377215385,
-0.021936913952231407
]
}
],
"framerate": 30,
"mirrorable": true
}