{
"label": "c",
"gestures": [
{
"l_hand_position": null,
"l_wrist": null,
"l_thumb_cmc": null,
"l_thumb_mcp": null,
"l_thumb_ip": null,
"l_thumb_tip": null,
"l_index_mcp": null,
"l_index_pip": null,
"l_index_dip": null,
"l_index_tip": null,
"l_middle_mcp": null,
"l_middle_pip": null,
"l_middle_dip": null,
"l_middle_tip": null,
"l_ring_mcp": null,
"l_ring_pip": null,
"l_ring_dip": null,
"l_ring_tip": null,
"l_pinky_mcp": null,
"l_pinky_pip": null,
"l_pinky_dip": null,
"l_pinky_tip": null,
"r_hand_position": null,
"r_wrist": [
-0.03603963553905487,
0.08928045630455017,
-0.0284968763589859
],
"r_thumb_cmc": [
-0.012332163751125336,
0.07833337783813477,
-0.027295803651213646
],
"r_thumb_mcp": [
0.02164839394390583,
0.05808870494365692,
-0.017620587721467018
],
"r_thumb_ip": [
0.05166129767894745,
0.03599080443382263,
-0.011804727837443352
],
"r_thumb_tip": [
0.06144808977842331,
0.006124742329120636,
-0.012718601152300835
],
"r_index_mcp": [
0.005978603381663561,
-0.001198130426928401,
0.005879179108887911
],
"r_index_pip": [
0.025050466880202293,
-0.019030986353754997,
0.00303975073620677
],
"r_index_dip": [
0.046243391931056976,
-0.027411846444010735,
0.00553072988986969
],
"r_index_tip": [
0.06712934374809265,
-0.022106947377324104,
0.003270159475505352
],
"r_middle_mcp": [
-0.0033247347455471754,
-0.005946159362792969,
0.005903020966798067
],
"r_middle_pip": [
0.028884395956993103,
-0.03833867236971855,
0.0026739866007119417
],
"r_middle_dip": [
0.052646759897470474,
-0.035927578806877136,
-0.0034046745859086514
],
"r_middle_tip": [
0.07159675657749176,
-0.02880741097033024,
-0.014210580848157406
],
"r_ring_mcp": [
-0.0013396504800766706,
-0.0034727323800325394,
-0.004369254689663649
],
"r_ring_pip": [
0.026322584599256516,
-0.02921259216964245,
-0.007407788187265396
],
"r_ring_dip": [
0.0520700104534626,
-0.02922094613313675,
-0.01828243024647236
],
"r_ring_tip": [
0.07006289064884186,
-0.021153783425688744,
-0.03494811803102493
],
"r_pinky_mcp": [
-0.005378749221563339,
0.00982198491692543,
-0.011247968301177025
],
"r_pinky_pip": [
0.018254270777106285,
-0.01248528528958559,
-0.014483639039099216
],
"r_pinky_dip": [
0.04291176423430443,
-0.0188947394490242,
-0.024700187146663666
],
"r_pinky_tip": [
0.05795266479253769,
-0.011926176026463509,
-0.03685963526368141
]
}
],
"framerate": 30,
"mirrorable": true
}