{
"label": "c",
"gestures": [
{
"l_hand_position": null,
"l_wrist": null,
"l_thumb_cmc": null,
"l_thumb_mcp": null,
"l_thumb_ip": null,
"l_thumb_tip": null,
"l_index_mcp": null,
"l_index_pip": null,
"l_index_dip": null,
"l_index_tip": null,
"l_middle_mcp": null,
"l_middle_pip": null,
"l_middle_dip": null,
"l_middle_tip": null,
"l_ring_mcp": null,
"l_ring_pip": null,
"l_ring_dip": null,
"l_ring_tip": null,
"l_pinky_mcp": null,
"l_pinky_pip": null,
"l_pinky_dip": null,
"l_pinky_tip": null,
"r_hand_position": null,
"r_wrist": [
0.014431685209274292,
0.09623151272535324,
-0.010855872184038162
],
"r_thumb_cmc": [
-0.014291898347437382,
0.07214929908514023,
0.007705280557274818
],
"r_thumb_mcp": [
-0.03058573789894581,
0.05192168802022934,
0.029683422297239304
],
"r_thumb_ip": [
-0.04960040748119354,
0.028787005692720413,
0.054698843508958817
],
"r_thumb_tip": [
-0.05972044914960861,
0.0031117545440793037,
0.07634806632995605
],
"r_index_mcp": [
-0.015454981476068497,
-0.00132088758982718,
0.028626132756471634
],
"r_index_pip": [
-0.020024118945002556,
-0.031161414459347725,
0.028085982427001
],
"r_index_dip": [
-0.0376553013920784,
-0.03992018848657608,
0.020250627771019936
],
"r_index_tip": [
-0.061573389917612076,
-0.02975638024508953,
-0.000968521402683109
],
"r_middle_mcp": [
-0.0009434287785552442,
-0.003088099882006645,
0.009621167555451393
],
"r_middle_pip": [
-0.010944190435111523,
-0.041071947664022446,
0.0016716023674234748
],
"r_middle_dip": [
-0.037371598184108734,
-0.04494780674576759,
-0.012716326862573624
],
"r_middle_tip": [
-0.05336776003241539,
-0.03517266362905502,
-0.021796831861138344
],
"r_ring_mcp": [
0.010030793026089668,
-0.0019971434958279133,
-0.018056245520710945
],
"r_ring_pip": [
0.00039160018786787987,
-0.029296284541487694,
-0.022564023733139038
],
"r_ring_dip": [
-0.023844189941883087,
-0.03671775385737419,
-0.03195884823799133
],
"r_ring_tip": [
-0.04546354338526726,
-0.029477961361408234,
-0.03804229572415352
],
"r_pinky_mcp": [
0.012128107249736786,
0.011691201478242874,
-0.04187728464603424
],
"r_pinky_pip": [
0.007113615982234478,
-0.010171163827180862,
-0.04162338003516197
],
"r_pinky_dip": [
-0.016882361844182014,
-0.03006253018975258,
-0.04972495511174202
],
"r_pinky_tip": [
-0.037728916853666306,
-0.027616888284683228,
-0.05417082831263542
]
}
],
"framerate": 30,
"mirrorable": true
}