{
"label": "c",
"gestures": [
{
"l_hand_position": null,
"l_wrist": null,
"l_thumb_cmc": null,
"l_thumb_mcp": null,
"l_thumb_ip": null,
"l_thumb_tip": null,
"l_index_mcp": null,
"l_index_pip": null,
"l_index_dip": null,
"l_index_tip": null,
"l_middle_mcp": null,
"l_middle_pip": null,
"l_middle_dip": null,
"l_middle_tip": null,
"l_ring_mcp": null,
"l_ring_pip": null,
"l_ring_dip": null,
"l_ring_tip": null,
"l_pinky_mcp": null,
"l_pinky_pip": null,
"l_pinky_dip": null,
"l_pinky_tip": null,
"r_hand_position": null,
"r_wrist": [
-0.02731780707836151,
0.08006931841373444,
-0.04123232513666153
],
"r_thumb_cmc": [
-0.004134681075811386,
0.07710132002830505,
-0.014445704407989979
],
"r_thumb_mcp": [
0.026937376707792282,
0.07192035764455795,
0.0046270317398011684
],
"r_thumb_ip": [
0.05086234211921692,
0.060186441987752914,
0.02864695154130459
],
"r_thumb_tip": [
0.06356687843799591,
0.04540104418992996,
0.057260483503341675
],
"r_index_mcp": [
0.009569723159074783,
0.009306568652391434,
0.023210274055600166
],
"r_index_pip": [
0.024600444361567497,
-0.015862280502915382,
0.025320522487163544
],
"r_index_dip": [
0.04166562110185623,
-0.028349243104457855,
0.02390263043344021
],
"r_index_tip": [
0.060376718640327454,
-0.029949631541967392,
0.010387646034359932
],
"r_middle_mcp": [
-0.0021885039750486612,
-0.005547825247049332,
0.008205612190067768
],
"r_middle_pip": [
0.021362852305173874,
-0.03331892937421799,
0.00849832408130169
],
"r_middle_dip": [
0.04131098464131355,
-0.04205041751265526,
0.004521217197179794
],
"r_middle_tip": [
0.06179428473114967,
-0.03749188780784607,
-0.0023012252058833838
],
"r_ring_mcp": [
-0.005711723584681749,
-0.009945728816092014,
-0.013909818604588509
],
"r_ring_pip": [
0.01564580760896206,
-0.03238511085510254,
-0.017553171142935753
],
"r_ring_dip": [
0.04021540656685829,
-0.041592154651880264,
-0.021018290892243385
],
"r_ring_tip": [
0.06093840301036835,
-0.03676224499940872,
-0.02601337991654873
],
"r_pinky_mcp": [
-0.00956711731851101,
-0.0015557666774839163,
-0.036355551332235336
],
"r_pinky_pip": [
0.005351461935788393,
-0.018899183720350266,
-0.035865724086761475
],
"r_pinky_dip": [
0.028405645862221718,
-0.03285680711269379,
-0.039658188819885254
],
"r_pinky_tip": [
0.04885413125157356,
-0.029957039281725883,
-0.04396204277873039
]
}
],
"framerate": 30,
"mirrorable": true
}