{
"label": "c",
"gestures": [
{
"l_hand_position": null,
"l_wrist": null,
"l_thumb_cmc": null,
"l_thumb_mcp": null,
"l_thumb_ip": null,
"l_thumb_tip": null,
"l_index_mcp": null,
"l_index_pip": null,
"l_index_dip": null,
"l_index_tip": null,
"l_middle_mcp": null,
"l_middle_pip": null,
"l_middle_dip": null,
"l_middle_tip": null,
"l_ring_mcp": null,
"l_ring_pip": null,
"l_ring_dip": null,
"l_ring_tip": null,
"l_pinky_mcp": null,
"l_pinky_pip": null,
"l_pinky_dip": null,
"l_pinky_tip": null,
"r_hand_position": null,
"r_wrist": [
0.043227702379226685,
0.08976354449987411,
-0.009607594460248947
],
"r_thumb_cmc": [
0.009629826992750168,
0.08093927800655365,
-7.350038504227996e-05
],
"r_thumb_mcp": [
-0.01597652956843376,
0.07152698934078217,
0.012328995391726494
],
"r_thumb_ip": [
-0.044716913253068924,
0.06182212010025978,
0.035299576818943024
],
"r_thumb_tip": [
-0.07376765459775925,
0.04949713498353958,
0.06568065285682678
],
"r_index_mcp": [
-0.02156716398894787,
0.00904606282711029,
0.019401462748646736
],
"r_index_pip": [
-0.03304550051689148,
-0.020215267315506935,
0.01651465706527233
],
"r_index_dip": [
-0.049806106835603714,
-0.03459175303578377,
0.006205890327692032
],
"r_index_tip": [
-0.06854238361120224,
-0.0346677303314209,
-0.02147669531404972
],
"r_middle_mcp": [
-0.004505387041717768,
-0.0028994979802519083,
0.00962833408266306
],
"r_middle_pip": [
-0.02257969230413437,
-0.035569943487644196,
-0.006645380984991789
],
"r_middle_dip": [
-0.04384507238864899,
-0.04176340997219086,
-0.025383014231920242
],
"r_middle_tip": [
-0.062323469668626785,
-0.04575040191411972,
-0.047245100140571594
],
"r_ring_mcp": [
0.015129975974559784,
-0.00911523774266243,
-0.012725314125418663
],
"r_ring_pip": [
-0.003811487928032875,
-0.03117092326283455,
-0.022654324769973755
],
"r_ring_dip": [
-0.02544591948390007,
-0.04323487728834152,
-0.03965510055422783
],
"r_ring_tip": [
-0.047338828444480896,
-0.04681665450334549,
-0.05502946674823761
],
"r_pinky_mcp": [
0.026272017508745193,
0.0037717842496931553,
-0.030491910874843597
],
"r_pinky_pip": [
0.014209268614649773,
-0.01865248754620552,
-0.03409954532980919
],
"r_pinky_dip": [
-0.004656192846596241,
-0.03687140718102455,
-0.045610830187797546
],
"r_pinky_tip": [
-0.026675112545490265,
-0.04426268860697746,
-0.05678577348589897
]
}
],
"framerate": 30,
"mirrorable": true
}