{
"label": "c",
"gestures": [
{
"l_hand_position": null,
"l_wrist": null,
"l_thumb_cmc": null,
"l_thumb_mcp": null,
"l_thumb_ip": null,
"l_thumb_tip": null,
"l_index_mcp": null,
"l_index_pip": null,
"l_index_dip": null,
"l_index_tip": null,
"l_middle_mcp": null,
"l_middle_pip": null,
"l_middle_dip": null,
"l_middle_tip": null,
"l_ring_mcp": null,
"l_ring_pip": null,
"l_ring_dip": null,
"l_ring_tip": null,
"l_pinky_mcp": null,
"l_pinky_pip": null,
"l_pinky_dip": null,
"l_pinky_tip": null,
"r_hand_position": null,
"r_wrist": [
0.0011312905699014664,
0.0928601622581482,
-0.002525101648643613
],
"r_thumb_cmc": [
-0.024193476885557175,
0.06879990547895432,
0.014685423113405704
],
"r_thumb_mcp": [
-0.040153004229068756,
0.04854463040828705,
0.03337361291050911
],
"r_thumb_ip": [
-0.06282170861959457,
0.029846955090761185,
0.05043299123644829
],
"r_thumb_tip": [
-0.08171551674604416,
0.00884876400232315,
0.06533229351043701
],
"r_index_mcp": [
-0.013152061030268669,
-0.003926171455532312,
0.029510188847780228
],
"r_index_pip": [
-0.014704656787216663,
-0.0350971445441246,
0.02823573350906372
],
"r_index_dip": [
-0.030017279088497162,
-0.050595201551914215,
0.026137707754969597
],
"r_index_tip": [
-0.05275345966219902,
-0.05517060309648514,
0.007190345786511898
],
"r_middle_mcp": [
0.000916659424547106,
-0.0033532690722495317,
0.00925915502011776
],
"r_middle_pip": [
-0.002848435193300247,
-0.04207327589392662,
0.0028278420213609934
],
"r_middle_dip": [
-0.026845771819353104,
-0.056489497423172,
-0.006218987982720137
],
"r_middle_tip": [
-0.04589921608567238,
-0.05777456611394882,
-0.016620391979813576
],
"r_ring_mcp": [
0.008414102718234062,
-0.0009613905567675829,
-0.017583096399903297
],
"r_ring_pip": [
0.005147962365299463,
-0.030450845137238503,
-0.019849563017487526
],
"r_ring_dip": [
-0.018932119011878967,
-0.04400341585278511,
-0.024454493075609207
],
"r_ring_tip": [
-0.04140913486480713,
-0.0456978976726532,
-0.02721112221479416
],
"r_pinky_mcp": [
0.0064145405776798725,
0.012156875804066658,
-0.04009416326880455
],
"r_pinky_pip": [
0.003650609403848648,
-0.010390082374215126,
-0.03808687999844551
],
"r_pinky_dip": [
-0.02047303318977356,
-0.03366601839661598,
-0.03737488389015198
],
"r_pinky_tip": [
-0.042018596082925797,
-0.03709113225340843,
-0.03592968359589577
]
}
],
"framerate": 30,
"mirrorable": true
}