{
    "label": "v",
    "label_id": 22,
    "gestures": [
        {
            "wrist": [
                -0.009798446670174599,
                0.08998803794384003,
                -0.0343477837741375
            ],
            "thumb_cmc": [
                0.018408605828881264,
                0.06470514833927155,
                -0.0395771861076355
            ],
            "thumb_mcp": [
                0.0261392742395401,
                0.031246736645698547,
                -0.04763943701982498
            ],
            "thumb_ip": [
                0.015309695154428482,
                -0.004372525028884411,
                -0.051365602761507034
            ],
            "thumb_tip": [
                -0.009251502342522144,
                -0.029249567538499832,
                -0.049025438725948334
            ],
            "index_mcp": [
                0.024194935336709023,
                -0.004409102723002434,
                0.0003700447268784046
            ],
            "index_pip": [
                0.03543797507882118,
                -0.030811700969934464,
                -0.0012949724914506078
            ],
            "index_dip": [
                0.044072698801755905,
                -0.05220244452357292,
                -0.004428654443472624
            ],
            "index_tip": [
                0.047148752957582474,
                -0.07356876134872437,
                -0.02305927313864231
            ],
            "middle_mcp": [
                0.001663721282966435,
                -0.0035562075208872557,
                0.008571936748921871
            ],
            "middle_pip": [
                0.0032158279791474342,
                -0.04206335172057152,
                0.00029820651980116963
            ],
            "middle_dip": [
                0.0054247453808784485,
                -0.06453084200620651,
                -0.01706273853778839
            ],
            "middle_tip": [
                0.006888985633850098,
                -0.08463554084300995,
                -0.03326325863599777
            ],
            "ring_mcp": [
                -0.017917344346642494,
                -0.0007896036840975285,
                0.0006181796197779477
            ],
            "ring_pip": [
                -0.012152723968029022,
                -0.018150795251131058,
                -0.021698206663131714
            ],
            "ring_dip": [
                -0.0029877282213419676,
                -0.0019766802433878183,
                -0.03790881484746933
            ],
            "ring_tip": [
                0.0025835190899670124,
                0.017416492104530334,
                -0.036640506237745285
            ],
            "pinky_mcp": [
                -0.034743960946798325,
                0.012169324792921543,
                -0.011309713125228882
            ],
            "pinky_pip": [
                -0.0261564701795578,
                -0.0005697151646018028,
                -0.027172468602657318
            ],
            "pinky_dip": [
                -0.014059634879231453,
                0.005488856229931116,
                -0.04130076244473457
            ],
            "pinky_tip": [
                -0.010823951102793217,
                0.026451565325260162,
                -0.03754248842597008
            ]
        }
    ]
}