{
    "label": "v",
    "label_id": 22,
    "gestures": [
        {
            "wrist": [
                -0.0036995336413383484,
                0.09202958643436432,
                0.019333308562636375
            ],
            "thumb_cmc": [
                -0.030308065935969353,
                0.06765566021203995,
                0.002811164129525423
            ],
            "thumb_mcp": [
                -0.03461254760622978,
                0.03905557841062546,
                -0.011322460137307644
            ],
            "thumb_ip": [
                -0.030042102560400963,
                0.010244155302643776,
                -0.03420783951878548
            ],
            "thumb_tip": [
                -0.007309910841286182,
                -0.009352575987577438,
                -0.04654352366924286
            ],
            "index_mcp": [
                -0.029694784432649612,
                -0.006087493617087603,
                0.007031957618892193
            ],
            "index_pip": [
                -0.03996821492910385,
                -0.031287387013435364,
                -0.0029692340176552534
            ],
            "index_dip": [
                -0.046070296317338943,
                -0.05309615656733513,
                -0.011337803676724434
            ],
            "index_tip": [
                -0.053016334772109985,
                -0.0716160386800766,
                -0.029444342479109764
            ],
            "middle_mcp": [
                -0.004647056572139263,
                -0.005794272758066654,
                0.005368339363485575
            ],
            "middle_pip": [
                0.004818040877580643,
                -0.04475183039903641,
                -0.005276083946228027
            ],
            "middle_dip": [
                0.002164119854569435,
                -0.0672692209482193,
                -0.02203051745891571
            ],
            "middle_tip": [
                0.006080009043216705,
                -0.09344053268432617,
                -0.031380992382764816
            ],
            "ring_mcp": [
                0.019727881997823715,
                0.0024772179313004017,
                -0.0038557108491659164
            ],
            "ring_pip": [
                0.004336501471698284,
                -0.005394988693296909,
                -0.0317666158080101
            ],
            "ring_dip": [
                -0.006357927806675434,
                0.016260625794529915,
                -0.0374438613653183
            ],
            "ring_tip": [
                -0.007036067545413971,
                0.03937401622533798,
                -0.031550534069538116
            ],
            "pinky_mcp": [
                0.030721602961421013,
                0.018825380131602287,
                -0.01198712456971407
            ],
            "pinky_pip": [
                0.017450055107474327,
                0.008826338686048985,
                -0.030162353068590164
            ],
            "pinky_dip": [
                0.0037570041604340076,
                0.018252816051244736,
                -0.035614535212516785
            ],
            "pinky_tip": [
                0.005597122013568878,
                0.038902852684259415,
                -0.032430827617645264
            ]
        }
    ]
}