{
"label": "m",
"gestures": [
{
"l_hand_position": null,
"l_wrist": [
0.051452867686748505,
0.04375428706407602,
0.06859320402145459
],
"l_thumb_cmc": [
0.03669048473238945,
0.010693343356251822,
0.05990763381123611
],
"l_thumb_mcp": [
0.012173067778348923,
-0.013756407424807805,
0.05244867131114063
],
"l_thumb_ip": [
-0.005797046702355146,
-0.021537113934755492,
0.030113575980067538
],
"l_thumb_tip": [
-0.036389343440532684,
-0.01604861766099944,
0.011415744200349
],
"l_index_mcp": [
0.00036162883043289185,
-0.024604581296444255,
0.0035822626668960598
],
"l_index_pip": [
-0.022066932171583176,
-0.02094556763768215,
-0.0005569640779867765
],
"l_index_dip": [
-0.04616595059633255,
-0.024427555501461307,
0.016082873567939044
],
"l_index_tip": [
-0.0648082047700882,
-0.023273969069123476,
0.036211419850588344
],
"l_middle_mcp": [
-0.0012690690346062183,
-0.005006337072700311,
-0.003173693316057339
],
"l_middle_pip": [
-0.029647663235664368,
-0.00968009047210226,
0.001383640337735428
],
"l_middle_dip": [
-0.05566363036632538,
-0.0065084844827652906,
0.017786523327231657
],
"l_middle_tip": [
-0.06939872354269028,
-0.007228270173072857,
0.04257426783442552
],
"l_ring_mcp": [
-0.00272882217541337,
0.013697311282158007,
-0.005167326424270949
],
"l_ring_pip": [
-0.029864223673939705,
0.008853119798004754,
0.006638749036938023
],
"l_ring_dip": [
-0.04854384437203407,
0.0086995819583536,
0.02273229509592084
],
"l_ring_tip": [
-0.06242096796631813,
0.003801807761192417,
0.036847345530987265
],
"l_pinky_mcp": [
-0.002066532149910927,
0.03693636506795898,
0.006950729060918098
],
"l_pinky_pip": [
-0.02423413284122944,
0.028065390884876567,
0.009627958759665545
],
"l_pinky_dip": [
-0.0416056290268898,
0.019153991714120123,
0.02329866774380228
],
"l_pinky_tip": [
-0.05160209909081459,
0.02294390648603464,
0.03271412104368244
],
"r_hand_position": null,
"r_wrist": null,
"r_thumb_cmc": null,
"r_thumb_mcp": null,
"r_thumb_ip": null,
"r_thumb_tip": null,
"r_index_mcp": null,
"r_index_pip": null,
"r_index_dip": null,
"r_index_tip": null,
"r_middle_mcp": null,
"r_middle_pip": null,
"r_middle_dip": null,
"r_middle_tip": null,
"r_ring_mcp": null,
"r_ring_pip": null,
"r_ring_dip": null,
"r_ring_tip": null,
"r_pinky_mcp": null,
"r_pinky_pip": null,
"r_pinky_dip": null,
"r_pinky_tip": null
}
],
"framerate": 30,
"mirrorable": true
}