{
"label": "m",
"gestures": [
{
"l_hand_position": null,
"l_wrist": [
-0.08621945977210999,
0.012446938082575937,
0.03421044349670441
],
"l_thumb_cmc": [
-0.06071702763438225,
-0.010369561612606217,
0.03360246494412453
],
"l_thumb_mcp": [
-0.02938481792807579,
-0.013489614240825263,
0.04193329066038178
],
"l_thumb_ip": [
0.003015626687556505,
-0.01996360346674937,
0.047374688088894466
],
"l_thumb_tip": [
0.02768630161881447,
-0.02370722591877012,
0.03996270149946254
],
"l_index_mcp": [
-0.0007405121577903628,
-0.019698709249496675,
0.007144901901483615
],
"l_index_pip": [
0.02814221754670143,
-0.012044721283018731,
0.006323872599750835
],
"l_index_dip": [
0.0481063574552536,
-0.007549738511443196,
0.020704794675112083
],
"l_index_tip": [
0.06426206976175308,
-0.002301274798810502,
0.03949260711669979
],
"l_middle_mcp": [
0.00011172002996318042,
-0.005116838961839732,
-0.0007716848049312897
],
"l_middle_pip": [
0.03720090538263321,
-4.756380803881882e-05,
-0.005997071508318256
],
"l_middle_dip": [
0.055844347923994064,
0.0012204134836793171,
0.014316438697278616
],
"l_middle_tip": [
0.07510804384946823,
0.003995100967586082,
0.041810028254986205
],
"l_ring_mcp": [
9.94941801764071e-05,
0.010488777421414961,
-0.0036171791143715876
],
"l_ring_pip": [
0.030922943726181984,
0.016891935840249263,
-0.0054367305710912245
],
"l_ring_dip": [
0.052427422255277634,
0.02004482224583646,
0.011554640717804527
],
"l_ring_tip": [
0.06732860952615738,
0.019553173333406695,
0.03740584477782299
],
"l_pinky_mcp": [
-0.007756656967103481,
0.02672141045331977,
8.82889871718305e-05
],
"l_pinky_pip": [
0.01635013520717621,
0.029591651633382184,
0.00017313385615126247
],
"l_pinky_dip": [
0.039183616638183594,
0.034314285963774206,
0.01309460308402786
],
"l_pinky_tip": [
0.05446651577949524,
0.029651392251253537,
0.025545546784997313
],
"r_hand_position": null,
"r_wrist": null,
"r_thumb_cmc": null,
"r_thumb_mcp": null,
"r_thumb_ip": null,
"r_thumb_tip": null,
"r_index_mcp": null,
"r_index_pip": null,
"r_index_dip": null,
"r_index_tip": null,
"r_middle_mcp": null,
"r_middle_pip": null,
"r_middle_dip": null,
"r_middle_tip": null,
"r_ring_mcp": null,
"r_ring_pip": null,
"r_ring_dip": null,
"r_ring_tip": null,
"r_pinky_mcp": null,
"r_pinky_pip": null,
"r_pinky_dip": null,
"r_pinky_tip": null
}
],
"framerate": 30,
"mirrorable": true
}