{
"label": "m",
"gestures": [
{
"l_hand_position": null,
"l_wrist": null,
"l_thumb_cmc": null,
"l_thumb_mcp": null,
"l_thumb_ip": null,
"l_thumb_tip": null,
"l_index_mcp": null,
"l_index_pip": null,
"l_index_dip": null,
"l_index_tip": null,
"l_middle_mcp": null,
"l_middle_pip": null,
"l_middle_dip": null,
"l_middle_tip": null,
"l_ring_mcp": null,
"l_ring_pip": null,
"l_ring_dip": null,
"l_ring_tip": null,
"l_pinky_mcp": null,
"l_pinky_pip": null,
"l_pinky_dip": null,
"l_pinky_tip": null,
"r_hand_position": [
-0.24503293633460999,
0.29346764087677,
-0.49999909122851705
],
"r_wrist": [
-0.018449654802680016,
0.03992391750216484,
0.08234771341085434
],
"r_thumb_cmc": [
-0.015610337257385254,
0.010581890121102333,
0.06918323785066605
],
"r_thumb_mcp": [
-0.0021555100101977587,
-0.0039031070191413164,
0.0513422004878521
],
"r_thumb_ip": [
0.012112299911677837,
-0.013941634446382523,
0.02294197306036949
],
"r_thumb_tip": [
0.02800290659070015,
-0.01990777999162674,
-0.0031477608717978
],
"r_index_mcp": [
-0.008166583254933357,
-0.013717693276703358,
0.002072768984362483
],
"r_index_pip": [
0.01826043240725994,
-0.028483465313911438,
-0.0006239769863896072
],
"r_index_dip": [
0.035960495471954346,
-0.03722722455859184,
0.011166851036250591
],
"r_index_tip": [
0.05378250777721405,
-0.044708024710416794,
0.026254741474986076
],
"r_middle_mcp": [
-0.00269316672347486,
-0.0025953061413019896,
-0.004636263474822044
],
"r_middle_pip": [
0.019713981077075005,
-0.02103576436638832,
-0.004531597252935171
],
"r_middle_dip": [
0.04417616128921509,
-0.03821585327386856,
0.006084363907575607
],
"r_middle_tip": [
0.060959938913583755,
-0.05031406879425049,
0.02550923451781273
],
"r_ring_mcp": [
0.004997695796191692,
0.009094804525375366,
-0.0026431444566696882
],
"r_ring_pip": [
0.02347608655691147,
-0.010338815860450268,
-0.002763777505606413
],
"r_ring_dip": [
0.04568314179778099,
-0.02386396750807762,
0.007183515001088381
],
"r_ring_tip": [
0.0672338604927063,
-0.035453375428915024,
0.02865871973335743
],
"r_pinky_mcp": [
0.008604602888226509,
0.020558781921863556,
0.010157863609492779
],
"r_pinky_pip": [
0.023063888773322105,
0.0011812588199973106,
0.012066090479493141
],
"r_pinky_dip": [
0.03896841034293175,
-0.008980079554021358,
0.01775987632572651
],
"r_pinky_tip": [
0.05361682176589966,
-0.022487569600343704,
0.03309684991836548
]
}
],
"framerate": 30,
"mirrorable": true
}