{
"label": "m",
"gestures": [
{
"l_hand_position": null,
"l_wrist": null,
"l_thumb_cmc": null,
"l_thumb_mcp": null,
"l_thumb_ip": null,
"l_thumb_tip": null,
"l_index_mcp": null,
"l_index_pip": null,
"l_index_dip": null,
"l_index_tip": null,
"l_middle_mcp": null,
"l_middle_pip": null,
"l_middle_dip": null,
"l_middle_tip": null,
"l_ring_mcp": null,
"l_ring_pip": null,
"l_ring_dip": null,
"l_ring_tip": null,
"l_pinky_mcp": null,
"l_pinky_pip": null,
"l_pinky_dip": null,
"l_pinky_tip": null,
"r_hand_position": [
-0.2348310649394989,
0.3217236399650574,
-0.4999996341082067
],
"r_wrist": [
-0.06432008743286133,
0.0234359260648489,
0.05703537538647652
],
"r_thumb_cmc": [
-0.04151231423020363,
-0.0033603874035179615,
0.049102380871772766
],
"r_thumb_mcp": [
-0.016431691125035286,
-0.007498462684452534,
0.04557232931256294
],
"r_thumb_ip": [
0.0026073441840708256,
-0.011068897321820259,
0.03137277811765671
],
"r_thumb_tip": [
0.019240589812397957,
-0.008636449463665485,
0.010074563324451447
],
"r_index_mcp": [
0.00035903166281059384,
-0.015280020423233509,
0.005063272546976805
],
"r_index_pip": [
0.025836681947112083,
-0.012047629803419113,
0.003859641496092081
],
"r_index_dip": [
0.052048806101083755,
-0.012573572807013988,
0.011884780600667
],
"r_index_tip": [
0.07340361177921295,
-0.013769161887466908,
0.0254417285323143
],
"r_middle_mcp": [
0.00044784750207327306,
-0.0028872124385088682,
-0.0010572526371106505
],
"r_middle_pip": [
0.03186579421162605,
-0.003975976258516312,
-0.0033730517607182264
],
"r_middle_dip": [
0.0591132752597332,
-0.010341601446270943,
0.0033360952511429787
],
"r_middle_tip": [
0.0877956673502922,
-0.013947960920631886,
0.022753208875656128
],
"r_ring_mcp": [
0.0005955304950475693,
0.009202334098517895,
-0.003416727762669325
],
"r_ring_pip": [
0.025008896365761757,
0.007397704292088747,
-0.004789272323250771
],
"r_ring_dip": [
0.05394759774208069,
0.004112354479730129,
0.0023735854774713516
],
"r_ring_tip": [
0.07667586952447891,
-0.0005931914784014225,
0.017282599583268166
],
"r_pinky_mcp": [
-0.0060508581809699535,
0.019919443875551224,
0.004904649686068296
],
"r_pinky_pip": [
0.015506702475249767,
0.019410861656069756,
0.004976320546120405
],
"r_pinky_dip": [
0.03899494931101799,
0.01902146078646183,
0.007980654016137123
],
"r_pinky_tip": [
0.05698037147521973,
0.012074649333953857,
0.014994537457823753
]
}
],
"framerate": 30,
"mirrorable": true
}