{
    "label": "M",
    "label_id": 13,
    "gestures": [
        {
            "wrist": [
                -0.06408204138278961,
                0.035013072192668915,
                0.06651654839515686
            ],
            "thumb_cmc": [
                -0.041978441178798676,
                0.007045325823128223,
                0.05892720818519592
            ],
            "thumb_mcp": [
                -0.014976195059716702,
                -0.0028617866337299347,
                0.04949745535850525
            ],
            "thumb_ip": [
                0.01054770965129137,
                -0.009301619604229927,
                0.030608316883444786
            ],
            "thumb_tip": [
                0.03123527206480503,
                -0.004834819585084915,
                0.005338245537132025
            ],
            "index_mcp": [
                -0.000712219625711441,
                -0.023584244772791862,
                0.008357048965990543
            ],
            "index_pip": [
                0.03187277913093567,
                -0.02256716415286064,
                0.006549105979502201
            ],
            "index_dip": [
                0.05300455540418625,
                -0.022240707650780678,
                0.011443396098911762
            ],
            "index_tip": [
                0.07413972169160843,
                -0.02283727563917637,
                0.02082258090376854
            ],
            "middle_mcp": [
                0.00019595539197325706,
                -0.007140562403947115,
                -0.0012268108548596501
            ],
            "middle_pip": [
                0.03975175321102142,
                -0.008024174720048904,
                -0.006381666287779808
            ],
            "middle_dip": [
                0.06366400420665741,
                -0.01321360096335411,
                -0.0006291661993600428
            ],
            "middle_tip": [
                0.08934136480093002,
                -0.01601145975291729,
                0.018730295822024345
            ],
            "ring_mcp": [
                0.00037447037175297737,
                0.01590273529291153,
                -0.006120149977505207
            ],
            "ring_pip": [
                0.034329868853092194,
                0.008909647352993488,
                -0.010754866525530815
            ],
            "ring_dip": [
                0.061622798442840576,
                0.0063189249485731125,
                -0.0038014869205653667
            ],
            "ring_tip": [
                0.0851326733827591,
                0.003814432770013809,
                0.013600246049463749
            ],
            "pinky_mcp": [
                -0.004471630789339542,
                0.03594021499156952,
                0.0007530429284088314
            ],
            "pinky_pip": [
                0.02245907112956047,
                0.029914909973740578,
                0.001969145843759179
            ],
            "pinky_dip": [
                0.046130552887916565,
                0.026850301772356033,
                0.00319533608853817
            ],
            "pinky_tip": [
                0.06336504220962524,
                0.019144821912050247,
                0.011529462411999702
            ]
        }
    ]
}