{
    "label": "m",
    "label_id": 13,
    "gestures": [
        {
            "wrist": [
                0.01732581853866577,
                0.06017126888036728,
                0.059900615364313126
            ],
            "thumb_cmc": [
                0.007027711719274521,
                0.026440851390361786,
                0.058119263499975204
            ],
            "thumb_mcp": [
                3.803975414484739e-05,
                0.006311148405075073,
                0.054201219230890274
            ],
            "thumb_ip": [
                -0.00996067002415657,
                -0.0014032423496246338,
                0.03320012241601944
            ],
            "thumb_tip": [
                -0.028871960937976837,
                -0.009435459040105343,
                0.013261576183140278
            ],
            "index_mcp": [
                -0.0023521145340055227,
                -0.011808391660451889,
                0.012571342289447784
            ],
            "index_pip": [
                -0.01776144653558731,
                -0.018867127597332,
                0.010298198089003563
            ],
            "index_dip": [
                -0.036324311047792435,
                -0.03319219872355461,
                0.025222884491086006
            ],
            "index_tip": [
                -0.05226786062121391,
                -0.039409153163433075,
                0.0422288253903389
            ],
            "middle_mcp": [
                7.534099859185517e-05,
                -0.0028571332804858685,
                -0.0012567011872306466
            ],
            "middle_pip": [
                -0.015725500881671906,
                -0.019015930593013763,
                0.003836527233943343
            ],
            "middle_dip": [
                -0.04431643709540367,
                -0.03138139098882675,
                0.016461577266454697
            ],
            "middle_tip": [
                -0.06609448790550232,
                -0.039988160133361816,
                0.03307797759771347
            ],
            "ring_mcp": [
                0.0007442054338753223,
                0.0048023397102952,
                -0.010245872661471367
            ],
            "ring_pip": [
                -0.016359414905309677,
                -0.0005539050325751305,
                -0.001138297375291586
            ],
            "ring_dip": [
                -0.04196224734187126,
                -0.011977496556937695,
                0.010177896358072758
            ],
            "ring_tip": [
                -0.058470260351896286,
                -0.021434538066387177,
                0.03162001818418503
            ],
            "pinky_mcp": [
                0.0006112414412200451,
                0.023152105510234833,
                -0.007907813414931297
            ],
            "pinky_pip": [
                -0.017646733671426773,
                0.011301254853606224,
                -0.007007824722677469
            ],
            "pinky_dip": [
                -0.035098131746053696,
                -0.0042306287214159966,
                0.00250043161213398
            ],
            "pinky_tip": [
                -0.05069515481591225,
                -0.0021516364067792892,
                0.016832448542118073
            ]
        }
    ]
}