{
"label": "v",
"gestures": [
{
"l_hand_position": [
0.2543952465057373,
0.03936612606048584,
-0.5674314349889755
],
"l_wrist": [
0.7144131642161285,
0.5328911368845686,
0.45347642389056003
],
"l_thumb_cmc": [
0.24396209976485866,
0.3929753815297381,
0.46315879743553573
],
"l_thumb_mcp": [
-0.18525627812623816,
0.4376328683034932,
0.334646828050179
],
"l_thumb_ip": [
-0.47189810667634374,
0.7294291334110018,
0.2001891476143841
],
"l_thumb_tip": [
-0.6523939766405382,
1.0245740386149833,
0.05457205591383062
],
"l_index_mcp": [
-0.2240606594787941,
-0.1024850620092906,
0.10104989474984492
],
"l_index_pip": [
-0.7351030621356336,
0.1023800412162243,
-0.11289214159089535
],
"l_index_dip": [
-1.0445600567153113,
0.24127124257457586,
-0.24139936192947592
],
"l_index_tip": [
-1.2933956022897124,
0.3152531803344057,
-0.3400941052684007
],
"l_middle_mcp": [
0.0,
0.0,
0.0
],
"l_middle_pip": [
-0.5085591819963595,
0.5495509620808346,
-0.13873677669984472
],
"l_middle_dip": [
-0.28463240398658884,
0.7170759624158974,
-0.0857896119161399
],
"l_middle_tip": [
-0.09969559750948752,
0.6247578751979569,
-0.06063833450492504
],
"l_ring_mcp": [
0.222355875383714,
0.2691454445938037,
-0.09894146203408631
],
"l_ring_pip": [
-0.24215590246120688,
0.8551398243968106,
-0.21134252118564825
],
"l_ring_dip": [
-0.06917302762846934,
0.8864652822492479,
-0.11942843332576768
],
"l_ring_tip": [
0.0720643061795657,
0.7163291924255061,
-0.07620776728768498
],
"l_pinky_mcp": [
0.4088655887004801,
0.5932788945831364,
-0.19539569498047638
],
"l_pinky_pip": [
-0.0021809852483731245,
1.0596814475459724,
-0.33930474573883657
],
"l_pinky_dip": [
-0.1433076864652391,
1.298886746733282,
-0.3193220345909621
],
"l_pinky_tip": [
-0.23231521364526125,
1.4060957402169483,
-0.30369974067428757
],
"r_hand_position": null,
"r_wrist": null,
"r_thumb_cmc": null,
"r_thumb_mcp": null,
"r_thumb_ip": null,
"r_thumb_tip": null,
"r_index_mcp": null,
"r_index_pip": null,
"r_index_dip": null,
"r_index_tip": null,
"r_middle_mcp": null,
"r_middle_pip": null,
"r_middle_dip": null,
"r_middle_tip": null,
"r_ring_mcp": null,
"r_ring_pip": null,
"r_ring_dip": null,
"r_ring_tip": null,
"r_pinky_mcp": null,
"r_pinky_pip": null,
"r_pinky_dip": null,
"r_pinky_tip": null,
"l_hand_velocity": null,
"r_hand_velocity": null,
"m_nose_point": null,
"m_top_nose": null,
"m_eyebrows": null,
"m_forehead": null,
"m_top_chin": null,
"m_bot_up_lip": null,
"m_top_low_lip": null,
"m_bot_nose": null,
"m_chin": null,
"m_nose": null,
"l_eye_exterior": null,
"l_temple": null,
"l_mid_chin": null,
"l_up_lip": null,
"l_ext_nostril": null,
"l_mid_cheek": null,
"l_mid_eyebrow": null,
"l_ext_eyebrow": null,
"l_ext_lips": null,
"l_jaw_angle": null,
"l_mid_ext_face": null,
"l_int_eyebrow": null,
"l_mid_jaw": null,
"l_mid_bot_eyelid": null,
"l_ext_mouth": null,
"l_top_eyelid": null,
"l_eye_int": null,
"l_pupil": null,
"r_eye_exterior": null,
"r_temple": null,
"r_mid_chin": null,
"r_up_lip": null,
"r_ext_nostril": null,
"r_mid_cheek": null,
"r_mid_eyebrow": null,
"r_ext_eyebrow": null,
"r_ext_lips": null,
"r_jaw_angle": null,
"r_mid_ext_face": null,
"r_int_eyebrow": null,
"r_mid_jaw": null,
"r_mid_bot_eyelid": null,
"r_ext_mouth": null,
"r_top_eyelid": null,
"r_eye_int": null,
"r_pupil": null,
"l_shoulder": null,
"l_elbow": null,
"l_hip": null,
"l_knee": null,
"l_ankle": null,
"l_body_wrist": null,
"r_shoulder": null,
"r_elbow": null,
"r_hip": null,
"r_knee": null,
"r_ankle": null,
"r_body_wrist": null,
"m_face_position": null,
"m_body_position": null,
"m_face_scale": null,
"m_body_scale": null,
"l_hand_scale": [
0.14869833368419805,
0.14869833368419805,
0.14869833368419805
],
"r_hand_scale": null
}
],
"framerate": 30,
"mirrorable": true,
"invalid": false
}