{
"label": "0",
"gestures": [
{
"l_hand_position": null,
"l_wrist": null,
"l_thumb_cmc": null,
"l_thumb_mcp": null,
"l_thumb_ip": null,
"l_thumb_tip": null,
"l_index_mcp": null,
"l_index_pip": null,
"l_index_dip": null,
"l_index_tip": null,
"l_middle_mcp": null,
"l_middle_pip": null,
"l_middle_dip": null,
"l_middle_tip": null,
"l_ring_mcp": null,
"l_ring_pip": null,
"l_ring_dip": null,
"l_ring_tip": null,
"l_pinky_mcp": null,
"l_pinky_pip": null,
"l_pinky_dip": null,
"l_pinky_tip": null,
"r_hand_position": null,
"r_wrist": [
-0.028282977640628815,
0.08374510705471136,
0.005345174577087344
],
"r_thumb_cmc": [
0.008788365870714188,
0.06911352276802138,
-0.006760771851986604
],
"r_thumb_mcp": [
0.041251253336668015,
0.051989484578371714,
-0.010485633276403108
],
"r_thumb_ip": [
0.0603693425655365,
0.027109587565064673,
-0.016879849135875855
],
"r_thumb_tip": [
0.04700528830289841,
0.00393133051693446,
-0.02116229943931128
],
"r_index_mcp": [
0.0283164381980896,
0.0013719722628593594,
0.003376894397661122
],
"r_index_pip": [
0.03802214190363884,
-0.02205406501889252,
-0.004242424853146094
],
"r_index_dip": [
0.04213607311248779,
-0.027313724160194782,
-0.015589070506394052
],
"r_index_tip": [
0.03459581360220909,
-0.01339391432702561,
-0.038324736058712394
],
"r_middle_mcp": [
0.0018009162740781903,
-0.0041250842623413025,
0.0058410139754415105
],
"r_middle_pip": [
0.009033968672156334,
-0.04252795502543493,
-0.004834417253732705
],
"r_middle_dip": [
0.01114913634955883,
-0.04244727641344128,
-0.028984127566218754
],
"r_middle_tip": [
0.01078587956726551,
-0.023264732211828437,
-0.04539004340767918
],
"r_ring_mcp": [
-0.017913639545440674,
-0.0031200605444610427,
-0.0018762729596346797
],
"r_ring_pip": [
-0.012356328777968884,
-0.03422175347805067,
-0.012952440418303153
],
"r_ring_dip": [
-0.008309215307235718,
-0.03160875290632287,
-0.036382611840963794
],
"r_ring_tip": [
-0.006570706143975258,
-0.01162401027977482,
-0.05264791473746347
],
"r_pinky_mcp": [
-0.04116053134202957,
0.006257073953747805,
-0.009859889745712396
],
"r_pinky_pip": [
-0.041526757180690765,
-0.02168276719748999,
-0.011525166220963081
],
"r_pinky_dip": [
-0.034403249621391296,
-0.030524641275406172,
-0.02538453601300738
],
"r_pinky_tip": [
-0.028889670968055725,
-0.01920400001108671,
-0.03997860103845637
]
}
],
"framerate": 30,
"mirrorable": true
}