{
"label": "e",
"gestures": [
{
"l_hand_position": null,
"l_wrist": null,
"l_thumb_cmc": null,
"l_thumb_mcp": null,
"l_thumb_ip": null,
"l_thumb_tip": null,
"l_index_mcp": null,
"l_index_pip": null,
"l_index_dip": null,
"l_index_tip": null,
"l_middle_mcp": null,
"l_middle_pip": null,
"l_middle_dip": null,
"l_middle_tip": null,
"l_ring_mcp": null,
"l_ring_pip": null,
"l_ring_dip": null,
"l_ring_tip": null,
"l_pinky_mcp": null,
"l_pinky_pip": null,
"l_pinky_dip": null,
"l_pinky_tip": null,
"r_hand_position": [
-0.21823811531066895,
0.1704338788986206,
-0.49999972754929445
],
"r_wrist": [
-0.015545468777418137,
0.08558644354343414,
-0.0013779675355181098
],
"r_thumb_cmc": [
0.01644062250852585,
0.06659853458404541,
-0.00708782859146595
],
"r_thumb_mcp": [
0.04246126115322113,
0.048014700412750244,
-0.008003982715308666
],
"r_thumb_ip": [
0.04885425791144371,
0.025739973410964012,
-0.015579194761812687
],
"r_thumb_tip": [
0.030119184404611588,
0.01878533698618412,
-0.017384663224220276
],
"r_index_mcp": [
0.022804992273449898,
-0.00028035230934619904,
0.006294729188084602
],
"r_index_pip": [
0.02920413203537464,
-0.025844134390354156,
0.0029825069941580296
],
"r_index_dip": [
0.036815911531448364,
-0.0420457161962986,
-0.005596111062914133
],
"r_index_tip": [
0.038441095501184464,
-0.03566622734069824,
-0.026399221271276474
],
"r_middle_mcp": [
-0.0003983065253123641,
-0.004073706455528736,
0.006012887693941593
],
"r_middle_pip": [
0.007583027705550194,
-0.040597300976514816,
0.0018869952764362097
],
"r_middle_dip": [
0.014024993404746056,
-0.05308881774544716,
-0.014193967916071415
],
"r_middle_tip": [
0.020098049193620682,
-0.050847966223955154,
-0.03062579594552517
],
"r_ring_mcp": [
-0.014292526990175247,
-0.0018019992858171463,
-0.0032327743247151375
],
"r_ring_pip": [
-0.009730024263262749,
-0.033029619604349136,
-0.009732036851346493
],
"r_ring_dip": [
0.00012398511171340942,
-0.04401326924562454,
-0.025354010984301567
],
"r_ring_tip": [
0.00352318212389946,
-0.03834688663482666,
-0.0424363948404789
],
"r_pinky_mcp": [
-0.03216874971985817,
0.011427384801208973,
-0.011109194718301296
],
"r_pinky_pip": [
-0.03332585468888283,
-0.015144538134336472,
-0.010275823995471
],
"r_pinky_dip": [
-0.023896625265479088,
-0.03330035135149956,
-0.02199123613536358
],
"r_pinky_tip": [
-0.012286907061934471,
-0.029953550547361374,
-0.038195449858903885
],
"l_hand_velocity": null,
"r_hand_velocity": null
}
],
"framerate": 30,
"mirrorable": true,
"invalid": false
}