{
"label": "e",
"gestures": [
{
"l_hand_position": null,
"l_wrist": null,
"l_thumb_cmc": null,
"l_thumb_mcp": null,
"l_thumb_ip": null,
"l_thumb_tip": null,
"l_index_mcp": null,
"l_index_pip": null,
"l_index_dip": null,
"l_index_tip": null,
"l_middle_mcp": null,
"l_middle_pip": null,
"l_middle_dip": null,
"l_middle_tip": null,
"l_ring_mcp": null,
"l_ring_pip": null,
"l_ring_dip": null,
"l_ring_tip": null,
"l_pinky_mcp": null,
"l_pinky_pip": null,
"l_pinky_dip": null,
"l_pinky_tip": null,
"r_hand_position": [
-0.22554230690002441,
0.21476876735687256,
-0.49999985733293784
],
"r_wrist": [
-0.01309242844581604,
0.0895414799451828,
-0.0037277908995747566
],
"r_thumb_cmc": [
0.021538611501455307,
0.07086338847875595,
-0.013605284504592419
],
"r_thumb_mcp": [
0.049164269119501114,
0.05255341902375221,
-0.01617429032921791
],
"r_thumb_ip": [
0.05443836748600006,
0.02603691630065441,
-0.027039343491196632
],
"r_thumb_tip": [
0.03395555168390274,
0.014125256799161434,
-0.03236430883407593
],
"r_index_mcp": [
0.0257011316716671,
0.0002795988693833351,
0.005240646190941334
],
"r_index_pip": [
0.02770228311419487,
-0.024571049958467484,
-0.008245578035712242
],
"r_index_dip": [
0.02795693464577198,
-0.03408108279109001,
-0.020938709378242493
],
"r_index_tip": [
0.022974468767642975,
-0.019394777715206146,
-0.04441625997424126
],
"r_middle_mcp": [
0.00022721977438777685,
-0.004258137661963701,
0.0073217409662902355
],
"r_middle_pip": [
-0.0010795369744300842,
-0.04339386895298958,
-0.0013257665559649467
],
"r_middle_dip": [
0.0011382289230823517,
-0.05946405231952667,
-0.02035544440150261
],
"r_middle_tip": [
0.009532265365123749,
-0.06660594791173935,
-0.03551856800913811
],
"r_ring_mcp": [
-0.017502566799521446,
-0.0031680543906986713,
-0.002265491057187319
],
"r_ring_pip": [
-0.015250925906002522,
-0.03226424753665924,
-0.01582750864326954
],
"r_ring_dip": [
-0.006749971769750118,
-0.024837728589773178,
-0.035343341529369354
],
"r_ring_tip": [
-0.0011070896871387959,
-0.006207299884408712,
-0.04593545198440552
],
"r_pinky_mcp": [
-0.03699933737516403,
0.010272222571074963,
-0.012114795856177807
],
"r_pinky_pip": [
-0.03545662388205528,
-0.012397309765219688,
-0.019355112686753273
],
"r_pinky_dip": [
-0.02442627027630806,
-0.016777068376541138,
-0.03633943945169449
],
"r_pinky_tip": [
-0.01756083033978939,
0.0004903608933091164,
-0.04222490265965462
],
"l_hand_velocity": null,
"r_hand_velocity": null
}
],
"framerate": 30,
"mirrorable": true,
"invalid": false
}