{
    "label": "s",
    "label_id": 19,
    "gestures": [
        {
            "wrist": [
                -0.028001654893159866,
                0.08758600056171417,
                -0.04585133120417595
            ],
            "thumb_cmc": [
                0.00520947203040123,
                0.06774893403053284,
                -0.048484764993190765
            ],
            "thumb_mcp": [
                0.021446075290441513,
                0.03322204574942589,
                -0.05041002482175827
            ],
            "thumb_ip": [
                0.016301041468977928,
                -0.0070449719205498695,
                -0.042645275592803955
            ],
            "thumb_tip": [
                -0.003674594685435295,
                -0.03873744234442711,
                -0.03308459371328354
            ],
            "index_mcp": [
                0.02661712095141411,
                0.0013337871059775352,
                0.0028220959939062595
            ],
            "index_pip": [
                0.039647750556468964,
                -0.01750016212463379,
                -0.015552109107375145
            ],
            "index_dip": [
                0.03700375556945801,
                -0.011437051929533482,
                -0.03125288337469101
            ],
            "index_tip": [
                0.026267362758517265,
                0.004108450375497341,
                -0.033992305397987366
            ],
            "middle_mcp": [
                0.0031064690556377172,
                -0.005004620645195246,
                0.009331795386970043
            ],
            "middle_pip": [
                0.012971051037311554,
                -0.03171415254473686,
                -0.01795823499560356
            ],
            "middle_dip": [
                0.013144579716026783,
                -0.014980698004364967,
                -0.037000853568315506
            ],
            "middle_tip": [
                0.01078540924936533,
                -0.00474989227950573,
                -0.02755648083984852
            ],
            "ring_mcp": [
                -0.0192258283495903,
                -0.002909255214035511,
                -0.0007306610350497067
            ],
            "ring_pip": [
                -0.009051838889718056,
                -0.01675327494740486,
                -0.02994856983423233
            ],
            "ring_dip": [
                -0.0058188848197460175,
                0.004257018677890301,
                -0.03847318887710571
            ],
            "ring_tip": [
                -0.009780635125935078,
                0.016800200566649437,
                -0.022465376183390617
            ],
            "pinky_mcp": [
                -0.04248204827308655,
                0.005393253639340401,
                -0.014218589290976524
            ],
            "pinky_pip": [
                -0.02643551491200924,
                -0.0009636590257287025,
                -0.03622930496931076
            ],
            "pinky_dip": [
                -0.020971212536096573,
                0.011456659063696861,
                -0.05132601037621498
            ],
            "pinky_tip": [
                -0.0294560045003891,
                0.02142348140478134,
                -0.038424886763095856
            ]
        }
    ]
}