{
"label": "g",
"gestures": [
{
"l_hand_position": null,
"l_wrist": null,
"l_thumb_cmc": null,
"l_thumb_mcp": null,
"l_thumb_ip": null,
"l_thumb_tip": null,
"l_index_mcp": null,
"l_index_pip": null,
"l_index_dip": null,
"l_index_tip": null,
"l_middle_mcp": null,
"l_middle_pip": null,
"l_middle_dip": null,
"l_middle_tip": null,
"l_ring_mcp": null,
"l_ring_pip": null,
"l_ring_dip": null,
"l_ring_tip": null,
"l_pinky_mcp": null,
"l_pinky_pip": null,
"l_pinky_dip": null,
"l_pinky_tip": null,
"r_hand_position": null,
"r_wrist": [
-0.005444973707199097,
0.08610169589519501,
0.00988795980811119
],
"r_thumb_cmc": [
-0.026996398344635963,
0.05730782076716423,
-0.0029718095902353525
],
"r_thumb_mcp": [
-0.029553936794400215,
0.023384036496281624,
-0.008074282668530941
],
"r_thumb_ip": [
-0.032072488218545914,
-0.010510369203984737,
-0.014054296538233757
],
"r_thumb_tip": [
-0.027273546904325485,
-0.042453229427337646,
-0.012789791449904442
],
"r_index_mcp": [
-0.02540760673582554,
-0.011452008038759232,
0.003984606359153986
],
"r_index_pip": [
-0.023370642215013504,
-0.04390762373805046,
0.0009808524046093225
],
"r_index_dip": [
-0.021018125116825104,
-0.06869849562644958,
-0.002941701328381896
],
"r_index_tip": [
-0.018479464575648308,
-0.09013665467500687,
-0.021337389945983887
],
"r_middle_mcp": [
-0.004749927669763565,
-0.004665629006922245,
0.0059926752001047134
],
"r_middle_pip": [
-0.001201573759317398,
-0.02213645912706852,
-0.023894350975751877
],
"r_middle_dip": [
-0.009831052273511887,
-0.005103142932057381,
-0.04268365725874901
],
"r_middle_tip": [
-0.013375364243984222,
0.01676218956708908,
-0.04185434803366661
],
"r_ring_mcp": [
0.016532767564058304,
0.005286735482513905,
-0.0005826945416629314
],
"r_ring_pip": [
0.01512092724442482,
-0.0002608899958431721,
-0.02968178130686283
],
"r_ring_dip": [
0.0063872141763567924,
0.023681510239839554,
-0.03738412261009216
],
"r_ring_tip": [
0.001498776488006115,
0.04410811886191368,
-0.025861242786049843
],
"r_pinky_mcp": [
0.02656676433980465,
0.02323092520236969,
-0.009974258951842785
],
"r_pinky_pip": [
0.028745576739311218,
0.015601878054440022,
-0.029579635709524155
],
"r_pinky_dip": [
0.02086394838988781,
0.03044578805565834,
-0.040361206978559494
],
"r_pinky_tip": [
0.012170357629656792,
0.04564638063311577,
-0.029128601774573326
]
}
],
"framerate": 30,
"mirrorable": true
}