{
"label": "g",
"gestures": [
{
"l_hand_position": null,
"l_wrist": null,
"l_thumb_cmc": null,
"l_thumb_mcp": null,
"l_thumb_ip": null,
"l_thumb_tip": null,
"l_index_mcp": null,
"l_index_pip": null,
"l_index_dip": null,
"l_index_tip": null,
"l_middle_mcp": null,
"l_middle_pip": null,
"l_middle_dip": null,
"l_middle_tip": null,
"l_ring_mcp": null,
"l_ring_pip": null,
"l_ring_dip": null,
"l_ring_tip": null,
"l_pinky_mcp": null,
"l_pinky_pip": null,
"l_pinky_dip": null,
"l_pinky_tip": null,
"r_hand_position": null,
"r_wrist": [
-0.01994396187365055,
0.08327679336071014,
-0.05738932639360428
],
"r_thumb_cmc": [
0.013811009004712105,
0.06427443772554398,
-0.05923117324709892
],
"r_thumb_mcp": [
0.03496997430920601,
0.03190303593873978,
-0.05549495294690132
],
"r_thumb_ip": [
0.0395970493555069,
-0.008052580058574677,
-0.04238705337047577
],
"r_thumb_tip": [
0.03941953182220459,
-0.040886007249355316,
-0.031748171895742416
],
"r_index_mcp": [
0.026813507080078125,
0.0014120619744062424,
-0.0004886321257799864
],
"r_index_pip": [
0.0331454873085022,
-0.029045874252915382,
-0.0020531974732875824
],
"r_index_dip": [
0.04074721783399582,
-0.047794047743082047,
-0.010254793800413609
],
"r_index_tip": [
0.04168388992547989,
-0.0668172687292099,
-0.03136793151497841
],
"r_middle_mcp": [
0.0021009035408496857,
-0.0030584230553358793,
0.010029845871031284
],
"r_middle_pip": [
0.012310739606618881,
-0.027426181361079216,
-0.013554488308727741
],
"r_middle_dip": [
0.009181467816233635,
-0.012110802344977856,
-0.03678107261657715
],
"r_middle_tip": [
0.00959066767245531,
0.006960121914744377,
-0.0376603901386261
],
"r_ring_mcp": [
-0.01902770809829235,
-0.003124023787677288,
0.003003549762070179
],
"r_ring_pip": [
-0.010257367044687271,
-0.019188065081834793,
-0.025102965533733368
],
"r_ring_dip": [
-0.010002357885241508,
0.0019004330970346928,
-0.04101908206939697
],
"r_ring_tip": [
-0.008418549783527851,
0.02384665235877037,
-0.032637763768434525
],
"r_pinky_mcp": [
-0.03833667188882828,
0.004622407257556915,
-0.011225126683712006
],
"r_pinky_pip": [
-0.03248980641365051,
-0.009510676376521587,
-0.029091646894812584
],
"r_pinky_dip": [
-0.02516162022948265,
0.002418912947177887,
-0.0467003732919693
],
"r_pinky_tip": [
-0.024519169703125954,
0.020650608465075493,
-0.04073920473456383
]
}
],
"framerate": 30,
"mirrorable": true
}