{
"label": "g",
"gestures": [
{
"l_hand_position": null,
"l_wrist": null,
"l_thumb_cmc": null,
"l_thumb_mcp": null,
"l_thumb_ip": null,
"l_thumb_tip": null,
"l_index_mcp": null,
"l_index_pip": null,
"l_index_dip": null,
"l_index_tip": null,
"l_middle_mcp": null,
"l_middle_pip": null,
"l_middle_dip": null,
"l_middle_tip": null,
"l_ring_mcp": null,
"l_ring_pip": null,
"l_ring_dip": null,
"l_ring_tip": null,
"l_pinky_mcp": null,
"l_pinky_pip": null,
"l_pinky_dip": null,
"l_pinky_tip": null,
"r_hand_position": null,
"r_wrist": [
0.004054725170135498,
0.08310963213443756,
-0.011170648969709873
],
"r_thumb_cmc": [
-0.020981483161449432,
0.057308368384838104,
-0.019557014107704163
],
"r_thumb_mcp": [
-0.026459284126758575,
0.02441020868718624,
-0.019098708406090736
],
"r_thumb_ip": [
-0.0303651075810194,
-0.00832763034850359,
-0.02075577713549137
],
"r_thumb_tip": [
-0.025884050875902176,
-0.03492564335465431,
-0.015725722536444664
],
"r_index_mcp": [
-0.02772270329296589,
-0.006587712559849024,
0.004902112763375044
],
"r_index_pip": [
-0.027161480858922005,
-0.03870733827352524,
0.0014058861415833235
],
"r_index_dip": [
-0.02772221900522709,
-0.06307442486286163,
-0.0030539105646312237
],
"r_index_tip": [
-0.025223813951015472,
-0.08131379634141922,
-0.022804155945777893
],
"r_middle_mcp": [
-0.005332425702363253,
-0.003585816826671362,
0.006991823203861713
],
"r_middle_pip": [
-0.004523091949522495,
-0.027529992163181305,
-0.01667366363108158
],
"r_middle_dip": [
-0.014260975643992424,
-0.013060725294053555,
-0.038570668548345566
],
"r_middle_tip": [
-0.017541516572237015,
0.010030112229287624,
-0.04160803556442261
],
"r_ring_mcp": [
0.018055107444524765,
0.0023862721864134073,
-0.0011835829354822636
],
"r_ring_pip": [
0.01613805815577507,
-0.007133378181606531,
-0.026928797364234924
],
"r_ring_dip": [
0.007699405774474144,
0.018237845972180367,
-0.03834085538983345
],
"r_ring_tip": [
0.0020659025758504868,
0.039677903056144714,
-0.030055303126573563
],
"r_pinky_mcp": [
0.030990799888968468,
0.017945628613233566,
-0.013087387196719646
],
"r_pinky_pip": [
0.03201514482498169,
0.008377360180020332,
-0.029639750719070435
],
"r_pinky_dip": [
0.02433222532272339,
0.02204039692878723,
-0.0414639450609684
],
"r_pinky_tip": [
0.014403258450329304,
0.03685696795582771,
-0.03461321443319321
]
}
],
"framerate": 30,
"mirrorable": true
}