{
"label": "k",
"gestures": [
{
"l_hand_position": null,
"l_wrist": null,
"l_thumb_cmc": null,
"l_thumb_mcp": null,
"l_thumb_ip": null,
"l_thumb_tip": null,
"l_index_mcp": null,
"l_index_pip": null,
"l_index_dip": null,
"l_index_tip": null,
"l_middle_mcp": null,
"l_middle_pip": null,
"l_middle_dip": null,
"l_middle_tip": null,
"l_ring_mcp": null,
"l_ring_pip": null,
"l_ring_dip": null,
"l_ring_tip": null,
"l_pinky_mcp": null,
"l_pinky_pip": null,
"l_pinky_dip": null,
"l_pinky_tip": null,
"r_hand_position": null,
"r_wrist": [
-0.011817853897809982,
0.08621892333030791,
0.03573708981275594
],
"r_thumb_cmc": [
0.0049075111746788025,
0.059070337563753794,
0.04291731864213996
],
"r_thumb_mcp": [
0.02189348265528679,
0.03414824604988133,
0.039562128484249504
],
"r_thumb_ip": [
0.02749047987163067,
0.011674627661705204,
0.025503668934107115
],
"r_thumb_tip": [
0.027962466701865196,
-0.002090523019433036,
0.009009236469864975
],
"r_index_mcp": [
0.000799957662820816,
-0.011759255081415275,
0.024423431605100944
],
"r_index_pip": [
0.009640966542065144,
-0.03602360934019108,
0.012906843796372467
],
"r_index_dip": [
0.016538355499505997,
-0.05708025023341242,
0.003476399928331537
],
"r_index_tip": [
0.02343500405550003,
-0.07285489141941176,
-0.015492795035243133
],
"r_middle_mcp": [
-0.004652228206396103,
-0.007110457867384067,
0.003600530559197132
],
"r_middle_pip": [
0.03229574114084244,
-0.015711169689893827,
-0.005394845269620446
],
"r_middle_dip": [
0.061104752123355865,
-0.013690067455172726,
-0.008818822912871973
],
"r_middle_tip": [
0.0849209800362587,
-0.010568182915449245,
-0.00451334007084376
],
"r_ring_mcp": [
-0.00041244272142648697,
0.007991550490260192,
-0.01495163980871451
],
"r_ring_pip": [
0.02686590701341629,
0.008503895252943119,
-0.015522577799856843
],
"r_ring_dip": [
0.03112148493528366,
0.027609152719378725,
-0.0024919139686972085
],
"r_ring_tip": [
0.0189483892172575,
0.042114831507206345,
0.007507184054702551
],
"r_pinky_mcp": [
-0.0013011088594794273,
0.027412094175815836,
-0.029630174860358557
],
"r_pinky_pip": [
0.022115807980298996,
0.029234955087304438,
-0.025167932733893634
],
"r_pinky_dip": [
0.02567705512046814,
0.04214778169989633,
-0.006441314239054967
],
"r_pinky_tip": [
0.014547891914844513,
0.05102174729108879,
0.0009334449423476471
]
}
],
"framerate": 30,
"mirrorable": true
}