{
"label": "k",
"gestures": [
{
"l_hand_position": null,
"l_wrist": null,
"l_thumb_cmc": null,
"l_thumb_mcp": null,
"l_thumb_ip": null,
"l_thumb_tip": null,
"l_index_mcp": null,
"l_index_pip": null,
"l_index_dip": null,
"l_index_tip": null,
"l_middle_mcp": null,
"l_middle_pip": null,
"l_middle_dip": null,
"l_middle_tip": null,
"l_ring_mcp": null,
"l_ring_pip": null,
"l_ring_dip": null,
"l_ring_tip": null,
"l_pinky_mcp": null,
"l_pinky_pip": null,
"l_pinky_dip": null,
"l_pinky_tip": null,
"r_hand_position": null,
"r_wrist": [
-0.02917136438190937,
0.0846667215228094,
0.021825628355145805
],
"r_thumb_cmc": [
-0.005901189520955086,
0.06288494169712114,
0.034673955291509885
],
"r_thumb_mcp": [
0.015669047832489014,
0.042067676782608546,
0.04052263125777287
],
"r_thumb_ip": [
0.02862710878252983,
0.01775328628718876,
0.0440345183014873
],
"r_thumb_tip": [
0.03300350159406662,
-0.0008566770702600143,
0.045505970716477065
],
"r_index_mcp": [
0.006099268794059753,
-0.008214473724365293,
0.027269115671515663
],
"r_index_pip": [
0.016782917082309723,
-0.03390961140394247,
0.01868299953639528
],
"r_index_dip": [
0.02579423040151596,
-0.05334543436765732,
0.01069132518023265
],
"r_index_tip": [
0.03523218631744385,
-0.0713356211781509,
-0.008097631856799256
],
"r_middle_mcp": [
-0.002829141914844513,
-0.007688151672482576,
0.005446132272482003
],
"r_middle_pip": [
0.035602886229753494,
-0.01113454811275016,
-0.00567930517718202
],
"r_middle_dip": [
0.06221558526158333,
-0.006435832008719529,
-0.011041322723031174
],
"r_middle_tip": [
0.08297809958457947,
0.0045926310122013664,
-0.011973050422966633
],
"r_ring_mcp": [
-0.003906905651092529,
0.005422620102763211,
-0.016536017879843885
],
"r_ring_pip": [
0.022913102060556412,
0.010956431739032399,
-0.019199267029762556
],
"r_ring_dip": [
0.0228388961404562,
0.031284090131521634,
-0.007310480810701942
],
"r_ring_tip": [
0.007455058395862579,
0.046263083815575125,
0.0015021892031654017
],
"r_pinky_mcp": [
-0.007519771810621023,
0.022966742515564173,
-0.03378507494926482
],
"r_pinky_pip": [
0.015620093792676926,
0.02553759329021008,
-0.033940397202969
],
"r_pinky_dip": [
0.017176251858472824,
0.040427431464195515,
-0.01616260036826149
],
"r_pinky_tip": [
0.001321054995059967,
0.048329722136259495,
-0.009891838766634617
]
}
],
"framerate": 30,
"mirrorable": true
}