{
"label": "k",
"gestures": [
{
"l_hand_position": [
0.7612450122833252,
0.8140523433685303,
2.511625609713519e-07
],
"l_wrist": [
-0.001146126538515091,
0.08395901322364807,
0.02685001865029335
],
"l_thumb_cmc": [
-0.02612799033522606,
0.05980944633483887,
0.007675109896808863
],
"l_thumb_mcp": [
-0.03495115786790848,
0.03049716353416443,
-0.0023331560660153627
],
"l_thumb_ip": [
-0.037602104246616364,
-0.0022539664059877396,
-0.014109371230006218
],
"l_thumb_tip": [
-0.03400840982794762,
-0.029493235051631927,
-0.019453952088952065
],
"l_index_mcp": [
-0.03223735839128494,
-0.009494184516370296,
0.00021242638467811048
],
"l_index_pip": [
-0.03920099511742592,
-0.035978514701128006,
-0.006681633647531271
],
"l_index_dip": [
-0.03944635018706322,
-0.05794810876250267,
-0.01003257092088461
],
"l_index_tip": [
-0.046379454433918,
-0.07852666825056076,
-0.031418327242136
],
"l_middle_mcp": [
-0.005183315835893154,
-0.006510895676910877,
0.0036736316978931427
],
"l_middle_pip": [
0.0031192684546113014,
-0.034289754927158356,
-0.008952044881880283
],
"l_middle_dip": [
0.0037043802440166473,
-0.05913245677947998,
-0.030055522918701172
],
"l_middle_tip": [
0.011916723102331161,
-0.08443543314933777,
-0.04965352267026901
],
"l_ring_mcp": [
0.019305409863591194,
0.0038855168968439102,
-0.0004800297028850764
],
"l_ring_pip": [
0.010379409417510033,
0.01210240088403225,
-0.023939091712236404
],
"l_ring_dip": [
-0.004581873305141926,
0.03509318828582764,
-0.028668321669101715
],
"l_ring_tip": [
-0.014089517295360565,
0.0537978857755661,
-0.020638184621930122
],
"l_pinky_mcp": [
0.0320325531065464,
0.021156173199415207,
-0.002949394751340151
],
"l_pinky_pip": [
0.028561528772115707,
0.02638796716928482,
-0.019129008054733276
],
"l_pinky_dip": [
0.015526981092989445,
0.03959617391228676,
-0.02275490202009678
],
"l_pinky_tip": [
0.009073151275515556,
0.05221721529960632,
-0.015412259846925735
],
"r_hand_position": null,
"r_wrist": null,
"r_thumb_cmc": null,
"r_thumb_mcp": null,
"r_thumb_ip": null,
"r_thumb_tip": null,
"r_index_mcp": null,
"r_index_pip": null,
"r_index_dip": null,
"r_index_tip": null,
"r_middle_mcp": null,
"r_middle_pip": null,
"r_middle_dip": null,
"r_middle_tip": null,
"r_ring_mcp": null,
"r_ring_pip": null,
"r_ring_dip": null,
"r_ring_tip": null,
"r_pinky_mcp": null,
"r_pinky_pip": null,
"r_pinky_dip": null,
"r_pinky_tip": null
}
],
"framerate": 30,
"mirrorable": true
}