{
"label": "k",
"gestures": [
{
"l_hand_position": null,
"l_wrist": null,
"l_thumb_cmc": null,
"l_thumb_mcp": null,
"l_thumb_ip": null,
"l_thumb_tip": null,
"l_index_mcp": null,
"l_index_pip": null,
"l_index_dip": null,
"l_index_tip": null,
"l_middle_mcp": null,
"l_middle_pip": null,
"l_middle_dip": null,
"l_middle_tip": null,
"l_ring_mcp": null,
"l_ring_pip": null,
"l_ring_dip": null,
"l_ring_tip": null,
"l_pinky_mcp": null,
"l_pinky_pip": null,
"l_pinky_dip": null,
"l_pinky_tip": null,
"r_hand_position": [
0.3877747654914856,
0.13184934854507446,
-0.4999996507062576
],
"r_wrist": [
0.01768861524760723,
0.06290700286626816,
0.05956364795565605
],
"r_thumb_cmc": [
-0.004548820201307535,
0.04409653693437576,
0.05071944743394852
],
"r_thumb_mcp": [
-0.006150431465357542,
0.011496267281472683,
0.04557313397526741
],
"r_thumb_ip": [
-0.002017223509028554,
-0.010556366294622421,
0.02363051287829876
],
"r_thumb_tip": [
-0.006146852392703295,
-0.021580427885055542,
0.008190912194550037
],
"r_index_mcp": [
-0.028347190469503403,
-0.006496533751487732,
0.0065046497620642185
],
"r_index_pip": [
-0.03925522789359093,
-0.021651476621627808,
0.006957638077437878
],
"r_index_dip": [
-0.04930191487073898,
-0.03998253121972084,
0.01770995743572712
],
"r_index_tip": [
-0.05667973309755325,
-0.055009517818689346,
0.00737724220380187
],
"r_middle_mcp": [
-0.008219667710363865,
0.0004374464915599674,
-0.002130710519850254
],
"r_middle_pip": [
-0.006381375715136528,
-0.030823783949017525,
-0.004392001777887344
],
"r_middle_dip": [
-0.01060484442859888,
-0.05099352076649666,
0.0025945850647985935
],
"r_middle_tip": [
-0.008884644135832787,
-0.07785344868898392,
0.018033582717180252
],
"r_ring_mcp": [
0.018677711486816406,
0.002335405210033059,
-0.004016827326267958
],
"r_ring_pip": [
0.01888369210064411,
-0.016603978350758553,
0.0026457919739186764
],
"r_ring_dip": [
0.014831828884780407,
-0.007016386836767197,
0.024857554584741592
],
"r_ring_tip": [
0.014983849599957466,
0.0014309223042801023,
0.04247584939002991
],
"r_pinky_mcp": [
0.034677907824516296,
0.01489121001213789,
-0.002600280335173011
],
"r_pinky_pip": [
0.028458986431360245,
-0.002506392076611519,
0.006405062973499298
],
"r_pinky_dip": [
0.024956481531262398,
-0.006107171531766653,
0.026500154286623
],
"r_pinky_tip": [
0.02914801612496376,
0.006492966320365667,
0.04062528535723686
],
"l_hand_velocity": null,
"r_hand_velocity": null
}
],
"framerate": 30,
"mirrorable": true,
"invalid": false
}