{
"label": "k",
"gestures": [
{
"l_hand_position": null,
"l_wrist": null,
"l_thumb_cmc": null,
"l_thumb_mcp": null,
"l_thumb_ip": null,
"l_thumb_tip": null,
"l_index_mcp": null,
"l_index_pip": null,
"l_index_dip": null,
"l_index_tip": null,
"l_middle_mcp": null,
"l_middle_pip": null,
"l_middle_dip": null,
"l_middle_tip": null,
"l_ring_mcp": null,
"l_ring_pip": null,
"l_ring_dip": null,
"l_ring_tip": null,
"l_pinky_mcp": null,
"l_pinky_pip": null,
"l_pinky_dip": null,
"l_pinky_tip": null,
"r_hand_position": [
-0.32491013407707214,
0.2847331762313843,
-0.4999993330596908
],
"r_wrist": [
-0.008184529840946198,
0.0931069627404213,
0.007138487882912159
],
"r_thumb_cmc": [
0.01613626442849636,
0.0689433217048645,
0.00754505442455411
],
"r_thumb_mcp": [
0.032995887100696564,
0.03655918687582016,
-0.0013931081630289555
],
"r_thumb_ip": [
0.03840416669845581,
0.002803647890686989,
-0.014260591939091682
],
"r_thumb_tip": [
0.03537077456712723,
-0.02330922707915306,
-0.02842114493250847
],
"r_index_mcp": [
0.021625082939863205,
-0.007079259492456913,
0.013143327087163925
],
"r_index_pip": [
0.025071285665035248,
-0.03590119630098343,
0.005940909031778574
],
"r_index_dip": [
0.029835090041160583,
-0.056039292365312576,
-0.003042882075533271
],
"r_index_tip": [
0.033124178647994995,
-0.08111944794654846,
-0.026758326217532158
],
"r_middle_mcp": [
-0.0005905432626605034,
-0.005775173660367727,
0.007875971496105194
],
"r_middle_pip": [
0.020511772483587265,
-0.021339723840355873,
-0.023192718625068665
],
"r_middle_dip": [
0.0353567972779274,
-0.02490723878145218,
-0.045302946120500565
],
"r_middle_tip": [
0.056592948734760284,
-0.02692875824868679,
-0.07242292910814285
],
"r_ring_mcp": [
-0.014879284426569939,
0.002251042053103447,
-0.00821209792047739
],
"r_ring_pip": [
0.006130783353000879,
0.006573832593858242,
-0.03322146087884903
],
"r_ring_dip": [
0.01369576994329691,
0.030460480600595474,
-0.03754660114645958
],
"r_ring_tip": [
0.016393136233091354,
0.05708324536681175,
-0.03294580429792404
],
"r_pinky_mcp": [
-0.029532894492149353,
0.01842907816171646,
-0.02032891847193241
],
"r_pinky_pip": [
-0.011141536757349968,
0.01689189486205578,
-0.040251556783914566
],
"r_pinky_dip": [
0.00036454759538173676,
0.03625566139817238,
-0.04624359682202339
],
"r_pinky_tip": [
-0.0001718662679195404,
0.055672042071819305,
-0.03792336583137512
]
}
],
"framerate": 30,
"mirrorable": true
}