{
"label": "k",
"gestures": [
{
"l_hand_position": null,
"l_wrist": null,
"l_thumb_cmc": null,
"l_thumb_mcp": null,
"l_thumb_ip": null,
"l_thumb_tip": null,
"l_index_mcp": null,
"l_index_pip": null,
"l_index_dip": null,
"l_index_tip": null,
"l_middle_mcp": null,
"l_middle_pip": null,
"l_middle_dip": null,
"l_middle_tip": null,
"l_ring_mcp": null,
"l_ring_pip": null,
"l_ring_dip": null,
"l_ring_tip": null,
"l_pinky_mcp": null,
"l_pinky_pip": null,
"l_pinky_dip": null,
"l_pinky_tip": null,
"r_hand_position": [
-0.21519386768341064,
0.1931464672088623,
-0.4999996497569441
],
"r_wrist": [
-0.005585005506873131,
0.08699528127908707,
-0.03697078675031662
],
"r_thumb_cmc": [
0.02067592367529869,
0.05928935110569,
-0.04229673370718956
],
"r_thumb_mcp": [
0.0289919376373291,
0.02782950922846794,
-0.04933099076151848
],
"r_thumb_ip": [
0.017149250954389572,
-0.007432352285832167,
-0.048697084188461304
],
"r_thumb_tip": [
-0.001076756976544857,
-0.034423962235450745,
-0.04286130890250206
],
"r_index_mcp": [
0.02317170426249504,
-0.003745029680430889,
0.0017980922712013125
],
"r_index_pip": [
0.03542263060808182,
-0.0324975959956646,
0.0029089688323438168
],
"r_index_dip": [
0.04365771636366844,
-0.05672317370772362,
-0.0005546559696085751
],
"r_index_tip": [
0.04768193140625954,
-0.07780700922012329,
-0.01682659424841404
],
"r_middle_mcp": [
0.0006740180542692542,
-0.004125476349145174,
0.009446805343031883
],
"r_middle_pip": [
-9.373202919960022e-05,
-0.04341760650277138,
0.003098171204328537
],
"r_middle_dip": [
-0.0026486795395612717,
-0.06928025931119919,
-0.011572063900530338
],
"r_middle_tip": [
-0.005844775587320328,
-0.09468667209148407,
-0.02737170271575451
],
"r_ring_mcp": [
-0.01620212383568287,
0.001383630558848381,
-1.2776462426700164e-05
],
"r_ring_pip": [
-0.00915662944316864,
-0.014891479164361954,
-0.027377750724554062
],
"r_ring_dip": [
6.72957394272089e-05,
0.003992597572505474,
-0.04251210018992424
],
"r_ring_tip": [
0.002378135919570923,
0.02522377297282219,
-0.04282482713460922
],
"r_pinky_mcp": [
-0.032888032495975494,
0.013617933727800846,
-0.01475721038877964
],
"r_pinky_pip": [
-0.02193181961774826,
0.003438795916736126,
-0.03242736682295799
],
"r_pinky_dip": [
-0.011074344627559185,
0.016161641106009483,
-0.046167775988578796
],
"r_pinky_tip": [
-0.0069574518129229546,
0.03436584025621414,
-0.037410054355859756
]
}
],
"framerate": 30,
"mirrorable": true
}