{
"label": "k",
"gestures": [
{
"l_hand_position": [
0.7694573402404785,
0.7346689701080322,
1.9105260662399814e-07
],
"l_wrist": [
-0.0019759871065616608,
0.08264674246311188,
-0.022384420037269592
],
"l_thumb_cmc": [
-0.027493778616189957,
0.053103718906641006,
-0.02566397376358509
],
"l_thumb_mcp": [
-0.025340387597680092,
0.021308457478880882,
-0.031314872205257416
],
"l_thumb_ip": [
-0.017979010939598083,
-0.011767436750233173,
-0.03241025283932686
],
"l_thumb_tip": [
-0.0006382754072546959,
-0.03504103422164917,
-0.027879461646080017
],
"l_index_mcp": [
-0.027682706713676453,
-0.01023963000625372,
0.004766433034092188
],
"l_index_pip": [
-0.03465963155031204,
-0.035056956112384796,
-0.0028175259940326214
],
"l_index_dip": [
-0.03807471692562103,
-0.056060053408145905,
-0.008234743028879166
],
"l_index_tip": [
-0.044523343443870544,
-0.0765983983874321,
-0.030010290443897247
],
"l_middle_mcp": [
-0.004487612284719944,
-0.003549172542989254,
0.006883484777063131
],
"l_middle_pip": [
0.006057265214622021,
-0.043325383216142654,
0.00013680562551598996
],
"l_middle_dip": [
0.004374317824840546,
-0.06849784404039383,
-0.012330141849815845
],
"l_middle_tip": [
0.011282617226243019,
-0.09207446873188019,
-0.02099010907113552
],
"l_ring_mcp": [
0.01716364547610283,
0.004282059147953987,
-0.0017425353871658444
],
"l_ring_pip": [
0.016860324889421463,
-0.016048051416873932,
-0.022947797551751137
],
"l_ring_dip": [
0.0030097053386271,
-0.002788994461297989,
-0.036114614456892014
],
"l_ring_tip": [
0.0014299838803708553,
0.015470007434487343,
-0.034010302275419235
],
"l_pinky_mcp": [
0.028782349079847336,
0.01888228766620159,
-0.012777670286595821
],
"l_pinky_pip": [
0.026928050443530083,
0.006135872099548578,
-0.028333088383078575
],
"l_pinky_dip": [
0.015455301851034164,
0.008455685339868069,
-0.03947800397872925
],
"l_pinky_tip": [
0.016088880598545074,
0.02136942557990551,
-0.03713226318359375
],
"r_hand_position": null,
"r_wrist": null,
"r_thumb_cmc": null,
"r_thumb_mcp": null,
"r_thumb_ip": null,
"r_thumb_tip": null,
"r_index_mcp": null,
"r_index_pip": null,
"r_index_dip": null,
"r_index_tip": null,
"r_middle_mcp": null,
"r_middle_pip": null,
"r_middle_dip": null,
"r_middle_tip": null,
"r_ring_mcp": null,
"r_ring_pip": null,
"r_ring_dip": null,
"r_ring_tip": null,
"r_pinky_mcp": null,
"r_pinky_pip": null,
"r_pinky_dip": null,
"r_pinky_tip": null
}
],
"framerate": 30,
"mirrorable": true
}