{
"label": "k",
"gestures": [
{
"l_hand_position": null,
"l_wrist": null,
"l_thumb_cmc": null,
"l_thumb_mcp": null,
"l_thumb_ip": null,
"l_thumb_tip": null,
"l_index_mcp": null,
"l_index_pip": null,
"l_index_dip": null,
"l_index_tip": null,
"l_middle_mcp": null,
"l_middle_pip": null,
"l_middle_dip": null,
"l_middle_tip": null,
"l_ring_mcp": null,
"l_ring_pip": null,
"l_ring_dip": null,
"l_ring_tip": null,
"l_pinky_mcp": null,
"l_pinky_pip": null,
"l_pinky_dip": null,
"l_pinky_tip": null,
"r_hand_position": [
-0.30738465487957,
0.3242835998535156,
-0.49999980417406675
],
"r_wrist": [
0.006531955674290657,
0.08431808650493622,
-0.011680050753057003
],
"r_thumb_cmc": [
0.025493305176496506,
0.05830124020576477,
-0.028881529346108437
],
"r_thumb_mcp": [
0.029831508174538612,
0.022068355232477188,
-0.03724592179059982
],
"r_thumb_ip": [
0.0181052815169096,
-0.008605437353253365,
-0.03347343951463699
],
"r_thumb_tip": [
0.009262420237064362,
-0.04062414914369583,
-0.023482920601963997
],
"r_index_mcp": [
0.02107175439596176,
-0.010629801079630852,
-0.006156714633107185
],
"r_index_pip": [
0.024857349693775177,
-0.03684049844741821,
-0.00618291599676013
],
"r_index_dip": [
0.027248794212937355,
-0.06190737336874008,
-0.002155686728656292
],
"r_index_tip": [
0.024649828672409058,
-0.08727392554283142,
-0.01575571484863758
],
"r_middle_mcp": [
0.0007727647898718715,
-0.005402430891990662,
0.006936453748494387
],
"r_middle_pip": [
-0.008443628437817097,
-0.03518853336572647,
-0.00791203323751688
],
"r_middle_dip": [
-0.017951268702745438,
-0.05804647505283356,
-0.028068190440535545
],
"r_middle_tip": [
-0.025641193613409996,
-0.08290684223175049,
-0.044256117194890976
],
"r_ring_mcp": [
-0.015447466634213924,
0.005617230199277401,
0.005426852498203516
],
"r_ring_pip": [
-0.016528766602277756,
0.0011125002056360245,
-0.024638909846544266
],
"r_ring_dip": [
-0.008314033038914204,
0.02493376098573208,
-0.03805511072278023
],
"r_ring_tip": [
0.0011165998876094818,
0.04474158212542534,
-0.030970262363553047
],
"r_pinky_mcp": [
-0.031492024660110474,
0.020602863281965256,
9.417605178896338e-05
],
"r_pinky_pip": [
-0.03236822038888931,
0.01842615008354187,
-0.021537113934755325
],
"r_pinky_dip": [
-0.021949321031570435,
0.03412129357457161,
-0.035851914435625076
],
"r_pinky_tip": [
-0.01191820576786995,
0.04952704533934593,
-0.02349437214434147
]
}
],
"framerate": 30,
"mirrorable": true
}