{
"label": "k",
"gestures": [
{
"l_hand_position": null,
"l_wrist": [
0.004784882068634033,
0.07945097982883453,
0.05259028449654579
],
"l_thumb_cmc": [
0.003526555374264717,
0.043581798672676086,
0.0550844632089138
],
"l_thumb_mcp": [
0.003852730616927147,
0.014653092250227928,
0.051827844232320786
],
"l_thumb_ip": [
-0.014976714737713337,
-0.0070211682468652725,
0.030618956312537193
],
"l_thumb_tip": [
-0.027027204632759094,
-0.02405504509806633,
0.012058154679834843
],
"l_index_mcp": [
0.007234826218336821,
-0.013326550833880901,
0.01765049248933792
],
"l_index_pip": [
-0.009818359278142452,
-0.03731823340058327,
0.00993446446955204
],
"l_index_dip": [
-0.02288949303328991,
-0.059827424585819244,
0.012926160357892513
],
"l_index_tip": [
-0.03939703851938248,
-0.07587964832782745,
0.0035769925452768803
],
"l_middle_mcp": [
0.0013106769183650613,
-0.005531302187591791,
0.002498351503163576
],
"l_middle_pip": [
-0.027300270274281502,
-0.022689349949359894,
-0.004368362482637167
],
"l_middle_dip": [
-0.05638168379664421,
-0.028198007494211197,
-0.002511372324079275
],
"l_middle_tip": [
-0.07483409345149994,
-0.03532569855451584,
0.005290093366056681
],
"l_ring_mcp": [
-0.0034147296100854874,
0.009347139857709408,
-0.012150156311690807
],
"l_ring_pip": [
-0.03309188038110733,
0.00526898168027401,
-0.004001691937446594
],
"l_ring_dip": [
-0.03481559827923775,
0.016880474984645844,
0.016417432576417923
],
"l_ring_tip": [
-0.02225063368678093,
0.025852078571915627,
0.03748077526688576
],
"l_pinky_mcp": [
-0.015880102291703224,
0.027616797015070915,
-0.01287795789539814
],
"l_pinky_pip": [
-0.03952150046825409,
0.022956963628530502,
-0.007147044874727726
],
"l_pinky_dip": [
-0.039739955216646194,
0.028071749955415726,
0.013844686560332775
],
"l_pinky_tip": [
-0.026896310970187187,
0.03445197641849518,
0.03046676144003868
],
"r_hand_position": [
0.20980411767959595,
0.2365434765815735,
-0.5000004971709586
],
"r_wrist": null,
"r_thumb_cmc": null,
"r_thumb_mcp": null,
"r_thumb_ip": null,
"r_thumb_tip": null,
"r_index_mcp": null,
"r_index_pip": null,
"r_index_dip": null,
"r_index_tip": null,
"r_middle_mcp": null,
"r_middle_pip": null,
"r_middle_dip": null,
"r_middle_tip": null,
"r_ring_mcp": null,
"r_ring_pip": null,
"r_ring_dip": null,
"r_ring_tip": null,
"r_pinky_mcp": null,
"r_pinky_pip": null,
"r_pinky_dip": null,
"r_pinky_tip": null,
"l_hand_velocity": null,
"r_hand_velocity": null,
"m_nose_point": null,
"m_top_nose": null,
"m_eyebrows": null,
"m_forehead": null,
"m_top_chin": null,
"m_bot_up_lip": null,
"m_top_low_lip": null,
"m_bot_nose": null,
"m_chin": null,
"m_nose": null,
"l_eye_exterior": null,
"l_temple": null,
"l_mid_chin": null,
"l_up_lip": null,
"l_ext_nostril": null,
"l_mid_cheek": null,
"l_mid_eyebrow": null,
"l_ext_eyebrow": null,
"l_ext_lips": null,
"l_jaw_angle": null,
"l_mid_ext_face": null,
"l_int_eyebrow": null,
"l_mid_jaw": null,
"l_mid_bot_eyelid": null,
"l_ext_mouth": null,
"l_top_eyelid": null,
"l_eye_int": null,
"l_pupil": null,
"r_eye_exterior": null,
"r_temple": null,
"r_mid_chin": null,
"r_up_lip": null,
"r_ext_nostril": null,
"r_mid_cheek": null,
"r_mid_eyebrow": null,
"r_ext_eyebrow": null,
"r_ext_lips": null,
"r_jaw_angle": null,
"r_mid_ext_face": null,
"r_int_eyebrow": null,
"r_mid_jaw": null,
"r_mid_bot_eyelid": null,
"r_ext_mouth": null,
"r_top_eyelid": null,
"r_eye_int": null,
"r_pupil": null,
"l_shoudler": null,
"l_elbow": null,
"l_hip": null,
"l_knee": null,
"l_ankle": null,
"r_shoudler": null,
"r_elbow": null,
"r_hip": null,
"r_knee": null,
"r_ankle": null
}
],
"framerate": 30,
"mirrorable": true,
"invalid": false
}