{
"label": "k",
"gestures": [
{
"l_hand_position": [
0.7753505110740662,
0.7448921799659729,
1.9988881660992774e-07
],
"l_wrist": [
-0.002997126430273056,
0.0821220874786377,
-0.002773992018774152
],
"l_thumb_cmc": [
-0.026089774444699287,
0.05363449454307556,
-0.015679512172937393
],
"l_thumb_mcp": [
-0.024584323167800903,
0.023511413484811783,
-0.020596589893102646
],
"l_thumb_ip": [
-0.01609913818538189,
-0.007130369544029236,
-0.025786038488149643
],
"l_thumb_tip": [
0.0014753015711903572,
-0.031349580734968185,
-0.020679404959082603
],
"l_index_mcp": [
-0.02684398554265499,
-0.012566878460347652,
0.0035198451951146126
],
"l_index_pip": [
-0.03383105248212814,
-0.03495103865861893,
-0.006436037831008434
],
"l_index_dip": [
-0.039137132465839386,
-0.05778404325246811,
-0.012404770590364933
],
"l_index_tip": [
-0.044782109558582306,
-0.07577589154243469,
-0.035333920270204544
],
"l_middle_mcp": [
-0.0044939881190657616,
-0.004782223142683506,
0.0053791869431734085
],
"l_middle_pip": [
0.003459341824054718,
-0.0450633279979229,
-0.0002921429986599833
],
"l_middle_dip": [
0.005671359598636627,
-0.07124790549278259,
-0.010406270623207092
],
"l_middle_tip": [
0.01145930215716362,
-0.09723034501075745,
-0.01892111822962761
],
"l_ring_mcp": [
0.0160769484937191,
0.005488211289048195,
-0.0006449646898545325
],
"l_ring_pip": [
0.01562308706343174,
-0.009243838489055634,
-0.02550945244729519
],
"l_ring_dip": [
0.005164213012903929,
0.00536724179983139,
-0.0373520627617836
],
"l_ring_tip": [
0.001375102438032627,
0.021519385278224945,
-0.03590303286910057
],
"l_pinky_mcp": [
0.02803141251206398,
0.02355608344078064,
-0.008736115880310535
],
"l_pinky_pip": [
0.02706434391438961,
0.011586422100663185,
-0.027401229366660118
],
"l_pinky_dip": [
0.017386849969625473,
0.012917378917336464,
-0.03956355154514313
],
"l_pinky_tip": [
0.013149477541446686,
0.02325536496937275,
-0.04002951458096504
],
"r_hand_position": null,
"r_wrist": null,
"r_thumb_cmc": null,
"r_thumb_mcp": null,
"r_thumb_ip": null,
"r_thumb_tip": null,
"r_index_mcp": null,
"r_index_pip": null,
"r_index_dip": null,
"r_index_tip": null,
"r_middle_mcp": null,
"r_middle_pip": null,
"r_middle_dip": null,
"r_middle_tip": null,
"r_ring_mcp": null,
"r_ring_pip": null,
"r_ring_dip": null,
"r_ring_tip": null,
"r_pinky_mcp": null,
"r_pinky_pip": null,
"r_pinky_dip": null,
"r_pinky_tip": null
}
],
"framerate": 30,
"mirrorable": true
}