{
"label": "k",
"gestures": [
{
"l_hand_position": [
0.6858697533607483,
0.8296547532081604,
-5.348004492589098e-07
],
"l_wrist": [
0.010082868859171867,
0.08238758891820908,
0.05035586282610893
],
"l_thumb_cmc": [
-0.010181876830756664,
0.04836781322956085,
0.05361079424619675
],
"l_thumb_mcp": [
-0.015487425029277802,
0.023078253492712975,
0.04658026248216629
],
"l_thumb_ip": [
-0.024698197841644287,
-0.005338536575436592,
0.028053775429725647
],
"l_thumb_tip": [
-0.025950657203793526,
-0.0245828740298748,
0.009805887006223202
],
"l_index_mcp": [
-0.0069508301094174385,
-0.01716724783182144,
0.020340150222182274
],
"l_index_pip": [
-0.018429961055517197,
-0.03486039489507675,
0.006363064981997013
],
"l_index_dip": [
-0.02514221891760826,
-0.052892811596393585,
-0.005529216956347227
],
"l_index_tip": [
-0.03742857277393341,
-0.07286384701728821,
-0.024004437029361725
],
"l_middle_mcp": [
0.00018088833894580603,
-0.006330826319754124,
0.006358704995363951
],
"l_middle_pip": [
-0.02784661389887333,
-0.012098092585802078,
-0.004945597145706415
],
"l_middle_dip": [
-0.06298131495714188,
-0.010440845973789692,
-0.010761811397969723
],
"l_middle_tip": [
-0.08729800581932068,
-0.00950406864285469,
-0.0033792643807828426
],
"l_ring_mcp": [
0.004805197007954121,
0.008972560986876488,
-0.014421929605305195
],
"l_ring_pip": [
-0.02770806849002838,
0.019995836541056633,
-0.011488063260912895
],
"l_ring_dip": [
-0.03349044919013977,
0.034028295427560806,
0.003337504342198372
],
"l_ring_tip": [
-0.020812083035707474,
0.04376589506864548,
0.021315088495612144
],
"l_pinky_mcp": [
-0.0020027747377753258,
0.032767247408628464,
-0.021846452727913857
],
"l_pinky_pip": [
-0.02607043832540512,
0.03830861300230026,
-0.018565472215414047
],
"l_pinky_dip": [
-0.029426584020256996,
0.0494249202311039,
0.002974960720166564
],
"l_pinky_tip": [
-0.018230048939585686,
0.05042184516787529,
0.020587079226970673
],
"r_hand_position": null,
"r_wrist": null,
"r_thumb_cmc": null,
"r_thumb_mcp": null,
"r_thumb_ip": null,
"r_thumb_tip": null,
"r_index_mcp": null,
"r_index_pip": null,
"r_index_dip": null,
"r_index_tip": null,
"r_middle_mcp": null,
"r_middle_pip": null,
"r_middle_dip": null,
"r_middle_tip": null,
"r_ring_mcp": null,
"r_ring_pip": null,
"r_ring_dip": null,
"r_ring_tip": null,
"r_pinky_mcp": null,
"r_pinky_pip": null,
"r_pinky_dip": null,
"r_pinky_tip": null
}
],
"framerate": 30,
"mirrorable": true
}