{
"label": "k",
"gestures": [
{
"l_hand_position": null,
"l_wrist": null,
"l_thumb_cmc": null,
"l_thumb_mcp": null,
"l_thumb_ip": null,
"l_thumb_tip": null,
"l_index_mcp": null,
"l_index_pip": null,
"l_index_dip": null,
"l_index_tip": null,
"l_middle_mcp": null,
"l_middle_pip": null,
"l_middle_dip": null,
"l_middle_tip": null,
"l_ring_mcp": null,
"l_ring_pip": null,
"l_ring_dip": null,
"l_ring_tip": null,
"l_pinky_mcp": null,
"l_pinky_pip": null,
"l_pinky_dip": null,
"l_pinky_tip": null,
"r_hand_position": [
-0.1962985396385193,
0.16984426975250244,
-0.49999981322274323
],
"r_wrist": [
-0.005986467003822327,
0.09309808909893036,
-0.014261014759540558
],
"r_thumb_cmc": [
0.01564027927815914,
0.0652717649936676,
-0.029238050803542137
],
"r_thumb_mcp": [
0.018916212022304535,
0.03206953406333923,
-0.038720376789569855
],
"r_thumb_ip": [
0.0038727116771042347,
-0.00044658174738287926,
-0.03639973700046539
],
"r_thumb_tip": [
-0.015461590141057968,
-0.029863741248846054,
-0.02498432993888855
],
"r_index_mcp": [
0.02265429124236107,
-0.009485703893005848,
-0.004997806623578072
],
"r_index_pip": [
0.02826281264424324,
-0.0367533303797245,
-0.002534734783694148
],
"r_index_dip": [
0.03132935240864754,
-0.061554960906505585,
0.0011124849552288651
],
"r_index_tip": [
0.030446749180555344,
-0.08766980469226837,
-0.010551625862717628
],
"r_middle_mcp": [
0.0025903822388499975,
-0.005773080512881279,
0.0072987922467291355
],
"r_middle_pip": [
-0.006965176202356815,
-0.04111819341778755,
0.0008221768075600266
],
"r_middle_dip": [
-0.015550214797258377,
-0.06132984906435013,
-0.0107175437733531
],
"r_middle_tip": [
-0.021343544125556946,
-0.08499259501695633,
-0.01907109096646309
],
"r_ring_mcp": [
-0.014673486351966858,
0.0045834812335669994,
0.004275728017091751
],
"r_ring_pip": [
-0.019082585349678993,
-0.010687675327062607,
-0.019236277788877487
],
"r_ring_dip": [
-0.013872707262635231,
0.007098396308720112,
-0.032571617513895035
],
"r_ring_tip": [
-0.0072950758039951324,
0.020794708281755447,
-0.03020435944199562
],
"r_pinky_mcp": [
-0.03577745705842972,
0.021331660449504852,
-0.0009082453325390816
],
"r_pinky_pip": [
-0.03418206050992012,
0.01325130369514227,
-0.016945229843258858
],
"r_pinky_dip": [
-0.02485436201095581,
0.021462609991431236,
-0.028767427429556847
],
"r_pinky_tip": [
-0.016265714541077614,
0.03442865610122681,
-0.02266986295580864
]
}
],
"framerate": 30,
"mirrorable": true
}