{
"label": "k",
"gestures": [
{
"l_hand_position": null,
"l_wrist": null,
"l_thumb_cmc": null,
"l_thumb_mcp": null,
"l_thumb_ip": null,
"l_thumb_tip": null,
"l_index_mcp": null,
"l_index_pip": null,
"l_index_dip": null,
"l_index_tip": null,
"l_middle_mcp": null,
"l_middle_pip": null,
"l_middle_dip": null,
"l_middle_tip": null,
"l_ring_mcp": null,
"l_ring_pip": null,
"l_ring_dip": null,
"l_ring_tip": null,
"l_pinky_mcp": null,
"l_pinky_pip": null,
"l_pinky_dip": null,
"l_pinky_tip": null,
"r_hand_position": [
-0.2543845772743225,
0.1639418601989746,
-0.49999975873416247
],
"r_wrist": [
-0.0044028982520103455,
0.09068335592746735,
-0.031226254999637604
],
"r_thumb_cmc": [
0.022069506347179413,
0.06323117017745972,
-0.03145918250083923
],
"r_thumb_mcp": [
0.0321880504488945,
0.033038534224033356,
-0.03776620328426361
],
"r_thumb_ip": [
0.024141114205121994,
-0.004950335249304771,
-0.042391546070575714
],
"r_thumb_tip": [
0.009369678795337677,
-0.03214865177869797,
-0.04350574314594269
],
"r_index_mcp": [
0.020116891711950302,
-0.002490093931555748,
0.006438790820538998
],
"r_index_pip": [
0.03204892948269844,
-0.031250450760126114,
0.0073882513679564
],
"r_index_dip": [
0.04140179231762886,
-0.05358840897679329,
0.005864953622221947
],
"r_index_tip": [
0.0468604601919651,
-0.07904070615768433,
-0.008378374390304089
],
"r_middle_mcp": [
-0.000649539171718061,
-0.0035785145591944456,
0.009431876242160797
],
"r_middle_pip": [
-0.0024017207324504852,
-0.042862243950366974,
0.003303209086880088
],
"r_middle_dip": [
-0.0064803604036569595,
-0.07041814923286438,
-0.007366997189819813
],
"r_middle_tip": [
-0.007299114018678665,
-0.09560719132423401,
-0.01750188134610653
],
"r_ring_mcp": [
-0.014583472162485123,
3.648269921541214e-05,
-0.0035714462865144014
],
"r_ring_pip": [
-0.004703957121819258,
-0.014143552631139755,
-0.029363593086600304
],
"r_ring_dip": [
0.004870081320405006,
0.003416813211515546,
-0.04433007538318634
],
"r_ring_tip": [
0.01206757128238678,
0.02357603795826435,
-0.044362690299749374
],
"r_pinky_mcp": [
-0.028056181967258453,
0.012380898930132389,
-0.019693972542881966
],
"r_pinky_pip": [
-0.015784308314323425,
0.0026363753713667393,
-0.03513660654425621
],
"r_pinky_dip": [
-0.002568123396486044,
0.014897115528583527,
-0.047036562114953995
],
"r_pinky_tip": [
0.002364056184887886,
0.03360321372747421,
-0.03886953741312027
]
}
],
"framerate": 30,
"mirrorable": true
}