{
"label": "k",
"gestures": [
{
"l_hand_position": null,
"l_wrist": null,
"l_thumb_cmc": null,
"l_thumb_mcp": null,
"l_thumb_ip": null,
"l_thumb_tip": null,
"l_index_mcp": null,
"l_index_pip": null,
"l_index_dip": null,
"l_index_tip": null,
"l_middle_mcp": null,
"l_middle_pip": null,
"l_middle_dip": null,
"l_middle_tip": null,
"l_ring_mcp": null,
"l_ring_pip": null,
"l_ring_dip": null,
"l_ring_tip": null,
"l_pinky_mcp": null,
"l_pinky_pip": null,
"l_pinky_dip": null,
"l_pinky_tip": null,
"r_hand_position": [
-0.2146192193031311,
0.20223039388656616,
-0.49999962073232496
],
"r_wrist": [
-0.009229430928826332,
0.08372799307107925,
-0.0012506505008786917
],
"r_thumb_cmc": [
0.016329484060406685,
0.058897700160741806,
-0.016216175630688667
],
"r_thumb_mcp": [
0.02240181714296341,
0.027586137875914574,
-0.02736816741526127
],
"r_thumb_ip": [
0.011504611000418663,
-0.0032164426520466805,
-0.03314652293920517
],
"r_thumb_tip": [
-0.0017129946500062943,
-0.03328125923871994,
-0.03021821938455105
],
"r_index_mcp": [
0.023177072405815125,
-0.0072511411271989346,
-0.0011946919839829206
],
"r_index_pip": [
0.035439394414424896,
-0.03329591080546379,
-0.0014051151229068637
],
"r_index_dip": [
0.04569637030363083,
-0.05527771636843681,
-0.0004918106715194881
],
"r_index_tip": [
0.0530913844704628,
-0.07755021005868912,
-0.01283352542668581
],
"r_middle_mcp": [
0.001332322135567665,
-0.0051047769375145435,
0.007331235334277153
],
"r_middle_pip": [
-0.0004088031128048897,
-0.040218744426965714,
-0.005077623762190342
],
"r_middle_dip": [
-0.002652231603860855,
-0.06588560342788696,
-0.02135666459798813
],
"r_middle_tip": [
-0.006936877965927124,
-0.09126587212085724,
-0.038430340588092804
],
"r_ring_mcp": [
-0.016044093295931816,
0.0030044643208384514,
0.0016978707863017917
],
"r_ring_pip": [
-0.0126397255808115,
-0.0020193783566355705,
-0.03095261938869953
],
"r_ring_dip": [
-0.005275324918329716,
0.019672712311148643,
-0.04296253249049187
],
"r_ring_tip": [
-0.0015330631285905838,
0.04053166136145592,
-0.038273297250270844
],
"r_pinky_mcp": [
-0.034675754606723785,
0.01755589246749878,
-0.005808557383716106
],
"r_pinky_pip": [
-0.028097299858927727,
0.012394593097269535,
-0.029064947739243507
],
"r_pinky_dip": [
-0.018475651741027832,
0.02825915440917015,
-0.040169086307287216
],
"r_pinky_tip": [
-0.01437737513333559,
0.04437486454844475,
-0.030281156301498413
]
}
],
"framerate": 30,
"mirrorable": true
}