{
"label": "k",
"gestures": [
{
"l_hand_position": null,
"l_wrist": null,
"l_thumb_cmc": null,
"l_thumb_mcp": null,
"l_thumb_ip": null,
"l_thumb_tip": null,
"l_index_mcp": null,
"l_index_pip": null,
"l_index_dip": null,
"l_index_tip": null,
"l_middle_mcp": null,
"l_middle_pip": null,
"l_middle_dip": null,
"l_middle_tip": null,
"l_ring_mcp": null,
"l_ring_pip": null,
"l_ring_dip": null,
"l_ring_tip": null,
"l_pinky_mcp": null,
"l_pinky_pip": null,
"l_pinky_dip": null,
"l_pinky_tip": null,
"r_hand_position": [
-0.2102760672569275,
0.1851722002029419,
-0.49999975391997964
],
"r_wrist": [
-0.00962735153734684,
0.08731221407651901,
-0.01880796253681183
],
"r_thumb_cmc": [
0.01557871699333191,
0.060012269765138626,
-0.026313485577702522
],
"r_thumb_mcp": [
0.022330332547426224,
0.02771124430000782,
-0.03380945324897766
],
"r_thumb_ip": [
0.010149706155061722,
-0.007190687581896782,
-0.02900075726211071
],
"r_thumb_tip": [
-0.0026857685297727585,
-0.03801579400897026,
-0.02341058850288391
],
"r_index_mcp": [
0.021078474819660187,
-0.007936211302876472,
0.0006011538207530975
],
"r_index_pip": [
0.033218905329704285,
-0.0346408374607563,
0.001970719313248992
],
"r_index_dip": [
0.04111425578594208,
-0.05873586982488632,
0.0007526038680225611
],
"r_index_tip": [
0.04373287409543991,
-0.08231493085622787,
-0.013786186464130878
],
"r_middle_mcp": [
0.0008655770216137171,
-0.0058106426149606705,
0.008695651777088642
],
"r_middle_pip": [
-0.0005519147962331772,
-0.04317883029580116,
0.0013553734170272946
],
"r_middle_dip": [
-0.00425436906516552,
-0.06976062059402466,
-0.011963394470512867
],
"r_middle_tip": [
-0.0073273517191410065,
-0.09464912861585617,
-0.0248482134193182
],
"r_ring_mcp": [
-0.014843758195638657,
0.003496856428682804,
7.4826690251939e-05
],
"r_ring_pip": [
-0.010025320574641228,
-0.010976805351674557,
-0.027373716235160828
],
"r_ring_dip": [
-0.0024194936268031597,
0.006206941790878773,
-0.044727783650159836
],
"r_ring_tip": [
0.0038660522550344467,
0.0250559039413929,
-0.04369690641760826
],
"r_pinky_mcp": [
-0.03363003581762314,
0.017842622473835945,
-0.009709367528557777
],
"r_pinky_pip": [
-0.02484911121428013,
0.009661093354225159,
-0.02976466715335846
],
"r_pinky_dip": [
-0.014539921656250954,
0.02227168343961239,
-0.04465212672948837
],
"r_pinky_tip": [
-0.008726516738533974,
0.03905604034662247,
-0.034887656569480896
]
}
],
"framerate": 30,
"mirrorable": true
}