{
"label": "k",
"gestures": [
{
"l_hand_position": null,
"l_wrist": null,
"l_thumb_cmc": null,
"l_thumb_mcp": null,
"l_thumb_ip": null,
"l_thumb_tip": null,
"l_index_mcp": null,
"l_index_pip": null,
"l_index_dip": null,
"l_index_tip": null,
"l_middle_mcp": null,
"l_middle_pip": null,
"l_middle_dip": null,
"l_middle_tip": null,
"l_ring_mcp": null,
"l_ring_pip": null,
"l_ring_dip": null,
"l_ring_tip": null,
"l_pinky_mcp": null,
"l_pinky_pip": null,
"l_pinky_dip": null,
"l_pinky_tip": null,
"r_hand_position": [
-0.2580321431159973,
0.3062140941619873,
-0.4999995812222835
],
"r_wrist": [
0.0026749372482299805,
0.0866604894399643,
-0.018876709043979645
],
"r_thumb_cmc": [
0.0246440339833498,
0.05741971731185913,
-0.02726118080317974
],
"r_thumb_mcp": [
0.03002740815281868,
0.02458183653652668,
-0.035543207079172134
],
"r_thumb_ip": [
0.014671217650175095,
-0.007765387650579214,
-0.03809832036495209
],
"r_thumb_tip": [
-0.0003007547929883003,
-0.03522492200136185,
-0.03248325735330582
],
"r_index_mcp": [
0.020935146138072014,
-0.0077524674125015736,
0.001709694741293788
],
"r_index_pip": [
0.031332626938819885,
-0.036435071378946304,
0.0008482678676955402
],
"r_index_dip": [
0.0382983461022377,
-0.06147199869155884,
-0.0013495245948433876
],
"r_index_tip": [
0.04107772558927536,
-0.0851048156619072,
-0.015588425099849701
],
"r_middle_mcp": [
-7.930339779704809e-05,
-0.005017631221562624,
0.008172308094799519
],
"r_middle_pip": [
-0.004566575400531292,
-0.042032454162836075,
-0.0005910933832637966
],
"r_middle_dip": [
-0.008665312081575394,
-0.06811798363924026,
-0.015507493168115616
],
"r_middle_tip": [
-0.012492330744862556,
-0.09205183386802673,
-0.028826914727687836
],
"r_ring_mcp": [
-0.014785883948206902,
0.0039036180824041367,
-5.804154716315679e-05
],
"r_ring_pip": [
-0.009042594581842422,
-0.007760918699204922,
-0.029680171981453896
],
"r_ring_dip": [
0.00199580704793334,
0.012265266850590706,
-0.0426296629011631
],
"r_ring_tip": [
0.006738840602338314,
0.03181491047143936,
-0.04099864140152931
],
"r_pinky_mcp": [
-0.0302964486181736,
0.018872614949941635,
-0.010870927013456821
],
"r_pinky_pip": [
-0.021961143240332603,
0.010451242327690125,
-0.029839547351002693
],
"r_pinky_dip": [
-0.009929817169904709,
0.023130787536501884,
-0.04238465800881386
],
"r_pinky_tip": [
-0.003960559144616127,
0.03932040184736252,
-0.032563455402851105
]
}
],
"framerate": 30,
"mirrorable": true
}