{
"label": "k",
"gestures": [
{
"l_hand_position": null,
"l_wrist": null,
"l_thumb_cmc": null,
"l_thumb_mcp": null,
"l_thumb_ip": null,
"l_thumb_tip": null,
"l_index_mcp": null,
"l_index_pip": null,
"l_index_dip": null,
"l_index_tip": null,
"l_middle_mcp": null,
"l_middle_pip": null,
"l_middle_dip": null,
"l_middle_tip": null,
"l_ring_mcp": null,
"l_ring_pip": null,
"l_ring_dip": null,
"l_ring_tip": null,
"l_pinky_mcp": null,
"l_pinky_pip": null,
"l_pinky_dip": null,
"l_pinky_tip": null,
"r_hand_position": [
-0.3379250466823578,
0.3538878560066223,
-0.49999942285677434
],
"r_wrist": [
-0.006858266890048981,
0.0887475311756134,
0.014670833945274353
],
"r_thumb_cmc": [
0.018666189163923264,
0.06412366032600403,
-0.004149097017943859
],
"r_thumb_mcp": [
0.022265523672103882,
0.03186892345547676,
-0.024938179180026054
],
"r_thumb_ip": [
0.010298768989741802,
0.0036460021510720253,
-0.04128048196434975
],
"r_thumb_tip": [
0.0004646964371204376,
-0.02799447625875473,
-0.040504131466150284
],
"r_index_mcp": [
0.023257168009877205,
-0.007704625837504864,
-0.003926662728190422
],
"r_index_pip": [
0.03264496475458145,
-0.03746243193745613,
-0.0055351583287119865
],
"r_index_dip": [
0.03850254416465759,
-0.06084331497550011,
-0.005074311047792435
],
"r_index_tip": [
0.040720127522945404,
-0.08535981178283691,
-0.022173546254634857
],
"r_middle_mcp": [
0.001907124649733305,
-0.006980216130614281,
0.005487112328410149
],
"r_middle_pip": [
-0.005459146574139595,
-0.03945758938789368,
-0.006009654141962528
],
"r_middle_dip": [
-0.01230238750576973,
-0.07033751904964447,
-0.02708894945681095
],
"r_middle_tip": [
-0.015632808208465576,
-0.09743857383728027,
-0.0443677119910717
],
"r_ring_mcp": [
-0.014971375465393066,
0.00457240454852581,
0.0034100909251719713
],
"r_ring_pip": [
-0.015903394669294357,
-0.0016774511896073818,
-0.026829805225133896
],
"r_ring_dip": [
-0.009474111720919609,
0.022459443658590317,
-0.038578279316425323
],
"r_ring_tip": [
0.00048812665045261383,
0.041841886937618256,
-0.03276689350605011
],
"r_pinky_mcp": [
-0.03551322966814041,
0.019281934946775436,
-0.00010055545862996951
],
"r_pinky_pip": [
-0.033222753554582596,
0.01612802967429161,
-0.01873038522899151
],
"r_pinky_dip": [
-0.02173547074198723,
0.031263578683137894,
-0.027385447174310684
],
"r_pinky_tip": [
-0.010836572386324406,
0.045836277306079865,
-0.011802616529166698
],
"l_hand_velocity": null,
"r_hand_velocity": null
}
],
"framerate": 30,
"mirrorable": true,
"invalid": false
}