{
"label": "k",
"gestures": [
{
"l_hand_position": null,
"l_wrist": null,
"l_thumb_cmc": null,
"l_thumb_mcp": null,
"l_thumb_ip": null,
"l_thumb_tip": null,
"l_index_mcp": null,
"l_index_pip": null,
"l_index_dip": null,
"l_index_tip": null,
"l_middle_mcp": null,
"l_middle_pip": null,
"l_middle_dip": null,
"l_middle_tip": null,
"l_ring_mcp": null,
"l_ring_pip": null,
"l_ring_dip": null,
"l_ring_tip": null,
"l_pinky_mcp": null,
"l_pinky_pip": null,
"l_pinky_dip": null,
"l_pinky_tip": null,
"r_hand_position": [
-0.3243236839771271,
0.3251197338104248,
-0.49999933737916535
],
"r_wrist": [
0.004967086017131805,
0.09440562129020691,
0.01753145642578602
],
"r_thumb_cmc": [
0.026711221784353256,
0.06316016614437103,
0.017282823100686073
],
"r_thumb_mcp": [
0.03520217537879944,
0.027563272044062614,
0.013863381929695606
],
"r_thumb_ip": [
0.031050505116581917,
-0.0059944940730929375,
0.002311394549906254
],
"r_thumb_tip": [
0.02272099070250988,
-0.029744071885943413,
-0.009843922220170498
],
"r_index_mcp": [
0.014600036665797234,
-0.011000478640198708,
0.016000395640730858
],
"r_index_pip": [
0.02557128481566906,
-0.03665519878268242,
0.009016151539981365
],
"r_index_dip": [
0.03280307352542877,
-0.05579457804560661,
0.003334594191983342
],
"r_index_tip": [
0.04168574512004852,
-0.07661117613315582,
-0.016027720645070076
],
"r_middle_mcp": [
-0.002632974414154887,
-0.006175508722662926,
0.005837591364979744
],
"r_middle_pip": [
0.006133578717708588,
-0.03442443162202835,
-0.010626748204231262
],
"r_middle_dip": [
0.010226376354694366,
-0.05997563153505325,
-0.02710113115608692
],
"r_middle_tip": [
0.0159184318035841,
-0.08476408571004868,
-0.044129252433776855
],
"r_ring_mcp": [
-0.010436548851430416,
0.005751115269958973,
-0.011044834740459919
],
"r_ring_pip": [
0.012563899159431458,
0.005992191843688488,
-0.029189815744757652
],
"r_ring_dip": [
0.02258314937353134,
0.026834310963749886,
-0.027203356847167015
],
"r_ring_tip": [
0.02737543173134327,
0.04688689485192299,
-0.01571747288107872
],
"r_pinky_mcp": [
-0.01970578543841839,
0.023951129987835884,
-0.023939242586493492
],
"r_pinky_pip": [
0.001087539829313755,
0.019801488146185875,
-0.03441764414310455
],
"r_pinky_dip": [
0.014330740086734295,
0.03390656039118767,
-0.03607179969549179
],
"r_pinky_tip": [
0.01809723675251007,
0.05333051085472107,
-0.0242505744099617
]
}
],
"framerate": 30,
"mirrorable": true
}