{
"label": "k",
"gestures": [
{
"l_hand_position": [
0.7880588173866272,
0.720475435256958,
3.463927953362145e-07
],
"l_wrist": [
-0.0010388493537902832,
0.08617743104696274,
-0.02427312359213829
],
"l_thumb_cmc": [
-0.026206962764263153,
0.057074274867773056,
-0.040207505226135254
],
"l_thumb_mcp": [
-0.020595766603946686,
0.02619173750281334,
-0.041795764118433
],
"l_thumb_ip": [
-0.007358276750892401,
-0.0065150270238518715,
-0.0393814817070961
],
"l_thumb_tip": [
0.009807498194277287,
-0.029487978667020798,
-0.02585344947874546
],
"l_index_mcp": [
-0.030797351151704788,
-0.01617685705423355,
-0.006082694511860609
],
"l_index_pip": [
-0.03248763084411621,
-0.0404982790350914,
-0.00711960531771183
],
"l_index_dip": [
-0.0326794870197773,
-0.06400817632675171,
-0.007910185493528843
],
"l_index_tip": [
-0.03581680729985237,
-0.08681869506835938,
-0.028880149126052856
],
"l_middle_mcp": [
-0.006137667689472437,
-0.00540444441139698,
0.006308514159172773
],
"l_middle_pip": [
0.009790192358195782,
-0.04355933517217636,
0.003633352927863598
],
"l_middle_dip": [
0.013107135891914368,
-0.06889969110488892,
-0.007868804037570953
],
"l_middle_tip": [
0.020041339099407196,
-0.09751903265714645,
-0.01430281437933445
],
"l_ring_mcp": [
0.020048823207616806,
0.007078899536281824,
0.005091518629342318
],
"l_ring_pip": [
0.028231317177414894,
-0.0067550260573625565,
-0.021155783906579018
],
"l_ring_dip": [
0.018995871767401695,
0.0073608094826340675,
-0.04154321178793907
],
"l_ring_tip": [
0.011732632294297218,
0.021097946912050247,
-0.040894463658332825
],
"l_pinky_mcp": [
0.033813972026109695,
0.026506880298256874,
-0.0018666676478460431
],
"l_pinky_pip": [
0.03885738551616669,
0.014772392809391022,
-0.022462112829089165
],
"l_pinky_dip": [
0.03102077916264534,
0.020314864814281464,
-0.04356202483177185
],
"l_pinky_tip": [
0.02483006753027439,
0.033746909350156784,
-0.04268886521458626
],
"r_hand_position": null,
"r_wrist": null,
"r_thumb_cmc": null,
"r_thumb_mcp": null,
"r_thumb_ip": null,
"r_thumb_tip": null,
"r_index_mcp": null,
"r_index_pip": null,
"r_index_dip": null,
"r_index_tip": null,
"r_middle_mcp": null,
"r_middle_pip": null,
"r_middle_dip": null,
"r_middle_tip": null,
"r_ring_mcp": null,
"r_ring_pip": null,
"r_ring_dip": null,
"r_ring_tip": null,
"r_pinky_mcp": null,
"r_pinky_pip": null,
"r_pinky_dip": null,
"r_pinky_tip": null
}
],
"framerate": 30,
"mirrorable": true
}