{
"label": "k",
"gestures": [
{
"l_hand_position": null,
"l_wrist": null,
"l_thumb_cmc": null,
"l_thumb_mcp": null,
"l_thumb_ip": null,
"l_thumb_tip": null,
"l_index_mcp": null,
"l_index_pip": null,
"l_index_dip": null,
"l_index_tip": null,
"l_middle_mcp": null,
"l_middle_pip": null,
"l_middle_dip": null,
"l_middle_tip": null,
"l_ring_mcp": null,
"l_ring_pip": null,
"l_ring_dip": null,
"l_ring_tip": null,
"l_pinky_mcp": null,
"l_pinky_pip": null,
"l_pinky_dip": null,
"l_pinky_tip": null,
"r_hand_position": null,
"r_wrist": [
-0.022685237228870392,
0.09179062396288022,
-0.015391137450933545
],
"r_thumb_cmc": [
0.012230603024363518,
0.07352024316787818,
-0.021288130432367634
],
"r_thumb_mcp": [
0.03306467831134796,
0.0491559356451039,
-0.02838194742798834
],
"r_thumb_ip": [
0.04629254713654518,
0.014185120351612695,
-0.03234907239675557
],
"r_thumb_tip": [
0.05112636834383011,
-0.018193740397691935,
-0.03519598767161407
],
"r_index_mcp": [
0.025787103921175003,
0.002729527652263666,
0.004822795279324094
],
"r_index_pip": [
0.03479848429560661,
-0.015112092718482132,
-0.01514431089162841
],
"r_index_dip": [
0.038732919842004776,
-0.020651798695326122,
-0.0326839424669746
],
"r_index_tip": [
0.03774707019329071,
-0.01646120101213477,
-0.06474860012531364
],
"r_middle_mcp": [
0.0020905735436826944,
-0.004349347669631309,
0.0075389286503196925
],
"r_middle_pip": [
0.011840694583952427,
-0.0413292348384862,
-0.0011531448690219072
],
"r_middle_dip": [
0.01458430103957653,
-0.06593263149261523,
-0.02330558747053165
],
"r_middle_tip": [
0.019651232287287712,
-0.08524709939956751,
-0.04686048999428789
],
"r_ring_mcp": [
-0.018442869186401367,
-0.005216917023062766,
-0.0024798768572509445
],
"r_ring_pip": [
-0.012628665193915367,
-0.03867499530315449,
-0.008776161819696532
],
"r_ring_dip": [
-0.0064449794590473175,
-0.05849657207727495,
-0.023133700713515552
],
"r_ring_tip": [
0.0025775134563446045,
-0.0784286409616478,
-0.043391130864620604
],
"r_pinky_mcp": [
-0.03783993422985077,
0.004223566502332748,
-0.013046595267951658
],
"r_pinky_pip": [
-0.033555008471012115,
-0.01947110146284121,
-0.017057638615370012
],
"r_pinky_dip": [
-0.027612537145614624,
-0.03952817618846936,
-0.026707304641604646
],
"r_pinky_tip": [
-0.022144556045532227,
-0.05363262444734637,
-0.04104230925440832
]
}
],
"framerate": 30,
"mirrorable": true
}