{
"label": "k",
"gestures": [
{
"l_hand_position": null,
"l_wrist": null,
"l_thumb_cmc": null,
"l_thumb_mcp": null,
"l_thumb_ip": null,
"l_thumb_tip": null,
"l_index_mcp": null,
"l_index_pip": null,
"l_index_dip": null,
"l_index_tip": null,
"l_middle_mcp": null,
"l_middle_pip": null,
"l_middle_dip": null,
"l_middle_tip": null,
"l_ring_mcp": null,
"l_ring_pip": null,
"l_ring_dip": null,
"l_ring_tip": null,
"l_pinky_mcp": null,
"l_pinky_pip": null,
"l_pinky_dip": null,
"l_pinky_tip": null,
"r_hand_position": null,
"r_wrist": [
0.004111887887120247,
0.07157168537378396,
0.05005418509244971
],
"r_thumb_cmc": [
0.023075226694345474,
0.043193113058805986,
0.04066274315118841
],
"r_thumb_mcp": [
0.033563487231731415,
0.01618582382798212,
0.017725594341755076
],
"r_thumb_ip": [
0.03879281505942345,
-0.01314283814281244,
-0.0045394957996905344
],
"r_thumb_tip": [
0.04259403049945831,
-0.03902657330036201,
-0.02534239180386086
],
"r_index_mcp": [
0.014547852799296379,
-0.012848518788814656,
0.006096895318478413
],
"r_index_pip": [
0.03299299255013466,
-0.02749342285096681,
-0.018031198531389403
],
"r_index_dip": [
0.05027943104505539,
-0.024130623787641768,
-0.021439243108034325
],
"r_index_tip": [
0.06900262832641602,
-0.01086336746811881,
-0.03826096653938325
],
"r_middle_mcp": [
-0.0007799967424944043,
-0.006319484673440522,
0.0021650195121765588
],
"r_middle_pip": [
0.006218508817255497,
-0.04029804095625925,
-0.013584857806563537
],
"r_middle_dip": [
0.01381496898829937,
-0.05810020864009899,
-0.027801420539617667
],
"r_middle_tip": [
0.0320647731423378,
-0.07846639305353247,
-0.04103725403547322
],
"r_ring_mcp": [
-0.011021647602319717,
0.0076873414218426705,
-0.004828247241675894
],
"r_ring_pip": [
-0.025226525962352753,
-0.028912233188748627,
-0.01297145802527673
],
"r_ring_dip": [
-0.03194328397512436,
-0.05109471082687436,
-0.022869275882840347
],
"r_ring_tip": [
-0.027003932744264603,
-0.07590246200561615,
-0.028474640101194677
],
"r_pinky_mcp": [
-0.02536197006702423,
0.024570986628532604,
-0.004536905325949269
],
"r_pinky_pip": [
-0.039812929928302765,
0.0024070413783192942,
-0.01050168555229916
],
"r_pinky_dip": [
-0.05192260071635246,
-0.012976923026144681,
-0.013559657149017013
],
"r_pinky_tip": [
-0.054506417363882065,
-0.030751883983612373,
-0.019132578745484515
]
}
],
"framerate": 30,
"mirrorable": true
}