{
    "label": "r",
    "label_id": 18,
    "gestures": [
        {
            "wrist": [
                0.002111736685037613,
                0.10892052948474884,
                -0.006965820677578449
            ],
            "thumb_cmc": [
                -0.024078167974948883,
                0.07043343782424927,
                -0.022805504500865936
            ],
            "thumb_mcp": [
                -0.015410812571644783,
                0.04391595721244812,
                -0.028197893872857094
            ],
            "thumb_ip": [
                -0.0037577725015580654,
                0.010476876981556416,
                -0.047677718102931976
            ],
            "thumb_tip": [
                0.013021283783018589,
                -0.01535471249371767,
                -0.04078938066959381
            ],
            "index_mcp": [
                -0.02218097634613514,
                -0.012115473859012127,
                0.0008827931596897542
            ],
            "index_pip": [
                -0.018657978624105453,
                -0.046765994280576706,
                0.007379190530627966
            ],
            "index_dip": [
                -0.00668051652610302,
                -0.07098749279975891,
                0.012694905512034893
            ],
            "index_tip": [
                -0.004610300064086914,
                -0.08869278430938721,
                0.002067083492875099
            ],
            "middle_mcp": [
                -0.0029838564805686474,
                -0.0016949726268649101,
                0.0026465561240911484
            ],
            "middle_pip": [
                -0.00010089948773384094,
                -0.044970788061618805,
                0.005096921231597662
            ],
            "middle_dip": [
                -0.011362357065081596,
                -0.06545054912567139,
                -0.002030023140832782
            ],
            "middle_tip": [
                -0.02066444233059883,
                -0.09172362089157104,
                -0.01098519004881382
            ],
            "ring_mcp": [
                0.016823217272758484,
                -0.00013012252748012543,
                0.0005815532058477402
            ],
            "ring_pip": [
                0.022167470306158066,
                -0.013037258759140968,
                -0.027131373062729836
            ],
            "ring_dip": [
                0.009537476114928722,
                0.005082288756966591,
                -0.03690691292285919
            ],
            "ring_tip": [
                0.005163444671779871,
                0.019807927310466766,
                -0.04164546728134155
            ],
            "pinky_mcp": [
                0.019937461242079735,
                0.024078641086816788,
                -0.012673290446400642
            ],
            "pinky_pip": [
                0.028287062421441078,
                0.009865038096904755,
                -0.03573816642165184
            ],
            "pinky_dip": [
                0.0171774011105299,
                0.017254013568162918,
                -0.05161099135875702
            ],
            "pinky_tip": [
                0.01481002289801836,
                0.03789256513118744,
                -0.04872232303023338
            ]
        }
    ]
}