{
"label": "0",
"gestures": [
{
"l_hand_position": null,
"l_wrist": null,
"l_thumb_cmc": null,
"l_thumb_mcp": null,
"l_thumb_ip": null,
"l_thumb_tip": null,
"l_index_mcp": null,
"l_index_pip": null,
"l_index_dip": null,
"l_index_tip": null,
"l_middle_mcp": null,
"l_middle_pip": null,
"l_middle_dip": null,
"l_middle_tip": null,
"l_ring_mcp": null,
"l_ring_pip": null,
"l_ring_dip": null,
"l_ring_tip": null,
"l_pinky_mcp": null,
"l_pinky_pip": null,
"l_pinky_dip": null,
"l_pinky_tip": null,
"r_hand_position": null,
"r_wrist": [
-0.06403779983520508,
0.06312338262796474,
-0.04134128615260166
],
"r_thumb_cmc": [
-0.02689339593052864,
0.06905469298362794,
-0.030873665586114343
],
"r_thumb_mcp": [
0.0066473642364144325,
0.06431608647108165,
-0.023171287029981943
],
"r_thumb_ip": [
0.03517533093690872,
0.050145182758570224,
-0.008810050785541762
],
"r_thumb_tip": [
0.05838126689195633,
0.0313427075743679,
0.0076490524224937795
],
"r_index_mcp": [
0.014859650284051895,
0.017863331362605293,
0.012124872766435242
],
"r_index_pip": [
0.03673304244875908,
0.0030427146703005284,
0.008588148280978302
],
"r_index_dip": [
0.05782899260520935,
-0.0030508441850543313,
0.0001730273506837031
],
"r_index_tip": [
0.06999216973781586,
-0.0035389596596361005,
-0.02093280293047454
],
"r_middle_mcp": [
0.0028854410629719496,
-0.002978903241455593,
0.00824645254760993
],
"r_middle_pip": [
0.03206731751561165,
-0.0195821113884451,
-0.0029822709038853992
],
"r_middle_dip": [
0.049521554261446,
-0.017409557476639994,
-0.02314831875264674
],
"r_middle_tip": [
0.06921479105949402,
-0.009315264411270709,
-0.041476629674435044
],
"r_ring_mcp": [
-0.009631971828639507,
-0.013893123716116071,
-0.007400820497423486
],
"r_ring_pip": [
0.016647664830088615,
-0.028241906315088498,
-0.019562507048249404
],
"r_ring_dip": [
0.03423061966896057,
-0.02410716563463239,
-0.036595296114683575
],
"r_ring_tip": [
0.04900074750185013,
-0.01286578271538038,
-0.05660142749548027
],
"r_pinky_mcp": [
-0.024598577991127968,
-0.01662626303732411,
-0.023928685113787856
],
"r_pinky_pip": [
-0.0066713918931782246,
-0.03366136178374323,
-0.027022108435630972
],
"r_pinky_dip": [
0.015024315565824509,
-0.03801122307777451,
-0.03796583414077798
],
"r_pinky_tip": [
0.032667867839336395,
-0.030932236462831834,
-0.049044117331505155
]
}
],
"framerate": 30,
"mirrorable": true
}