{
"label": "0",
"gestures": [
{
"l_hand_position": null,
"l_wrist": [
-0.042490020394325256,
0.06163701787591055,
0.05015863850712836
],
"l_thumb_cmc": [
-0.013111496344208717,
0.04697687923908288,
0.045077752321959014
],
"l_thumb_mcp": [
0.01790343038737774,
0.03626509383320858,
0.026506964117288846
],
"l_thumb_ip": [
0.04343348741531372,
0.036282144486904526,
-7.470612763426916e-05
],
"l_thumb_tip": [
0.0613732784986496,
0.019777599722147238,
-0.020768687129020965
],
"l_index_mcp": [
0.016822848469018936,
-0.005064197815954735,
0.009298101067543143
],
"l_index_pip": [
0.03146211802959442,
-0.023984167724848054,
0.005489115137606928
],
"l_index_dip": [
0.04248660430312157,
-0.04801873117685373,
0.007406612858176312
],
"l_index_tip": [
0.053371671587228775,
-0.06360962241888096,
-0.003007848281413246
],
"l_middle_mcp": [
0.0030231098644435406,
-0.006432007998228149,
0.0035115831997246097
],
"l_middle_pip": [
0.013789487071335316,
-0.03363379463553454,
-0.004509273450821697
],
"l_middle_dip": [
0.022021763026714325,
-0.06518956273794269,
-0.010413330048322655
],
"l_middle_tip": [
0.03518268093466759,
-0.08792117238044847,
-0.023203432559967208
],
"l_ring_mcp": [
-0.009061967954039574,
0.0044095525518060095,
-0.006664762273430885
],
"l_ring_pip": [
-0.004615607671439648,
-0.023952979594469327,
-0.01401664223521961
],
"l_ring_dip": [
-0.001973384991288185,
-0.049229323863983744,
-0.022345827892422926
],
"l_ring_tip": [
0.004095140844583511,
-0.0709070339798937,
-0.03245940059423488
],
"l_pinky_mcp": [
-0.028144076466560364,
0.01460544206202047,
-0.011970748193562203
],
"l_pinky_pip": [
-0.02382400445640087,
-0.00011969264596700603,
-0.01845060102641597
],
"l_pinky_dip": [
-0.026319153606891632,
-0.012107053771615183,
-0.022553239017725237
],
"l_pinky_tip": [
-0.026750387623906136,
-0.02737449854612396,
-0.030285291373730094
],
"r_hand_position": null,
"r_wrist": null,
"r_thumb_cmc": null,
"r_thumb_mcp": null,
"r_thumb_ip": null,
"r_thumb_tip": null,
"r_index_mcp": null,
"r_index_pip": null,
"r_index_dip": null,
"r_index_tip": null,
"r_middle_mcp": null,
"r_middle_pip": null,
"r_middle_dip": null,
"r_middle_tip": null,
"r_ring_mcp": null,
"r_ring_pip": null,
"r_ring_dip": null,
"r_ring_tip": null,
"r_pinky_mcp": null,
"r_pinky_pip": null,
"r_pinky_dip": null,
"r_pinky_tip": null
}
],
"framerate": 30,
"mirrorable": true
}