{
"label": "0",
"gestures": [
{
"l_hand_position": null,
"l_wrist": [
0.027763668447732925,
0.08022769540548388,
0.009786258451640615
],
"l_thumb_cmc": [
-0.0012150820111855865,
0.0650949850678452,
0.019379680976271803
],
"l_thumb_mcp": [
-0.02260931394994259,
0.043135005980730515,
0.026259215548634755
],
"l_thumb_ip": [
-0.05095957964658737,
0.027635011821985658,
0.03040469810366672
],
"l_thumb_tip": [
-0.07451065629720688,
0.01640830375254175,
0.043396539986134054
],
"l_index_mcp": [
-0.014173900708556175,
0.00034229067387058464,
0.024860804900527212
],
"l_index_pip": [
-0.03370121866464615,
-0.01105752307921657,
0.013237791135907303
],
"l_index_dip": [
-0.05716180428862572,
-0.019867524504661793,
0.006300203502178249
],
"l_index_tip": [
-0.08307816088199615,
-0.018061790615320372,
-0.01344764232635512
],
"l_middle_mcp": [
-0.0016585594275966287,
-0.004118879791349215,
0.00544763449579484
],
"l_middle_pip": [
-0.030987009406089783,
-0.01939352788031119,
-0.002448865678161386
],
"l_middle_dip": [
-0.057207368314266205,
-0.01729637756943722,
-0.014168239198625265
],
"l_middle_tip": [
-0.08083870261907578,
-0.018954508006572997,
-0.024478202685714035
],
"l_ring_mcp": [
0.007689326535910368,
-0.0021521449089050696,
-0.015999365597963514
],
"l_ring_pip": [
-0.018666034564375877,
-0.009837173856794957,
-0.022100690752268087
],
"l_ring_dip": [
-0.046444132924079895,
-0.012156939134001862,
-0.029381800442934366
],
"l_ring_tip": [
-0.07292108982801437,
-0.014495300129056192,
-0.036724500358105185
],
"l_pinky_mcp": [
0.012406806461513042,
0.011808384209871337,
-0.031077275052667008
],
"l_pinky_pip": [
-0.0062060048803687096,
0.0039023910649120595,
-0.0336368344724181
],
"l_pinky_dip": [
-0.029529647901654243,
-0.006113482173532307,
-0.039837464690208914
],
"l_pinky_tip": [
-0.05106831714510918,
-0.007517574820667537,
-0.04588239267468494
],
"r_hand_position": null,
"r_wrist": null,
"r_thumb_cmc": null,
"r_thumb_mcp": null,
"r_thumb_ip": null,
"r_thumb_tip": null,
"r_index_mcp": null,
"r_index_pip": null,
"r_index_dip": null,
"r_index_tip": null,
"r_middle_mcp": null,
"r_middle_pip": null,
"r_middle_dip": null,
"r_middle_tip": null,
"r_ring_mcp": null,
"r_ring_pip": null,
"r_ring_dip": null,
"r_ring_tip": null,
"r_pinky_mcp": null,
"r_pinky_pip": null,
"r_pinky_dip": null,
"r_pinky_tip": null
}
],
"framerate": 30,
"mirrorable": true
}