{
"label": "c",
"gestures": [
{
"l_hand_position": null,
"l_wrist": null,
"l_thumb_cmc": null,
"l_thumb_mcp": null,
"l_thumb_ip": null,
"l_thumb_tip": null,
"l_index_mcp": null,
"l_index_pip": null,
"l_index_dip": null,
"l_index_tip": null,
"l_middle_mcp": null,
"l_middle_pip": null,
"l_middle_dip": null,
"l_middle_tip": null,
"l_ring_mcp": null,
"l_ring_pip": null,
"l_ring_dip": null,
"l_ring_tip": null,
"l_pinky_mcp": null,
"l_pinky_pip": null,
"l_pinky_dip": null,
"l_pinky_tip": null,
"r_hand_position": [
-0.22209182381629944,
0.18569475412368774,
-0.49999968514592297
],
"r_wrist": [
-0.05692364647984505,
0.06945431977510452,
0.017070898786187172
],
"r_thumb_cmc": [
-0.021407989785075188,
0.06357754021883011,
0.013350693508982658
],
"r_thumb_mcp": [
0.012376032769680023,
0.06191769987344742,
0.012706129811704159
],
"r_thumb_ip": [
0.04699282348155975,
0.060572486370801926,
0.017777664586901665
],
"r_thumb_tip": [
0.07361669838428497,
0.05924468860030174,
0.021581565961241722
],
"r_index_mcp": [
0.01930401846766472,
0.007117908447980881,
0.00958365760743618
],
"r_index_pip": [
0.03852967172861099,
-0.014209919609129429,
0.005323761608451605
],
"r_index_dip": [
0.05005611479282379,
-0.032097939401865005,
-0.0002980479330290109
],
"r_index_tip": [
0.05623865872621536,
-0.04980432242155075,
-0.01715533807873726
],
"r_middle_mcp": [
0.003357625100761652,
-0.003894233610481024,
0.005342538468539715
],
"r_middle_pip": [
0.027585476636886597,
-0.02944212406873703,
-0.0020466865971684456
],
"r_middle_dip": [
0.03793470934033394,
-0.051527414470911026,
-0.013569311238825321
],
"r_middle_tip": [
0.05207233130931854,
-0.07117617130279541,
-0.02679648995399475
],
"r_ring_mcp": [
-0.011725351214408875,
-0.006931447423994541,
-0.006234315223991871
],
"r_ring_pip": [
0.0064322492107748985,
-0.028423136100172997,
-0.013558277860283852
],
"r_ring_dip": [
0.01889730617403984,
-0.04664693400263786,
-0.024780500680208206
],
"r_ring_tip": [
0.03421131521463394,
-0.06109345704317093,
-0.03342030197381973
],
"r_pinky_mcp": [
-0.03542974591255188,
-0.002869933843612671,
-0.015608311630785465
],
"r_pinky_pip": [
-0.01935027912259102,
-0.02014167606830597,
-0.018336188048124313
],
"r_pinky_dip": [
-0.005310819484293461,
-0.03504590690135956,
-0.025583354756236076
],
"r_pinky_tip": [
0.007806271314620972,
-0.05037282407283783,
-0.031341519206762314
],
"l_hand_velocity": null,
"r_hand_velocity": null
}
],
"framerate": 30,
"mirrorable": true
}