{
"label": "c",
"gestures": [
{
"l_hand_position": null,
"l_wrist": null,
"l_thumb_cmc": null,
"l_thumb_mcp": null,
"l_thumb_ip": null,
"l_thumb_tip": null,
"l_index_mcp": null,
"l_index_pip": null,
"l_index_dip": null,
"l_index_tip": null,
"l_middle_mcp": null,
"l_middle_pip": null,
"l_middle_dip": null,
"l_middle_tip": null,
"l_ring_mcp": null,
"l_ring_pip": null,
"l_ring_dip": null,
"l_ring_tip": null,
"l_pinky_mcp": null,
"l_pinky_pip": null,
"l_pinky_dip": null,
"l_pinky_tip": null,
"r_hand_position": [
-0.1972166895866394,
0.44122636318206787,
-0.4999996618651892
],
"r_wrist": [
-0.025761209428310394,
0.08677757531404495,
-0.009655823931097984
],
"r_thumb_cmc": [
-0.0030890852212905884,
0.07205653190612793,
0.00920883659273386
],
"r_thumb_mcp": [
0.024928055703639984,
0.054709602147340775,
0.020037513226270676
],
"r_thumb_ip": [
0.04747613146901131,
0.03185290843248367,
0.03779077157378197
],
"r_thumb_tip": [
0.06296758353710175,
0.0138995461165905,
0.048420775681734085
],
"r_index_mcp": [
0.006138728000223637,
-0.00030952715314924717,
0.026485510170459747
],
"r_index_pip": [
0.02559054084122181,
-0.018062733113765717,
0.02482905238866806
],
"r_index_dip": [
0.04246007651090622,
-0.023488901555538177,
0.017459969967603683
],
"r_index_tip": [
0.057655852288007736,
-0.01575445756316185,
-0.000482825911603868
],
"r_middle_mcp": [
-0.0025355119723826647,
-0.00699487142264843,
0.00788500439375639
],
"r_middle_pip": [
0.026034660637378693,
-0.027333779260516167,
0.00184873107355088
],
"r_middle_dip": [
0.0479690283536911,
-0.02024155855178833,
-0.0035780691541731358
],
"r_middle_tip": [
0.0636674240231514,
-0.004453200846910477,
-0.011246667243540287
],
"r_ring_mcp": [
-0.005800165235996246,
-0.0022399851586669683,
-0.016561197116971016
],
"r_ring_pip": [
0.021591095253825188,
-0.01841377653181553,
-0.02137712761759758
],
"r_ring_dip": [
0.04573976248502731,
-0.011906404979526997,
-0.02432301640510559
],
"r_ring_tip": [
0.059839069843292236,
0.004629230126738548,
-0.02659333124756813
],
"r_pinky_mcp": [
-0.011420520022511482,
0.012990382499992847,
-0.035344257950782776
],
"r_pinky_pip": [
0.007520238868892193,
-0.005263692233711481,
-0.040006041526794434
],
"r_pinky_dip": [
0.029299046844244003,
-0.02289601042866707,
-0.04313197731971741
],
"r_pinky_tip": [
0.046404484659433365,
-0.03676518425345421,
-0.04111435264348984
],
"l_hand_velocity": null,
"r_hand_velocity": null
}
],
"framerate": 30,
"mirrorable": true
}