{
"label": "0",
"gestures": [
{
"l_hand_position": null,
"l_wrist": null,
"l_thumb_cmc": null,
"l_thumb_mcp": null,
"l_thumb_ip": null,
"l_thumb_tip": null,
"l_index_mcp": null,
"l_index_pip": null,
"l_index_dip": null,
"l_index_tip": null,
"l_middle_mcp": null,
"l_middle_pip": null,
"l_middle_dip": null,
"l_middle_tip": null,
"l_ring_mcp": null,
"l_ring_pip": null,
"l_ring_dip": null,
"l_ring_tip": null,
"l_pinky_mcp": null,
"l_pinky_pip": null,
"l_pinky_dip": null,
"l_pinky_tip": null,
"r_hand_position": null,
"r_wrist": [
-0.010558921843767166,
0.08735207468271361,
-0.024445880204439604
],
"r_thumb_cmc": [
0.01680297777056694,
0.06225866079330532,
-0.02900131419301073
],
"r_thumb_mcp": [
0.03573423996567726,
0.028814900666475584,
-0.0281559061259035
],
"r_thumb_ip": [
0.045895032584667206,
-0.007383324205875511,
-0.02285693772137183
],
"r_thumb_tip": [
0.05852989852428436,
-0.03689105063676865,
-0.011437022127211245
],
"r_index_mcp": [
0.023382307961583138,
-0.005416356027126374,
0.004776205401867694
],
"r_index_pip": [
0.02645346336066723,
-0.035181913524866444,
0.0021898311097175095
],
"r_index_dip": [
0.029055874794721603,
-0.060893744230271066,
0.0003776146913878789
],
"r_index_tip": [
0.028977271169424057,
-0.08664538711309516,
-0.01823322474956533
],
"r_middle_mcp": [
0.0007955287583172321,
-0.004020042251795579,
0.00816845521330842
],
"r_middle_pip": [
0.01003045029938221,
-0.023531271144747963,
-0.020929530262947246
],
"r_middle_dip": [
0.013720819726586342,
-0.0034950966946782317,
-0.03786982968449631
],
"r_middle_tip": [
0.016751887276768684,
0.019334506243467466,
-0.032310362905264296
],
"r_ring_mcp": [
-0.01702045649290085,
0.001286757178604617,
-0.0011652575340122104
],
"r_ring_pip": [
-0.006252096500247717,
-0.007541790138930224,
-0.029529610648751564
],
"r_ring_dip": [
-0.0023746308870613575,
0.018124580383301038,
-0.03931102156639156
],
"r_ring_tip": [
0.0016927514225244522,
0.04237443208694505,
-0.028323518112302222
],
"r_pinky_mcp": [
-0.03453141078352928,
0.012681134045124196,
-0.015311114490032453
],
"r_pinky_pip": [
-0.025802742689847946,
0.0020751142874360236,
-0.03286664187908199
],
"r_pinky_dip": [
-0.015161755494773388,
0.017032604664564337,
-0.04561327025294367
],
"r_pinky_tip": [
-0.012627964839339256,
0.03566806018352548,
-0.03640877455472978
]
}
],
"framerate": 30,
"mirrorable": true
}