{
"label": "g",
"gestures": [
{
"l_hand_position": null,
"l_wrist": [
-0.006324745714664459,
0.08454414457082855,
-0.00048321194481122675
],
"l_thumb_cmc": [
-0.02797873131930828,
0.05611918494105404,
-0.006507826037704955
],
"l_thumb_mcp": [
-0.03205473721027374,
0.022893823683262076,
-0.007596704643219806
],
"l_thumb_ip": [
-0.03401975333690643,
-0.010000505484640728,
-0.008552386425435666
],
"l_thumb_tip": [
-0.031380925327539444,
-0.03866074979305305,
-0.007202843669801878
],
"l_index_mcp": [
-0.02619534730911255,
-0.009112399071455057,
0.008819464594125831
],
"l_index_pip": [
-0.024399371817708015,
-0.03749928250908892,
0.0029375562444329518
],
"l_index_dip": [
-0.02377432957291603,
-0.061695769429207535,
-0.005029102321714194
],
"l_index_tip": [
-0.023219777271151543,
-0.0799463763833054,
-0.024851167574525056
],
"l_middle_mcp": [
-0.004193342290818691,
-0.003980693407356785,
0.006808643229305829
],
"l_middle_pip": [
-0.011657649651169777,
-0.022744342684746007,
-0.020430698990822085
],
"l_middle_dip": [
-0.02693985030055046,
-0.006528612691909178,
-0.03460875526070636
],
"l_middle_tip": [
-0.034522466361522675,
0.013934714719653251,
-0.03217003867030175
],
"l_ring_mcp": [
0.01795203983783722,
0.003984482958912899,
-0.0042971172370017035
],
"l_ring_pip": [
0.005646181758493185,
-0.002905029105022618,
-0.03043420426547556
],
"l_ring_dip": [
-0.006831319537013769,
0.02094190940260915,
-0.03544414415955584
],
"l_ring_tip": [
-0.012538796290755272,
0.043918114155531374,
-0.025834761559963466
],
"l_pinky_mcp": [
0.025960231199860573,
0.020701089873910145,
-0.016968520358205036
],
"l_pinky_pip": [
0.021608421579003334,
0.011745877563953493,
-0.03527716174721759
],
"l_pinky_dip": [
0.008056778460741043,
0.023400969803333484,
-0.046060461550951406
],
"l_pinky_tip": [
0.0015116073191165924,
0.03933652490377466,
-0.036289885640144744
],
"r_hand_position": null,
"r_wrist": null,
"r_thumb_cmc": null,
"r_thumb_mcp": null,
"r_thumb_ip": null,
"r_thumb_tip": null,
"r_index_mcp": null,
"r_index_pip": null,
"r_index_dip": null,
"r_index_tip": null,
"r_middle_mcp": null,
"r_middle_pip": null,
"r_middle_dip": null,
"r_middle_tip": null,
"r_ring_mcp": null,
"r_ring_pip": null,
"r_ring_dip": null,
"r_ring_tip": null,
"r_pinky_mcp": null,
"r_pinky_pip": null,
"r_pinky_dip": null,
"r_pinky_tip": null
}
],
"framerate": 30,
"mirrorable": true
}