{
"label": "g",
"gestures": [
{
"l_hand_position": null,
"l_wrist": null,
"l_thumb_cmc": null,
"l_thumb_mcp": null,
"l_thumb_ip": null,
"l_thumb_tip": null,
"l_index_mcp": null,
"l_index_pip": null,
"l_index_dip": null,
"l_index_tip": null,
"l_middle_mcp": null,
"l_middle_pip": null,
"l_middle_dip": null,
"l_middle_tip": null,
"l_ring_mcp": null,
"l_ring_pip": null,
"l_ring_dip": null,
"l_ring_tip": null,
"l_pinky_mcp": null,
"l_pinky_pip": null,
"l_pinky_dip": null,
"l_pinky_tip": null,
"r_hand_position": null,
"r_wrist": [
-0.018594400957226753,
0.07874137163162333,
0.026085656136274463
],
"r_thumb_cmc": [
0.01386389322578907,
0.060133498162031826,
0.007773780263960317
],
"r_thumb_mcp": [
0.03566310554742813,
0.037295695394277996,
-0.0053502498194576515
],
"r_thumb_ip": [
0.039055727422237396,
0.006813627667725148,
-0.02117242105305219
],
"r_thumb_tip": [
0.02474737912416458,
-0.02008675970137147,
-0.028233194723725617
],
"r_index_mcp": [
0.025233767926692963,
-0.005839921534061477,
-4.229503610985338e-05
],
"r_index_pip": [
0.025815032422542572,
-0.03423610329628027,
-0.0027772549074143327
],
"r_index_dip": [
0.02647722139954567,
-0.05727834627032346,
-0.00906887184828523
],
"r_index_tip": [
0.023079056292772293,
-0.07843856513500318,
-0.028840675950050635
],
"r_middle_mcp": [
0.001182970474474132,
-0.005560720339417527,
0.005594303365796866
],
"r_middle_pip": [
0.0051543740555644035,
-0.03293088078498873,
-0.01957441866397867
],
"r_middle_dip": [
0.005676316097378731,
-0.016149869188666552,
-0.036807872354984644
],
"r_middle_tip": [
0.011690111830830574,
0.003103810595348539,
-0.03205282986164124
],
"r_ring_mcp": [
-0.016537435352802277,
0.0011234479025006394,
0.0006941169267520359
],
"r_ring_pip": [
-0.01601530611515045,
-0.02067128010094193,
-0.023057991638779904
],
"r_ring_dip": [
-0.010047951713204384,
-0.0014464419800788567,
-0.03406525030732188
],
"r_ring_tip": [
-0.004463001154363155,
0.0194325689226391,
-0.02409418113529712
],
"r_pinky_mcp": [
-0.03640298545360565,
0.01623823866248142,
-0.0014413935132325064
],
"r_pinky_pip": [
-0.03711428493261337,
-0.0006510894745588153,
-0.015795977786183527
],
"r_pinky_dip": [
-0.026595018804073334,
0.007446513511240562,
-0.028886975720525107
],
"r_pinky_tip": [
-0.023712994530797005,
0.024380806833505946,
-0.02133738435804874
]
}
],
"framerate": 30,
"mirrorable": true
}