{
"label": "g",
"gestures": [
{
"l_hand_position": [
0.8042784333229065,
0.7866102457046509,
-2.936537271125417e-07
],
"l_wrist": [
-0.013263041153550148,
0.08737844973802567,
-0.004851617384701967
],
"l_thumb_cmc": [
-0.03539636358618736,
0.05256802961230278,
-0.016503723338246346
],
"l_thumb_mcp": [
-0.035594843327999115,
0.01998310536146164,
-0.021617988124489784
],
"l_thumb_ip": [
-0.029923930764198303,
-0.011981138959527016,
-0.025624748319387436
],
"l_thumb_tip": [
-0.019890759140253067,
-0.033718690276145935,
-0.026156315580010414
],
"l_index_mcp": [
-0.029223520308732986,
-0.013944351114332676,
0.004856413695961237
],
"l_index_pip": [
-0.022511472925543785,
-0.04192695766687393,
-0.0029382819775491953
],
"l_index_dip": [
-0.01719190552830696,
-0.06491372734308243,
-0.015206875279545784
],
"l_index_tip": [
-0.012747135013341904,
-0.08197703957557678,
-0.03369905799627304
],
"l_middle_mcp": [
-0.005207103677093983,
-0.006380579434335232,
0.0073991320095956326
],
"l_middle_pip": [
-0.003434079699218273,
-0.025873977690935135,
-0.022539600729942322
],
"l_middle_dip": [
-0.01783437281847,
-0.008896643295884132,
-0.03653361275792122
],
"l_middle_tip": [
-0.016241107136011124,
0.002319042570888996,
-0.0162784606218338
],
"l_ring_mcp": [
0.019946424290537834,
0.008760184049606323,
-0.00041836773743852973
],
"l_ring_pip": [
0.01340752374380827,
-0.0034693432971835136,
-0.02995395101606846
],
"l_ring_dip": [
-0.0005482221022248268,
0.015835151076316833,
-0.034417811781167984
],
"l_ring_tip": [
0.0005526114255189896,
0.027866685763001442,
-0.014456282369792461
],
"l_pinky_mcp": [
0.029429584741592407,
0.02708611637353897,
-0.012619689106941223
],
"l_pinky_pip": [
0.027864821255207062,
0.017346316948533058,
-0.03059866838157177
],
"l_pinky_dip": [
0.01350543275475502,
0.025805581361055374,
-0.04036412388086319
],
"l_pinky_tip": [
0.01255946233868599,
0.03335656225681305,
-0.028921080753207207
],
"r_hand_position": null,
"r_wrist": null,
"r_thumb_cmc": null,
"r_thumb_mcp": null,
"r_thumb_ip": null,
"r_thumb_tip": null,
"r_index_mcp": null,
"r_index_pip": null,
"r_index_dip": null,
"r_index_tip": null,
"r_middle_mcp": null,
"r_middle_pip": null,
"r_middle_dip": null,
"r_middle_tip": null,
"r_ring_mcp": null,
"r_ring_pip": null,
"r_ring_dip": null,
"r_ring_tip": null,
"r_pinky_mcp": null,
"r_pinky_pip": null,
"r_pinky_dip": null,
"r_pinky_tip": null
}
],
"framerate": 30,
"mirrorable": true
}