{
"label": "g",
"gestures": [
{
"l_hand_position": null,
"l_wrist": [
0.025599505752325058,
0.08472686260938644,
0.04044731706380844
],
"l_thumb_cmc": [
-0.008348731324076653,
0.06978051364421844,
0.014228972606360912
],
"l_thumb_mcp": [
-0.025950433686375618,
0.04802503436803818,
0.0005754867452196777
],
"l_thumb_ip": [
-0.043556518852710724,
0.018507231026887894,
-0.01876801624894142
],
"l_thumb_tip": [
-0.05779525637626648,
-0.009167465381324291,
-0.0230239424854517
],
"l_index_mcp": [
-0.030357737094163895,
0.0008014419581741095,
-0.0006533719715662301
],
"l_index_pip": [
-0.03409332036972046,
-0.03031294047832489,
-0.0036277123726904392
],
"l_index_dip": [
-0.03631164878606796,
-0.05274485424160957,
-0.010223176330327988
],
"l_index_tip": [
-0.03999204933643341,
-0.07432669401168823,
-0.03192344307899475
],
"l_middle_mcp": [
-0.005822037346661091,
-0.004922023508697748,
0.004708981141448021
],
"l_middle_pip": [
-0.007702779024839401,
-0.0135453250259161,
-0.03186545893549919
],
"l_middle_dip": [
-0.011120080947875977,
0.01472940482199192,
-0.04511134698987007
],
"l_middle_tip": [
-0.006222239229828119,
0.028722302988171577,
-0.02321341261267662
],
"l_ring_mcp": [
0.02020304463803768,
-0.0030744627583771944,
0.0007419721805490553
],
"l_ring_pip": [
0.013905406929552555,
-0.002130751730874181,
-0.03292802721261978
],
"l_ring_dip": [
0.010684484615921974,
0.024525312706828117,
-0.03966459631919861
],
"l_ring_tip": [
0.015165166929364204,
0.037431858479976654,
-0.018373532220721245
],
"l_pinky_mcp": [
0.036123163998126984,
0.0143706314265728,
-0.001975416671484709
],
"l_pinky_pip": [
0.03534174710512161,
0.003650521859526634,
-0.024421365931630135
],
"l_pinky_dip": [
0.028108812868595123,
0.020462092012166977,
-0.03666571527719498
],
"l_pinky_tip": [
0.028346076607704163,
0.03308308124542236,
-0.01973109133541584
],
"r_hand_position": [
0.13853204250335693,
0.2348935604095459,
-0.5000002132778008
],
"r_wrist": null,
"r_thumb_cmc": null,
"r_thumb_mcp": null,
"r_thumb_ip": null,
"r_thumb_tip": null,
"r_index_mcp": null,
"r_index_pip": null,
"r_index_dip": null,
"r_index_tip": null,
"r_middle_mcp": null,
"r_middle_pip": null,
"r_middle_dip": null,
"r_middle_tip": null,
"r_ring_mcp": null,
"r_ring_pip": null,
"r_ring_dip": null,
"r_ring_tip": null,
"r_pinky_mcp": null,
"r_pinky_pip": null,
"r_pinky_dip": null,
"r_pinky_tip": null,
"l_hand_velocity": null,
"r_hand_velocity": null,
"m_nose_point": null,
"m_top_nose": null,
"m_eyebrows": null,
"m_forehead": null,
"m_top_chin": null,
"m_bot_up_lip": null,
"m_top_low_lip": null,
"m_bot_nose": null,
"m_chin": null,
"m_nose": null,
"l_eye_exterior": null,
"l_temple": null,
"l_mid_chin": null,
"l_up_lip": null,
"l_ext_nostril": null,
"l_mid_cheek": null,
"l_mid_eyebrow": null,
"l_ext_eyebrow": null,
"l_ext_lips": null,
"l_jaw_angle": null,
"l_mid_ext_face": null,
"l_int_eyebrow": null,
"l_mid_jaw": null,
"l_mid_bot_eyelid": null,
"l_ext_mouth": null,
"l_top_eyelid": null,
"l_eye_int": null,
"l_pupil": null,
"r_eye_exterior": null,
"r_temple": null,
"r_mid_chin": null,
"r_up_lip": null,
"r_ext_nostril": null,
"r_mid_cheek": null,
"r_mid_eyebrow": null,
"r_ext_eyebrow": null,
"r_ext_lips": null,
"r_jaw_angle": null,
"r_mid_ext_face": null,
"r_int_eyebrow": null,
"r_mid_jaw": null,
"r_mid_bot_eyelid": null,
"r_ext_mouth": null,
"r_top_eyelid": null,
"r_eye_int": null,
"r_pupil": null,
"l_shoudler": null,
"l_elbow": null,
"l_hip": null,
"l_knee": null,
"l_ankle": null,
"r_shoudler": null,
"r_elbow": null,
"r_hip": null,
"r_knee": null,
"r_ankle": null
}
],
"framerate": 30,
"mirrorable": true,
"invalid": false
}