{
"label": "g",
"gestures": [
{
"l_hand_position": null,
"l_wrist": [
0.008962780237197876,
0.08297551423311311,
-0.00897768419235956
],
"l_thumb_cmc": [
-0.018314654007554054,
0.05856018885970183,
-0.016850965097546765
],
"l_thumb_mcp": [
-0.027947887778282166,
0.026346189901232928,
-0.015167066827416567
],
"l_thumb_ip": [
-0.0355355367064476,
-0.006821857765317059,
-0.012288873083889621
],
"l_thumb_tip": [
-0.03774535655975342,
-0.03881525993347215,
-0.005492840427905323
],
"l_index_mcp": [
-0.02816728875041008,
-0.004383536055684118,
0.0070428620092571285
],
"l_index_pip": [
-0.028754428029060364,
-0.03386683017015488,
0.002863266039639802
],
"l_index_dip": [
-0.03132767975330353,
-0.0576202981173997,
-0.003651889506727469
],
"l_index_tip": [
-0.029971804469823837,
-0.07589527219533973,
-0.02401224523782733
],
"l_middle_mcp": [
-0.005982883740216494,
-0.002848193049430891,
0.007847034372389419
],
"l_middle_pip": [
-0.014049911871552467,
-0.02210398018360169,
-0.020026190206408688
],
"l_middle_dip": [
-0.022670019418001175,
-0.0035990416072309724,
-0.03704881295561834
],
"l_middle_tip": [
-0.0227641798555851,
0.019773006439209175,
-0.035944435745478
],
"l_ring_mcp": [
0.018512146547436714,
0.0012182518839836246,
-0.0026648128405213647
],
"l_ring_pip": [
0.00671983789652586,
-0.007257553748786557,
-0.0290022809058431
],
"l_ring_dip": [
-0.0001232791692018509,
0.017096910625696442,
-0.038616042584181304
],
"l_ring_tip": [
-0.0003473907709121704,
0.04044109955430076,
-0.02986718527972741
],
"l_pinky_mcp": [
0.03180404752492905,
0.014773744158446926,
-0.015575398690998703
],
"l_pinky_pip": [
0.024706285446882248,
0.006590256933123007,
-0.03427476063370745
],
"l_pinky_dip": [
0.015389450825750828,
0.019513079896569408,
-0.047086745500564936
],
"l_pinky_tip": [
0.012100339867174625,
0.035920508205890905,
-0.03781738504767443
],
"r_hand_position": null,
"r_wrist": null,
"r_thumb_cmc": null,
"r_thumb_mcp": null,
"r_thumb_ip": null,
"r_thumb_tip": null,
"r_index_mcp": null,
"r_index_pip": null,
"r_index_dip": null,
"r_index_tip": null,
"r_middle_mcp": null,
"r_middle_pip": null,
"r_middle_dip": null,
"r_middle_tip": null,
"r_ring_mcp": null,
"r_ring_pip": null,
"r_ring_dip": null,
"r_ring_tip": null,
"r_pinky_mcp": null,
"r_pinky_pip": null,
"r_pinky_dip": null,
"r_pinky_tip": null
}
],
"framerate": 30,
"mirrorable": true
}