{
"label": "g",
"gestures": [
{
"l_hand_position": null,
"l_wrist": [
0.011371724307537079,
0.08263500034809175,
2.7745059924176108e-05
],
"l_thumb_cmc": [
-0.015457775443792343,
0.058502420783043525,
-0.010401515290141246
],
"l_thumb_mcp": [
-0.02257775515317917,
0.02786770090460805,
-0.016003951430320903
],
"l_thumb_ip": [
-0.02871754765510559,
-0.0015410399064422252,
-0.025951908901334027
],
"l_thumb_tip": [
-0.022047294303774834,
-0.025874864310026512,
-0.026222070679068846
],
"l_index_mcp": [
-0.02751448005437851,
-0.0041695237159729516,
0.004384138621389916
],
"l_index_pip": [
-0.02844630926847458,
-0.03670791164040607,
0.0019943795632571537
],
"l_index_dip": [
-0.028847970068454742,
-0.062296912074089696,
-0.0019717419054358747
],
"l_index_tip": [
-0.02447524666786194,
-0.08114998787641609,
-0.020408770069480157
],
"l_middle_mcp": [
-0.005865218583494425,
-0.0032658451236784853,
0.005995468236506052
],
"l_middle_pip": [
-0.006268828175961971,
-0.028460375964641765,
-0.017383625730872324
],
"l_middle_dip": [
-0.013010882772505283,
-0.014761428348720261,
-0.04001757502555897
],
"l_middle_tip": [
-0.013768065720796585,
0.0077113290317356534,
-0.04384121298790024
],
"l_ring_mcp": [
0.01838642731308937,
0.0013208927121013477,
-0.0009238498168997516
],
"l_ring_pip": [
0.016655614599585533,
-0.010509580373764156,
-0.026083996519446644
],
"l_ring_dip": [
0.01200655847787857,
0.01279686577618135,
-0.0382468104362491
],
"l_ring_tip": [
0.00758967362344265,
0.03435238450765642,
-0.03282312676310572
],
"l_pinky_mcp": [
0.03301183879375458,
0.01537625864148153,
-0.011081483215093736
],
"l_pinky_pip": [
0.03302721306681633,
0.004602428991347558,
-0.02672800794243843
],
"l_pinky_dip": [
0.02895425446331501,
0.017633417621255087,
-0.039355456829071454
],
"l_pinky_tip": [
0.019042707979679108,
0.0325875841081146,
-0.03568392246961637
],
"r_hand_position": null,
"r_wrist": null,
"r_thumb_cmc": null,
"r_thumb_mcp": null,
"r_thumb_ip": null,
"r_thumb_tip": null,
"r_index_mcp": null,
"r_index_pip": null,
"r_index_dip": null,
"r_index_tip": null,
"r_middle_mcp": null,
"r_middle_pip": null,
"r_middle_dip": null,
"r_middle_tip": null,
"r_ring_mcp": null,
"r_ring_pip": null,
"r_ring_dip": null,
"r_ring_tip": null,
"r_pinky_mcp": null,
"r_pinky_pip": null,
"r_pinky_dip": null,
"r_pinky_tip": null
}
],
"framerate": 30,
"mirrorable": true
}