{
"label": "g",
"gestures": [
{
"l_hand_position": null,
"l_wrist": [
-0.0005180258303880692,
0.08515582978725525,
-0.011022812686860672
],
"l_thumb_cmc": [
-0.024955060333013535,
0.05634923651814518,
-0.017730144783854707
],
"l_thumb_mcp": [
-0.030250437557697296,
0.021603196859360053,
-0.016275152564049006
],
"l_thumb_ip": [
-0.03409464284777641,
-0.014324755407869995,
-0.009973544627428155
],
"l_thumb_tip": [
-0.03820822760462761,
-0.046770341694355594,
0.001815252238884599
],
"l_index_mcp": [
-0.027669578790664673,
-0.008489376865327447,
0.005056757479906157
],
"l_index_pip": [
-0.026551485061645508,
-0.040365610271692776,
0.0010815804125741304
],
"l_index_dip": [
-0.027215072885155678,
-0.06316447257995673,
-0.006386250257492113
],
"l_index_tip": [
-0.027012333273887634,
-0.08385849744081603,
-0.027826886624098046
],
"l_middle_mcp": [
-0.005772317294031382,
-0.00403431802988055,
0.007511186879128287
],
"l_middle_pip": [
-0.006780644413083792,
-0.025099782273173592,
-0.021091405302286346
],
"l_middle_dip": [
-0.01619977504014969,
-0.008012434467673331,
-0.03953044116497078
],
"l_middle_tip": [
-0.020957261323928833,
0.015098166652023903,
-0.038228604942560675
],
"l_ring_mcp": [
0.018978485837578773,
0.004248861223459275,
-0.0019495777087286301
],
"l_ring_pip": [
0.014228655025362968,
-0.004920260980725311,
-0.029691927134990952
],
"l_ring_dip": [
0.0016587898135185242,
0.016868466511368915,
-0.04000091925263445
],
"l_ring_tip": [
-0.004927266389131546,
0.03979284316301388,
-0.03215506300330202
],
"l_pinky_mcp": [
0.030735787004232407,
0.019895218312740534,
-0.013257510960102222
],
"l_pinky_pip": [
0.03257705643773079,
0.010147623717784951,
-0.033011283725500336
],
"l_pinky_dip": [
0.020341111347079277,
0.022447757422924243,
-0.04741516336798717
],
"l_pinky_tip": [
0.008574862964451313,
0.035903576761484535,
-0.03885494545102167
],
"r_hand_position": null,
"r_wrist": null,
"r_thumb_cmc": null,
"r_thumb_mcp": null,
"r_thumb_ip": null,
"r_thumb_tip": null,
"r_index_mcp": null,
"r_index_pip": null,
"r_index_dip": null,
"r_index_tip": null,
"r_middle_mcp": null,
"r_middle_pip": null,
"r_middle_dip": null,
"r_middle_tip": null,
"r_ring_mcp": null,
"r_ring_pip": null,
"r_ring_dip": null,
"r_ring_tip": null,
"r_pinky_mcp": null,
"r_pinky_pip": null,
"r_pinky_dip": null,
"r_pinky_tip": null
}
],
"framerate": 30,
"mirrorable": true
}