{
    "label": "G",
    "label_id": 7,
    "gestures": [
        {
            "wrist": [
                0.015270281583070755,
                0.0795690268278122,
                -0.02033040300011635
            ],
            "thumb_cmc": [
                -0.012921255081892014,
                0.05569722503423691,
                -0.027409987524151802
            ],
            "thumb_mcp": [
                -0.02488088794052601,
                0.023224595934152603,
                -0.0248955637216568
            ],
            "thumb_ip": [
                -0.037459880113601685,
                -0.009936445392668247,
                -0.021086368709802628
            ],
            "thumb_tip": [
                -0.042844634503126144,
                -0.04100174084305763,
                -0.006876790896058083
            ],
            "index_mcp": [
                -0.027954528108239174,
                -0.003936422057449818,
                0.004242051858454943
            ],
            "index_pip": [
                -0.03528609126806259,
                -0.033992283046245575,
                0.0017612023511901498
            ],
            "index_dip": [
                -0.041595663875341415,
                -0.05826704576611519,
                -0.002287651179358363
            ],
            "index_tip": [
                -0.04365478456020355,
                -0.07701482623815536,
                -0.02203218825161457
            ],
            "middle_mcp": [
                -0.006317777093499899,
                -0.0023440662771463394,
                0.007758531253784895
            ],
            "middle_pip": [
                -0.008158746175467968,
                -0.02778645232319832,
                -0.016741115599870682
            ],
            "middle_dip": [
                -0.014230811968445778,
                -0.013523295521736145,
                -0.04093540832400322
            ],
            "middle_tip": [
                -0.012774485163390636,
                0.008462180383503437,
                -0.04453635215759277
            ],
            "ring_mcp": [
                0.018324388191103935,
                0.0010731399524956942,
                -0.0008580203866586089
            ],
            "ring_pip": [
                0.015590682625770569,
                -0.012493501417338848,
                -0.026421228423714638
            ],
            "ring_dip": [
                0.013211295008659363,
                0.01005357876420021,
                -0.03916813060641289
            ],
            "ring_tip": [
                0.011095996014773846,
                0.03208082914352417,
                -0.03518301993608475
            ],
            "pinky_mcp": [
                0.033315714448690414,
                0.012526633217930794,
                -0.013168968260288239
            ],
            "pinky_pip": [
                0.033183109015226364,
                0.0014833495952188969,
                -0.030074352398514748
            ],
            "pinky_dip": [
                0.029302962124347687,
                0.014665063470602036,
                -0.04491547867655754
            ],
            "pinky_tip": [
                0.02156718075275421,
                0.031055130064487457,
                -0.0405074805021286
            ]
        }
    ]
}