{
"label": "g",
"gestures": [
{
"l_hand_position": null,
"l_wrist": [
0.008323557674884796,
0.08818233013153169,
-0.019455596804619158
],
"l_thumb_cmc": [
-0.019571591168642044,
0.0649637877941139,
-0.027766682207584745
],
"l_thumb_mcp": [
-0.028188128024339676,
0.04120663180947342,
-0.03302867710590393
],
"l_thumb_ip": [
-0.03288805112242699,
0.011119060218334219,
-0.03933739662170447
],
"l_thumb_tip": [
-0.016379276290535927,
-0.013946557417512096,
-0.03910100460052525
],
"l_index_mcp": [
-0.026748480275273323,
0.0008072750642895836,
0.002801328664645589
],
"l_index_pip": [
-0.0305329579859972,
-0.028458096086979263,
0.0030129128135741425
],
"l_index_dip": [
-0.031779639422893524,
-0.05166104808449788,
-0.0030849422328173897
],
"l_index_tip": [
-0.034747734665870667,
-0.07232104986906124,
-0.02063363790512097
],
"l_middle_mcp": [
-0.004749704618006945,
-0.0015065071638673644,
0.007234695833176466
],
"l_middle_pip": [
-0.011388575658202171,
-0.025779709219932813,
-0.023351369425654665
],
"l_middle_dip": [
-0.01997210644185543,
-0.003778080455958828,
-0.0419564433395866
],
"l_middle_tip": [
-0.015784218907356262,
0.014591181650757989,
-0.030634613707661993
],
"l_ring_mcp": [
0.01729828678071499,
-0.003033722750842606,
-0.00013506379036699065
],
"l_ring_pip": [
0.008397242054343224,
-0.014952655881643398,
-0.029621608555317043
],
"l_ring_dip": [
0.0021307708229869604,
0.008315419778227886,
-0.04094242304563563
],
"l_ring_tip": [
0.005422721151262522,
0.026884036138654047,
-0.030432347208261892
],
"l_pinky_mcp": [
0.029890280216932297,
0.007894226349890298,
-0.012452908791601785
],
"l_pinky_pip": [
0.029377395287156105,
-0.008440958335995813,
-0.027801828458905515
],
"l_pinky_dip": [
0.021883778274059296,
0.0005636517889797226,
-0.041859038174152825
],
"l_pinky_tip": [
0.024046380072832108,
0.016652893275022656,
-0.036498695611954325
],
"r_hand_position": null,
"r_wrist": null,
"r_thumb_cmc": null,
"r_thumb_mcp": null,
"r_thumb_ip": null,
"r_thumb_tip": null,
"r_index_mcp": null,
"r_index_pip": null,
"r_index_dip": null,
"r_index_tip": null,
"r_middle_mcp": null,
"r_middle_pip": null,
"r_middle_dip": null,
"r_middle_tip": null,
"r_ring_mcp": null,
"r_ring_pip": null,
"r_ring_dip": null,
"r_ring_tip": null,
"r_pinky_mcp": null,
"r_pinky_pip": null,
"r_pinky_dip": null,
"r_pinky_tip": null
}
],
"framerate": 30,
"mirrorable": true
}