{
"label": "g",
"gestures": [
{
"l_hand_position": null,
"l_wrist": [
0.01011701300740242,
0.08371514827013117,
-0.018757559359073885
],
"l_thumb_cmc": [
-0.017097309231758118,
0.05558442324400013,
-0.024659700691700318
],
"l_thumb_mcp": [
-0.026919858530163765,
0.022609882056713305,
-0.025054939091205836
],
"l_thumb_ip": [
-0.03412064537405968,
-0.012481778860092227,
-0.01936757378280174
],
"l_thumb_tip": [
-0.0346461683511734,
-0.047531187534332824,
-0.010492468252778176
],
"l_index_mcp": [
-0.02888822928071022,
-0.006566225551068845,
0.0033991727977991494
],
"l_index_pip": [
-0.03150160610675812,
-0.03735728934407265,
0.003355120075866617
],
"l_index_dip": [
-0.033021800220012665,
-0.06084358692169254,
-0.0012104888446629034
],
"l_index_tip": [
-0.03340904414653778,
-0.08090559393167593,
-0.020023984834551836
],
"l_middle_mcp": [
-0.0065237688831985,
-0.0025589398574084195,
0.007711124606430606
],
"l_middle_pip": [
-0.004258453845977783,
-0.027292827144265498,
-0.017256533727050074
],
"l_middle_dip": [
-0.009257637895643711,
-0.0173531938344243,
-0.04073178023099946
],
"l_middle_tip": [
-0.010421027429401875,
0.0013772477395832842,
-0.046730868518352946
],
"l_ring_mcp": [
0.019287962466478348,
0.002643294632434863,
-0.00038083622348494925
],
"l_ring_pip": [
0.018484346568584442,
-0.011008115485310681,
-0.02695245668292078
],
"l_ring_dip": [
0.014412786811590195,
0.009500479325652234,
-0.03849494457244928
],
"l_ring_tip": [
0.012478914111852646,
0.031571134924889104,
-0.034722749143839465
],
"l_pinky_mcp": [
0.03282035142183304,
0.016348173841834204,
-0.01199772395193588
],
"l_pinky_pip": [
0.03617950901389122,
0.004264735616743608,
-0.02946665138006245
],
"l_pinky_dip": [
0.031415194272994995,
0.016895543783903212,
-0.04374551773071337
],
"l_pinky_tip": [
0.025002632290124893,
0.035345569252968244,
-0.03547466918826149
],
"r_hand_position": null,
"r_wrist": null,
"r_thumb_cmc": null,
"r_thumb_mcp": null,
"r_thumb_ip": null,
"r_thumb_tip": null,
"r_index_mcp": null,
"r_index_pip": null,
"r_index_dip": null,
"r_index_tip": null,
"r_middle_mcp": null,
"r_middle_pip": null,
"r_middle_dip": null,
"r_middle_tip": null,
"r_ring_mcp": null,
"r_ring_pip": null,
"r_ring_dip": null,
"r_ring_tip": null,
"r_pinky_mcp": null,
"r_pinky_pip": null,
"r_pinky_dip": null,
"r_pinky_tip": null
}
],
"framerate": 30,
"mirrorable": true
}