{
    "label": "g",
    "label_id": 7,
    "gestures": [
        {
            "wrist": [
                0.01011701300740242,
                0.08371514827013016,
                -0.01875755935907364
            ],
            "thumb_cmc": [
                -0.017097309231758118,
                0.05558442324399948,
                -0.02465970069169998
            ],
            "thumb_mcp": [
                -0.026919858530163765,
                0.022609882056713104,
                -0.025054939091205597
            ],
            "thumb_ip": [
                -0.03412064537405968,
                -0.012481778860092163,
                -0.019367573782801628
            ],
            "thumb_tip": [
                -0.0346461683511734,
                -0.047531187534332275,
                -0.010492468252778053
            ],
            "index_mcp": [
                -0.02888822928071022,
                -0.006566225551068783,
                0.0033991727977991104
            ],
            "index_pip": [
                -0.03150160610675812,
                -0.03735728934407234,
                0.00335512007586658
            ],
            "index_dip": [
                -0.033021800220012665,
                -0.060843586921691895,
                -0.0012104888446629047
            ],
            "index_tip": [
                -0.03340904414653778,
                -0.08090559393167496,
                -0.02002398483455181
            ],
            "middle_mcp": [
                -0.0065237688831985,
                -0.0025589398574084044,
                0.0077111246064305305
            ],
            "middle_pip": [
                -0.004258453845977783,
                -0.027292827144265175,
                -0.017256533727049828
            ],
            "middle_dip": [
                -0.009257637895643711,
                -0.01735319383442402,
                -0.04073178023099899
            ],
            "middle_tip": [
                -0.010421027429401875,
                0.0013772477395832539,
                -0.04673086851835251
            ],
            "ring_mcp": [
                0.019287962466478348,
                0.002643294632434845,
                -0.0003808362234849483
            ],
            "ring_pip": [
                0.018484346568584442,
                -0.011008115485310555,
                -0.026952456682920456
            ],
            "ring_dip": [
                0.014412786811590195,
                0.009500479325652122,
                -0.03849494457244873
            ],
            "ring_tip": [
                0.012478914111852646,
                0.03157113492488861,
                -0.03472274914383888
            ],
            "pinky_mcp": [
                0.03282035142183304,
                0.01634817384183407,
                -0.011997723951935768
            ],
            "pinky_pip": [
                0.03617950901389122,
                0.004264735616743565,
                -0.029466651380062103
            ],
            "pinky_dip": [
                0.031415194272994995,
                0.016895543783903122,
                -0.04374551773071289
            ],
            "pinky_tip": [
                0.025002632290124893,
                0.035345569252967834,
                -0.03547466918826103
            ]
        }
    ]
}