{
"label": "0",
"gestures": [
{
"l_hand_position": null,
"l_wrist": [
0.003181539475917816,
0.09277132153511135,
0.007749715354293513
],
"l_thumb_cmc": [
-0.024827729910612106,
0.07121208310127325,
-0.0063464003615082655
],
"l_thumb_mcp": [
-0.03317686915397644,
0.04084665700793311,
-0.015218080952763653
],
"l_thumb_ip": [
-0.027706770226359367,
0.006212034262716803,
-0.028550388291478428
],
"l_thumb_tip": [
-0.010313235223293304,
-0.01794848218560236,
-0.027972126379609403
],
"l_index_mcp": [
-0.02955462969839573,
-0.00741226831451067,
-0.00014172699593473088
],
"l_index_pip": [
-0.035871513187885284,
-0.03444826230406801,
-0.008422407321631976
],
"l_index_dip": [
-0.03719913959503174,
-0.05437844246625968,
-0.01301851123571406
],
"l_index_tip": [
-0.04434151202440262,
-0.07304748892784198,
-0.03529831394553219
],
"l_middle_mcp": [
-0.00506509467959404,
-0.0063217887654901175,
0.004901408217847409
],
"l_middle_pip": [
-0.0005673691630363464,
-0.049035802483559036,
0.0033408880699426816
],
"l_middle_dip": [
-0.007188059389591217,
-0.07514458894729692,
-0.006698001641780229
],
"l_middle_tip": [
-0.010265123099088669,
-0.09875230491161469,
-0.017406012862920945
],
"l_ring_mcp": [
0.01923823542892933,
0.0013648564927280112,
-4.770254236066556e-06
],
"l_ring_pip": [
0.02106117643415928,
-0.029220173135400082,
-0.012045750394463633
],
"l_ring_dip": [
0.018800683319568634,
-0.052201434969902545,
-0.031483650207519864
],
"l_ring_tip": [
0.0155299361795187,
-0.07071273773908694,
-0.051255647093058014
],
"l_pinky_mcp": [
0.031467556953430176,
0.019522480666637577,
-0.003636755747720637
],
"l_pinky_pip": [
0.036055512726306915,
0.0076973815448583395,
-0.018629053607583226
],
"l_pinky_dip": [
0.03322843834757805,
0.008510746061801956,
-0.03561609238386193
],
"l_pinky_tip": [
0.027730053290724754,
0.022193033248186354,
-0.051522269845009454
],
"r_hand_position": null,
"r_wrist": null,
"r_thumb_cmc": null,
"r_thumb_mcp": null,
"r_thumb_ip": null,
"r_thumb_tip": null,
"r_index_mcp": null,
"r_index_pip": null,
"r_index_dip": null,
"r_index_tip": null,
"r_middle_mcp": null,
"r_middle_pip": null,
"r_middle_dip": null,
"r_middle_tip": null,
"r_ring_mcp": null,
"r_ring_pip": null,
"r_ring_dip": null,
"r_ring_tip": null,
"r_pinky_mcp": null,
"r_pinky_pip": null,
"r_pinky_dip": null,
"r_pinky_tip": null
}
],
"framerate": 30,
"mirrorable": true
}