{
"label": "w",
"gestures": [
{
"l_hand_position": [
0.704475462436676,
0.7633275389671326,
8.820742181114838e-08
],
"l_wrist": [
-0.007247615605592728,
0.10124850273132324,
0.018767014145851135
],
"l_thumb_cmc": [
-0.03409048169851303,
0.07568155229091644,
0.0036846997682005167
],
"l_thumb_mcp": [
-0.029656430706381798,
0.04830189794301987,
-0.014184904284775257
],
"l_thumb_ip": [
-0.011879457160830498,
0.020096657797694206,
-0.03030567057430744
],
"l_thumb_tip": [
0.012246652506291866,
0.004210121463984251,
-0.03413531556725502
],
"l_index_mcp": [
-0.028237856924533844,
-0.00783625990152359,
0.0016605794662609696
],
"l_index_pip": [
-0.02095731534063816,
-0.036888353526592255,
-0.008332966826856136
],
"l_index_dip": [
-0.014229115098714828,
-0.057544805109500885,
-0.010300721041858196
],
"l_index_tip": [
-0.00978061929345131,
-0.08486925810575485,
-0.015144241973757744
],
"l_middle_mcp": [
-0.005083708092570305,
-0.006869162432849407,
0.0037684340495616198
],
"l_middle_pip": [
0.0031999368220567703,
-0.048949845135211945,
0.0034102380741387606
],
"l_middle_dip": [
-0.00017282739281654358,
-0.07696527987718582,
0.0070423842407763
],
"l_middle_tip": [
0.0026274211704730988,
-0.10973498225212097,
0.008606105111539364
],
"l_ring_mcp": [
0.01947418972849846,
0.0020753457210958004,
-0.00019701341807376593
],
"l_ring_pip": [
0.017607465386390686,
-0.026520924642682076,
-0.01480122935026884
],
"l_ring_dip": [
0.01446915976703167,
-0.05381226912140846,
-0.021575814113020897
],
"l_ring_tip": [
0.015528557822108269,
-0.08076752722263336,
-0.03353380411863327
],
"l_pinky_mcp": [
0.028715718537569046,
0.02318279817700386,
-0.0031781026627868414
],
"l_pinky_pip": [
0.027154289186000824,
0.012693995609879494,
-0.021958380937576294
],
"l_pinky_dip": [
0.014949124306440353,
0.0220000259578228,
-0.031064366921782494
],
"l_pinky_tip": [
0.007648507133126259,
0.041611116379499435,
-0.02863338217139244
],
"r_hand_position": null,
"r_wrist": null,
"r_thumb_cmc": null,
"r_thumb_mcp": null,
"r_thumb_ip": null,
"r_thumb_tip": null,
"r_index_mcp": null,
"r_index_pip": null,
"r_index_dip": null,
"r_index_tip": null,
"r_middle_mcp": null,
"r_middle_pip": null,
"r_middle_dip": null,
"r_middle_tip": null,
"r_ring_mcp": null,
"r_ring_pip": null,
"r_ring_dip": null,
"r_ring_tip": null,
"r_pinky_mcp": null,
"r_pinky_pip": null,
"r_pinky_dip": null,
"r_pinky_tip": null
}
],
"framerate": 30,
"mirrorable": true
}