{
"label": "w",
"gestures": [
{
"l_hand_position": [
0.7379348874092102,
0.7656499147415161,
-3.047797463295865e-07
],
"l_wrist": [
0.004893239587545395,
0.09490962326526642,
-0.0320669561624527
],
"l_thumb_cmc": [
-0.023005565628409386,
0.06615565717220306,
-0.040055155754089355
],
"l_thumb_mcp": [
-0.025154629722237587,
0.0347566194832325,
-0.04400423914194107
],
"l_thumb_ip": [
-0.01735132932662964,
0.003354334272444248,
-0.04304923862218857
],
"l_thumb_tip": [
0.004079658538103104,
-0.01658140867948532,
-0.031328339129686356
],
"l_index_mcp": [
-0.028381746262311935,
-0.003842385485768318,
-0.0008384617394767702
],
"l_index_pip": [
-0.03792025148868561,
-0.030911292880773544,
-0.006899762433022261
],
"l_index_dip": [
-0.03945561870932579,
-0.05265586078166962,
-0.0128215616568923
],
"l_index_tip": [
-0.046135805547237396,
-0.07599830627441406,
-0.03074166551232338
],
"l_middle_mcp": [
-0.006521092262119055,
-0.003795921802520752,
0.007785082329064608
],
"l_middle_pip": [
-0.005094919353723526,
-0.04067367687821388,
-0.0148940309882164
],
"l_middle_dip": [
-0.010409096255898476,
-0.030320357531309128,
-0.041797589510679245
],
"l_middle_tip": [
-0.010470723733305931,
-0.01746652089059353,
-0.049863122403621674
],
"l_ring_mcp": [
0.019373510032892227,
-0.0010222764685750008,
0.0012670924188569188
],
"l_ring_pip": [
0.01887321285903454,
-0.029924524948000908,
-0.010234128683805466
],
"l_ring_dip": [
0.020502660423517227,
-0.05231715366244316,
-0.025273920968174934
],
"l_ring_tip": [
0.026548277586698532,
-0.07176955789327621,
-0.039630673825740814
],
"l_pinky_mcp": [
0.030598636716604233,
0.01552828773856163,
-0.007876015268266201
],
"l_pinky_pip": [
0.026215147227048874,
-0.005920186638832092,
-0.023245960474014282
],
"l_pinky_dip": [
0.017992917448282242,
-0.0031899712048470974,
-0.04417147487401962
],
"l_pinky_tip": [
0.01001825463026762,
0.012056445702910423,
-0.04789968207478523
],
"r_hand_position": null,
"r_wrist": null,
"r_thumb_cmc": null,
"r_thumb_mcp": null,
"r_thumb_ip": null,
"r_thumb_tip": null,
"r_index_mcp": null,
"r_index_pip": null,
"r_index_dip": null,
"r_index_tip": null,
"r_middle_mcp": null,
"r_middle_pip": null,
"r_middle_dip": null,
"r_middle_tip": null,
"r_ring_mcp": null,
"r_ring_pip": null,
"r_ring_dip": null,
"r_ring_tip": null,
"r_pinky_mcp": null,
"r_pinky_pip": null,
"r_pinky_dip": null,
"r_pinky_tip": null
}
],
"framerate": 30,
"mirrorable": true
}