{
"label": "w",
"gestures": [
{
"l_hand_position": [
0.7115670442581177,
0.7777559161186218,
2.383219177559681e-09
],
"l_wrist": [
-0.006865035742521286,
0.09254004806280136,
0.017020339146256447
],
"l_thumb_cmc": [
-0.03580983728170395,
0.07431977242231369,
0.0003340783005114645
],
"l_thumb_mcp": [
-0.030919887125492096,
0.04891404137015343,
-0.020584341138601303
],
"l_thumb_ip": [
-0.012265807017683983,
0.023402733728289604,
-0.03590096905827522
],
"l_thumb_tip": [
0.014613688923418522,
0.006783199496567249,
-0.03765028342604637
],
"l_index_mcp": [
-0.028666699305176735,
-0.005369930528104305,
-0.0020412211306393147
],
"l_index_pip": [
-0.03459923341870308,
-0.03318232297897339,
-0.01215848233550787
],
"l_index_dip": [
-0.03721022978425026,
-0.05557176470756531,
-0.014954098500311375
],
"l_index_tip": [
-0.04036783054471016,
-0.07481805980205536,
-0.024775376543402672
],
"l_middle_mcp": [
-0.006225417368113995,
-0.007021082099527121,
0.003834041301161051
],
"l_middle_pip": [
0.0034410040825605392,
-0.05081504210829735,
0.0032064139377325773
],
"l_middle_dip": [
0.0032639652490615845,
-0.07684069126844406,
0.0051915328949689865
],
"l_middle_tip": [
0.003517657518386841,
-0.10661882907152176,
0.008174670860171318
],
"l_ring_mcp": [
0.020682547241449356,
0.0005101514980196953,
0.001649178913794458
],
"l_ring_pip": [
0.021533166989684105,
-0.027934374287724495,
-0.012082308530807495
],
"l_ring_dip": [
0.020340366289019585,
-0.05511009693145752,
-0.014421740546822548
],
"l_ring_tip": [
0.017440469935536385,
-0.08140765130519867,
-0.019867045804858208
],
"l_pinky_mcp": [
0.031804002821445465,
0.020077336579561234,
0.0015877126716077328
],
"l_pinky_pip": [
0.03191389888525009,
0.015147865749895573,
-0.01661607436835766
],
"l_pinky_dip": [
0.02212010696530342,
0.026951655745506287,
-0.02286314032971859
],
"l_pinky_tip": [
0.013491751626133919,
0.04752425104379654,
-0.01872718706727028
],
"r_hand_position": null,
"r_wrist": null,
"r_thumb_cmc": null,
"r_thumb_mcp": null,
"r_thumb_ip": null,
"r_thumb_tip": null,
"r_index_mcp": null,
"r_index_pip": null,
"r_index_dip": null,
"r_index_tip": null,
"r_middle_mcp": null,
"r_middle_pip": null,
"r_middle_dip": null,
"r_middle_tip": null,
"r_ring_mcp": null,
"r_ring_pip": null,
"r_ring_dip": null,
"r_ring_tip": null,
"r_pinky_mcp": null,
"r_pinky_pip": null,
"r_pinky_dip": null,
"r_pinky_tip": null
}
],
"framerate": 30,
"mirrorable": true
}