{
"label": "w",
"gestures": [
{
"l_hand_position": [
0.7207149267196655,
0.7751189470291138,
9.558529256992188e-08
],
"l_wrist": [
-0.005483157932758331,
0.09477247297763824,
0.02868879772722721
],
"l_thumb_cmc": [
-0.030299313366413116,
0.06831769645214081,
0.005939831491559744
],
"l_thumb_mcp": [
-0.030320702120661736,
0.04656090587377548,
-0.013754896819591522
],
"l_thumb_ip": [
-0.011959070339798927,
0.024680161848664284,
-0.035713471472263336
],
"l_thumb_tip": [
0.011592695489525795,
0.006823941133916378,
-0.0419817790389061
],
"l_index_mcp": [
-0.0290842242538929,
-0.006334414705634117,
-0.0023237557616084814
],
"l_index_pip": [
-0.03257213160395622,
-0.033508092164993286,
-0.010868670418858528
],
"l_index_dip": [
-0.030195996165275574,
-0.04978355020284653,
-0.019410647451877594
],
"l_index_tip": [
-0.034254290163517,
-0.04900931194424629,
-0.040142517536878586
],
"l_middle_mcp": [
-0.0057297940365970135,
-0.005633817054331303,
0.003354804590344429
],
"l_middle_pip": [
0.0052328333258628845,
-0.04742666706442833,
0.0025298665277659893
],
"l_middle_dip": [
0.005929604172706604,
-0.06478230655193329,
-0.019217267632484436
],
"l_middle_tip": [
-0.0030871424823999405,
-0.06369108706712723,
-0.03802713006734848
],
"l_ring_mcp": [
0.020179037004709244,
0.0011475412175059319,
0.0024160542525351048
],
"l_ring_pip": [
0.029169144108891487,
-0.02800106257200241,
-0.01148999948054552
],
"l_ring_dip": [
0.02779819443821907,
-0.037125229835510254,
-0.03836211934685707
],
"l_ring_tip": [
0.0165708027780056,
-0.0330754853785038,
-0.06330292671918869
],
"l_pinky_mcp": [
0.03253397345542908,
0.01810421049594879,
0.0010745227336883545
],
"l_pinky_pip": [
0.04268309101462364,
0.001748938113451004,
-0.009643418714404106
],
"l_pinky_dip": [
0.04089828580617905,
0.0006908122450113297,
-0.028896335512399673
],
"l_pinky_tip": [
0.02393714338541031,
0.014462004415690899,
-0.048310451209545135
],
"r_hand_position": null,
"r_wrist": null,
"r_thumb_cmc": null,
"r_thumb_mcp": null,
"r_thumb_ip": null,
"r_thumb_tip": null,
"r_index_mcp": null,
"r_index_pip": null,
"r_index_dip": null,
"r_index_tip": null,
"r_middle_mcp": null,
"r_middle_pip": null,
"r_middle_dip": null,
"r_middle_tip": null,
"r_ring_mcp": null,
"r_ring_pip": null,
"r_ring_dip": null,
"r_ring_tip": null,
"r_pinky_mcp": null,
"r_pinky_pip": null,
"r_pinky_dip": null,
"r_pinky_tip": null
}
],
"framerate": 30,
"mirrorable": true
}