{
"label": "h",
"gestures": [
{
"l_hand_position": [
0.17987990379333496,
-0.07895845174789429,
-0.5237902998924255
],
"l_wrist": [
0.10694227861854602,
0.9878918231829164,
0.11239704058473592
],
"l_thumb_cmc": [
-0.09156150092962902,
0.681606859586936,
0.021252438078361382
],
"l_thumb_mcp": [
-0.19193080485051103,
0.30924070424234,
-0.05560682455395684
],
"l_thumb_ip": [
-0.1460605035543758,
-0.03476529419639526,
-0.1335946159851881
],
"l_thumb_tip": [
0.0049041752435550505,
-0.1966492606813113,
-0.20424925387528567
],
"l_index_mcp": [
-0.14367079174749622,
0.02563998000289657,
-0.016321052617585055
],
"l_index_pip": [
-0.2340106841668443,
-0.44196911657905136,
-0.11123485758899493
],
"l_index_dip": [
-0.27037451702359216,
-0.7177896195363278,
-0.16130118206536181
],
"l_index_tip": [
-0.28261594670130324,
-0.9164953108645562,
-0.1956985927168935
],
"l_middle_mcp": [
0.0,
0.0,
0.0
],
"l_middle_pip": [
-0.041883881270423765,
-0.3634910484266585,
-0.05786617020368379
],
"l_middle_dip": [
-0.11121931643646817,
-0.10328491565698006,
-0.015445591159109345
],
"l_middle_tip": [
-0.09919697652846632,
-0.0543111711640835,
0.021595927469881693
],
"l_ring_mcp": [
0.15496292629192998,
0.01791776963661655,
0.0039293595313832875
],
"l_ring_pip": [
0.13955201671951825,
-0.3001748089966674,
-0.04340812864559458
],
"l_ring_dip": [
0.0512678509311177,
-0.027360172622779205,
0.043498330691687105
],
"l_ring_tip": [
0.012105132186015355,
0.18321917044069208,
0.11346957416129974
],
"l_pinky_mcp": [
0.30742997516877935,
0.0916952639638345,
-0.008731584462354745
],
"l_pinky_pip": [
0.4002274465344671,
-0.24636109551663438,
-0.0696856655104727
],
"l_pinky_dip": [
0.45559830253584593,
-0.49117053983648506,
-0.07495886832484178
],
"l_pinky_tip": [
0.5090998553350015,
-0.6991317883125701,
-0.07169584230819345
],
"r_hand_position": null,
"r_wrist": null,
"r_thumb_cmc": null,
"r_thumb_mcp": null,
"r_thumb_ip": null,
"r_thumb_tip": null,
"r_index_mcp": null,
"r_index_pip": null,
"r_index_dip": null,
"r_index_tip": null,
"r_middle_mcp": null,
"r_middle_pip": null,
"r_middle_dip": null,
"r_middle_tip": null,
"r_ring_mcp": null,
"r_ring_pip": null,
"r_ring_dip": null,
"r_ring_tip": null,
"r_pinky_mcp": null,
"r_pinky_pip": null,
"r_pinky_dip": null,
"r_pinky_tip": null,
"l_hand_velocity": null,
"r_hand_velocity": null,
"m_nose_point": null,
"m_top_nose": null,
"m_eyebrows": null,
"m_forehead": null,
"m_top_chin": null,
"m_bot_up_lip": null,
"m_top_low_lip": null,
"m_bot_nose": null,
"m_chin": null,
"m_nose": null,
"l_eye_exterior": null,
"l_temple": null,
"l_mid_chin": null,
"l_up_lip": null,
"l_ext_nostril": null,
"l_mid_cheek": null,
"l_mid_eyebrow": null,
"l_ext_eyebrow": null,
"l_ext_lips": null,
"l_jaw_angle": null,
"l_mid_ext_face": null,
"l_int_eyebrow": null,
"l_mid_jaw": null,
"l_mid_bot_eyelid": null,
"l_ext_mouth": null,
"l_top_eyelid": null,
"l_eye_int": null,
"l_pupil": null,
"r_eye_exterior": null,
"r_temple": null,
"r_mid_chin": null,
"r_up_lip": null,
"r_ext_nostril": null,
"r_mid_cheek": null,
"r_mid_eyebrow": null,
"r_ext_eyebrow": null,
"r_ext_lips": null,
"r_jaw_angle": null,
"r_mid_ext_face": null,
"r_int_eyebrow": null,
"r_mid_jaw": null,
"r_mid_bot_eyelid": null,
"r_ext_mouth": null,
"r_top_eyelid": null,
"r_eye_int": null,
"r_pupil": null,
"l_shoulder": null,
"l_elbow": null,
"l_hip": null,
"l_knee": null,
"l_ankle": null,
"l_body_wrist": null,
"r_shoulder": null,
"r_elbow": null,
"r_hip": null,
"r_knee": null,
"r_ankle": null,
"r_body_wrist": null,
"m_face_position": null,
"m_body_position": null,
"m_face_scale": null,
"m_body_scale": null,
"l_hand_scale": [
0.21165942023127374,
0.21165942023127374,
0.21165942023127374
],
"r_hand_scale": null
}
],
"framerate": 30,
"mirrorable": true,
"invalid": false
}