{
"label": "h",
"gestures": [
{
"l_hand_position": null,
"l_wrist": null,
"l_thumb_cmc": null,
"l_thumb_mcp": null,
"l_thumb_ip": null,
"l_thumb_tip": null,
"l_index_mcp": null,
"l_index_pip": null,
"l_index_dip": null,
"l_index_tip": null,
"l_middle_mcp": null,
"l_middle_pip": null,
"l_middle_dip": null,
"l_middle_tip": null,
"l_ring_mcp": null,
"l_ring_pip": null,
"l_ring_dip": null,
"l_ring_tip": null,
"l_pinky_mcp": null,
"l_pinky_pip": null,
"l_pinky_dip": null,
"l_pinky_tip": null,
"r_hand_position": [
-0.2557680904865265,
-0.09346792101860046,
-0.512597213499248
],
"r_wrist": [
-0.01929941562254635,
0.9976570234767833,
0.06563532634239996
],
"r_thumb_cmc": [
0.17351073404144127,
0.7569618447652189,
-0.008103727577797008
],
"r_thumb_mcp": [
0.26414677615171894,
0.3301683304092741,
-0.03826096666555993
],
"r_thumb_ip": [
0.2074642148282106,
-0.010780765865104822,
-0.07062164550704715
],
"r_thumb_tip": [
0.0261117733118208,
-0.14270803565037457,
-0.09581714184161981
],
"r_index_mcp": [
0.15157218295995442,
-0.00801057425604983,
0.024953395718402934
],
"r_index_pip": [
0.1802831071825469,
-0.4870622626307494,
-0.021517825319365406
],
"r_index_dip": [
0.20318749861203386,
-0.7188861511619932,
-0.04196939763839365
],
"r_index_tip": [
0.20276358476154507,
-0.9096139987252281,
-0.06502975792070126
],
"r_middle_mcp": [
0.0,
0.0,
0.0
],
"r_middle_pip": [
-0.009529210687471232,
-0.4091647540877607,
-0.13137399330497118
],
"r_middle_dip": [
0.06023256808170429,
-0.18636370882038236,
-0.1894430673611703
],
"r_middle_tip": [
0.09680499795358131,
0.012788999501870978,
-0.20205947336677085
],
"r_ring_mcp": [
-0.14485633166558062,
0.05708489128197594,
-0.03304435153275573
],
"r_ring_pip": [
-0.1613843910805816,
-0.2599750290794728,
-0.16717588599568045
],
"r_ring_dip": [
-0.03423733225881823,
-0.03455270553000605,
-0.19654360494688283
],
"r_ring_tip": [
0.038686098491969884,
0.15965511760220488,
-0.18941581575649605
],
"r_pinky_mcp": [
-0.2749136444748389,
0.14545912784418777,
-0.07198656464272926
],
"r_pinky_pip": [
-0.35341635603331484,
-0.14636021651612421,
-0.15343911683238468
],
"r_pinky_dip": [
-0.3691080008125437,
-0.3443744133542076,
-0.19007565785115568
],
"r_pinky_tip": [
-0.40306505303468343,
-0.5451699819468534,
-0.2163877226933425
],
"l_hand_velocity": null,
"r_hand_velocity": null,
"m_nose_point": null,
"m_top_nose": null,
"m_eyebrows": null,
"m_forehead": null,
"m_top_chin": null,
"m_bot_up_lip": null,
"m_top_low_lip": null,
"m_bot_nose": null,
"m_chin": null,
"m_nose": null,
"l_eye_exterior": null,
"l_temple": null,
"l_mid_chin": null,
"l_up_lip": null,
"l_ext_nostril": null,
"l_mid_cheek": null,
"l_mid_eyebrow": null,
"l_ext_eyebrow": null,
"l_ext_lips": null,
"l_jaw_angle": null,
"l_mid_ext_face": null,
"l_int_eyebrow": null,
"l_mid_jaw": null,
"l_mid_bot_eyelid": null,
"l_ext_mouth": null,
"l_top_eyelid": null,
"l_eye_int": null,
"l_pupil": null,
"r_eye_exterior": null,
"r_temple": null,
"r_mid_chin": null,
"r_up_lip": null,
"r_ext_nostril": null,
"r_mid_cheek": null,
"r_mid_eyebrow": null,
"r_ext_eyebrow": null,
"r_ext_lips": null,
"r_jaw_angle": null,
"r_mid_ext_face": null,
"r_int_eyebrow": null,
"r_mid_jaw": null,
"r_mid_bot_eyelid": null,
"r_ext_mouth": null,
"r_top_eyelid": null,
"r_eye_int": null,
"r_pupil": null,
"l_shoulder": null,
"l_elbow": null,
"l_hip": null,
"l_knee": null,
"l_ankle": null,
"l_body_wrist": null,
"r_shoulder": null,
"r_elbow": null,
"r_hip": null,
"r_knee": null,
"r_ankle": null,
"r_body_wrist": null,
"m_face_position": null,
"m_body_position": null,
"m_face_scale": null,
"m_body_scale": null,
"l_hand_scale": null,
"r_hand_scale": [
0.19192659080281324,
0.19192659080281324,
0.19192659080281324
]
}
],
"framerate": 30,
"mirrorable": true,
"invalid": false
}