{
"label": "h",
"gestures": [
{
"l_hand_position": [
0.11083239316940308,
-0.03221917152404785,
-0.5143178841099143
],
"l_wrist": [
0.17787133003059608,
0.9813209781549608,
0.07328661396283638
],
"l_thumb_cmc": [
-0.036618539973160245,
0.7926426268375447,
-0.05626799504749814
],
"l_thumb_mcp": [
-0.20086042892346415,
0.4341721259620152,
-0.1296176544883372
],
"l_thumb_ip": [
-0.20214426229184929,
0.11790856235259049,
-0.20108831945257408
],
"l_thumb_tip": [
-0.04142467758061537,
-0.047599006903974284,
-0.25554001196674636
],
"l_index_mcp": [
-0.15720978930488824,
0.012166517838513,
-0.009423398514693438
],
"l_index_pip": [
-0.260062598553137,
-0.3905548940796176,
-0.11804187390256558
],
"l_index_dip": [
-0.3387056298907161,
-0.6209784236795236,
-0.17269414631220548
],
"l_index_tip": [
-0.3852394029054992,
-0.830944367545824,
-0.20416917249286368
],
"l_middle_mcp": [
0.0,
0.0,
0.0
],
"l_middle_pip": [
-0.05678033757685886,
-0.2895672738279521,
-0.1675750018615047
],
"l_middle_dip": [
-0.09340558960660286,
-0.020053336871174627,
-0.20978136707733247
],
"l_middle_tip": [
-0.0923954250907466,
0.15993381645071209,
-0.19303135359918258
],
"l_ring_mcp": [
0.15803506717120996,
0.05584949736608341,
-0.008482814380865997
],
"l_ring_pip": [
0.11185398222055552,
-0.14547589402254685,
-0.17817047895588078
],
"l_ring_dip": [
0.02724545804741682,
0.1330361649717266,
-0.16514857433813196
],
"l_ring_tip": [
-0.009078666716501113,
0.3217662296341857,
-0.09679933984716835
],
"l_pinky_mcp": [
0.3080931601860991,
0.14141830327092178,
-0.027763997788111977
],
"l_pinky_pip": [
0.34796247120016804,
-0.17825956148527053,
-0.12835401449473105
],
"l_pinky_dip": [
0.36827925629225533,
-0.3999891472483175,
-0.1378470935002518
],
"l_pinky_tip": [
0.38597162726009143,
-0.6148780795253267,
-0.11625906014587391
],
"r_hand_position": null,
"r_wrist": null,
"r_thumb_cmc": null,
"r_thumb_mcp": null,
"r_thumb_ip": null,
"r_thumb_tip": null,
"r_index_mcp": null,
"r_index_pip": null,
"r_index_dip": null,
"r_index_tip": null,
"r_middle_mcp": null,
"r_middle_pip": null,
"r_middle_dip": null,
"r_middle_tip": null,
"r_ring_mcp": null,
"r_ring_pip": null,
"r_ring_dip": null,
"r_ring_tip": null,
"r_pinky_mcp": null,
"r_pinky_pip": null,
"r_pinky_dip": null,
"r_pinky_tip": null,
"l_hand_velocity": null,
"r_hand_velocity": null,
"m_nose_point": null,
"m_top_nose": null,
"m_eyebrows": null,
"m_forehead": null,
"m_top_chin": null,
"m_bot_up_lip": null,
"m_top_low_lip": null,
"m_bot_nose": null,
"m_chin": null,
"m_nose": null,
"l_eye_exterior": null,
"l_temple": null,
"l_mid_chin": null,
"l_up_lip": null,
"l_ext_nostril": null,
"l_mid_cheek": null,
"l_mid_eyebrow": null,
"l_ext_eyebrow": null,
"l_ext_lips": null,
"l_jaw_angle": null,
"l_mid_ext_face": null,
"l_int_eyebrow": null,
"l_mid_jaw": null,
"l_mid_bot_eyelid": null,
"l_ext_mouth": null,
"l_top_eyelid": null,
"l_eye_int": null,
"l_pupil": null,
"r_eye_exterior": null,
"r_temple": null,
"r_mid_chin": null,
"r_up_lip": null,
"r_ext_nostril": null,
"r_mid_cheek": null,
"r_mid_eyebrow": null,
"r_ext_eyebrow": null,
"r_ext_lips": null,
"r_jaw_angle": null,
"r_mid_ext_face": null,
"r_int_eyebrow": null,
"r_mid_jaw": null,
"r_mid_bot_eyelid": null,
"r_ext_mouth": null,
"r_top_eyelid": null,
"r_eye_int": null,
"r_pupil": null,
"l_shoulder": null,
"l_elbow": null,
"l_hip": null,
"l_knee": null,
"l_ankle": null,
"l_body_wrist": null,
"r_shoulder": null,
"r_elbow": null,
"r_hip": null,
"r_knee": null,
"r_ankle": null,
"r_body_wrist": null,
"m_face_position": null,
"m_body_position": null,
"m_face_scale": null,
"m_body_scale": null,
"l_hand_scale": [
0.19536518631723268,
0.19536518631723268,
0.19536518631723268
],
"r_hand_scale": null
}
],
"framerate": 30,
"mirrorable": true,
"invalid": false
}