{
"label": "h",
"gestures": [
{
"l_hand_position": null,
"l_wrist": null,
"l_thumb_cmc": null,
"l_thumb_mcp": null,
"l_thumb_ip": null,
"l_thumb_tip": null,
"l_index_mcp": null,
"l_index_pip": null,
"l_index_dip": null,
"l_index_tip": null,
"l_middle_mcp": null,
"l_middle_pip": null,
"l_middle_dip": null,
"l_middle_tip": null,
"l_ring_mcp": null,
"l_ring_pip": null,
"l_ring_dip": null,
"l_ring_tip": null,
"l_pinky_mcp": null,
"l_pinky_pip": null,
"l_pinky_dip": null,
"l_pinky_tip": null,
"r_hand_position": [
-0.29479217529296875,
0.1992584466934204,
-0.5193740725517273
],
"r_wrist": [
0.4622387226018459,
0.8723826817887925,
0.15900886718170223
],
"r_thumb_cmc": [
0.47431839124054875,
0.4953172903678577,
0.0008520384465968395
],
"r_thumb_mcp": [
0.3153582095507571,
0.1514334420601362,
-0.08169433598138061
],
"r_thumb_ip": [
0.01688074132883325,
0.02844272036574989,
-0.14701409360094728
],
"r_thumb_tip": [
-0.20162144937263785,
0.02281845639056798,
-0.19913484544967114
],
"r_index_mcp": [
0.1573306763143606,
-0.19099505395340716,
-0.007208870509352454
],
"r_index_pip": [
-0.06621424893718171,
-0.5752374112593462,
-0.10970200996490653
],
"r_index_dip": [
-0.21580685379295073,
-0.8210324717156543,
-0.1700272186481756
],
"r_index_tip": [
-0.3530469420294865,
-0.9948186574322215,
-0.22255228937795432
],
"r_middle_mcp": [
0.0,
0.0,
0.0
],
"r_middle_pip": [
-0.22785154505718846,
-0.18305641293494562,
-0.14790757595583737
],
"r_middle_dip": [
-0.034878068073283856,
0.008658245463750942,
-0.18006734557495113
],
"r_middle_tip": [
0.09043387938106054,
0.07624480600538418,
-0.17653845258247744
],
"r_ring_mcp": [
-0.09264124522623882,
0.23668284291558328,
-0.01153319302462738
],
"r_ring_pip": [
-0.3010487944391588,
0.13611237365631587,
-0.1789955519893962
],
"r_ring_dip": [
-0.06413872088806429,
0.2372659622213515,
-0.19210992718985487
],
"r_ring_tip": [
0.08321496510640057,
0.27471865857169736,
-0.1707265826897099
],
"r_pinky_mcp": [
-0.16985428855204385,
0.4946862300453401,
-0.03488153829356514
],
"r_pinky_pip": [
-0.4687007313850211,
0.3908870800662153,
-0.1752599133621907
],
"r_pinky_dip": [
-0.6309375348114196,
0.33645494748775867,
-0.21732720774631845
],
"r_pinky_tip": [
-0.816510239633148,
0.24086887638828328,
-0.23578000472451635
],
"l_hand_velocity": null,
"r_hand_velocity": null,
"m_nose_point": null,
"m_top_nose": null,
"m_eyebrows": null,
"m_forehead": null,
"m_top_chin": null,
"m_bot_up_lip": null,
"m_top_low_lip": null,
"m_bot_nose": null,
"m_chin": null,
"m_nose": null,
"l_eye_exterior": null,
"l_temple": null,
"l_mid_chin": null,
"l_up_lip": null,
"l_ext_nostril": null,
"l_mid_cheek": null,
"l_mid_eyebrow": null,
"l_ext_eyebrow": null,
"l_ext_lips": null,
"l_jaw_angle": null,
"l_mid_ext_face": null,
"l_int_eyebrow": null,
"l_mid_jaw": null,
"l_mid_bot_eyelid": null,
"l_ext_mouth": null,
"l_top_eyelid": null,
"l_eye_int": null,
"l_pupil": null,
"r_eye_exterior": null,
"r_temple": null,
"r_mid_chin": null,
"r_up_lip": null,
"r_ext_nostril": null,
"r_mid_cheek": null,
"r_mid_eyebrow": null,
"r_ext_eyebrow": null,
"r_ext_lips": null,
"r_jaw_angle": null,
"r_mid_ext_face": null,
"r_int_eyebrow": null,
"r_mid_jaw": null,
"r_mid_bot_eyelid": null,
"r_ext_mouth": null,
"r_top_eyelid": null,
"r_eye_int": null,
"r_pupil": null,
"l_shoulder": null,
"l_elbow": null,
"l_hip": null,
"l_knee": null,
"l_ankle": null,
"l_body_wrist": null,
"r_shoulder": null,
"r_elbow": null,
"r_hip": null,
"r_knee": null,
"r_ankle": null,
"r_body_wrist": null,
"m_face_position": null,
"m_body_position": null,
"m_face_scale": null,
"m_body_scale": null,
"l_hand_scale": null,
"r_hand_scale": [
0.12184253868711806,
0.12184253868711806,
0.12184253868711806
]
}
],
"framerate": 30,
"mirrorable": true,
"invalid": false
}