{
"label": "i",
"gestures": [
{
"l_hand_position": null,
"l_wrist": null,
"l_thumb_cmc": null,
"l_thumb_mcp": null,
"l_thumb_ip": null,
"l_thumb_tip": null,
"l_index_mcp": null,
"l_index_pip": null,
"l_index_dip": null,
"l_index_tip": null,
"l_middle_mcp": null,
"l_middle_pip": null,
"l_middle_dip": null,
"l_middle_tip": null,
"l_ring_mcp": null,
"l_ring_pip": null,
"l_ring_dip": null,
"l_ring_tip": null,
"l_pinky_mcp": null,
"l_pinky_pip": null,
"l_pinky_dip": null,
"l_pinky_tip": null,
"r_hand_position": null,
"r_wrist": [
-0.05551774054765701,
0.07394092530012197,
-0.003128556068986677
],
"r_thumb_cmc": [
-0.015565792098641396,
0.07235271483659807,
-0.018231568858027736
],
"r_thumb_mcp": [
0.014881161972880363,
0.05610769614577351,
-0.02368392422795314
],
"r_thumb_ip": [
0.02787352353334427,
0.020639628171920946,
-0.028149053454399435
],
"r_thumb_tip": [
0.009180978871881962,
-0.00942456349730502,
-0.02169311232864884
],
"r_index_mcp": [
0.029946785420179367,
0.014072223566472718,
-0.002087961882352867
],
"r_index_pip": [
0.03199669346213341,
-0.0006533712148666443,
-0.028837265446782386
],
"r_index_dip": [
0.018927421420812607,
0.00995792169123893,
-0.03804071992635768
],
"r_index_tip": [
0.006643272470682859,
0.02827825397253059,
-0.02953289449214961
],
"r_middle_mcp": [
0.004595013801008463,
-0.00452736625447873,
0.006161138880997961
],
"r_middle_pip": [
0.013955377042293549,
-0.017281886190176166,
-0.027469636872411073
],
"r_middle_dip": [
8.629588410258293e-05,
0.0064199231564999095,
-0.037644829601049756
],
"r_middle_tip": [
0.00391702726483345,
0.025925306603312784,
-0.014446937479078964
],
"r_ring_mcp": [
-0.018214629963040352,
-0.010714877396822116,
0.0028832622338086883
],
"r_ring_pip": [
-0.01130705140531063,
-0.0250962655991318,
-0.02774773724377181
],
"r_ring_dip": [
-0.014237290248274803,
-0.0017339009791613202,
-0.038485638797283596
],
"r_ring_tip": [
-0.012991049326956272,
0.024346256628632875,
-0.03290870040655174
],
"r_pinky_mcp": [
-0.04489170014858246,
-0.009068563580513098,
-0.004372304771095558
],
"r_pinky_pip": [
-0.03969995677471161,
-0.034589648246765504,
-0.006071909330785336
],
"r_pinky_dip": [
-0.0288911834359169,
-0.05605169385671691,
-0.015412261709571044
],
"r_pinky_tip": [
-0.022392496466636658,
-0.06873474270105405,
-0.029554678127169862
]
}
],
"framerate": 30,
"mirrorable": true
}