{
"label": "i",
"gestures": [
{
"l_hand_position": null,
"l_wrist": null,
"l_thumb_cmc": null,
"l_thumb_mcp": null,
"l_thumb_ip": null,
"l_thumb_tip": null,
"l_index_mcp": null,
"l_index_pip": null,
"l_index_dip": null,
"l_index_tip": null,
"l_middle_mcp": null,
"l_middle_pip": null,
"l_middle_dip": null,
"l_middle_tip": null,
"l_ring_mcp": null,
"l_ring_pip": null,
"l_ring_dip": null,
"l_ring_tip": null,
"l_pinky_mcp": null,
"l_pinky_pip": null,
"l_pinky_dip": null,
"l_pinky_tip": null,
"r_hand_position": null,
"r_wrist": [
-0.03413006663322449,
0.08417841792106706,
-0.05089437216520369
],
"r_thumb_cmc": [
0.0040665846318006516,
0.06395563483238281,
-0.058019835501909894
],
"r_thumb_mcp": [
0.023290706798434258,
0.028211889788508658,
-0.05749633908271852
],
"r_thumb_ip": [
0.021433332934975624,
-0.015177079476416323,
-0.050842408090830384
],
"r_thumb_tip": [
0.004602660425007343,
-0.035193726420402846,
-0.032401602715254135
],
"r_index_mcp": [
0.030008863657712936,
0.004840190522372774,
-0.003842172212898778
],
"r_index_pip": [
0.03761524334549904,
-0.01953413709998156,
-0.01784406788647196
],
"r_index_dip": [
0.0370030403137207,
-0.017056934535503585,
-0.0325304046273234
],
"r_index_tip": [
0.03159067779779434,
0.0014616381376981323,
-0.03932744264602702
],
"r_middle_mcp": [
0.0025903573259711266,
-0.0043015806004405525,
0.009108643047511729
],
"r_middle_pip": [
0.015206526964902878,
-0.029468504711985966,
-0.01710219681262991
],
"r_middle_dip": [
0.010996555909514427,
-0.013182701542973593,
-0.03452691808342962
],
"r_middle_tip": [
0.016493048518896103,
0.0017495369538664538,
-0.03573402389884032
],
"r_ring_mcp": [
-0.019885621964931488,
-0.0029168240725994457,
0.0038053514435887883
],
"r_ring_pip": [
-0.010229559615254402,
-0.02565544843673728,
-0.015761973336339153
],
"r_ring_dip": [
-0.005453672260046005,
-0.018861697986722294,
-0.02702581137418781
],
"r_ring_tip": [
-0.00037395674735307693,
-0.004401688929647266,
-0.0351047441363338
],
"r_pinky_mcp": [
-0.04455450922250748,
0.0026485137641430157,
-0.005619316827505893
],
"r_pinky_pip": [
-0.03862026706337929,
-0.02599488012492686,
-0.0047252429649234096
],
"r_pinky_dip": [
-0.031327024102211,
-0.047540541738272206,
-0.011627748608589237
],
"r_pinky_tip": [
-0.024635054171085358,
-0.06384795904159639,
-0.020196713507175737
]
}
],
"framerate": 30,
"mirrorable": true
}