{
    "label": "I",
    "label_id": 9,
    "gestures": [
        {
            "wrist": [
                0.019544729962944984,
                0.08865239471197128,
                -0.031728971749544144
            ],
            "thumb_cmc": [
                -0.008961805142462254,
                0.0661429688334465,
                -0.03980209678411484
            ],
            "thumb_mcp": [
                -0.013449430465698242,
                0.032932430505752563,
                -0.042417507618665695
            ],
            "thumb_ip": [
                -0.007124911993741989,
                -0.0027892289217561483,
                -0.03904849663376808
            ],
            "thumb_tip": [
                0.014844270423054695,
                -0.025292987003922462,
                -0.02465900219976902
            ],
            "index_mcp": [
                -0.03030737303197384,
                0.0033694999292492867,
                -0.001128203934058547
            ],
            "index_pip": [
                -0.03144998103380203,
                -0.018640343099832535,
                -0.016527360305190086
            ],
            "index_dip": [
                -0.02624029479920864,
                -0.010707776993513107,
                -0.028957661241292953
            ],
            "index_tip": [
                -0.029094964265823364,
                0.013150393962860107,
                -0.03015539050102234
            ],
            "middle_mcp": [
                -0.006992158014327288,
                -0.0017571710050106049,
                0.007404987700283527
            ],
            "middle_pip": [
                -0.005885714665055275,
                -0.03194357082247734,
                -0.016703680157661438
            ],
            "middle_dip": [
                -0.007718753069639206,
                -0.015310467220842838,
                -0.03396132215857506
            ],
            "middle_tip": [
                -0.010715816169977188,
                0.0037598651833832264,
                -0.03019581362605095
            ],
            "ring_mcp": [
                0.018653905019164085,
                -0.0039052108768373728,
                0.0022125309333205223
            ],
            "ring_pip": [
                0.020238587632775307,
                -0.024688027799129486,
                -0.020503468811511993
            ],
            "ring_dip": [
                0.015812724828720093,
                -0.012075037695467472,
                -0.03845271095633507
            ],
            "ring_tip": [
                0.011194877326488495,
                0.005577153526246548,
                -0.04072026163339615
            ],
            "pinky_mcp": [
                0.034652724862098694,
                0.00621028570458293,
                -0.008053800091147423
            ],
            "pinky_pip": [
                0.042340245097875595,
                -0.01808740943670273,
                -0.010177697986364365
            ],
            "pinky_dip": [
                0.047136832028627396,
                -0.03770877420902252,
                -0.0169143695384264
            ],
            "pinky_tip": [
                0.050648320466279984,
                -0.057425178587436676,
                -0.021712996065616608
            ]
        }
    ]
}