{
"label": "i",
"gestures": [
{
"l_hand_position": null,
"l_wrist": [
0.022392496466636658,
0.08417778462171638,
-0.019598046317696745
],
"l_thumb_cmc": [
-0.007717507425695658,
0.06584004312753727,
-0.030477572232485112
],
"l_thumb_mcp": [
-0.01657846011221409,
0.033273883163929256,
-0.03593730553984666
],
"l_thumb_ip": [
-0.016172438859939575,
5.916377995155266e-05,
-0.04195298999548002
],
"l_thumb_tip": [
0.007336113601922989,
-0.020356712862849503,
-0.03935667872428943
],
"l_index_mcp": [
-0.02861054800450802,
0.005336786154657644,
0.00022386453929356992
],
"l_index_pip": [
-0.0333094447851181,
-0.010491572320461452,
-0.02252829074859647
],
"l_index_dip": [
-0.027293412014842033,
0.0010940760839730306,
-0.03062147647142436
],
"l_index_tip": [
-0.022824745625257492,
0.017486635595560258,
-0.02047530375421072
],
"l_middle_mcp": [
-0.006271702703088522,
-0.0024442884605377986,
0.006434896960854599
],
"l_middle_pip": [
-0.010664364323019981,
-0.02420024387538455,
-0.022100960835814618
],
"l_middle_dip": [
-0.013641190715134144,
-0.004626844078302437,
-0.036185484379530244
],
"l_middle_tip": [
-0.010761739686131477,
0.008559183217585186,
-0.022166594862938163
],
"l_ring_mcp": [
0.017982633784413338,
-0.0048372223973274595,
0.00043122755596415016
],
"l_ring_pip": [
0.010673776268959045,
-0.020218046382069855,
-0.02570392563939123
],
"l_ring_dip": [
0.006067166570574045,
0.0007556192576884911,
-0.03949120640754733
],
"l_ring_tip": [
0.005536125972867012,
0.018430246040225248,
-0.029582807794213628
],
"l_pinky_mcp": [
0.03194756805896759,
0.002954099792987132,
-0.007208730559796158
],
"l_pinky_pip": [
0.03686569631099701,
-0.02056143805384658,
-0.008358405902981815
],
"l_pinky_dip": [
0.04009275138378143,
-0.04097910225391447,
-0.01240059919655332
],
"l_pinky_tip": [
0.04145094007253647,
-0.06521145999431689,
-0.020047388970852117
],
"r_hand_position": null,
"r_wrist": null,
"r_thumb_cmc": null,
"r_thumb_mcp": null,
"r_thumb_ip": null,
"r_thumb_tip": null,
"r_index_mcp": null,
"r_index_pip": null,
"r_index_dip": null,
"r_index_tip": null,
"r_middle_mcp": null,
"r_middle_pip": null,
"r_middle_dip": null,
"r_middle_tip": null,
"r_ring_mcp": null,
"r_ring_pip": null,
"r_ring_dip": null,
"r_ring_tip": null,
"r_pinky_mcp": null,
"r_pinky_pip": null,
"r_pinky_dip": null,
"r_pinky_tip": null
}
],
"framerate": 30,
"mirrorable": true
}