{
"label": "i",
"gestures": [
{
"l_hand_position": null,
"l_wrist": [
0.025057343766093254,
0.0842352956533442,
-0.02787650190293813
],
"l_thumb_cmc": [
-0.006289520300924778,
0.06578320264816387,
-0.035939291119575986
],
"l_thumb_mcp": [
-0.018839498981833458,
0.034637138247490366,
-0.03966135159134905
],
"l_thumb_ip": [
-0.023361269384622574,
0.002807389013469217,
-0.04053758084774065
],
"l_thumb_tip": [
-0.005270868539810181,
-0.020872496068477884,
-0.038985691964626666
],
"l_index_mcp": [
-0.027988210320472717,
0.007590163964778271,
0.0028690712060779455
],
"l_index_pip": [
-0.033950842916965485,
-0.007005750667303908,
-0.021770283579826615
],
"l_index_dip": [
-0.02975224144756794,
0.005661955568939534,
-0.02953010983765157
],
"l_index_tip": [
-0.023611638695001602,
0.022590078413486626,
-0.022636182606220415
],
"l_middle_mcp": [
-0.005922526121139526,
-0.0021804266143590455,
0.00804055575281391
],
"l_middle_pip": [
-0.01360444724559784,
-0.023259382694959915,
-0.02245130389928844
],
"l_middle_dip": [
-0.017471784725785255,
-0.00015726705896671844,
-0.03962851688265847
],
"l_middle_tip": [
-0.011737250722944736,
0.01358930766582506,
-0.02570080943405659
],
"l_ring_mcp": [
0.01801231876015663,
-0.007291177287697868,
-0.0010477614123374252
],
"l_ring_pip": [
0.009183958172798157,
-0.021906834095716844,
-0.026824524626136177
],
"l_ring_dip": [
0.00201614573597908,
-0.0017222407041117467,
-0.0440572276711468
],
"l_ring_tip": [
0.002133964328095317,
0.0170214753597976,
-0.039779089391231974
],
"l_pinky_mcp": [
0.03163040056824684,
0.00043315201764926076,
-0.011943394318223144
],
"l_pinky_pip": [
0.03628173843026161,
-0.02257303521037126,
-0.011665304191410647
],
"l_pinky_dip": [
0.03765716776251793,
-0.04703129082918211,
-0.017334699630737506
],
"l_pinky_tip": [
0.037946008145809174,
-0.06896582990884857,
-0.02603499218821543
],
"r_hand_position": null,
"r_wrist": null,
"r_thumb_cmc": null,
"r_thumb_mcp": null,
"r_thumb_ip": null,
"r_thumb_tip": null,
"r_index_mcp": null,
"r_index_pip": null,
"r_index_dip": null,
"r_index_tip": null,
"r_middle_mcp": null,
"r_middle_pip": null,
"r_middle_dip": null,
"r_middle_tip": null,
"r_ring_mcp": null,
"r_ring_pip": null,
"r_ring_dip": null,
"r_ring_tip": null,
"r_pinky_mcp": null,
"r_pinky_pip": null,
"r_pinky_dip": null,
"r_pinky_tip": null
}
],
"framerate": 30,
"mirrorable": true
}