{
"label": "i",
"gestures": [
{
"l_hand_position": null,
"l_wrist": [
0.024262435734272003,
0.0841232016682634,
-0.01584931463003185
],
"l_thumb_cmc": [
-0.005035321228206158,
0.06571489572525098,
-0.028824314475059884
],
"l_thumb_mcp": [
-0.015635445713996887,
0.03417220711708108,
-0.03636418655514763
],
"l_thumb_ip": [
-0.017150893807411194,
0.000885279965586966,
-0.04148217663168949
],
"l_thumb_tip": [
0.0028600781224668026,
-0.021411988884210868,
-0.04111571982502969
],
"l_index_mcp": [
-0.02817363478243351,
0.00634910119697459,
-0.0007005330407992089
],
"l_index_pip": [
-0.03347461298108101,
-0.008537578396499287,
-0.026613419875502867
],
"l_index_dip": [
-0.025947798043489456,
0.004991721361875604,
-0.032890930771828086
],
"l_index_tip": [
-0.021904313936829567,
0.01983492262661481,
-0.0211826171725991
],
"l_middle_mcp": [
-0.006239480338990688,
-0.0022462808992714037,
0.006338471546769218
],
"l_middle_pip": [
-0.010547429323196411,
-0.020294463261962166,
-0.023951703682542052
],
"l_middle_dip": [
-0.014029305428266525,
-0.0002219018788309938,
-0.03640240430831952
],
"l_middle_tip": [
-0.010791247710585594,
0.008291263133287518,
-0.020134514197707405
],
"l_ring_mcp": [
0.017578452825546265,
-0.006401007529348195,
0.0013800986343995014
],
"l_ring_pip": [
0.011425431817770004,
-0.018927590921521395,
-0.02453080005943805
],
"l_ring_dip": [
0.006329097785055637,
0.002116097370162584,
-0.03779586777091057
],
"l_ring_tip": [
0.008379501290619373,
0.017753498628735726,
-0.02714195102453261
],
"l_pinky_mcp": [
0.03191833570599556,
0.0014917989028617848,
-0.006201366893947192
],
"l_pinky_pip": [
0.034955695271492004,
-0.021156646311283347,
-0.007037933915853602
],
"l_pinky_dip": [
0.03737751767039299,
-0.041548758745194016,
-0.011568943038582944
],
"l_pinky_tip": [
0.03918451443314552,
-0.06501872092485501,
-0.018849102780223084
],
"r_hand_position": null,
"r_wrist": null,
"r_thumb_cmc": null,
"r_thumb_mcp": null,
"r_thumb_ip": null,
"r_thumb_tip": null,
"r_index_mcp": null,
"r_index_pip": null,
"r_index_dip": null,
"r_index_tip": null,
"r_middle_mcp": null,
"r_middle_pip": null,
"r_middle_dip": null,
"r_middle_tip": null,
"r_ring_mcp": null,
"r_ring_pip": null,
"r_ring_dip": null,
"r_ring_tip": null,
"r_pinky_mcp": null,
"r_pinky_pip": null,
"r_pinky_dip": null,
"r_pinky_tip": null
}
],
"framerate": 30,
"mirrorable": true
}