{
    "label": "I",
    "label_id": 9,
    "gestures": [
        {
            "wrist": [
                0.0218658447265625,
                0.08768913894891739,
                -0.02459746040403843
            ],
            "thumb_cmc": [
                -0.006628129631280899,
                0.06498048454523087,
                -0.03616977483034134
            ],
            "thumb_mcp": [
                -0.011993758380413055,
                0.031320974230766296,
                -0.03989146277308464
            ],
            "thumb_ip": [
                -0.006985594052821398,
                -0.004602950531989336,
                -0.04073677584528923
            ],
            "thumb_tip": [
                0.015908263623714447,
                -0.026182185858488083,
                -0.026472611352801323
            ],
            "index_mcp": [
                -0.03006823919713497,
                0.0031891821417957544,
                -0.0024838231038302183
            ],
            "index_pip": [
                -0.03059428557753563,
                -0.018232202157378197,
                -0.019181137904524803
            ],
            "index_dip": [
                -0.025346819311380386,
                -0.009884127415716648,
                -0.03053566999733448
            ],
            "index_tip": [
                -0.02743355557322502,
                0.012568781152367592,
                -0.028888046741485596
            ],
            "middle_mcp": [
                -0.006948929745703936,
                -0.0018349129240959883,
                0.00651893625035882
            ],
            "middle_pip": [
                -0.005537760443985462,
                -0.030149931088089943,
                -0.01889500394463539
            ],
            "middle_dip": [
                -0.006869298405945301,
                -0.011352133005857468,
                -0.036020103842020035
            ],
            "middle_tip": [
                -0.00884283147752285,
                0.005777488928288221,
                -0.028065398335456848
            ],
            "ring_mcp": [
                0.019007394090294838,
                -0.003550007939338684,
                0.0032476282212883234
            ],
            "ring_pip": [
                0.020247185602784157,
                -0.02297782152891159,
                -0.021966230124235153
            ],
            "ring_dip": [
                0.017322003841400146,
                -0.007726062089204788,
                -0.03827469050884247
            ],
            "ring_tip": [
                0.01336835976690054,
                0.010300417430698872,
                -0.03567909449338913
            ],
            "pinky_mcp": [
                0.03531557694077492,
                0.00613026600331068,
                -0.005872837267816067
            ],
            "pinky_pip": [
                0.04233604669570923,
                -0.017824890092015266,
                -0.008534072898328304
            ],
            "pinky_dip": [
                0.046813830733299255,
                -0.03541228920221329,
                -0.015059879049658775
            ],
            "pinky_tip": [
                0.0499291718006134,
                -0.05525125563144684,
                -0.020358603447675705
            ]
        }
    ]
}