{
"label": "i",
"gestures": [
{
"l_hand_position": null,
"l_wrist": [
0.011319777928292751,
0.08506055921316147,
0.016513492912054062
],
"l_thumb_cmc": [
-0.018389659002423286,
0.06605669856071472,
0.00045993097592145205
],
"l_thumb_mcp": [
-0.035302046686410904,
0.040938638150691986,
-0.0026392133440822363
],
"l_thumb_ip": [
-0.04796462878584862,
0.012156731449067593,
-0.007049759849905968
],
"l_thumb_tip": [
-0.02538582868874073,
-0.00596147496253252,
-0.011683176271617413
],
"l_index_mcp": [
-0.03081754967570305,
0.0020129336044192314,
0.00430629076436162
],
"l_index_pip": [
-0.02898990362882614,
-0.008470211178064346,
-0.02345948852598667
],
"l_index_dip": [
-0.028330497443675995,
0.005321922712028027,
-0.032475899904966354
],
"l_index_tip": [
-0.027779221534729004,
0.027797028422355652,
-0.026546388864517212
],
"l_middle_mcp": [
-0.00619925232604146,
-0.003914214204996824,
0.0055454992689192295
],
"l_middle_pip": [
-0.009339597076177597,
-0.01425698772072792,
-0.0319531075656414
],
"l_middle_dip": [
-0.013575381599366665,
0.012157410383224487,
-0.04498660936951637
],
"l_middle_tip": [
-0.010766563937067986,
0.029094375669956207,
-0.026471814140677452
],
"l_ring_mcp": [
0.019220219925045967,
-0.0036657797172665596,
-0.0023601274006068707
],
"l_ring_pip": [
0.012895314954221249,
-0.010497215203940868,
-0.03525441884994507
],
"l_ring_dip": [
0.007970472797751427,
0.014051363803446293,
-0.046856191009283066
],
"l_ring_tip": [
0.007496465463191271,
0.03563686087727547,
-0.040745168924331665
],
"l_pinky_mcp": [
0.033439744263887405,
0.009032816626131535,
-0.009348494932055473
],
"l_pinky_pip": [
0.037681568413972855,
-0.018923601135611534,
-0.01207717601209879
],
"l_pinky_dip": [
0.03548135608434677,
-0.04284670948982239,
-0.02333747409284115
],
"l_pinky_tip": [
0.02864682488143444,
-0.06374423950910568,
-0.03531249612569809
],
"r_hand_position": [
0.11825823783874512,
0.16898202896118164,
-0.5000005748660215
],
"r_wrist": null,
"r_thumb_cmc": null,
"r_thumb_mcp": null,
"r_thumb_ip": null,
"r_thumb_tip": null,
"r_index_mcp": null,
"r_index_pip": null,
"r_index_dip": null,
"r_index_tip": null,
"r_middle_mcp": null,
"r_middle_pip": null,
"r_middle_dip": null,
"r_middle_tip": null,
"r_ring_mcp": null,
"r_ring_pip": null,
"r_ring_dip": null,
"r_ring_tip": null,
"r_pinky_mcp": null,
"r_pinky_pip": null,
"r_pinky_dip": null,
"r_pinky_tip": null,
"l_hand_velocity": null,
"r_hand_velocity": null,
"m_nose_point": null,
"m_top_nose": null,
"m_eyebrows": null,
"m_forehead": null,
"m_top_chin": null,
"m_bot_up_lip": null,
"m_top_low_lip": null,
"m_bot_nose": null,
"m_chin": null,
"m_nose": null,
"l_eye_exterior": null,
"l_temple": null,
"l_mid_chin": null,
"l_up_lip": null,
"l_ext_nostril": null,
"l_mid_cheek": null,
"l_mid_eyebrow": null,
"l_ext_eyebrow": null,
"l_ext_lips": null,
"l_jaw_angle": null,
"l_mid_ext_face": null,
"l_int_eyebrow": null,
"l_mid_jaw": null,
"l_mid_bot_eyelid": null,
"l_ext_mouth": null,
"l_top_eyelid": null,
"l_eye_int": null,
"l_pupil": null,
"r_eye_exterior": null,
"r_temple": null,
"r_mid_chin": null,
"r_up_lip": null,
"r_ext_nostril": null,
"r_mid_cheek": null,
"r_mid_eyebrow": null,
"r_ext_eyebrow": null,
"r_ext_lips": null,
"r_jaw_angle": null,
"r_mid_ext_face": null,
"r_int_eyebrow": null,
"r_mid_jaw": null,
"r_mid_bot_eyelid": null,
"r_ext_mouth": null,
"r_top_eyelid": null,
"r_eye_int": null,
"r_pupil": null,
"l_shoudler": null,
"l_elbow": null,
"l_hip": null,
"l_knee": null,
"l_ankle": null,
"r_shoudler": null,
"r_elbow": null,
"r_hip": null,
"r_knee": null,
"r_ankle": null
}
],
"framerate": 30,
"mirrorable": true,
"invalid": false
}