{
"label": "i",
"gestures": [
{
"l_hand_position": null,
"l_wrist": null,
"l_thumb_cmc": null,
"l_thumb_mcp": null,
"l_thumb_ip": null,
"l_thumb_tip": null,
"l_index_mcp": null,
"l_index_pip": null,
"l_index_dip": null,
"l_index_tip": null,
"l_middle_mcp": null,
"l_middle_pip": null,
"l_middle_dip": null,
"l_middle_tip": null,
"l_ring_mcp": null,
"l_ring_pip": null,
"l_ring_dip": null,
"l_ring_tip": null,
"l_pinky_mcp": null,
"l_pinky_pip": null,
"l_pinky_dip": null,
"l_pinky_tip": null,
"r_hand_position": [
-0.2269124686717987,
-0.07683759927749634,
-0.5000001466229378
],
"r_wrist": [
-0.03891216218471527,
0.08061160147190094,
-0.012049748562276363
],
"r_thumb_cmc": [
-0.005439814180135727,
0.06370121240615845,
-0.023513885214924812
],
"r_thumb_mcp": [
0.011862087063491344,
0.03342517092823982,
-0.03279468044638634
],
"r_thumb_ip": [
0.00635363208130002,
-0.004377624019980431,
-0.035805072635412216
],
"r_thumb_tip": [
-0.012013801373541355,
-0.027653351426124573,
-0.0286711398512125
],
"r_index_mcp": [
0.025984060019254684,
0.005331343971192837,
-0.003993873950093985
],
"r_index_pip": [
0.029975933954119682,
-0.015292594209313393,
-0.02122742310166359
],
"r_index_dip": [
0.025619596242904663,
-0.010578550398349762,
-0.03077113628387451
],
"r_index_tip": [
0.018160121515393257,
0.0043099550530314445,
-0.033668678253889084
],
"r_middle_mcp": [
0.003477014135569334,
-0.004467974416911602,
0.005705736577510834
],
"r_middle_pip": [
0.011935634538531303,
-0.025293132290244102,
-0.017891038209199905
],
"r_middle_dip": [
0.006028304807841778,
-0.011125200428068638,
-0.02746756747364998
],
"r_middle_tip": [
0.01142967026680708,
-0.0008328896947205067,
-0.01784752495586872
],
"r_ring_mcp": [
-0.016916658729314804,
-0.003957039210945368,
0.0038611083291471004
],
"r_ring_pip": [
-0.013457676395773888,
-0.020308326929807663,
-0.018091324716806412
],
"r_ring_dip": [
-0.014983249828219414,
-0.00977290328592062,
-0.026204710826277733
],
"r_ring_tip": [
-0.010908973403275013,
0.004159050062298775,
-0.026429347693920135
],
"r_pinky_mcp": [
-0.041699379682540894,
0.0020342878997325897,
0.0002854741469491273
],
"r_pinky_pip": [
-0.04282686486840248,
-0.020155027508735657,
-0.004991554655134678
],
"r_pinky_dip": [
-0.04184548929333687,
-0.03679905831813812,
-0.014459323137998581
],
"r_pinky_tip": [
-0.04339951276779175,
-0.05534392222762108,
-0.024186084046959877
]
}
],
"framerate": 30,
"mirrorable": true
}