{
"label": "i",
"gestures": [
{
"l_hand_position": [
0.68564772605896,
0.6287711262702942,
-4.4668144028037204e-07
],
"l_wrist": [
0.0007299557328224182,
0.0892360508441925,
-0.029714128002524376
],
"l_thumb_cmc": [
-0.022537875920534134,
0.05921795591711998,
-0.03766860440373421
],
"l_thumb_mcp": [
-0.020016435533761978,
0.027609435841441154,
-0.04146672785282135
],
"l_thumb_ip": [
-0.008767704479396343,
-0.0042534880340099335,
-0.04196381941437721
],
"l_thumb_tip": [
0.017747312784194946,
-0.02142467349767685,
-0.03486824408173561
],
"l_index_mcp": [
-0.028683364391326904,
-0.004495678469538689,
0.0017945627914741635
],
"l_index_pip": [
-0.029322495684027672,
-0.023512398824095726,
-0.01835745945572853
],
"l_index_dip": [
-0.029593219980597496,
-0.012396789155900478,
-0.027029279619455338
],
"l_index_tip": [
-0.03391283005475998,
0.008187457919120789,
-0.024120282381772995
],
"l_middle_mcp": [
-0.0065381587482988834,
-0.0037294200155884027,
0.007178527768701315
],
"l_middle_pip": [
-0.0033850250765681267,
-0.026583900675177574,
-0.01962285488843918
],
"l_middle_dip": [
-0.010075189173221588,
-0.00883557554334402,
-0.03755033761262894
],
"l_middle_tip": [
-0.011255446821451187,
0.007841380313038826,
-0.025790100917220116
],
"l_ring_mcp": [
0.019273636862635612,
0.0003856266848742962,
0.0004966158303432167
],
"l_ring_pip": [
0.021953456103801727,
-0.016952067613601685,
-0.023617994040250778
],
"l_ring_dip": [
0.01341237686574459,
-0.0014465530402958393,
-0.04168412834405899
],
"l_ring_tip": [
0.006867365911602974,
0.017131002619862556,
-0.04105357453227043
],
"l_pinky_mcp": [
0.03196202218532562,
0.012784113176167011,
-0.011919720098376274
],
"l_pinky_pip": [
0.04057538881897926,
-0.008623432368040085,
-0.01059785857796669
],
"l_pinky_dip": [
0.04779696464538574,
-0.032493896782398224,
-0.016026027500629425
],
"l_pinky_tip": [
0.0560525581240654,
-0.051588382571935654,
-0.023070355877280235
],
"r_hand_position": null,
"r_wrist": null,
"r_thumb_cmc": null,
"r_thumb_mcp": null,
"r_thumb_ip": null,
"r_thumb_tip": null,
"r_index_mcp": null,
"r_index_pip": null,
"r_index_dip": null,
"r_index_tip": null,
"r_middle_mcp": null,
"r_middle_pip": null,
"r_middle_dip": null,
"r_middle_tip": null,
"r_ring_mcp": null,
"r_ring_pip": null,
"r_ring_dip": null,
"r_ring_tip": null,
"r_pinky_mcp": null,
"r_pinky_pip": null,
"r_pinky_dip": null,
"r_pinky_tip": null
}
],
"framerate": 30,
"mirrorable": true
}