{
"label": "l",
"gestures": [
{
"l_hand_position": [
0.22699689865112305,
-0.07384386658668518,
-0.5387706980109215
],
"l_wrist": [
0.20402287293051327,
0.966112128007409,
0.15812028155228977
],
"l_thumb_cmc": [
-0.114189430231112,
0.8405871348668003,
-0.008986911626112992
],
"l_thumb_mcp": [
-0.39245147679872433,
0.6242726232633915,
-0.11995593690055915
],
"l_thumb_ip": [
-0.6324094770621118,
0.45825576742634105,
-0.21950553297047362
],
"l_thumb_tip": [
-0.8006100167493051,
0.36504506548948745,
-0.2895600823487148
],
"l_index_mcp": [
-0.21894548236040484,
-0.01957342089832441,
-0.03204426300417966
],
"l_index_pip": [
-0.19190820429467706,
-0.44092194124151607,
-0.20358029590617102
],
"l_index_dip": [
-0.178259147095766,
-0.3640384268583574,
-0.22171276623317152
],
"l_index_tip": [
-0.23118023780710273,
-0.19367425830461665,
-0.19364578630517906
],
"l_middle_mcp": [
0.0,
0.0,
0.0
],
"l_middle_pip": [
0.02309580528979376,
-0.1399712663237726,
-0.16295734654422891
],
"l_middle_dip": [
-0.02503226588761604,
0.25456179622679104,
-0.10132835156946443
],
"l_middle_tip": [
-0.06231800520661894,
0.24749198910069697,
-0.0108676436786113
],
"l_ring_mcp": [
0.2178770986888722,
0.07491994917114392,
-0.0010404738193624723
],
"l_ring_pip": [
0.22394683063301288,
0.11182087589582687,
-0.16410479546926918
],
"l_ring_dip": [
0.15292447636460352,
0.4395620918083981,
-0.07999639728004868
],
"l_ring_tip": [
0.10721977647763942,
0.3786231402010066,
0.012235287207626554
],
"l_pinky_mcp": [
0.4231061877236278,
0.18592720045977632,
-0.0173718698809785
],
"l_pinky_pip": [
0.4047866287087539,
0.25965782833104006,
-0.14099264232921135
],
"l_pinky_dip": [
0.31082185938871626,
0.4863679926127781,
-0.11784293167442046
],
"l_pinky_tip": [
0.24680246230108327,
0.449691924795073,
-0.07100460864656137
],
"r_hand_position": null,
"r_wrist": null,
"r_thumb_cmc": null,
"r_thumb_mcp": null,
"r_thumb_ip": null,
"r_thumb_tip": null,
"r_index_mcp": null,
"r_index_pip": null,
"r_index_dip": null,
"r_index_tip": null,
"r_middle_mcp": null,
"r_middle_pip": null,
"r_middle_dip": null,
"r_middle_tip": null,
"r_ring_mcp": null,
"r_ring_pip": null,
"r_ring_dip": null,
"r_ring_tip": null,
"r_pinky_mcp": null,
"r_pinky_pip": null,
"r_pinky_dip": null,
"r_pinky_tip": null,
"l_hand_velocity": null,
"r_hand_velocity": null,
"m_nose_point": null,
"m_top_nose": null,
"m_eyebrows": null,
"m_forehead": null,
"m_top_chin": null,
"m_bot_up_lip": null,
"m_top_low_lip": null,
"m_bot_nose": null,
"m_chin": null,
"m_nose": null,
"l_eye_exterior": null,
"l_temple": null,
"l_mid_chin": null,
"l_up_lip": null,
"l_ext_nostril": null,
"l_mid_cheek": null,
"l_mid_eyebrow": null,
"l_ext_eyebrow": null,
"l_ext_lips": null,
"l_jaw_angle": null,
"l_mid_ext_face": null,
"l_int_eyebrow": null,
"l_mid_jaw": null,
"l_mid_bot_eyelid": null,
"l_ext_mouth": null,
"l_top_eyelid": null,
"l_eye_int": null,
"l_pupil": null,
"r_eye_exterior": null,
"r_temple": null,
"r_mid_chin": null,
"r_up_lip": null,
"r_ext_nostril": null,
"r_mid_cheek": null,
"r_mid_eyebrow": null,
"r_ext_eyebrow": null,
"r_ext_lips": null,
"r_jaw_angle": null,
"r_mid_ext_face": null,
"r_int_eyebrow": null,
"r_mid_jaw": null,
"r_mid_bot_eyelid": null,
"r_ext_mouth": null,
"r_top_eyelid": null,
"r_eye_int": null,
"r_pupil": null,
"l_shoulder": null,
"l_elbow": null,
"l_hip": null,
"l_knee": null,
"l_ankle": null,
"l_body_wrist": null,
"r_shoulder": null,
"r_elbow": null,
"r_hip": null,
"r_knee": null,
"r_ankle": null,
"r_body_wrist": null,
"m_face_position": null,
"m_body_position": null,
"m_face_scale": null,
"m_body_scale": null,
"l_hand_scale": [
0.24519507436130006,
0.24519507436130006,
0.24519507436130006
],
"r_hand_scale": null
}
],
"framerate": 30,
"mirrorable": true,
"invalid": false
}