{
"label": "n",
"gestures": [
{
"l_hand_position": null,
"l_wrist": null,
"l_thumb_cmc": null,
"l_thumb_mcp": null,
"l_thumb_ip": null,
"l_thumb_tip": null,
"l_index_mcp": null,
"l_index_pip": null,
"l_index_dip": null,
"l_index_tip": null,
"l_middle_mcp": null,
"l_middle_pip": null,
"l_middle_dip": null,
"l_middle_tip": null,
"l_ring_mcp": null,
"l_ring_pip": null,
"l_ring_dip": null,
"l_ring_tip": null,
"l_pinky_mcp": null,
"l_pinky_pip": null,
"l_pinky_dip": null,
"l_pinky_tip": null,
"r_hand_position": [
-0.10989764332771301,
0.10732430219650269,
-0.5205681882798672
],
"r_wrist": [
-0.9094496461087503,
0.40166510364843105,
0.10754759738722092
],
"r_thumb_cmc": [
-0.6801252773562373,
-0.18656895683887426,
0.1772581088385864
],
"r_thumb_mcp": [
-0.3120377614921418,
-0.47557356957341473,
0.18263725096919584
],
"r_thumb_ip": [
0.07303956687503213,
-0.5843791780092384,
0.17985556828725643
],
"r_thumb_tip": [
0.3437606798911611,
-0.5472396651022717,
0.18554636717896758
],
"r_index_mcp": [
-0.047790694374378315,
-0.3601539813534908,
0.03192286568981363
],
"r_index_pip": [
0.5123013838989662,
-0.34814927457261463,
0.003953814021169085
],
"r_index_dip": [
0.8060448935144384,
-0.3382906362486847,
0.023874271398719654
],
"r_index_tip": [
1.0240120224072642,
-0.32671414585756225,
0.056406435795760886
],
"r_middle_mcp": [
0.0,
0.0,
0.0
],
"r_middle_pip": [
0.550408123564012,
-0.061785329574888824,
-0.009647987571246524
],
"r_middle_dip": [
0.8735986780805586,
-0.08746865160051841,
0.0156740560933497
],
"r_middle_tip": [
1.082601623553816,
-0.10365579211537934,
0.04585384499686912
],
"r_ring_mcp": [
-0.039735925383705004,
0.3873697196734574,
-0.008196767602450266
],
"r_ring_pip": [
0.1540782720088809,
0.27462383480702496,
0.03633535567949724
],
"r_ring_dip": [
-0.00360945277869928,
0.24362458340728377,
0.11438876704755555
],
"r_ring_tip": [
-0.1622012938302355,
0.23252087632275256,
0.18154925234655292
],
"r_pinky_mcp": [
-0.11860207123591388,
0.7132913223875381,
-0.011695815973529271
],
"r_pinky_pip": [
-0.038063886860394414,
0.5449527277893075,
0.08524645124039926
],
"r_pinky_dip": [
-0.1611290387436651,
0.5100222380050294,
0.18882625754171248
],
"r_pinky_tip": [
-0.28826847946481826,
0.5352570859514337,
0.27459853217373303
],
"l_hand_velocity": null,
"r_hand_velocity": null,
"m_nose_point": null,
"m_top_nose": null,
"m_eyebrows": null,
"m_forehead": null,
"m_top_chin": null,
"m_bot_up_lip": null,
"m_top_low_lip": null,
"m_bot_nose": null,
"m_chin": null,
"m_nose": null,
"l_eye_exterior": null,
"l_temple": null,
"l_mid_chin": null,
"l_up_lip": null,
"l_ext_nostril": null,
"l_mid_cheek": null,
"l_mid_eyebrow": null,
"l_ext_eyebrow": null,
"l_ext_lips": null,
"l_jaw_angle": null,
"l_mid_ext_face": null,
"l_int_eyebrow": null,
"l_mid_jaw": null,
"l_mid_bot_eyelid": null,
"l_ext_mouth": null,
"l_top_eyelid": null,
"l_eye_int": null,
"l_pupil": null,
"r_eye_exterior": null,
"r_temple": null,
"r_mid_chin": null,
"r_up_lip": null,
"r_ext_nostril": null,
"r_mid_cheek": null,
"r_mid_eyebrow": null,
"r_ext_eyebrow": null,
"r_ext_lips": null,
"r_jaw_angle": null,
"r_mid_ext_face": null,
"r_int_eyebrow": null,
"r_mid_jaw": null,
"r_mid_bot_eyelid": null,
"r_ext_mouth": null,
"r_top_eyelid": null,
"r_eye_int": null,
"r_pupil": null,
"l_shoulder": null,
"l_elbow": null,
"l_hip": null,
"l_knee": null,
"l_ankle": null,
"l_body_wrist": null,
"r_shoulder": null,
"r_elbow": null,
"r_hip": null,
"r_knee": null,
"r_ankle": null,
"r_body_wrist": null,
"m_face_position": null,
"m_body_position": null,
"m_face_scale": null,
"m_body_scale": null,
"l_hand_scale": null,
"r_hand_scale": [
0.19125092799107082,
0.19125092799107082,
0.19125092799107082
]
}
],
"framerate": 30,
"mirrorable": true,
"invalid": false
}