{
"label": "n",
"gestures": [
{
"l_hand_position": null,
"l_wrist": null,
"l_thumb_cmc": null,
"l_thumb_mcp": null,
"l_thumb_ip": null,
"l_thumb_tip": null,
"l_index_mcp": null,
"l_index_pip": null,
"l_index_dip": null,
"l_index_tip": null,
"l_middle_mcp": null,
"l_middle_pip": null,
"l_middle_dip": null,
"l_middle_tip": null,
"l_ring_mcp": null,
"l_ring_pip": null,
"l_ring_dip": null,
"l_ring_tip": null,
"l_pinky_mcp": null,
"l_pinky_pip": null,
"l_pinky_dip": null,
"l_pinky_tip": null,
"r_hand_position": [
0.21365636587142944,
-0.3154011368751526,
-0.545808732509613
],
"r_wrist": [
-0.617549089524705,
0.7072003269788675,
0.3442394799382996
],
"r_thumb_cmc": [
-0.4579705900682464,
0.2902524122828546,
0.34531247375928786
],
"r_thumb_mcp": [
-0.17450719647277946,
0.08013077782528732,
0.25039565644605927
],
"r_thumb_ip": [
0.09094411726027139,
0.1346148111371701,
0.14453886179680642
],
"r_thumb_tip": [
0.24314247448036871,
0.33296346819523287,
0.05591853530184554
],
"r_index_mcp": [
-0.03219994084918422,
-0.18853997011055562,
0.08466453531962657
],
"r_index_pip": [
0.5291065256048522,
-0.18080721411103512,
-0.06979815318396561
],
"r_index_dip": [
0.8372562419142263,
-0.13073527590744125,
-0.12905165436537033
],
"r_index_tip": [
1.08055727501277,
-0.09776381748818164,
-0.15429757926453902
],
"r_middle_mcp": [
0.0,
0.0,
0.0
],
"r_middle_pip": [
0.5819329718935382,
-0.004373351265147234,
-0.1524828893166955
],
"r_middle_dip": [
0.9104449292787888,
0.05311243407881263,
-0.1955675545719702
],
"r_middle_tip": [
1.1612631637582183,
0.07447619230225871,
-0.21160084303531704
],
"r_ring_mcp": [
-0.003199838328370734,
0.2890650142693453,
-0.06604641104957033
],
"r_ring_pip": [
0.3200546019378408,
0.6121289826361811,
-0.1644514335429253
],
"r_ring_dip": [
0.17337489086050045,
0.6849494915144726,
-0.07777927289472372
],
"r_ring_tip": [
0.04331830406658997,
0.6174812318109945,
0.007923843769235106
],
"r_pinky_mcp": [
-0.029697939603064546,
0.6010495872147675,
-0.13731349897426764
],
"r_pinky_pip": [
0.1358972771357294,
0.9047898958500592,
-0.17058919734097208
],
"r_pinky_dip": [
0.008133071719842634,
0.9272416170213794,
-0.08291322402848302
],
"r_pinky_tip": [
-0.09343805620377199,
0.8213486469882394,
0.0010443761243397165
],
"l_hand_velocity": null,
"r_hand_velocity": null,
"m_nose_point": null,
"m_top_nose": null,
"m_eyebrows": null,
"m_forehead": null,
"m_top_chin": null,
"m_bot_up_lip": null,
"m_top_low_lip": null,
"m_bot_nose": null,
"m_chin": null,
"m_nose": null,
"l_eye_exterior": null,
"l_temple": null,
"l_mid_chin": null,
"l_up_lip": null,
"l_ext_nostril": null,
"l_mid_cheek": null,
"l_mid_eyebrow": null,
"l_ext_eyebrow": null,
"l_ext_lips": null,
"l_jaw_angle": null,
"l_mid_ext_face": null,
"l_int_eyebrow": null,
"l_mid_jaw": null,
"l_mid_bot_eyelid": null,
"l_ext_mouth": null,
"l_top_eyelid": null,
"l_eye_int": null,
"l_pupil": null,
"r_eye_exterior": null,
"r_temple": null,
"r_mid_chin": null,
"r_up_lip": null,
"r_ext_nostril": null,
"r_mid_cheek": null,
"r_mid_eyebrow": null,
"r_ext_eyebrow": null,
"r_ext_lips": null,
"r_jaw_angle": null,
"r_mid_ext_face": null,
"r_int_eyebrow": null,
"r_mid_jaw": null,
"r_mid_bot_eyelid": null,
"r_ext_mouth": null,
"r_top_eyelid": null,
"r_eye_int": null,
"r_pupil": null,
"l_shoulder": null,
"l_elbow": null,
"l_hip": null,
"l_knee": null,
"l_ankle": null,
"l_body_wrist": null,
"r_shoulder": null,
"r_elbow": null,
"r_hip": null,
"r_knee": null,
"r_ankle": null,
"r_body_wrist": null,
"m_face_position": null,
"m_body_position": null,
"m_face_scale": null,
"m_body_scale": null,
"l_hand_scale": null,
"r_hand_scale": [
0.13307409268148987,
0.13307409268148987,
0.13307409268148987
]
}
],
"framerate": 30,
"mirrorable": true,
"invalid": false
}