{
    "label": "c",
    "label_id": 3,
    "gestures": [
        {
            "wrist": [
                0.015072984620928764,
                0.0857980027794838,
                -0.039194557815790176
            ],
            "thumb_cmc": [
                -0.003714609192684293,
                0.07744885981082916,
                -0.009556671604514122
            ],
            "thumb_mcp": [
                -0.017985418438911438,
                0.062075164169073105,
                0.017647430300712585
            ],
            "thumb_ip": [
                -0.03493288904428482,
                0.049285173416137695,
                0.0531519316136837
            ],
            "thumb_tip": [
                -0.05231508985161781,
                0.035495638847351074,
                0.09612791240215302
            ],
            "index_mcp": [
                -0.001628402154892683,
                0.005529968999326229,
                0.026986850425601006
            ],
            "index_pip": [
                -0.018292928114533424,
                -0.01586274243891239,
                0.03320126235485077
            ],
            "index_dip": [
                -0.03937949240207672,
                -0.024641739204525948,
                0.03411908075213432
            ],
            "index_tip": [
                -0.06008899584412575,
                -0.021108947694301605,
                0.018915878608822823
            ],
            "middle_mcp": [
                0.001515144482254982,
                -0.002759854542091489,
                0.009616880677640438
            ],
            "middle_pip": [
                -0.015498366206884384,
                -0.03307605907320976,
                0.013543999753892422
            ],
            "middle_dip": [
                -0.0422712042927742,
                -0.035775985568761826,
                0.012837120331823826
            ],
            "middle_tip": [
                -0.06054820865392685,
                -0.0321580208837986,
                0.009938029572367668
            ],
            "ring_mcp": [
                0.0008817334892228246,
                -0.006436651106923819,
                -0.017822181805968285
            ],
            "ring_pip": [
                -0.015630967915058136,
                -0.027027251198887825,
                -0.014177423901855946
            ],
            "ring_dip": [
                -0.041046638041734695,
                -0.032327864319086075,
                -0.010903703980147839
            ],
            "ring_tip": [
                -0.061019595712423325,
                -0.029011081904172897,
                -0.004658852703869343
            ],
            "pinky_mcp": [
                -0.006849166937172413,
                0.003971740137785673,
                -0.03777439519762993
            ],
            "pinky_pip": [
                -0.020032718777656555,
                -0.013122945092618465,
                -0.03504648059606552
            ],
            "pinky_dip": [
                -0.04485921561717987,
                -0.026211846619844437,
                -0.03295353055000305
            ],
            "pinky_tip": [
                -0.06236021965742111,
                -0.020763015374541283,
                -0.027768898755311966
            ]
        }
    ]
}