{
    "label": "c",
    "label_id": 3,
    "gestures": [
        {
            "wrist": [
                0.00605672225356102,
                0.09420006722211838,
                -0.02353287674486637
            ],
            "thumb_cmc": [
                -0.021297473460435867,
                0.06887113302946091,
                -0.0114442752674222
            ],
            "thumb_mcp": [
                -0.0375705361366272,
                0.042621344327926636,
                -0.0015833962243050337
            ],
            "thumb_ip": [
                -0.053051795810461044,
                0.011680761352181435,
                0.013070479035377502
            ],
            "thumb_tip": [
                -0.05524377524852753,
                -0.018655434250831604,
                0.024847280234098434
            ],
            "index_mcp": [
                -0.023229604586958885,
                0.0005280105397105217,
                0.017998000606894493
            ],
            "index_pip": [
                -0.02365805208683014,
                -0.028253279626369476,
                0.013126479461789131
            ],
            "index_dip": [
                -0.0353468582034111,
                -0.04169917106628418,
                0.0016283219447359443
            ],
            "index_tip": [
                -0.05438362434506416,
                -0.037584006786346436,
                -0.026953762397170067
            ],
            "middle_mcp": [
                -0.0032297344878315926,
                -0.0024621491320431232,
                0.008860946632921696
            ],
            "middle_pip": [
                -0.008636152371764183,
                -0.04017960652709007,
                -0.0033016998786479235
            ],
            "middle_dip": [
                -0.02831151895225048,
                -0.047960709780454636,
                -0.0252898707985878
            ],
            "middle_tip": [
                -0.04402405396103859,
                -0.045615408569574356,
                -0.04390885308384895
            ],
            "ring_mcp": [
                0.014542432501912117,
                -0.002403614576905966,
                -0.011669807136058807
            ],
            "ring_pip": [
                0.006659088656306267,
                -0.03099195845425129,
                -0.020589081570506096
            ],
            "ring_dip": [
                -0.012379596009850502,
                -0.04014158621430397,
                -0.039593543857336044
            ],
            "ring_tip": [
                -0.03181154280900955,
                -0.03711633384227753,
                -0.05843377485871315
            ],
            "pinky_mcp": [
                0.021618138998746872,
                0.01011322159320116,
                -0.029519742354750633
            ],
            "pinky_pip": [
                0.01860116235911846,
                -0.011652961373329163,
                -0.03383294492959976
            ],
            "pinky_dip": [
                0.002048229333013296,
                -0.030530158430337906,
                -0.05045871436595917
            ],
            "pinky_tip": [
                -0.016278740018606186,
                -0.03342246636748314,
                -0.06310632824897766
            ]
        }
    ]
}