{
"label": "v",
"gestures": [
{
"l_hand_position": null,
"l_wrist": null,
"l_thumb_cmc": null,
"l_thumb_mcp": null,
"l_thumb_ip": null,
"l_thumb_tip": null,
"l_index_mcp": null,
"l_index_pip": null,
"l_index_dip": null,
"l_index_tip": null,
"l_middle_mcp": null,
"l_middle_pip": null,
"l_middle_dip": null,
"l_middle_tip": null,
"l_ring_mcp": null,
"l_ring_pip": null,
"l_ring_dip": null,
"l_ring_tip": null,
"l_pinky_mcp": null,
"l_pinky_pip": null,
"l_pinky_dip": null,
"l_pinky_tip": null,
"r_hand_position": null,
"r_wrist": [
-0.00979679450392723,
0.09030783176422119,
-0.011860096827149391
],
"r_thumb_cmc": [
0.015261156484484673,
0.06640428304672241,
-0.020222105085849762
],
"r_thumb_mcp": [
0.02768050506711006,
0.034028805792331696,
-0.028099877759814262
],
"r_thumb_ip": [
0.019888143986463547,
-9.083282202482224e-05,
-0.03832989186048508
],
"r_thumb_tip": [
-0.0037551582790911198,
-0.019333582371473312,
-0.04506644234061241
],
"r_index_mcp": [
0.020136112347245216,
-0.004836130887269974,
0.004740776028484106
],
"r_index_pip": [
0.03176615387201309,
-0.030382880941033363,
0.0026581804268062115
],
"r_index_dip": [
0.04256879538297653,
-0.05334124714136124,
0.001159082748927176
],
"r_index_tip": [
0.048395249992609024,
-0.07829026877880096,
-0.01018641609698534
],
"r_middle_mcp": [
0.0005037960363551974,
-0.005380052141845226,
0.0078112902119755745
],
"r_middle_pip": [
-0.0023623518645763397,
-0.042400434613227844,
0.0010774106485769153
],
"r_middle_dip": [
-0.0033859051764011383,
-0.06767444312572479,
-0.01357449684292078
],
"r_middle_tip": [
-0.00375187024474144,
-0.09335628896951675,
-0.027303028851747513
],
"r_ring_mcp": [
-0.015040300786495209,
0.001179513055831194,
-0.002199329435825348
],
"r_ring_pip": [
-0.009938059374690056,
-0.015193013474345207,
-0.025563037022948265
],
"r_ring_dip": [
0.0009160981862805784,
0.0027459096163511276,
-0.03914184123277664
],
"r_ring_tip": [
0.006965922191739082,
0.020537249743938446,
-0.039392102509737015
],
"r_pinky_mcp": [
-0.03001696616411209,
0.01501411758363247,
-0.013530652970075607
],
"r_pinky_pip": [
-0.020377732813358307,
0.0020019076764583588,
-0.027455760166049004
],
"r_pinky_dip": [
-0.006985108368098736,
0.008670752868056297,
-0.0394626222550869
],
"r_pinky_tip": [
-0.0007748780772089958,
0.027277814224362373,
-0.03778991848230362
]
}
],
"framerate": 30,
"mirrorable": true
}