{
"label": "v",
"gestures": [
{
"l_hand_position": null,
"l_wrist": null,
"l_thumb_cmc": null,
"l_thumb_mcp": null,
"l_thumb_ip": null,
"l_thumb_tip": null,
"l_index_mcp": null,
"l_index_pip": null,
"l_index_dip": null,
"l_index_tip": null,
"l_middle_mcp": null,
"l_middle_pip": null,
"l_middle_dip": null,
"l_middle_tip": null,
"l_ring_mcp": null,
"l_ring_pip": null,
"l_ring_dip": null,
"l_ring_tip": null,
"l_pinky_mcp": null,
"l_pinky_pip": null,
"l_pinky_dip": null,
"l_pinky_tip": null,
"r_hand_position": null,
"r_wrist": [
-0.008829059079289436,
0.08628425002098083,
-0.04477880522608757
],
"r_thumb_cmc": [
0.02021300233900547,
0.061225660145282745,
-0.0483289398252964
],
"r_thumb_mcp": [
0.028901977464556694,
0.028502460569143295,
-0.052543219178915024
],
"r_thumb_ip": [
0.015514773316681385,
-0.008621394634246826,
-0.051486313343048096
],
"r_thumb_tip": [
-0.008769338950514793,
-0.029458006843924522,
-0.04540010914206505
],
"r_index_mcp": [
0.02548087388277054,
-0.001546226441860199,
-0.00017460821254644543
],
"r_index_pip": [
0.03842386603355408,
-0.026397470384836197,
0.0001579605450388044
],
"r_index_dip": [
0.049117907881736755,
-0.04750045761466026,
-0.004516350105404854
],
"r_index_tip": [
0.055689938366413116,
-0.06435395032167435,
-0.021353261545300484
],
"r_middle_mcp": [
0.0016897222958505154,
-0.0029929669108241796,
0.009573760442435741
],
"r_middle_pip": [
-0.0005349023267626762,
-0.03961845487356186,
0.0012885306496173143
],
"r_middle_dip": [
-0.0007996503263711929,
-0.0596948117017746,
-0.014544367790222168
],
"r_middle_tip": [
-0.00380764901638031,
-0.07905928790569305,
-0.028603270649909973
],
"r_ring_mcp": [
-0.018912043422460556,
-0.0008154092356562614,
0.0016245475271716714
],
"r_ring_pip": [
-0.01391356997191906,
-0.017852721735835075,
-0.02089749276638031
],
"r_ring_dip": [
-0.002485561417415738,
-0.0029819896444678307,
-0.03740452602505684
],
"r_ring_tip": [
0.003030366264283657,
0.014294169843196869,
-0.037303533405065536
],
"r_pinky_mcp": [
-0.03676082193851471,
0.009337992407381535,
-0.012442970648407936
],
"r_pinky_pip": [
-0.028987932950258255,
-0.0033173011615872383,
-0.026999883353710175
],
"r_pinky_dip": [
-0.016377989202737808,
0.004860076121985912,
-0.04112766310572624
],
"r_pinky_tip": [
-0.00945634488016367,
0.020755521953105927,
-0.04118514806032181
]
}
],
"framerate": 30,
"mirrorable": true
}