{
"label": "v",
"gestures": [
{
"l_hand_position": null,
"l_wrist": null,
"l_thumb_cmc": null,
"l_thumb_mcp": null,
"l_thumb_ip": null,
"l_thumb_tip": null,
"l_index_mcp": null,
"l_index_pip": null,
"l_index_dip": null,
"l_index_tip": null,
"l_middle_mcp": null,
"l_middle_pip": null,
"l_middle_dip": null,
"l_middle_tip": null,
"l_ring_mcp": null,
"l_ring_pip": null,
"l_ring_dip": null,
"l_ring_tip": null,
"l_pinky_mcp": null,
"l_pinky_pip": null,
"l_pinky_dip": null,
"l_pinky_tip": null,
"r_hand_position": null,
"r_wrist": [
-0.013772282749414444,
0.084163136780262,
0.019754186272621155
],
"r_thumb_cmc": [
0.012567033991217613,
0.06309440732002258,
0.004235389642417431
],
"r_thumb_mcp": [
0.023392923176288605,
0.03633908927440643,
-0.011309518478810787
],
"r_thumb_ip": [
0.013017576187849045,
0.009182141162455082,
-0.024486538022756577
],
"r_thumb_tip": [
-0.009356542490422726,
-0.006858654320240021,
-0.025762341916561127
],
"r_index_mcp": [
0.02245485410094261,
-0.004738264717161655,
-0.0005656401626765728
],
"r_index_pip": [
0.03700777515769005,
-0.030463755130767822,
-0.003740670159459114
],
"r_index_dip": [
0.05005107820034027,
-0.05007113143801689,
-0.0033177356235682964
],
"r_index_tip": [
0.05789969116449356,
-0.07039234042167664,
-0.015975799411535263
],
"r_middle_mcp": [
0.002973523922264576,
-0.005553115624934435,
0.005237697623670101
],
"r_middle_pip": [
-0.003489190712571144,
-0.0389014407992363,
-0.008817322552204132
],
"r_middle_dip": [
-0.008140889927744865,
-0.06172064691781998,
-0.02115243673324585
],
"r_middle_tip": [
-0.010288089513778687,
-0.0852939784526825,
-0.030843863263726234
],
"r_ring_mcp": [
-0.014748917892575264,
0.00283659715205431,
0.0006753329071216285
],
"r_ring_pip": [
-0.016453322023153305,
-0.00911730621010065,
-0.023677358403801918
],
"r_ring_dip": [
-0.011333378031849861,
0.012182388454675674,
-0.03127807006239891
],
"r_ring_tip": [
-0.005037848837673664,
0.031233668327331543,
-0.02378961257636547
],
"r_pinky_mcp": [
-0.037895504385232925,
0.017155691981315613,
-0.0010623406851664186
],
"r_pinky_pip": [
-0.03774544596672058,
0.0070793284103274345,
-0.016605494543910027
],
"r_pinky_dip": [
-0.030539479106664658,
0.01697174645960331,
-0.02668910287320614
],
"r_pinky_tip": [
-0.020369146019220352,
0.02956094779074192,
-0.019840093329548836
]
}
],
"framerate": 30,
"mirrorable": true
}