{
"label": "v",
"gestures": [
{
"l_hand_position": null,
"l_wrist": null,
"l_thumb_cmc": null,
"l_thumb_mcp": null,
"l_thumb_ip": null,
"l_thumb_tip": null,
"l_index_mcp": null,
"l_index_pip": null,
"l_index_dip": null,
"l_index_tip": null,
"l_middle_mcp": null,
"l_middle_pip": null,
"l_middle_dip": null,
"l_middle_tip": null,
"l_ring_mcp": null,
"l_ring_pip": null,
"l_ring_dip": null,
"l_ring_tip": null,
"l_pinky_mcp": null,
"l_pinky_pip": null,
"l_pinky_dip": null,
"l_pinky_tip": null,
"r_hand_position": null,
"r_wrist": [
-0.008653849363327026,
0.08869660645723343,
0.02728905715048313
],
"r_thumb_cmc": [
0.019536372274160385,
0.06701312214136124,
0.015989605337381363
],
"r_thumb_mcp": [
0.03678272292017937,
0.04056231305003166,
-0.0029285314958542585
],
"r_thumb_ip": [
0.03329666331410408,
0.014252275228500366,
-0.02189098484814167
],
"r_thumb_tip": [
0.00935724750161171,
-0.0036042449064552784,
-0.03272772952914238
],
"r_index_mcp": [
0.021446777507662773,
-0.007623074110597372,
0.008340215310454369
],
"r_index_pip": [
0.03067203424870968,
-0.036643967032432556,
0.0012458611745387316
],
"r_index_dip": [
0.037324436008930206,
-0.05826156213879585,
-0.003474322147667408
],
"r_index_tip": [
0.04256384074687958,
-0.07912130653858185,
-0.020256612449884415
],
"r_middle_mcp": [
-0.000747244106605649,
-0.006244746968150139,
0.00625624880194664
],
"r_middle_pip": [
-0.0006933510303497314,
-0.04285099729895592,
-0.003819604404270649
],
"r_middle_dip": [
-0.0013604573905467987,
-0.07082207500934601,
-0.018991384655237198
],
"r_middle_tip": [
0.0015206784009933472,
-0.09526844322681427,
-0.03190559893846512
],
"r_ring_mcp": [
-0.014469189569354057,
0.002785242162644863,
-0.0038083952385932207
],
"r_ring_pip": [
-0.0029253135435283184,
-0.010785020887851715,
-0.028227003291249275
],
"r_ring_dip": [
0.009708255529403687,
0.007527840323746204,
-0.038723304867744446
],
"r_ring_tip": [
0.01797124370932579,
0.026506513357162476,
-0.03451703116297722
],
"r_pinky_mcp": [
-0.03094276785850525,
0.021314136683940887,
-0.013158081099390984
],
"r_pinky_pip": [
-0.021144945174455643,
0.008416971191763878,
-0.02907133474946022
],
"r_pinky_dip": [
-0.005770115647464991,
0.017674274742603302,
-0.039784736931324005
],
"r_pinky_tip": [
0.00033276528120040894,
0.03762082755565643,
-0.029801711440086365
]
}
],
"framerate": 30,
"mirrorable": true
}