{
"label": "v",
"gestures": [
{
"l_hand_position": null,
"l_wrist": null,
"l_thumb_cmc": null,
"l_thumb_mcp": null,
"l_thumb_ip": null,
"l_thumb_tip": null,
"l_index_mcp": null,
"l_index_pip": null,
"l_index_dip": null,
"l_index_tip": null,
"l_middle_mcp": null,
"l_middle_pip": null,
"l_middle_dip": null,
"l_middle_tip": null,
"l_ring_mcp": null,
"l_ring_pip": null,
"l_ring_dip": null,
"l_ring_tip": null,
"l_pinky_mcp": null,
"l_pinky_pip": null,
"l_pinky_dip": null,
"l_pinky_tip": null,
"r_hand_position": null,
"r_wrist": [
-0.0037282295525074005,
0.0933593213558197,
-0.01820695400238037
],
"r_thumb_cmc": [
-0.026155052706599236,
0.06471685320138931,
-0.03313562273979187
],
"r_thumb_mcp": [
-0.01777532882988453,
0.0368155874311924,
-0.039295244961977005
],
"r_thumb_ip": [
-0.002027497161179781,
0.006567210890352726,
-0.04014668986201286
],
"r_thumb_tip": [
0.021794810891151428,
-0.01288072019815445,
-0.02970336750149727
],
"r_index_mcp": [
-0.026776373386383057,
-0.00967103336006403,
-0.0017764526419341564
],
"r_index_pip": [
-0.03379034250974655,
-0.03689013049006462,
-6.867810952826403e-06
],
"r_index_dip": [
-0.037737809121608734,
-0.06372738629579544,
0.003656931919977069
],
"r_index_tip": [
-0.04180849343538284,
-0.08651940524578094,
-0.012701552361249924
],
"r_middle_mcp": [
-0.004971914924681187,
-0.0035916678607463837,
0.006888398434966803
],
"r_middle_pip": [
0.004813656210899353,
-0.04623463377356529,
0.005523979663848877
],
"r_middle_dip": [
0.0022388435900211334,
-0.0716136023402214,
9.283191320719197e-05
],
"r_middle_tip": [
0.006954066455364227,
-0.09957246482372284,
-0.005318294279277325
],
"r_ring_mcp": [
0.017892329022288322,
0.003218271303921938,
0.0031476393342018127
],
"r_ring_pip": [
0.02442776784300804,
-0.014053896069526672,
-0.02035587839782238
],
"r_ring_dip": [
0.015070058405399323,
0.0007028179243206978,
-0.03453413397073746
],
"r_ring_tip": [
0.009589429944753647,
0.02015908621251583,
-0.03423763066530228
],
"r_pinky_mcp": [
0.029366865754127502,
0.021344106644392014,
-0.005391200538724661
],
"r_pinky_pip": [
0.030566303059458733,
0.0044981446117162704,
-0.026008937507867813
],
"r_pinky_dip": [
0.022703159600496292,
0.01297470461577177,
-0.043124496936798096
],
"r_pinky_tip": [
0.01849324256181717,
0.03380359709262848,
-0.04076426848769188
]
}
],
"framerate": 30,
"mirrorable": true
}