{
"label": "m",
"gestures": [
{
"l_hand_position": null,
"l_wrist": null,
"l_thumb_cmc": null,
"l_thumb_mcp": null,
"l_thumb_ip": null,
"l_thumb_tip": null,
"l_index_mcp": null,
"l_index_pip": null,
"l_index_dip": null,
"l_index_tip": null,
"l_middle_mcp": null,
"l_middle_pip": null,
"l_middle_dip": null,
"l_middle_tip": null,
"l_ring_mcp": null,
"l_ring_pip": null,
"l_ring_dip": null,
"l_ring_tip": null,
"l_pinky_mcp": null,
"l_pinky_pip": null,
"l_pinky_dip": null,
"l_pinky_tip": null,
"r_hand_position": null,
"r_wrist": [
0.051452867686748505,
0.04375428706407547,
0.06859320402145386
],
"r_thumb_cmc": [
0.03669048473238945,
0.010693343356251717,
0.05990763381123543
],
"r_thumb_mcp": [
0.012173067778348923,
-0.013756407424807549,
0.05244867131114006
],
"r_thumb_ip": [
-0.005797046702355146,
-0.021537113934755325,
0.030113575980067253
],
"r_thumb_tip": [
-0.036389343440532684,
-0.016048617660999298,
0.011415744200348854
],
"r_index_mcp": [
0.00036162883043289185,
-0.02460458129644394,
0.0035822626668959856
],
"r_index_pip": [
-0.022066932171583176,
-0.02094556763768196,
-0.0005569640779867768
],
"r_index_dip": [
-0.04616595059633255,
-0.02442755550146103,
0.016082873567938805
],
"r_index_tip": [
-0.0648082047700882,
-0.023273969069123268,
0.036211419850587845
],
"r_middle_mcp": [
-0.0012690690346062183,
-0.005006337072700262,
-0.0031736933160573244
],
"r_middle_pip": [
-0.029647663235664368,
-0.009680090472102165,
0.0013836403377354145
],
"r_middle_dip": [
-0.05566363036632538,
-0.006508484482765198,
0.017786523327231407
],
"r_middle_tip": [
-0.06939872354269028,
-0.007228270173072815,
0.04257426783442497
],
"r_ring_mcp": [
-0.00272882217541337,
0.013697311282157898,
-0.005167326424270868
],
"r_ring_pip": [
-0.029864223673939705,
0.008853119798004627,
0.006638749036937952
],
"r_ring_dip": [
-0.04854384437203407,
0.00869958195835352,
0.022732295095920563
],
"r_ring_tip": [
-0.06242096796631813,
0.0038018077611923218,
0.036847345530986786
],
"r_pinky_mcp": [
-0.002066532149910927,
0.03693636506795883,
0.006950729060918093
],
"r_pinky_pip": [
-0.02423413284122944,
0.02806539088487625,
0.00962795875966549
],
"r_pinky_dip": [
-0.0416056290268898,
0.01915399171411991,
0.02329866774380207
],
"r_pinky_tip": [
-0.05160209909081459,
0.022943906486034393,
0.0327141210436821
]
}
],
"framerate": 30,
"mirrorable": true
}