{
"label": "m",
"gestures": [
{
"l_hand_position": null,
"l_wrist": null,
"l_thumb_cmc": null,
"l_thumb_mcp": null,
"l_thumb_ip": null,
"l_thumb_tip": null,
"l_index_mcp": null,
"l_index_pip": null,
"l_index_dip": null,
"l_index_tip": null,
"l_middle_mcp": null,
"l_middle_pip": null,
"l_middle_dip": null,
"l_middle_tip": null,
"l_ring_mcp": null,
"l_ring_pip": null,
"l_ring_dip": null,
"l_ring_tip": null,
"l_pinky_mcp": null,
"l_pinky_pip": null,
"l_pinky_dip": null,
"l_pinky_tip": null,
"r_hand_position": null,
"r_wrist": [
-0.08621945977210999,
0.012446938082575798,
0.0342104434967041
],
"r_thumb_cmc": [
-0.06071702763438225,
-0.010369561612606049,
0.03360246494412422
],
"r_thumb_mcp": [
-0.02938481792807579,
-0.013489614240825176,
0.04193329066038132
],
"r_thumb_ip": [
0.003015626687556505,
-0.01996360346674919,
0.04737468808889389
],
"r_thumb_tip": [
0.02768630161881447,
-0.023707225918769836,
0.03996270149946213
],
"r_index_mcp": [
-0.0007405121577903628,
-0.01969870924949646,
0.007144901901483536
],
"r_index_pip": [
0.02814221754670143,
-0.012044721283018589,
0.006323872599750757
],
"r_index_dip": [
0.0481063574552536,
-0.007549738511443138,
0.02070479467511177
],
"r_index_tip": [
0.06426206976175308,
-0.002301274798810482,
0.03949260711669922
],
"r_middle_mcp": [
0.00011172002996318042,
-0.005116838961839676,
-0.000771684804931283
],
"r_middle_pip": [
0.03720090538263321,
-4.756380803883076e-05,
-0.005997071508318186
],
"r_middle_dip": [
0.055844347923994064,
0.0012204134836792946,
0.0143164386972785
],
"r_middle_tip": [
0.07510804384946823,
0.0039951009675860405,
0.04181002825498581
],
"r_ring_mcp": [
9.94941801764071e-05,
0.010488777421414852,
-0.003617179114371538
],
"r_ring_pip": [
0.030922943726181984,
0.01689193584024906,
-0.005436730571091175
],
"r_ring_dip": [
0.052427422255277634,
0.020044822245836258,
0.011554640717804432
],
"r_ring_tip": [
0.06732860952615738,
0.01955317333340645,
0.037405844777822495
],
"r_pinky_mcp": [
-0.007756656967103481,
0.02672141045331955,
8.82889871718362e-05
],
"r_pinky_pip": [
0.01635013520717621,
0.029591651633381844,
0.00017313385615125299
],
"r_pinky_dip": [
0.039183616638183594,
0.03431428596377373,
0.013094603084027767
],
"r_pinky_tip": [
0.05446651577949524,
0.029651392251253128,
0.025545546784996986
]
}
],
"framerate": 30,
"mirrorable": true
}