{
"label": "m",
"gestures": [
{
"l_hand_position": null,
"l_wrist": null,
"l_thumb_cmc": null,
"l_thumb_mcp": null,
"l_thumb_ip": null,
"l_thumb_tip": null,
"l_index_mcp": null,
"l_index_pip": null,
"l_index_dip": null,
"l_index_tip": null,
"l_middle_mcp": null,
"l_middle_pip": null,
"l_middle_dip": null,
"l_middle_tip": null,
"l_ring_mcp": null,
"l_ring_pip": null,
"l_ring_dip": null,
"l_ring_tip": null,
"l_pinky_mcp": null,
"l_pinky_pip": null,
"l_pinky_dip": null,
"l_pinky_tip": null,
"r_hand_position": null,
"r_wrist": [
0.0792461484670639,
0.04338141158223152,
0.02872965671122074
],
"r_thumb_cmc": [
0.05366877466440201,
0.021132372319698334,
0.041802551597356796
],
"r_thumb_mcp": [
0.02694331482052803,
0.0026913778856396675,
0.05815251171588898
],
"r_thumb_ip": [
0.005471884738653898,
-0.003475185949355364,
0.06983853876590729
],
"r_thumb_tip": [
-0.014536947011947632,
0.003655926324427128,
0.07657372206449509
],
"r_index_mcp": [
-0.006404669489711523,
-0.021473372355103493,
0.015531389974057674
],
"r_index_pip": [
-0.02780054695904255,
-0.016893500462174416,
0.012617234140634537
],
"r_index_dip": [
-0.050526127219200134,
-0.019042378291487694,
0.017686352133750916
],
"r_index_tip": [
-0.07824208587408066,
-0.015731139108538628,
0.018018845468759537
],
"r_middle_mcp": [
-0.0021188445389270782,
-0.005512900650501251,
0.0006778648821637034
],
"r_middle_pip": [
-0.03443983197212219,
-0.008874488063156605,
-0.002627450507134199
],
"r_middle_dip": [
-0.06331875920295715,
-0.0059699807316064835,
0.002820150461047888
],
"r_middle_tip": [
-0.0872107595205307,
-0.006608340889215469,
0.011801624670624733
],
"r_ring_mcp": [
0.0004131319001317024,
0.012097254395484924,
-0.012327062897384167
],
"r_ring_pip": [
-0.027900882065296173,
0.010807020589709282,
-0.005267129745334387
],
"r_ring_dip": [
-0.05284779891371727,
0.010108893737196922,
-0.0005057384259998798
],
"r_ring_tip": [
-0.07549922168254852,
0.006637752056121826,
0.005972387734800577
],
"r_pinky_mcp": [
0.007908741012215614,
0.03790734335780144,
-0.013121822848916054
],
"r_pinky_pip": [
-0.016633689403533936,
0.030721833929419518,
-0.01075915340334177
],
"r_pinky_dip": [
-0.04238481819629669,
0.023917485028505325,
-0.0022066703531891108
],
"r_pinky_tip": [
-0.060497596859931946,
0.02266155183315277,
0.0038181121926754713
]
}
],
"framerate": 30,
"mirrorable": true
}