{
"label": "m",
"gestures": [
{
"l_hand_position": null,
"l_wrist": null,
"l_thumb_cmc": null,
"l_thumb_mcp": null,
"l_thumb_ip": null,
"l_thumb_tip": null,
"l_index_mcp": null,
"l_index_pip": null,
"l_index_dip": null,
"l_index_tip": null,
"l_middle_mcp": null,
"l_middle_pip": null,
"l_middle_dip": null,
"l_middle_tip": null,
"l_ring_mcp": null,
"l_ring_pip": null,
"l_ring_dip": null,
"l_ring_tip": null,
"l_pinky_mcp": null,
"l_pinky_pip": null,
"l_pinky_dip": null,
"l_pinky_tip": null,
"r_hand_position": null,
"r_wrist": [
0.0516275092959404,
0.03644116222858429,
0.06859080493450165
],
"r_thumb_cmc": [
0.03480078652501106,
0.006825370714068413,
0.060061898082494736
],
"r_thumb_mcp": [
0.012399043887853622,
-0.015408573672175407,
0.052652206271886826
],
"r_thumb_ip": [
-0.0027502654120326042,
-0.02221563458442688,
0.029865268617868423
],
"r_thumb_tip": [
-0.03033313900232315,
-0.015751412138342857,
0.011665455996990204
],
"r_index_mcp": [
-0.0034652366302907467,
-0.02136809192597866,
0.0021490752696990967
],
"r_index_pip": [
-0.02216077595949173,
-0.016761191189289093,
-0.000513018574565649
],
"r_index_dip": [
-0.043980903923511505,
-0.02131410501897335,
0.01691918820142746
],
"r_index_tip": [
-0.06506671011447906,
-0.01851508766412735,
0.03526559844613075
],
"r_middle_mcp": [
-0.0016245178412646055,
-0.004684935323894024,
-0.0034113710280507803
],
"r_middle_pip": [
-0.026853006333112717,
-0.006783824414014816,
0.0007180040120147169
],
"r_middle_dip": [
-0.05408790335059166,
-0.005299612879753113,
0.016082843765616417
],
"r_middle_tip": [
-0.06971587985754013,
-0.004913872107863426,
0.036847539246082306
],
"r_ring_mcp": [
-0.001897962298244238,
0.012740148231387138,
-0.004985551815479994
],
"r_ring_pip": [
-0.026922069489955902,
0.009473832324147224,
0.008169479668140411
],
"r_ring_dip": [
-0.046639200299978256,
0.009160430170595646,
0.02225336804986
],
"r_ring_tip": [
-0.06092004477977753,
0.004021152853965759,
0.03894812986254692
],
"r_pinky_mcp": [
0.0008616568520665169,
0.03428032249212265,
0.008193395100533962
],
"r_pinky_pip": [
-0.01959773525595665,
0.025211669504642487,
0.009654558263719082
],
"r_pinky_dip": [
-0.038360826671123505,
0.017945541068911552,
0.02332000434398651
],
"r_pinky_tip": [
-0.04736265912652016,
0.019779033958911896,
0.035862263292074203
]
}
],
"framerate": 30,
"mirrorable": true
}