{
"label": "m",
"gestures": [
{
"l_hand_position": null,
"l_wrist": null,
"l_thumb_cmc": null,
"l_thumb_mcp": null,
"l_thumb_ip": null,
"l_thumb_tip": null,
"l_index_mcp": null,
"l_index_pip": null,
"l_index_dip": null,
"l_index_tip": null,
"l_middle_mcp": null,
"l_middle_pip": null,
"l_middle_dip": null,
"l_middle_tip": null,
"l_ring_mcp": null,
"l_ring_pip": null,
"l_ring_dip": null,
"l_ring_tip": null,
"l_pinky_mcp": null,
"l_pinky_pip": null,
"l_pinky_dip": null,
"l_pinky_tip": null,
"r_hand_position": null,
"r_wrist": [
0.05083730071783066,
0.03752770647406578,
0.06985323876142502
],
"r_thumb_cmc": [
0.03360670804977417,
0.006423455663025379,
0.06177087873220444
],
"r_thumb_mcp": [
0.008687073364853859,
-0.01010088063776493,
0.051598697900772095
],
"r_thumb_ip": [
-0.007437174208462238,
-0.014006988145411015,
0.026360629126429558
],
"r_thumb_tip": [
-0.03668955713510513,
-0.011239596642553806,
0.002375019481405616
],
"r_index_mcp": [
-0.002288815565407276,
-0.02047034725546837,
0.002026886446401477
],
"r_index_pip": [
-0.02251918986439705,
-0.018549349159002304,
-0.0009907128987833858
],
"r_index_dip": [
-0.04458136484026909,
-0.021141793578863144,
0.013610555790364742
],
"r_index_tip": [
-0.06717776507139206,
-0.020148662850260735,
0.027096770703792572
],
"r_middle_mcp": [
-0.001188155496492982,
-0.004209828097373247,
-0.003306562779471278
],
"r_middle_pip": [
-0.024240467697381973,
-0.006423795595765114,
-0.0009384449222125113
],
"r_middle_dip": [
-0.05582481622695923,
-0.006850427016615868,
0.012367433868348598
],
"r_middle_tip": [
-0.07515298575162888,
-0.009849753230810165,
0.031467121094465256
],
"r_ring_mcp": [
-0.0006567672826349735,
0.011585427448153496,
-0.004316757433116436
],
"r_ring_pip": [
-0.023434953764081,
0.008847172372043133,
0.007171789649873972
],
"r_ring_dip": [
-0.048601821064949036,
0.008371306583285332,
0.018753811717033386
],
"r_ring_tip": [
-0.06675507873296738,
-0.0017512086778879166,
0.03323998674750328
],
"r_pinky_mcp": [
0.0015119807794690132,
0.030822817236185074,
0.007141326554119587
],
"r_pinky_pip": [
-0.019331520423293114,
0.02256164327263832,
0.008746389299631119
],
"r_pinky_dip": [
-0.039466191083192825,
0.014577195048332214,
0.022457046434283257
],
"r_pinky_tip": [
-0.05274505913257599,
0.014599867165088654,
0.030378295108675957
]
}
],
"framerate": 30,
"mirrorable": true
}