{
"label": "m",
"gestures": [
{
"l_hand_position": null,
"l_wrist": null,
"l_thumb_cmc": null,
"l_thumb_mcp": null,
"l_thumb_ip": null,
"l_thumb_tip": null,
"l_index_mcp": null,
"l_index_pip": null,
"l_index_dip": null,
"l_index_tip": null,
"l_middle_mcp": null,
"l_middle_pip": null,
"l_middle_dip": null,
"l_middle_tip": null,
"l_ring_mcp": null,
"l_ring_pip": null,
"l_ring_dip": null,
"l_ring_tip": null,
"l_pinky_mcp": null,
"l_pinky_pip": null,
"l_pinky_dip": null,
"l_pinky_tip": null,
"r_hand_position": null,
"r_wrist": [
0.05360487103462219,
0.03855632618069649,
0.06724651902914047
],
"r_thumb_cmc": [
0.033713679760694504,
0.0076523032039403915,
0.056781500577926636
],
"r_thumb_mcp": [
0.010793263092637062,
-0.008161678910255432,
0.049859821796417236
],
"r_thumb_ip": [
-0.004535614512860775,
-0.01047433353960514,
0.025061476975679398
],
"r_thumb_tip": [
-0.03105068951845169,
-0.0019929688423871994,
0.0030811766628175974
],
"r_index_mcp": [
-0.002936592325568199,
-0.021600721403956413,
0.0037913767155259848
],
"r_index_pip": [
-0.025347299873828888,
-0.020360197871923447,
-0.0006546235526911914
],
"r_index_dip": [
-0.04915863275527954,
-0.022527646273374557,
0.013692321255803108
],
"r_index_tip": [
-0.06839808076620102,
-0.02052789181470871,
0.03310550004243851
],
"r_middle_mcp": [
-0.0012572520645335317,
-0.004542198032140732,
-0.003252144204452634
],
"r_middle_pip": [
-0.031005598604679108,
-0.008737959899008274,
-1.4318007742986083e-05
],
"r_middle_dip": [
-0.05995862931013107,
-0.005301496013998985,
0.014518125914037228
],
"r_middle_tip": [
-0.07710865885019302,
-0.005806371569633484,
0.03737780451774597
],
"r_ring_mcp": [
-0.0007437304593622684,
0.012081259861588478,
-0.004850962199270725
],
"r_ring_pip": [
-0.028484012931585312,
0.01117388904094696,
0.006300719920545816
],
"r_ring_dip": [
-0.05130228400230408,
0.010202968493103981,
0.018285712227225304
],
"r_ring_tip": [
-0.06787368655204773,
0.002664908766746521,
0.033664826303720474
],
"r_pinky_mcp": [
0.003618374466896057,
0.03564639016985893,
0.005322798155248165
],
"r_pinky_pip": [
-0.02233954705297947,
0.02501305565237999,
0.007251853588968515
],
"r_pinky_dip": [
-0.04411609098315239,
0.01547848992049694,
0.020478464663028717
],
"r_pinky_tip": [
-0.05138711631298065,
0.01549149863421917,
0.030635930597782135
]
}
],
"framerate": 30,
"mirrorable": true
}