{
"label": "m",
"gestures": [
{
"l_hand_position": null,
"l_wrist": null,
"l_thumb_cmc": null,
"l_thumb_mcp": null,
"l_thumb_ip": null,
"l_thumb_tip": null,
"l_index_mcp": null,
"l_index_pip": null,
"l_index_dip": null,
"l_index_tip": null,
"l_middle_mcp": null,
"l_middle_pip": null,
"l_middle_dip": null,
"l_middle_tip": null,
"l_ring_mcp": null,
"l_ring_pip": null,
"l_ring_dip": null,
"l_ring_tip": null,
"l_pinky_mcp": null,
"l_pinky_pip": null,
"l_pinky_dip": null,
"l_pinky_tip": null,
"r_hand_position": null,
"r_wrist": [
0.07138965278863907,
0.004099579527974129,
0.044639039784669876
],
"r_thumb_cmc": [
0.03995535150170326,
-0.009017160162329674,
0.045889899134635925
],
"r_thumb_mcp": [
0.015418353490531445,
-0.014221379533410072,
0.05385912209749222
],
"r_thumb_ip": [
0.00384225114248693,
-0.01324151735752821,
0.05328952893614769
],
"r_thumb_tip": [
-0.011611750349402428,
0.00022280076518654823,
0.04420487955212593
],
"r_index_mcp": [
-0.007769870571792126,
-0.010661816224455833,
0.009486358612775803
],
"r_index_pip": [
-0.02073773741722107,
-0.0019750907085835934,
0.0077455369755625725
],
"r_index_dip": [
-0.041890889406204224,
0.007513398304581642,
0.021778032183647156
],
"r_index_tip": [
-0.06205544248223305,
0.026308616623282433,
0.03685157746076584
],
"r_middle_mcp": [
-0.002470148727297783,
-0.0019861343316733837,
-0.001260443008504808
],
"r_middle_pip": [
-0.02133997529745102,
0.007380800787359476,
0.002848918316885829
],
"r_middle_dip": [
-0.04569614306092262,
0.025492629036307335,
0.015116377733647823
],
"r_middle_tip": [
-0.0684686079621315,
0.03443928807973862,
0.036743804812431335
],
"r_ring_mcp": [
0.0015264875255525112,
0.006744560785591602,
-0.008241066709160805
],
"r_ring_pip": [
-0.012978170067071915,
0.01728017069399357,
0.00039670371916145086
],
"r_ring_dip": [
-0.03638594597578049,
0.03200453519821167,
0.012513851746916771
],
"r_ring_tip": [
-0.05785663425922394,
0.03743118792772293,
0.030079366639256477
],
"r_pinky_mcp": [
0.01562407985329628,
0.021542534232139587,
-0.002865710062906146
],
"r_pinky_pip": [
-0.0027283215895295143,
0.02578645758330822,
-0.0008061396074481308
],
"r_pinky_dip": [
-0.024653131142258644,
0.031489722430706024,
0.010525060817599297
],
"r_pinky_tip": [
-0.035333964973688126,
0.03629537299275398,
0.020581841468811035
]
}
],
"framerate": 30,
"mirrorable": true
}