{
    "label": "S",
    "label_id": 19,
    "gestures": [
        {
            "wrist": [
                0.00915229320526123,
                0.086544930934906,
                -0.04073091968894005
            ],
            "thumb_cmc": [
                -0.01568622700870037,
                0.05727383494377136,
                -0.053321972489356995
            ],
            "thumb_mcp": [
                -0.014994783326983452,
                0.022872798144817352,
                -0.054016321897506714
            ],
            "thumb_ip": [
                -0.007645860314369202,
                -0.014776920899748802,
                -0.0442926399409771
            ],
            "thumb_tip": [
                0.011532185599207878,
                -0.04064029082655907,
                -0.029790952801704407
            ],
            "index_mcp": [
                -0.029558487236499786,
                -0.006421620491892099,
                -0.0072170039638876915
            ],
            "index_pip": [
                -0.03154406696557999,
                -0.02881452813744545,
                -0.022573988884687424
            ],
            "index_dip": [
                -0.029061218723654747,
                -0.021133843809366226,
                -0.032361455261707306
            ],
            "index_tip": [
                -0.02976568229496479,
                -0.0033800380770117044,
                -0.02924533188343048
            ],
            "middle_mcp": [
                -0.006679564248770475,
                -0.0035047754645347595,
                0.0069571551866829395
            ],
            "middle_pip": [
                -0.0019261110574007034,
                -0.026581965386867523,
                -0.02096494659781456
            ],
            "middle_dip": [
                -0.008696815930306911,
                -0.010438989847898483,
                -0.03647321090102196
            ],
            "middle_tip": [
                -0.005780286155641079,
                -0.002816797699779272,
                -0.020673885941505432
            ],
            "ring_mcp": [
                0.018883924931287766,
                0.0029725651256740093,
                0.0060482206754386425
            ],
            "ring_pip": [
                0.01607201248407364,
                -0.010730261914432049,
                -0.024800874292850494
            ],
            "ring_dip": [
                0.009167147800326347,
                0.0074603804387152195,
                -0.035881124436855316
            ],
            "ring_tip": [
                0.015407426282763481,
                0.015632912516593933,
                -0.01788443699479103
            ],
            "pinky_mcp": [
                0.03312196210026741,
                0.015962285920977592,
                -0.0023184972815215588
            ],
            "pinky_pip": [
                0.02926613762974739,
                0.002342646475881338,
                -0.02499157004058361
            ],
            "pinky_dip": [
                0.02070794440805912,
                0.018273137509822845,
                -0.03934290260076523
            ],
            "pinky_tip": [
                0.028016582131385803,
                0.02753574401140213,
                -0.02670297957956791
            ]
        }
    ]
}