{
"label": "s",
"gestures": [
{
"l_hand_position": null,
"l_wrist": null,
"l_thumb_cmc": null,
"l_thumb_mcp": null,
"l_thumb_ip": null,
"l_thumb_tip": null,
"l_index_mcp": null,
"l_index_pip": null,
"l_index_dip": null,
"l_index_tip": null,
"l_middle_mcp": null,
"l_middle_pip": null,
"l_middle_dip": null,
"l_middle_tip": null,
"l_ring_mcp": null,
"l_ring_pip": null,
"l_ring_dip": null,
"l_ring_tip": null,
"l_pinky_mcp": null,
"l_pinky_pip": null,
"l_pinky_dip": null,
"l_pinky_tip": null,
"r_hand_position": null,
"r_wrist": [
-0.044627297669649124,
0.07700170576572504,
-0.021057380363345504
],
"r_thumb_cmc": [
-0.005207637324929237,
0.0664742961525924,
-0.02865040674805661
],
"r_thumb_mcp": [
0.014747935347259045,
0.0402440503239635,
-0.037256494164467246
],
"r_thumb_ip": [
0.014400938525795937,
-0.0015152837149799217,
-0.037815701216459656
],
"r_thumb_tip": [
-0.0018260236829519272,
-0.03510955721139942,
-0.02841222286224393
],
"r_index_mcp": [
0.027605552226305008,
0.00806111004203568,
9.533006959828217e-05
],
"r_index_pip": [
0.038177140057086945,
-0.013424162752926525,
-0.015694927424192658
],
"r_index_dip": [
0.03398684412240982,
-0.009834332391619814,
-0.02903579734265835
],
"r_index_tip": [
0.023043543100357056,
0.009658967144787436,
-0.030712218955159583
],
"r_middle_mcp": [
0.004255460109561682,
-0.003942241426557343,
0.00823936052620417
],
"r_middle_pip": [
0.0156923346221447,
-0.030063103884458906,
-0.018358897417783907
],
"r_middle_dip": [
0.010378947481513023,
-0.01681715995073344,
-0.033030297607183894
],
"r_middle_tip": [
0.00782228633761406,
-0.0029701702296734567,
-0.027441997081041617
],
"r_ring_mcp": [
-0.01850995421409607,
-0.004878447856754127,
0.0016598260262981265
],
"r_ring_pip": [
-0.010485375300049782,
-0.024176873266697145,
-0.025191977620125067
],
"r_ring_dip": [
-0.010689410381019115,
-0.004327210597694066,
-0.03148396685719526
],
"r_ring_tip": [
-0.012763637118041515,
0.00915223360061647,
-0.022486044093966723
],
"r_pinky_mcp": [
-0.044046416878700256,
-0.003323052078485557,
-0.009585714899003596
],
"r_pinky_pip": [
-0.034059278666973114,
-0.012928272597491903,
-0.027799786999821857
],
"r_pinky_dip": [
-0.029712824150919914,
0.006790027953684344,
-0.03816602006554634
],
"r_pinky_tip": [
-0.0344124436378479,
0.018133759498596417,
-0.029294263571501163
]
}
],
"framerate": 30,
"mirrorable": true
}