{
"label": "s",
"gestures": [
{
"l_hand_position": null,
"l_wrist": null,
"l_thumb_cmc": null,
"l_thumb_mcp": null,
"l_thumb_ip": null,
"l_thumb_tip": null,
"l_index_mcp": null,
"l_index_pip": null,
"l_index_dip": null,
"l_index_tip": null,
"l_middle_mcp": null,
"l_middle_pip": null,
"l_middle_dip": null,
"l_middle_tip": null,
"l_ring_mcp": null,
"l_ring_pip": null,
"l_ring_dip": null,
"l_ring_tip": null,
"l_pinky_mcp": null,
"l_pinky_pip": null,
"l_pinky_dip": null,
"l_pinky_tip": null,
"r_hand_position": [
-0.33986395597457886,
0.30700141191482544,
-0.500000277924812
],
"r_wrist": [
-0.01901785098016262,
0.09211467951536179,
-0.037178266793489456
],
"r_thumb_cmc": [
0.010352438315749168,
0.06881102919578552,
-0.04210398718714714
],
"r_thumb_mcp": [
0.02055956795811653,
0.03321633115410805,
-0.05163440853357315
],
"r_thumb_ip": [
0.009226994588971138,
-0.005373216699808836,
-0.04905879124999046
],
"r_thumb_tip": [
-0.013463492505252361,
-0.033588528633117676,
-0.03860165923833847
],
"r_index_mcp": [
0.028024226427078247,
-0.001712976023554802,
0.002462437143549323
],
"r_index_pip": [
0.03496045619249344,
-0.02257605828344822,
-0.018647117540240288
],
"r_index_dip": [
0.03189817816019058,
-0.015578579157590866,
-0.034196723252534866
],
"r_index_tip": [
0.026929406449198723,
-0.00010474957525730133,
-0.03621537983417511
],
"r_middle_mcp": [
0.0031411517411470413,
-0.004828824196010828,
0.00935730803757906
],
"r_middle_pip": [
0.012056942097842693,
-0.03385248780250549,
-0.020428510382771492
],
"r_middle_dip": [
0.01310388371348381,
-0.013490185141563416,
-0.03908197954297066
],
"r_middle_tip": [
0.009661968797445297,
-0.0042552221566438675,
-0.027128374204039574
],
"r_ring_mcp": [
-0.01918986067175865,
2.6113353669643402e-05,
-0.0001562240649946034
],
"r_ring_pip": [
-0.009595160372555256,
-0.01463551539927721,
-0.031187262386083603
],
"r_ring_dip": [
-0.004095299169421196,
0.006277533248066902,
-0.039655689150094986
],
"r_ring_tip": [
-0.008165504783391953,
0.017629705369472504,
-0.02393493801355362
],
"r_pinky_mcp": [
-0.04152713716030121,
0.012906980700790882,
-0.012238216586411
],
"r_pinky_pip": [
-0.02953764982521534,
0.0030789105221629143,
-0.03533487394452095
],
"r_pinky_dip": [
-0.021070268005132675,
0.01691562496125698,
-0.048883650451898575
],
"r_pinky_tip": [
-0.028462626039981842,
0.02648252248764038,
-0.033763542771339417
]
}
],
"framerate": 30,
"mirrorable": true
}