{
"label": "s",
"gestures": [
{
"l_hand_position": null,
"l_wrist": null,
"l_thumb_cmc": null,
"l_thumb_mcp": null,
"l_thumb_ip": null,
"l_thumb_tip": null,
"l_index_mcp": null,
"l_index_pip": null,
"l_index_dip": null,
"l_index_tip": null,
"l_middle_mcp": null,
"l_middle_pip": null,
"l_middle_dip": null,
"l_middle_tip": null,
"l_ring_mcp": null,
"l_ring_pip": null,
"l_ring_dip": null,
"l_ring_tip": null,
"l_pinky_mcp": null,
"l_pinky_pip": null,
"l_pinky_dip": null,
"l_pinky_tip": null,
"r_hand_position": [
-0.4229579046368599,
0.39559614658355713,
-0.5000001737571722
],
"r_wrist": [
-0.01939336396753788,
0.08819159865379333,
-0.029050443321466446
],
"r_thumb_cmc": [
0.011401556432247162,
0.06550994515419006,
-0.040361639112234116
],
"r_thumb_mcp": [
0.02464333176612854,
0.033407874405384064,
-0.045466795563697815
],
"r_thumb_ip": [
0.016397878527641296,
-0.0038341647014021873,
-0.04337500408291817
],
"r_thumb_tip": [
-0.003900430165231228,
-0.032451082020998,
-0.03298724815249443
],
"r_index_mcp": [
0.028128404170274734,
-0.002149149775505066,
0.0008393627940677106
],
"r_index_pip": [
0.037227485328912735,
-0.0237254798412323,
-0.016670668497681618
],
"r_index_dip": [
0.03695426136255264,
-0.01665160246193409,
-0.03231433033943176
],
"r_index_tip": [
0.03024105168879032,
0.0012491093948483467,
-0.035077378153800964
],
"r_middle_mcp": [
0.0030573063995689154,
-0.005432142876088619,
0.009083922952413559
],
"r_middle_pip": [
0.013019079342484474,
-0.032314233481884,
-0.02153601124882698
],
"r_middle_dip": [
0.015513043850660324,
-0.009878424927592278,
-0.03934990242123604
],
"r_middle_tip": [
0.015203988179564476,
0.0005094287917017937,
-0.021099144592881203
],
"r_ring_mcp": [
-0.01961928978562355,
0.0003083813935518265,
0.001789816073141992
],
"r_ring_pip": [
-0.01104496605694294,
-0.010185698047280312,
-0.03139151260256767
],
"r_ring_dip": [
-0.005807715933769941,
0.011857732199132442,
-0.04013543948531151
],
"r_ring_tip": [
-0.0070759993977844715,
0.02378297969698906,
-0.01986154355108738
],
"r_pinky_mcp": [
-0.041321925818920135,
0.013192040845751762,
-0.009641602635383606
],
"r_pinky_pip": [
-0.03256557881832123,
0.004297902807593346,
-0.03350614383816719
],
"r_pinky_dip": [
-0.02353707328438759,
0.019925298169255257,
-0.04668806493282318
],
"r_pinky_tip": [
-0.02703014388680458,
0.030174991115927696,
-0.032410506159067154
]
}
],
"framerate": 30,
"mirrorable": true
}