{
"label": "s",
"gestures": [
{
"l_hand_position": [
0.8269596695899963,
0.6508680582046509,
-4.449753703283932e-07
],
"l_wrist": [
-0.0037743207067251205,
0.08405449241399765,
0.00271219271235168
],
"l_thumb_cmc": [
-0.02774236351251602,
0.05720732361078262,
-0.009059404954314232
],
"l_thumb_mcp": [
-0.0391022190451622,
0.029283858835697174,
-0.004297965671867132
],
"l_thumb_ip": [
-0.04243592917919159,
-0.00012097693979740143,
-0.013572243973612785
],
"l_thumb_tip": [
-0.01731574349105358,
-0.0016182716935873032,
-0.017995111644268036
],
"l_index_mcp": [
-0.02885843627154827,
-0.006310988217592239,
0.009419561363756657
],
"l_index_pip": [
-0.035718098282814026,
-0.014192052185535431,
-0.014462904073297977
],
"l_index_dip": [
-0.03708294406533241,
-0.0017810892313718796,
-0.02043396607041359
],
"l_index_tip": [
-0.03411336988210678,
0.01246199943125248,
-0.0030839291866868734
],
"l_middle_mcp": [
-0.004596420098096132,
-0.005629364401102066,
0.0071095810271799564
],
"l_middle_pip": [
-0.012928284704685211,
-0.020475346595048904,
-0.023171542212367058
],
"l_middle_dip": [
-0.02301066182553768,
0.00417722575366497,
-0.0337383970618248
],
"l_middle_tip": [
-0.012004788964986801,
0.008265234529972076,
-0.003662001108750701
],
"l_ring_mcp": [
0.01819540001451969,
0.0028154689352959394,
-0.005383380223065615
],
"l_ring_pip": [
0.0015870945062488317,
-0.0068029845133423805,
-0.034031711518764496
],
"l_ring_dip": [
-0.0045840381644666195,
0.015550503507256508,
-0.03689279779791832
],
"l_ring_tip": [
0.005911051761358976,
0.024988986551761627,
-0.015864208340644836
],
"l_pinky_mcp": [
0.028704728931188583,
0.018342480063438416,
-0.01666462980210781
],
"l_pinky_pip": [
0.018052367493510246,
0.00981578417122364,
-0.033706482499837875
],
"l_pinky_dip": [
0.007318050134927034,
0.024800818413496017,
-0.04122864454984665
],
"l_pinky_tip": [
0.014871512539684772,
0.0329701267182827,
-0.031378697603940964
],
"r_hand_position": null,
"r_wrist": null,
"r_thumb_cmc": null,
"r_thumb_mcp": null,
"r_thumb_ip": null,
"r_thumb_tip": null,
"r_index_mcp": null,
"r_index_pip": null,
"r_index_dip": null,
"r_index_tip": null,
"r_middle_mcp": null,
"r_middle_pip": null,
"r_middle_dip": null,
"r_middle_tip": null,
"r_ring_mcp": null,
"r_ring_pip": null,
"r_ring_dip": null,
"r_ring_tip": null,
"r_pinky_mcp": null,
"r_pinky_pip": null,
"r_pinky_dip": null,
"r_pinky_tip": null
}
],
"framerate": 30,
"mirrorable": true
}