{
"label": "s",
"gestures": [
{
"l_hand_position": null,
"l_wrist": [
0.028206370770931244,
0.08459249883890152,
0.018518978729844093
],
"l_thumb_cmc": [
-0.005438721738755703,
0.07438334077596664,
-0.0022712433710694313
],
"l_thumb_mcp": [
-0.02905433624982834,
0.05000528320670128,
-0.0035299775190651417
],
"l_thumb_ip": [
-0.049589019268751144,
0.016342446208000183,
-0.013844563625752926
],
"l_thumb_tip": [
-0.02963864617049694,
-0.002528140554204583,
-0.024558736011385918
],
"l_index_mcp": [
-0.02996312640607357,
0.006541087292134762,
0.0017204362666234374
],
"l_index_pip": [
-0.03467179462313652,
0.0030992168467491865,
-0.028077365830540657
],
"l_index_dip": [
-0.030679648742079735,
0.017197277396917343,
-0.03356270119547844
],
"l_index_tip": [
-0.023944774642586708,
0.022153440862894058,
-0.006936521269381046
],
"l_middle_mcp": [
-0.00739900441840291,
-0.0037380075082182884,
0.006667752284556627
],
"l_middle_pip": [
-0.013261300511658192,
-0.010643494315445423,
-0.03391898050904274
],
"l_middle_dip": [
-0.01298591960221529,
0.01982305571436882,
-0.03942747786641121
],
"l_middle_tip": [
-0.006385155487805605,
0.014835097827017307,
0.0012574315769597888
],
"l_ring_mcp": [
0.018707312643527985,
-0.005308177787810564,
-0.00012308201985433698
],
"l_ring_pip": [
0.0062719546258449554,
-0.008259751833975315,
-0.036876335740089417
],
"l_ring_dip": [
0.009203857742249966,
0.015814825892448425,
-0.03958744555711746
],
"l_ring_tip": [
0.020344693213701248,
0.01942315697669983,
-0.009592781774699688
],
"l_pinky_mcp": [
0.03432965278625488,
0.006272778380662203,
-0.005427716765552759
],
"l_pinky_pip": [
0.02862662822008133,
-0.0031678341329097748,
-0.02887948602437973
],
"l_pinky_dip": [
0.025780200958251953,
0.018742581829428673,
-0.04072244465351105
],
"l_pinky_tip": [
0.03451097011566162,
0.02061493694782257,
-0.029085824266076088
],
"r_hand_position": [
0.22587066888809204,
0.1670389175415039,
-0.5000009816858437
],
"r_wrist": null,
"r_thumb_cmc": null,
"r_thumb_mcp": null,
"r_thumb_ip": null,
"r_thumb_tip": null,
"r_index_mcp": null,
"r_index_pip": null,
"r_index_dip": null,
"r_index_tip": null,
"r_middle_mcp": null,
"r_middle_pip": null,
"r_middle_dip": null,
"r_middle_tip": null,
"r_ring_mcp": null,
"r_ring_pip": null,
"r_ring_dip": null,
"r_ring_tip": null,
"r_pinky_mcp": null,
"r_pinky_pip": null,
"r_pinky_dip": null,
"r_pinky_tip": null,
"l_hand_velocity": null,
"r_hand_velocity": null,
"m_nose_point": null,
"m_top_nose": null,
"m_eyebrows": null,
"m_forehead": null,
"m_top_chin": null,
"m_bot_up_lip": null,
"m_top_low_lip": null,
"m_bot_nose": null,
"m_chin": null,
"m_nose": null,
"l_eye_exterior": null,
"l_temple": null,
"l_mid_chin": null,
"l_up_lip": null,
"l_ext_nostril": null,
"l_mid_cheek": null,
"l_mid_eyebrow": null,
"l_ext_eyebrow": null,
"l_ext_lips": null,
"l_jaw_angle": null,
"l_mid_ext_face": null,
"l_int_eyebrow": null,
"l_mid_jaw": null,
"l_mid_bot_eyelid": null,
"l_ext_mouth": null,
"l_top_eyelid": null,
"l_eye_int": null,
"l_pupil": null,
"r_eye_exterior": null,
"r_temple": null,
"r_mid_chin": null,
"r_up_lip": null,
"r_ext_nostril": null,
"r_mid_cheek": null,
"r_mid_eyebrow": null,
"r_ext_eyebrow": null,
"r_ext_lips": null,
"r_jaw_angle": null,
"r_mid_ext_face": null,
"r_int_eyebrow": null,
"r_mid_jaw": null,
"r_mid_bot_eyelid": null,
"r_ext_mouth": null,
"r_top_eyelid": null,
"r_eye_int": null,
"r_pupil": null,
"l_shoudler": null,
"l_elbow": null,
"l_hip": null,
"l_knee": null,
"l_ankle": null,
"r_shoudler": null,
"r_elbow": null,
"r_hip": null,
"r_knee": null,
"r_ankle": null
}
],
"framerate": 30,
"mirrorable": true,
"invalid": false
}