{
"label": "s",
"gestures": [
{
"l_hand_position": null,
"l_wrist": null,
"l_thumb_cmc": null,
"l_thumb_mcp": null,
"l_thumb_ip": null,
"l_thumb_tip": null,
"l_index_mcp": null,
"l_index_pip": null,
"l_index_dip": null,
"l_index_tip": null,
"l_middle_mcp": null,
"l_middle_pip": null,
"l_middle_dip": null,
"l_middle_tip": null,
"l_ring_mcp": null,
"l_ring_pip": null,
"l_ring_dip": null,
"l_ring_tip": null,
"l_pinky_mcp": null,
"l_pinky_pip": null,
"l_pinky_dip": null,
"l_pinky_tip": null,
"r_hand_position": [
-0.2629936635494232,
0.11394524574279785,
-0.5000002096885368
],
"r_wrist": [
-0.013750975951552391,
0.08899551630020142,
-0.031084805727005005
],
"r_thumb_cmc": [
0.02048497274518013,
0.06691526621580124,
-0.03752448037266731
],
"r_thumb_mcp": [
0.03680457919836044,
0.036424193531274796,
-0.03965991735458374
],
"r_thumb_ip": [
0.02781088836491108,
-0.000491756945848465,
-0.04263168200850487
],
"r_thumb_tip": [
-0.007665593177080154,
-0.013612259179353714,
-0.038107700645923615
],
"r_index_mcp": [
0.0293707437813282,
0.001386198215186596,
0.002105454681441188
],
"r_index_pip": [
0.03295480087399483,
-0.019860729575157166,
-0.017324045300483704
],
"r_index_dip": [
0.03252416476607323,
-0.010552113875746727,
-0.027785325422883034
],
"r_index_tip": [
0.026962345466017723,
0.009730931371450424,
-0.01808902435004711
],
"r_middle_mcp": [
0.002334035700187087,
-0.00366561533883214,
0.008656462654471397
],
"r_middle_pip": [
0.006757192313671112,
-0.02874736860394478,
-0.019414879381656647
],
"r_middle_dip": [
0.008816322311758995,
-0.0055646877735853195,
-0.03352738171815872
],
"r_middle_tip": [
0.011286105029284954,
0.006571870297193527,
-0.012358336709439754
],
"r_ring_mcp": [
-0.020552020519971848,
-0.002257993910461664,
0.0005045927246101201
],
"r_ring_pip": [
-0.017367850989103317,
-0.01870611496269703,
-0.027247948572039604
],
"r_ring_dip": [
-0.008181033656001091,
0.003985755145549774,
-0.034973666071891785
],
"r_ring_tip": [
-0.003744250163435936,
0.019647808745503426,
-0.01815050281584263
],
"r_pinky_mcp": [
-0.042662739753723145,
0.00851784460246563,
-0.012191393412649632
],
"r_pinky_pip": [
-0.036328863352537155,
-0.0071886517107486725,
-0.02728569507598877
],
"r_pinky_dip": [
-0.02364278957247734,
0.005492707714438438,
-0.04254365339875221
],
"r_pinky_tip": [
-0.024065079167485237,
0.02009788528084755,
-0.035867612808942795
]
}
],
"framerate": 30,
"mirrorable": true
}