{
"label": "s",
"gestures": [
{
"l_hand_position": null,
"l_wrist": null,
"l_thumb_cmc": null,
"l_thumb_mcp": null,
"l_thumb_ip": null,
"l_thumb_tip": null,
"l_index_mcp": null,
"l_index_pip": null,
"l_index_dip": null,
"l_index_tip": null,
"l_middle_mcp": null,
"l_middle_pip": null,
"l_middle_dip": null,
"l_middle_tip": null,
"l_ring_mcp": null,
"l_ring_pip": null,
"l_ring_dip": null,
"l_ring_tip": null,
"l_pinky_mcp": null,
"l_pinky_pip": null,
"l_pinky_dip": null,
"l_pinky_tip": null,
"r_hand_position": [
-0.2679983079433441,
0.12480419874191284,
-0.500000087851852
],
"r_wrist": [
-0.022065646946430206,
0.08339088410139084,
0.04213473200798035
],
"r_thumb_cmc": [
0.01750250905752182,
0.06982787698507309,
0.02124386839568615
],
"r_thumb_mcp": [
0.038392119109630585,
0.04962736740708351,
0.006405985448509455
],
"r_thumb_ip": [
0.030558571219444275,
0.024192368611693382,
-0.01805759221315384
],
"r_thumb_tip": [
-0.007214386016130447,
0.02119569107890129,
-0.025449948385357857
],
"r_index_mcp": [
0.028140366077423096,
-0.003854299895465374,
0.003613778855651617
],
"r_index_pip": [
0.03517913073301315,
-0.008117211982607841,
-0.024752559140324593
],
"r_index_dip": [
0.033913906663656235,
0.008248726837337017,
-0.026302305981516838
],
"r_index_tip": [
0.024732910096645355,
0.020153257995843887,
-0.003427720395848155
],
"r_middle_mcp": [
0.002397382166236639,
-0.0070037213154137135,
0.004813740029931068
],
"r_middle_pip": [
0.013539462350308895,
-0.016419366002082825,
-0.03159391134977341
],
"r_middle_dip": [
0.012553122825920582,
0.013192432001233101,
-0.039217401295900345
],
"r_middle_tip": [
0.011085734702646732,
0.013072826899588108,
-0.0077914223074913025
],
"r_ring_mcp": [
-0.019798053428530693,
-0.0001724548637866974,
-0.0021730486769229174
],
"r_ring_pip": [
-0.012675730511546135,
0.00010058796033263206,
-0.0347113274037838
],
"r_ring_dip": [
-0.005527844652533531,
0.025316305458545685,
-0.03341866657137871
],
"r_ring_tip": [
-0.006525425240397453,
0.029631804674863815,
-0.00812998041510582
],
"r_pinky_mcp": [
-0.04325135052204132,
0.016819123178720474,
-0.006635498721152544
],
"r_pinky_pip": [
-0.03321468457579613,
0.014908913522958755,
-0.025408167392015457
],
"r_pinky_dip": [
-0.019929299131035805,
0.029458442702889442,
-0.03203171119093895
],
"r_pinky_tip": [
-0.023049982264637947,
0.03455920144915581,
-0.018290100619196892
]
}
],
"framerate": 30,
"mirrorable": true
}