{
"label": "s",
"gestures": [
{
"l_hand_position": null,
"l_wrist": null,
"l_thumb_cmc": null,
"l_thumb_mcp": null,
"l_thumb_ip": null,
"l_thumb_tip": null,
"l_index_mcp": null,
"l_index_pip": null,
"l_index_dip": null,
"l_index_tip": null,
"l_middle_mcp": null,
"l_middle_pip": null,
"l_middle_dip": null,
"l_middle_tip": null,
"l_ring_mcp": null,
"l_ring_pip": null,
"l_ring_dip": null,
"l_ring_tip": null,
"l_pinky_mcp": null,
"l_pinky_pip": null,
"l_pinky_dip": null,
"l_pinky_tip": null,
"r_hand_position": null,
"r_wrist": [
-0.03364015743136406,
0.0630829632282265,
0.026660289615392845
],
"r_thumb_cmc": [
0.0006592255085706711,
0.053008906543255324,
0.00803761370480064
],
"r_thumb_mcp": [
0.031829167157411575,
0.03457895666360895,
0.003987079951912173
],
"r_thumb_ip": [
0.04313381761312485,
0.003758508712053332,
-0.005555775482207601
],
"r_thumb_tip": [
0.019892526790499687,
-0.017586169764399723,
-0.0058510750532150555
],
"r_index_mcp": [
0.026760604232549667,
-0.002319835126400021,
-0.0005846250569447899
],
"r_index_pip": [
0.02874644473195076,
-0.011316636577248683,
-0.021799275651574402
],
"r_index_dip": [
0.025243215262889862,
0.0014786794781685066,
-0.02588916383683711
],
"r_index_tip": [
0.013488247990608215,
0.020936373621225576,
-0.015923952683806607
],
"r_middle_mcp": [
0.0033078656997531652,
-0.004239172674715551,
0.006158218253403971
],
"r_middle_pip": [
0.00845346599817276,
-0.022327836602926535,
-0.027303764596581872
],
"r_middle_dip": [
-8.139631245285273e-05,
0.0038595870137215923,
-0.037612192332745036
],
"r_middle_tip": [
0.002213899977505207,
0.02252399921417258,
-0.015996206551790463
],
"r_ring_mcp": [
-0.017427798360586166,
-0.0006659505888819787,
0.0005779734347015678
],
"r_ring_pip": [
-0.013586288318037987,
-0.01644079573452494,
-0.029648669064045223
],
"r_ring_dip": [
-0.014197664335370064,
0.005423470400273781,
-0.03428316488862077
],
"r_ring_tip": [
-0.015388937667012215,
0.02544932812452343,
-0.015793692320585428
],
"r_pinky_mcp": [
-0.04446948692202568,
0.006316930055618361,
-0.0023148555774242085
],
"r_pinky_pip": [
-0.03934815526008606,
-0.0038324240595102735,
-0.01773024164140248
],
"r_pinky_dip": [
-0.03265254944562912,
0.009170516394078792,
-0.02846178039908443
],
"r_pinky_tip": [
-0.03409690037369728,
0.02363358996808548,
-0.017434259876609032
]
}
],
"framerate": 30,
"mirrorable": true
}