{
    "label": "S",
    "label_id": 19,
    "gestures": [
        {
            "wrist": [
                -0.011181741952896118,
                0.08849257230758667,
                -0.04903201758861542
            ],
            "thumb_cmc": [
                0.019435305148363113,
                0.06682732701301575,
                -0.03723045065999031
            ],
            "thumb_mcp": [
                0.04032830893993378,
                0.034179285168647766,
                -0.02703293226659298
            ],
            "thumb_ip": [
                0.04655966907739639,
                -0.004646921530365944,
                -0.02036440558731556
            ],
            "thumb_tip": [
                0.031086357310414314,
                -0.0368206687271595,
                -0.025336390361189842
            ],
            "index_mcp": [
                0.019618669524788857,
                0.0017161481082439423,
                0.01468227244913578
            ],
            "index_pip": [
                0.030753809958696365,
                -0.01528077106922865,
                0.00077871885150671
            ],
            "index_dip": [
                0.03688734397292137,
                -0.004329187795519829,
                -0.007090369239449501
            ],
            "index_tip": [
                0.024731110781431198,
                0.013875702396035194,
                -0.006193165667355061
            ],
            "middle_mcp": [
                -0.0012421830324456096,
                -0.004988796077668667,
                0.010287005454301834
            ],
            "middle_pip": [
                0.01836717501282692,
                -0.025007952004671097,
                -0.010952559299767017
            ],
            "middle_dip": [
                0.02397153712809086,
                -0.005853425711393356,
                -0.02176249586045742
            ],
            "middle_tip": [
                0.016264332458376884,
                0.011730014346539974,
                -0.013296390883624554
            ],
            "ring_mcp": [
                -0.014468582347035408,
                -0.0024498854763805866,
                -0.009093120694160461
            ],
            "ring_pip": [
                0.008478054776787758,
                -0.018933996558189392,
                -0.02889193966984749
            ],
            "ring_dip": [
                0.016079500317573547,
                0.0013797329738736153,
                -0.03364986926317215
            ],
            "ring_tip": [
                0.0064047276973724365,
                0.018090911209583282,
                -0.023746304214000702
            ],
            "pinky_mcp": [
                -0.02418375015258789,
                0.005668177269399166,
                -0.028132515028119087
            ],
            "pinky_pip": [
                -0.004116417374461889,
                -0.004463133402168751,
                -0.042360272258520126
            ],
            "pinky_dip": [
                0.007453626953065395,
                0.008382950909435749,
                -0.05080130323767662
            ],
            "pinky_tip": [
                -0.0031970907002687454,
                0.022100497037172318,
                -0.04456178471446037
            ]
        }
    ]
}