{
"label": "s",
"gestures": [
{
"l_hand_position": null,
"l_wrist": [
0.0038117635995149612,
0.08689229935407722,
-0.024373922497034316
],
"l_thumb_cmc": [
-0.018199317157268524,
0.05610273405909602,
-0.04013083502650325
],
"l_thumb_mcp": [
-0.018424250185489655,
0.02252416498959089,
-0.0393804833292966
],
"l_thumb_ip": [
-0.014870899729430676,
-0.014445941895246735,
-0.03370216488838236
],
"l_thumb_tip": [
0.0018904712051153183,
-0.03921801969409032,
-0.022050216794014168
],
"l_index_mcp": [
-0.028488053008913994,
-0.009039175696671094,
-0.0041918861679732956
],
"l_index_pip": [
-0.030192382633686066,
-0.02755443565547496,
-0.019350392743945337
],
"l_index_dip": [
-0.029454117640852928,
-0.020740542560816002,
-0.02709953114390397
],
"l_index_tip": [
-0.033400051295757294,
-0.0018405271694064626,
-0.023935219272971393
],
"l_middle_mcp": [
-0.005961365066468716,
-0.003866202197969009,
0.0071529010310770105
],
"l_middle_pip": [
-0.0009541427716612816,
-0.027039855718612896,
-0.021693127229809896
],
"l_middle_dip": [
-0.007979187183082104,
-0.009662953205406779,
-0.03752924874424969
],
"l_middle_tip": [
-0.0058960081078112125,
-0.0018373334314674443,
-0.01672213338315499
],
"l_ring_mcp": [
0.018153414130210876,
0.004445669706910901,
0.003758523613214533
],
"l_ring_pip": [
0.018003283068537712,
-0.007447917014360518,
-0.026429032906890176
],
"l_ring_dip": [
0.011312592774629593,
0.011035021394491275,
-0.03721988573670419
],
"l_ring_tip": [
0.013494960963726044,
0.01918661780655402,
-0.01876768283545987
],
"l_pinky_mcp": [
0.031240195035934448,
0.019752712920308283,
-0.004613210912793922
],
"l_pinky_pip": [
0.03030909225344658,
0.009287931025028269,
-0.02613187767565282
],
"l_pinky_dip": [
0.02314273826777935,
0.023352829739451634,
-0.04023728519678168
],
"l_pinky_tip": [
0.0265849269926548,
0.03109113313257726,
-0.028418647125363676
],
"r_hand_position": null,
"r_wrist": null,
"r_thumb_cmc": null,
"r_thumb_mcp": null,
"r_thumb_ip": null,
"r_thumb_tip": null,
"r_index_mcp": null,
"r_index_pip": null,
"r_index_dip": null,
"r_index_tip": null,
"r_middle_mcp": null,
"r_middle_pip": null,
"r_middle_dip": null,
"r_middle_tip": null,
"r_ring_mcp": null,
"r_ring_pip": null,
"r_ring_dip": null,
"r_ring_tip": null,
"r_pinky_mcp": null,
"r_pinky_pip": null,
"r_pinky_dip": null,
"r_pinky_tip": null
}
],
"framerate": 30,
"mirrorable": true
}