{
    "label": "s",
    "label_id": 19,
    "gestures": [
        {
            "wrist": [
                0.0038117635995149612,
                0.08689229935407639,
                -0.024373922497034073
            ],
            "thumb_cmc": [
                -0.018199317157268524,
                0.05610273405909538,
                -0.04013083502650261
            ],
            "thumb_mcp": [
                -0.018424250185489655,
                0.022524164989590645,
                -0.03938048332929611
            ],
            "thumb_ip": [
                -0.014870899729430676,
                -0.014445941895246506,
                -0.03370216488838196
            ],
            "thumb_tip": [
                0.0018904712051153183,
                -0.03921801969408989,
                -0.022050216794013977
            ],
            "index_mcp": [
                -0.028488053008913994,
                -0.009039175696671009,
                -0.00419188616797328
            ],
            "index_pip": [
                -0.030192382633686066,
                -0.027554435655474663,
                -0.019350392743945122
            ],
            "index_dip": [
                -0.029454117640852928,
                -0.02074054256081581,
                -0.027099531143903732
            ],
            "index_tip": [
                -0.033400051295757294,
                -0.001840527169406414,
                -0.023935219272971153
            ],
            "middle_mcp": [
                -0.005961365066468716,
                -0.00386620219796896,
                0.007152901031076908
            ],
            "middle_pip": [
                -0.0009541427716612816,
                -0.02703985571861267,
                -0.02169312722980976
            ],
            "middle_dip": [
                -0.007979187183082104,
                -0.009662953205406666,
                -0.037529248744249344
            ],
            "middle_tip": [
                -0.0058960081078112125,
                -0.001837333431467414,
                -0.01672213338315487
            ],
            "ring_mcp": [
                0.018153414130210876,
                0.004445669706910849,
                0.003758523613214493
            ],
            "ring_pip": [
                0.018003283068537712,
                -0.007447917014360428,
                -0.026429032906889915
            ],
            "ring_dip": [
                0.011312592774629593,
                0.011035021394491196,
                -0.03721988573670387
            ],
            "ring_tip": [
                0.013494960963726044,
                0.01918661780655384,
                -0.01876768283545971
            ],
            "pinky_mcp": [
                0.031240195035934448,
                0.019752712920308113,
                -0.004613210912793875
            ],
            "pinky_pip": [
                0.03030909225344658,
                0.009287931025028229,
                -0.026131877675652504
            ],
            "pinky_dip": [
                0.02314273826777935,
                0.02335282973945141,
                -0.04023728519678116
            ],
            "pinky_tip": [
                0.0265849269926548,
                0.031091133132576942,
                -0.02841864712536335
            ]
        }
    ]
}