{
    "label": "S",
    "label_id": 19,
    "gestures": [
        {
            "wrist": [
                0.009935377165675163,
                0.08764976263046265,
                0.014940785244107246
            ],
            "thumb_cmc": [
                -0.02075774222612381,
                0.06400661170482635,
                0.008543029427528381
            ],
            "thumb_mcp": [
                -0.03936789557337761,
                0.03173024207353592,
                0.006281399168074131
            ],
            "thumb_ip": [
                -0.056698352098464966,
                -0.0009261248633265495,
                -0.004026773851364851
            ],
            "thumb_tip": [
                -0.047869425266981125,
                -0.028308875858783722,
                -0.013983730226755142
            ],
            "index_mcp": [
                -0.026214931160211563,
                -0.0042235394939780235,
                0.00964398868381977
            ],
            "index_pip": [
                -0.03323518484830856,
                -0.0167941115796566,
                -0.014053573831915855
            ],
            "index_dip": [
                -0.03788621723651886,
                -0.00306912325322628,
                -0.017433300614356995
            ],
            "index_tip": [
                -0.033924251794815063,
                0.012162802740931511,
                0.0017954264767467976
            ],
            "middle_mcp": [
                -0.004172265529632568,
                -0.004171142354607582,
                0.006866550538688898
            ],
            "middle_pip": [
                -0.01688527874648571,
                -0.018503855913877487,
                -0.030389007180929184
            ],
            "middle_dip": [
                -0.030164441093802452,
                0.008123203180730343,
                -0.030997203662991524
            ],
            "middle_tip": [
                -0.015611314214766026,
                0.015328153036534786,
                -0.0026571890339255333
            ],
            "ring_mcp": [
                0.017732083797454834,
                0.0023436755873262882,
                -0.005053057800978422
            ],
            "ring_pip": [
                -0.0004009192925877869,
                -0.0018999814055860043,
                -0.03561531752347946
            ],
            "ring_dip": [
                -0.010486066341400146,
                0.02016305737197399,
                -0.03505988419055939
            ],
            "ring_tip": [
                0.0037793258670717478,
                0.029364312067627907,
                -0.00960108358412981
            ],
            "pinky_mcp": [
                0.028437074273824692,
                0.018396496772766113,
                -0.015595375560224056
            ],
            "pinky_pip": [
                0.017162637785077095,
                0.011371742933988571,
                -0.03535253927111626
            ],
            "pinky_dip": [
                0.003597988747060299,
                0.028232602402567863,
                -0.04159709811210632
            ],
            "pinky_tip": [
                0.013647712767124176,
                0.03592749685049057,
                -0.029385952278971672
            ]
        }
    ]
}