{
"label": "z",
"label_id": null,
"mirrorable": false,
"gestures": [
{
"wrist": [
0.0334317646920681,
0.027734747156500816,
0.0728459507226944
],
"thumb_cmc": [
0.006521482951939106,
0.03187466785311699,
0.0552789531648159
],
"thumb_mcp": [
-0.00912767555564642,
0.02874637395143509,
0.038572512567043304
],
"thumb_ip": [
-0.025070376694202423,
0.027418062090873718,
0.008950302377343178
],
"thumb_tip": [
-0.039996322244405746,
0.030047651380300522,
-0.011335978284478188
],
"index_mcp": [
-0.018397284671664238,
0.004662007559090853,
0.006978537421673536
],
"index_pip": [
-0.031177788972854614,
0.007519089616835117,
-0.009053004905581474
],
"index_dip": [
-0.042704422026872635,
0.0062920814380049706,
-0.020492374897003174
],
"index_tip": [
-0.060871418565511703,
0.004759401082992554,
-0.03422136232256889
],
"middle_mcp": [
-0.0029356135055422783,
0.0001676819520071149,
0.0013972421875223517
],
"middle_pip": [
-0.006920992862433195,
0.020101189613342285,
-0.014254657551646233
],
"middle_dip": [
0.0013491399586200714,
0.04383049160242081,
0.0004487007681746036
],
"middle_tip": [
0.008434850722551346,
0.04054775834083557,
0.026113858446478844
],
"ring_mcp": [
0.008274916559457779,
-0.003124342765659094,
-0.0056104715913534164
],
"ring_pip": [
0.011600764468312263,
0.02812129631638527,
-0.01356436125934124
],
"ring_dip": [
0.013606922701001167,
0.04346916079521179,
0.005062127020210028
],
"ring_tip": [
0.025350404903292656,
0.04055739566683769,
0.03156265988945961
],
"pinky_mcp": [
0.028072865679860115,
0.007119964808225632,
-0.0022423798218369484
],
"pinky_pip": [
0.025562983006238937,
0.03131042420864105,
-0.01123025082051754
],
"pinky_dip": [
0.025538552552461624,
0.04111684486269951,
0.00040558024193160236
],
"pinky_tip": [
0.03168031573295593,
0.041986752301454544,
0.020111624151468277
]
},
{
"wrist": [
0,
0,
0
],
"thumb_cmc": [
0,
0,
0
],
"thumb_mcp": [
0,
0,
0
],
"thumb_ip": [
0,
0,
0
],
"thumb_tip": [
0,
0,
0
],
"index_mcp": [
0,
0,
0
],
"index_pip": [
0,
0,
0
],
"index_dip": [
0,
0,
0
],
"index_tip": [
0,
0,
0
],
"middle_mcp": [
0,
0,
0
],
"middle_pip": [
0,
0,
0
],
"middle_dip": [
0,
0,
0
],
"middle_tip": [
0,
0,
0
],
"ring_mcp": [
0,
0,
0
],
"ring_pip": [
0,
0,
0
],
"ring_dip": [
0,
0,
0
],
"ring_tip": [
0,
0,
0
],
"pinky_mcp": [
0,
0,
0
],
"pinky_pip": [
0,
0,
0
],
"pinky_dip": [
0,
0,
0
],
"pinky_tip": [
0,
0,
0
]
},
{
"wrist": [
0,
0,
0
],
"thumb_cmc": [
0,
0,
0
],
"thumb_mcp": [
0,
0,
0
],
"thumb_ip": [
0,
0,
0
],
"thumb_tip": [
0,
0,
0
],
"index_mcp": [
0,
0,
0
],
"index_pip": [
0,
0,
0
],
"index_dip": [
0,
0,
0
],
"index_tip": [
0,
0,
0
],
"middle_mcp": [
0,
0,
0
],
"middle_pip": [
0,
0,
0
],
"middle_dip": [
0,
0,
0
],
"middle_tip": [
0,
0,
0
],
"ring_mcp": [
0,
0,
0
],
"ring_pip": [
0,
0,
0
],
"ring_dip": [
0,
0,
0
],
"ring_tip": [
0,
0,
0
],
"pinky_mcp": [
0,
0,
0
],
"pinky_pip": [
0,
0,
0
],
"pinky_dip": [
0,
0,
0
],
"pinky_tip": [
0,
0,
0
]
},
{
"wrist": [
0,
0,
0
],
"thumb_cmc": [
0,
0,
0
],
"thumb_mcp": [
0,
0,
0
],
"thumb_ip": [
0,
0,
0
],
"thumb_tip": [
0,
0,
0
],
"index_mcp": [
0,
0,
0
],
"index_pip": [
0,
0,
0
],
"index_dip": [
0,
0,
0
],
"index_tip": [
0,
0,
0
],
"middle_mcp": [
0,
0,
0
],
"middle_pip": [
0,
0,
0
],
"middle_dip": [
0,
0,
0
],
"middle_tip": [
0,
0,
0
],
"ring_mcp": [
0,
0,
0
],
"ring_pip": [
0,
0,
0
],
"ring_dip": [
0,
0,
0
],
"ring_tip": [
0,
0,
0
],
"pinky_mcp": [
0,
0,
0
],
"pinky_pip": [
0,
0,
0
],
"pinky_dip": [
0,
0,
0
],
"pinky_tip": [
0,
0,
0
]
},
{
"wrist": [
0,
0,
0
],
"thumb_cmc": [
0,
0,
0
],
"thumb_mcp": [
0,
0,
0
],
"thumb_ip": [
0,
0,
0
],
"thumb_tip": [
0,
0,
0
],
"index_mcp": [
0,
0,
0
],
"index_pip": [
0,
0,
0
],
"index_dip": [
0,
0,
0
],
"index_tip": [
0,
0,
0
],
"middle_mcp": [
0,
0,
0
],
"middle_pip": [
0,
0,
0
],
"middle_dip": [
0,
0,
0
],
"middle_tip": [
0,
0,
0
],
"ring_mcp": [
0,
0,
0
],
"ring_pip": [
0,
0,
0
],
"ring_dip": [
0,
0,
0
],
"ring_tip": [
0,
0,
0
],
"pinky_mcp": [
0,
0,
0
],
"pinky_pip": [
0,
0,
0
],
"pinky_dip": [
0,
0,
0
],
"pinky_tip": [
0,
0,
0
]
},
{
"wrist": [
0.010909327305853367,
0.04819871485233307,
0.06295398622751236
],
"thumb_cmc": [
-0.012419371865689754,
0.034341298043727875,
0.04170701280236244
],
"thumb_mcp": [
-0.022552357986569405,
0.020187659189105034,
0.026866046711802483
],
"thumb_ip": [
-0.02110595442354679,
0.007085179910063744,
0.0026315341237932444
],
"thumb_tip": [
-0.005639967508614063,
-0.002620668848976493,
-0.009537462145090103
],
"index_mcp": [
-0.012161274440586567,
0.00421588309109211,
-0.004750064108520746
],
"index_pip": [
-0.0046125478111207485,
-0.002290188567712903,
-0.012106684036552906
],
"index_dip": [
0.009103585034608841,
-0.015110066160559654,
-0.011139364913105965
],
"index_tip": [
0.02618054673075676,
-0.026278076693415642,
-0.006581418681889772
],
"middle_mcp": [
-0.0022314786911010742,
0.0014826294500380754,
-0.0006302338442765176
],
"middle_pip": [
-0.003922600764781237,
-0.010936672799289227,
-0.007571673020720482
],
"middle_dip": [
-0.006458600051701069,
-0.006484555546194315,
0.003222636179998517
],
"middle_tip": [
-0.006445202510803938,
-0.0031910124234855175,
0.017938032746315002
],
"ring_mcp": [
0.008333228528499603,
-0.004075940698385239,
0.0019490611739456654
],
"ring_pip": [
0.002113805850967765,
-0.010777178220450878,
-0.0004334551631473005
],
"ring_dip": [
0.0015514169353991747,
-0.009247482754290104,
0.012272772379219532
],
"ring_tip": [
0.000856527010910213,
-0.002678558463230729,
0.022110359743237495
],
"pinky_mcp": [
0.014441552571952343,
0.0003851824440062046,
0.012634802609682083
],
"pinky_pip": [
0.011958278715610504,
-0.010465963743627071,
0.01006599236279726
],
"pinky_dip": [
0.00876464881002903,
-0.009141738526523113,
0.019968125969171524
],
"pinky_tip": [
0.0036147767677903175,
-0.007223724387586117,
0.029745323583483696
]
},
{
"wrist": [
0,
0,
0
],
"thumb_cmc": [
0,
0,
0
],
"thumb_mcp": [
0,
0,
0
],
"thumb_ip": [
0,
0,
0
],
"thumb_tip": [
0,
0,
0
],
"index_mcp": [
0,
0,
0
],
"index_pip": [
0,
0,
0
],
"index_dip": [
0,
0,
0
],
"index_tip": [
0,
0,
0
],
"middle_mcp": [
0,
0,
0
],
"middle_pip": [
0,
0,
0
],
"middle_dip": [
0,
0,
0
],
"middle_tip": [
0,
0,
0
],
"ring_mcp": [
0,
0,
0
],
"ring_pip": [
0,
0,
0
],
"ring_dip": [
0,
0,
0
],
"ring_tip": [
0,
0,
0
],
"pinky_mcp": [
0,
0,
0
],
"pinky_pip": [
0,
0,
0
],
"pinky_dip": [
0,
0,
0
],
"pinky_tip": [
0,
0,
0
]
},
{
"wrist": [
0.032424844801425934,
0.06624744832515717,
0.057159170508384705
],
"thumb_cmc": [
-0.00028922827914357185,
0.061426665633916855,
0.037047844380140305
],
"thumb_mcp": [
-0.019833479076623917,
0.04281745105981827,
0.02395164780318737
],
"thumb_ip": [
-0.032068390399217606,
0.019625043496489525,
0.00046695632045157254
],
"thumb_tip": [
-0.027659950777888298,
-0.0042282212525606155,
-0.017063908278942108
],
"index_mcp": [
-0.028538113459944725,
0.006059091538190842,
0.006566159427165985
],
"index_pip": [
-0.03585028648376465,
-0.010265519842505455,
-0.012783641926944256
],
"index_dip": [
-0.04259619489312172,
-0.029217639937996864,
-0.02409099042415619
],
"index_tip": [
-0.0520884245634079,
-0.04248654469847679,
-0.04870545491576195
],
"middle_mcp": [
-0.006416419055312872,
-0.004475031513720751,
0.003970612771809101
],
"middle_pip": [
-0.013854671269655228,
0.013119438663125038,
-0.024050092324614525
],
"middle_dip": [
-0.013671474531292915,
0.04025835916399956,
-0.02470257133245468
],
"middle_tip": [
-0.0007321573793888092,
0.051272258162498474,
-0.0037311995401978493
],
"ring_mcp": [
0.017193622887134552,
-0.006143794395029545,
-0.004461716860532761
],
"ring_pip": [
0.006425803992897272,
0.018369201570749283,
-0.022736048325896263
],
"ring_dip": [
0.010863791219890118,
0.0415690541267395,
-0.016032211482524872
],
"ring_tip": [
0.021101176738739014,
0.051492806524038315,
0.006139205303043127
],
"pinky_mcp": [
0.032322026789188385,
0.006771678104996681,
-0.007062387187033892
],
"pinky_pip": [
0.026653816923499107,
0.021304216235876083,
-0.022562429308891296
],
"pinky_dip": [
0.022501543164253235,
0.03888854756951332,
-0.021117456257343292
],