{
"label": "l",
"gestures": [
{
"l_hand_position": null,
"l_wrist": null,
"l_thumb_cmc": null,
"l_thumb_mcp": null,
"l_thumb_ip": null,
"l_thumb_tip": null,
"l_index_mcp": null,
"l_index_pip": null,
"l_index_dip": null,
"l_index_tip": null,
"l_middle_mcp": null,
"l_middle_pip": null,
"l_middle_dip": null,
"l_middle_tip": null,
"l_ring_mcp": null,
"l_ring_pip": null,
"l_ring_dip": null,
"l_ring_tip": null,
"l_pinky_mcp": null,
"l_pinky_pip": null,
"l_pinky_dip": null,
"l_pinky_tip": null,
"r_hand_position": null,
"r_wrist": [
-0.035893216729164124,
0.06894434988498786,
0.002205699216574454
],
"r_thumb_cmc": [
-0.0018410328775644302,
0.06000798195600569,
-0.004379230085760472
],
"r_thumb_mcp": [
0.035692453384399414,
0.05151310563087502,
0.005693187471479201
],
"r_thumb_ip": [
0.0701555609703064,
0.04056945070624388,
0.015961598604917724
],
"r_thumb_tip": [
0.0947045385837555,
0.03420547395944627,
0.02383312582969684
],
"r_index_mcp": [
0.02582017332315445,
0.0008998373523354657,
0.006523339077830395
],
"r_index_pip": [
0.03357653692364693,
-0.02677427418530021,
0.004320184700191113
],
"r_index_dip": [
0.042487937957048416,
-0.047083720564842654,
0.001631652121432139
],
"r_index_tip": [
0.045642584562301636,
-0.07252778112888407,
-0.01844434998929514
],
"r_middle_mcp": [
0.0026368359103798866,
-0.0036047697067260933,
0.005726947449147748
],
"r_middle_pip": [
0.02022569626569748,
-0.021035425364971366,
-0.02052126266062275
],
"r_middle_dip": [
0.017868690192699432,
0.0011680051684379526,
-0.03201343119144476
],
"r_middle_tip": [
0.016421109437942505,
0.017575891688466256,
-0.013150164857506936
],
"r_ring_mcp": [
-0.015043400228023529,
-0.004097414668649497,
-0.003410203615203539
],
"r_ring_pip": [
-0.003962506540119648,
-0.013893626630306416,
-0.028357118368149102
],
"r_ring_dip": [
-0.0032135508954524994,
0.01150003168731942,
-0.03259738534688991
],
"r_ring_tip": [
-0.005366897210478783,
0.02770329825580154,
-0.0083973463624717
],
"r_pinky_mcp": [
-0.0359058603644371,
0.0037379134446382696,
-0.012455575168132922
],
"r_pinky_pip": [
-0.02250571921467781,
-0.007748171687126253,
-0.024127433076501153
],
"r_pinky_dip": [
-0.01231292076408863,
0.004896514117717781,
-0.03329903259873414
],
"r_pinky_tip": [
-0.020643457770347595,
0.018860563635826298,
-0.020659761503339067
]
}
],
"framerate": 30,
"mirrorable": true
}