{
"label": "l",
"gestures": [
{
"l_hand_position": [
0.6243641972541809,
0.6384866237640381,
-2.2211960981621814e-07
],
"l_wrist": [
0.005992921069264412,
0.08115805685520172,
0.06189694255590439
],
"l_thumb_cmc": [
-0.02489387057721615,
0.06016409769654274,
0.03489719703793526
],
"l_thumb_mcp": [
-0.044762201607227325,
0.040116745978593826,
0.024153990671038628
],
"l_thumb_ip": [
-0.07362240552902222,
0.01739363744854927,
0.015270023606717587
],
"l_thumb_tip": [
-0.09745529294013977,
-0.0057159848511219025,
0.013432272709906101
],
"l_index_mcp": [
-0.029819630086421967,
-0.00623704819008708,
0.004094960633665323
],
"l_index_pip": [
-0.028529729694128036,
-0.03706839680671692,
-0.00774184288457036
],
"l_index_dip": [
-0.028408590704202652,
-0.0594678558409214,
-0.01666046865284443
],
"l_index_tip": [
-0.02616335265338421,
-0.0776033103466034,
-0.03956575691699982
],
"l_middle_mcp": [
-0.005311191082000732,
-0.006584290415048599,
0.003323375480249524
],
"l_middle_pip": [
-0.007428423967212439,
-0.004885690286755562,
-0.03242746740579605
],
"l_middle_dip": [
-0.017496613785624504,
0.02385718747973442,
-0.03766247630119324
],
"l_middle_tip": [
-0.02018359676003456,
0.04264859855175018,
-0.014833429828286171
],
"l_ring_mcp": [
0.02014181949198246,
0.0023990869522094727,
-0.001023122575134039
],
"l_ring_pip": [
0.008977480232715607,
0.010317457839846611,
-0.030596235767006874
],
"l_ring_dip": [
-0.001566353254020214,
0.03569619357585907,
-0.027679266408085823
],
"l_ring_tip": [
-0.004222315736114979,
0.05354204773902893,
-0.0069464631378650665
],
"l_pinky_mcp": [
0.03252197429537773,
0.02125876024365425,
-0.001349092461168766
],
"l_pinky_pip": [
0.029548177495598793,
0.016557998955249786,
-0.025140579789876938
],
"l_pinky_dip": [
0.017323652282357216,
0.03203129395842552,
-0.03389668092131615
],
"l_pinky_tip": [
0.006627735681831837,
0.04705137386918068,
-0.023831866681575775
],
"r_hand_position": null,
"r_wrist": null,
"r_thumb_cmc": null,
"r_thumb_mcp": null,
"r_thumb_ip": null,
"r_thumb_tip": null,
"r_index_mcp": null,
"r_index_pip": null,
"r_index_dip": null,
"r_index_tip": null,
"r_middle_mcp": null,
"r_middle_pip": null,
"r_middle_dip": null,
"r_middle_tip": null,
"r_ring_mcp": null,
"r_ring_pip": null,
"r_ring_dip": null,
"r_ring_tip": null,
"r_pinky_mcp": null,
"r_pinky_pip": null,
"r_pinky_dip": null,
"r_pinky_tip": null
}
],
"framerate": 30,
"mirrorable": true
}