{
"label": "l",
"gestures": [
{
"l_hand_position": null,
"l_wrist": [
0.02733093872666359,
0.08575712144374847,
0.013263481669127941
],
"l_thumb_cmc": [
-0.006970207206904888,
0.07017918676137924,
0.015127444639801979
],
"l_thumb_mcp": [
-0.031132586300373077,
0.05744209885597229,
0.023157496005296707
],
"l_thumb_ip": [
-0.05839550122618675,
0.03769586980342865,
0.04121538996696472
],
"l_thumb_tip": [
-0.07801699638366699,
0.01664286106824875,
0.07189616560935974
],
"l_index_mcp": [
-0.02634338289499283,
0.001832449110224843,
0.01833493448793888
],
"l_index_pip": [
-0.03291675075888634,
-0.02906820923089981,
0.012729223817586899
],
"l_index_dip": [
-0.039985764771699905,
-0.050180915743112564,
0.008841337636113167
],
"l_index_tip": [
-0.053156156092882156,
-0.06922779977321625,
-0.006494472268968821
],
"l_middle_mcp": [
-0.003910175524652004,
-0.004313529934734106,
0.007021393161267042
],
"l_middle_pip": [
-0.025113482028245926,
-0.0029803276993334293,
-0.02210896648466587
],
"l_middle_dip": [
-0.029505852609872818,
0.025148924440145493,
-0.025533026084303856
],
"l_middle_tip": [
-0.014760544523596764,
0.04293649643659592,
-0.015632376074790955
],
"l_ring_mcp": [
0.01641234941780567,
-0.002883607055991888,
-0.012175924144685268
],
"l_ring_pip": [
-0.01092851534485817,
0.008275989443063736,
-0.030535999685525894
],
"l_ring_dip": [
-0.013648563995957375,
0.030437525361776352,
-0.03152976930141449
],
"l_ring_tip": [
0.002533651189878583,
0.048525311052799225,
-0.018220067024230957
],
"l_pinky_mcp": [
0.028187474235892296,
0.010400754399597645,
-0.027615997940301895
],
"l_pinky_pip": [
0.01180063933134079,
0.009416651912033558,
-0.039453379809856415
],
"l_pinky_dip": [
0.0021641829516738653,
0.027626151219010353,
-0.041128553450107574
],
"l_pinky_tip": [
0.014841696247458458,
0.04090292379260063,
-0.035613976418972015
],
"r_hand_position": [
0.1668168306350708,
0.18448364734649658,
-0.5000001478081373
],
"r_wrist": null,
"r_thumb_cmc": null,
"r_thumb_mcp": null,
"r_thumb_ip": null,
"r_thumb_tip": null,
"r_index_mcp": null,
"r_index_pip": null,
"r_index_dip": null,
"r_index_tip": null,
"r_middle_mcp": null,
"r_middle_pip": null,
"r_middle_dip": null,
"r_middle_tip": null,
"r_ring_mcp": null,
"r_ring_pip": null,
"r_ring_dip": null,
"r_ring_tip": null,
"r_pinky_mcp": null,
"r_pinky_pip": null,
"r_pinky_dip": null,
"r_pinky_tip": null,
"l_hand_velocity": null,
"r_hand_velocity": null,
"m_nose_point": null,
"m_top_nose": null,
"m_eyebrows": null,
"m_forehead": null,
"m_top_chin": null,
"m_bot_up_lip": null,
"m_top_low_lip": null,
"m_bot_nose": null,
"m_chin": null,
"m_nose": null,
"l_eye_exterior": null,
"l_temple": null,
"l_mid_chin": null,
"l_up_lip": null,
"l_ext_nostril": null,
"l_mid_cheek": null,
"l_mid_eyebrow": null,
"l_ext_eyebrow": null,
"l_ext_lips": null,
"l_jaw_angle": null,
"l_mid_ext_face": null,
"l_int_eyebrow": null,
"l_mid_jaw": null,
"l_mid_bot_eyelid": null,
"l_ext_mouth": null,
"l_top_eyelid": null,
"l_eye_int": null,
"l_pupil": null,
"r_eye_exterior": null,
"r_temple": null,
"r_mid_chin": null,
"r_up_lip": null,
"r_ext_nostril": null,
"r_mid_cheek": null,
"r_mid_eyebrow": null,
"r_ext_eyebrow": null,
"r_ext_lips": null,
"r_jaw_angle": null,
"r_mid_ext_face": null,
"r_int_eyebrow": null,
"r_mid_jaw": null,
"r_mid_bot_eyelid": null,
"r_ext_mouth": null,
"r_top_eyelid": null,
"r_eye_int": null,
"r_pupil": null,
"l_shoudler": null,
"l_elbow": null,
"l_hip": null,
"l_knee": null,
"l_ankle": null,
"r_shoudler": null,
"r_elbow": null,
"r_hip": null,
"r_knee": null,
"r_ankle": null
}
],
"framerate": 30,
"mirrorable": true,
"invalid": false
}