{
"label": "l",
"gestures": [
{
"l_hand_position": [
0.6305528283119202,
0.5256800055503845,
-4.545525911225923e-08
],
"l_wrist": [
0.023170288652181625,
0.07253764569759369,
0.004447570536285639
],
"l_thumb_cmc": [
-0.01229318231344223,
0.05518770217895508,
-0.008168783038854599
],
"l_thumb_mcp": [
-0.03854641690850258,
0.03669377416372299,
-0.0009866685140877962
],
"l_thumb_ip": [
-0.07167139649391174,
0.018184028565883636,
0.012372257187962532
],
"l_thumb_tip": [
-0.0998816192150116,
-0.004262357018887997,
0.030018778517842293
],
"l_index_mcp": [
-0.02941790409386158,
-0.0007892311550676823,
0.004915792960673571
],
"l_index_pip": [
-0.033058080822229385,
-0.030309263616800308,
0.0015945781487971544
],
"l_index_dip": [
-0.0368771068751812,
-0.05331556871533394,
-0.0051858145743608475
],
"l_index_tip": [
-0.04032159224152565,
-0.07151349633932114,
-0.030891098082065582
],
"l_middle_mcp": [
-0.0055906022898852825,
-0.0031532098073512316,
0.006951038260012865
],
"l_middle_pip": [
-0.009949712082743645,
-0.018056923523545265,
-0.025063881650567055
],
"l_middle_dip": [
-0.01654408685863018,
0.003408387303352356,
-0.04467998445034027
],
"l_middle_tip": [
-0.01150877121835947,
0.02331569604575634,
-0.036472246050834656
],
"l_ring_mcp": [
0.020074840635061264,
-0.0022990598808974028,
-0.0020636527333408594
],
"l_ring_pip": [
0.011468443088233471,
-0.008967508561909199,
-0.029437512159347534
],
"l_ring_dip": [
0.006460566073656082,
0.016128599643707275,
-0.03831537812948227
],
"l_ring_tip": [
0.006789053790271282,
0.03793502599000931,
-0.03038191795349121
],
"l_pinky_mcp": [
0.03424600884318352,
0.010331735014915466,
-0.010245504789054394
],
"l_pinky_pip": [
0.0330040343105793,
-0.0008348408155143261,
-0.0291582103818655
],
"l_pinky_dip": [
0.025779223069548607,
0.012179012410342693,
-0.04343060776591301
],
"l_pinky_tip": [
0.019501011818647385,
0.03375927358865738,
-0.033742982894182205
],
"r_hand_position": null,
"r_wrist": null,
"r_thumb_cmc": null,
"r_thumb_mcp": null,
"r_thumb_ip": null,
"r_thumb_tip": null,
"r_index_mcp": null,
"r_index_pip": null,
"r_index_dip": null,
"r_index_tip": null,
"r_middle_mcp": null,
"r_middle_pip": null,
"r_middle_dip": null,
"r_middle_tip": null,
"r_ring_mcp": null,
"r_ring_pip": null,
"r_ring_dip": null,
"r_ring_tip": null,
"r_pinky_mcp": null,
"r_pinky_pip": null,
"r_pinky_dip": null,
"r_pinky_tip": null
}
],
"framerate": 30,
"mirrorable": true
}