{
"label": "l",
"gestures": [
{
"l_hand_position": null,
"l_wrist": [
0.03778274357318878,
0.07570541650056839,
0.045826975256204605
],
"l_thumb_cmc": [
0.003932400140911341,
0.0701274573802948,
0.024705756455659866
],
"l_thumb_mcp": [
-0.019428668543696404,
0.06383489817380905,
0.018384303897619247
],
"l_thumb_ip": [
-0.04700789600610733,
0.052099961787462234,
0.0023005425464361906
],
"l_thumb_tip": [
-0.07231421768665314,
0.04030719771981239,
-0.0033316256012767553
],
"l_index_mcp": [
-0.029867416247725487,
0.007543540094047785,
0.005458207800984383
],
"l_index_pip": [
-0.03485209122300148,
-0.025944478809833527,
-0.003542316844686866
],
"l_index_dip": [
-0.04017001390457153,
-0.049164846539497375,
-0.011053109541535378
],
"l_index_tip": [
-0.04562368988990784,
-0.07060925662517548,
-0.032552774995565414
],
"l_middle_mcp": [
-0.0069456337951123714,
-0.003931156825274229,
0.00451658247038722
],
"l_middle_pip": [
-0.0018651108257472515,
-0.011201501823961735,
-0.030159812420606613
],
"l_middle_dip": [
-0.0006006251205690205,
0.01724938675761223,
-0.0388476699590683
],
"l_middle_tip": [
0.0019033339340239763,
0.03345983102917671,
-0.02152150496840477
],
"l_ring_mcp": [
0.018356971442699432,
-0.006298433057963848,
-0.0032516145147383213
],
"l_ring_pip": [
0.0154239097610116,
-0.0065180109813809395,
-0.0306269321590662
],
"l_ring_dip": [
0.016315698623657227,
0.017758522182703018,
-0.03408171981573105
],
"l_ring_tip": [
0.01957692950963974,
0.0350206159055233,
-0.018593596294522285
],
"l_pinky_mcp": [
0.037798043340444565,
0.00426771305501461,
-0.00524267740547657
],
"l_pinky_pip": [
0.03746461123228073,
-0.00826776959002018,
-0.025875259190797806
],
"l_pinky_dip": [
0.0359116829931736,
0.007751824799925089,
-0.03261509910225868
],
"l_pinky_tip": [
0.03210439532995224,
0.026573404669761658,
-0.021584637463092804
],
"r_hand_position": [
0.18769758939743042,
0.1899006962776184,
-0.4999999159086599
],
"r_wrist": null,
"r_thumb_cmc": null,
"r_thumb_mcp": null,
"r_thumb_ip": null,
"r_thumb_tip": null,
"r_index_mcp": null,
"r_index_pip": null,
"r_index_dip": null,
"r_index_tip": null,
"r_middle_mcp": null,
"r_middle_pip": null,
"r_middle_dip": null,
"r_middle_tip": null,
"r_ring_mcp": null,
"r_ring_pip": null,
"r_ring_dip": null,
"r_ring_tip": null,
"r_pinky_mcp": null,
"r_pinky_pip": null,
"r_pinky_dip": null,
"r_pinky_tip": null,
"l_hand_velocity": null,
"r_hand_velocity": null,
"m_nose_point": null,
"m_top_nose": null,
"m_eyebrows": null,
"m_forehead": null,
"m_top_chin": null,
"m_bot_up_lip": null,
"m_top_low_lip": null,
"m_bot_nose": null,
"m_chin": null,
"m_nose": null,
"l_eye_exterior": null,
"l_temple": null,
"l_mid_chin": null,
"l_up_lip": null,
"l_ext_nostril": null,
"l_mid_cheek": null,
"l_mid_eyebrow": null,
"l_ext_eyebrow": null,
"l_ext_lips": null,
"l_jaw_angle": null,
"l_mid_ext_face": null,
"l_int_eyebrow": null,
"l_mid_jaw": null,
"l_mid_bot_eyelid": null,
"l_ext_mouth": null,
"l_top_eyelid": null,
"l_eye_int": null,
"l_pupil": null,
"r_eye_exterior": null,
"r_temple": null,
"r_mid_chin": null,
"r_up_lip": null,
"r_ext_nostril": null,
"r_mid_cheek": null,
"r_mid_eyebrow": null,
"r_ext_eyebrow": null,
"r_ext_lips": null,
"r_jaw_angle": null,
"r_mid_ext_face": null,
"r_int_eyebrow": null,
"r_mid_jaw": null,
"r_mid_bot_eyelid": null,
"r_ext_mouth": null,
"r_top_eyelid": null,
"r_eye_int": null,
"r_pupil": null,
"l_shoudler": null,
"l_elbow": null,
"l_hip": null,
"l_knee": null,
"l_ankle": null,
"r_shoudler": null,
"r_elbow": null,
"r_hip": null,
"r_knee": null,
"r_ankle": null
}
],
"framerate": 30,
"mirrorable": true,
"invalid": false
}