{
"label": "c",
"gestures": [
{
"l_hand_position": null,
"l_wrist": [
0.05008760467171669,
0.08255954831838702,
-0.015431553125381695
],
"l_thumb_cmc": [
0.018924932926893234,
0.07627857476472956,
0.004857111256569798
],
"l_thumb_mcp": [
-0.007403366267681122,
0.06848029047250836,
0.025472989305853955
],
"l_thumb_ip": [
-0.039517126977443695,
0.05840864777565077,
0.05625554174184842
],
"l_thumb_tip": [
-0.0652339905500412,
0.04936299473047311,
0.0904946476221095
],
"l_index_mcp": [
-0.012266921810805798,
0.008813661523163444,
0.027690034359693808
],
"l_index_pip": [
-0.027550246566534042,
-0.020142085850238956,
0.027916422113776467
],
"l_index_dip": [
-0.048887427896261215,
-0.027675926685333568,
0.01768218539655237
],
"l_index_tip": [
-0.06780175119638443,
-0.01779752224683776,
-0.00891783274710184
],
"l_middle_mcp": [
-0.002625610213726759,
-0.0036298811901361258,
0.009567674249410752
],
"l_middle_pip": [
-0.025386422872543335,
-0.034929122775793436,
-0.00027821818366653304
],
"l_middle_dip": [
-0.050094690173864365,
-0.03328111022710844,
-0.018914656713605104
],
"l_middle_tip": [
-0.06887129694223404,
-0.021813889965415334,
-0.036449916660786105
],
"l_ring_mcp": [
0.007469776086509228,
-0.0070578027516603956,
-0.018042199313640796
],
"l_ring_pip": [
-0.012659192085266113,
-0.031048713251948783,
-0.025414334610104852
],
"l_ring_dip": [
-0.03754726052284241,
-0.03209660574793859,
-0.03957017883658461
],
"l_ring_tip": [
-0.05947461724281311,
-0.023139407858252848,
-0.053717304021120724
],
"l_pinky_mcp": [
0.01359560526907444,
0.005985843949019885,
-0.03891071304678951
],
"l_pinky_pip": [
-0.0020925812423229218,
-0.01418837346136593,
-0.04302108287811328
],
"l_pinky_dip": [
-0.026206452399492264,
-0.024155423045158574,
-0.051588371396065355
],
"l_pinky_tip": [
-0.04853609949350357,
-0.02381850779056573,
-0.057364013046026764
],
"r_hand_position": null,
"r_wrist": null,
"r_thumb_cmc": null,
"r_thumb_mcp": null,
"r_thumb_ip": null,
"r_thumb_tip": null,
"r_index_mcp": null,
"r_index_pip": null,
"r_index_dip": null,
"r_index_tip": null,
"r_middle_mcp": null,
"r_middle_pip": null,
"r_middle_dip": null,
"r_middle_tip": null,
"r_ring_mcp": null,
"r_ring_pip": null,
"r_ring_dip": null,
"r_ring_tip": null,
"r_pinky_mcp": null,
"r_pinky_pip": null,
"r_pinky_dip": null,
"r_pinky_tip": null
}
],
"framerate": 30,
"mirrorable": true
}