{
"label": "c",
"gestures": [
{
"l_hand_position": null,
"l_wrist": [
0.014431685209274292,
0.09623151272535449,
-0.010855872184038334
],
"l_thumb_cmc": [
-0.014291898347437382,
0.072149299085141,
0.007705280557275032
],
"l_thumb_mcp": [
-0.03058573789894581,
0.05192168802022994,
0.029683422297239498
],
"l_thumb_ip": [
-0.04960040748119354,
0.028787005692720715,
0.054698843508959344
],
"l_thumb_tip": [
-0.05972044914960861,
0.003111754544079265,
0.0763480663299568
],
"l_index_mcp": [
-0.015454981476068497,
-0.0013208875898272061,
0.028626132756471894
],
"l_index_pip": [
-0.020024118945002556,
-0.031161414459348006,
0.028085982427001388
],
"l_index_dip": [
-0.0376553013920784,
-0.03992018848657647,
0.02025062777102021
],
"l_index_tip": [
-0.061573389917612076,
-0.029756380245089805,
-0.0009685214026830776
],
"l_middle_mcp": [
-0.0009434287785552442,
-0.003088099882006682,
0.009621167555451499
],
"l_middle_pip": [
-0.010944190435111523,
-0.04107194766402284,
0.0016716023674235177
],
"l_middle_dip": [
-0.037371598184108734,
-0.04494780674576811,
-0.012716326862573814
],
"l_middle_tip": [
-0.05336776003241539,
-0.03517266362905544,
-0.021796831861138597
],
"l_ring_mcp": [
0.010030793026089668,
-0.0019971434958279393,
-0.0180562455207112
],
"l_ring_pip": [
0.00039160018786787987,
-0.029296284541488023,
-0.022564023733139166
],
"l_ring_dip": [
-0.023844189941883087,
-0.03671775385737456,
-0.03195884823799165
],
"l_ring_tip": [
-0.04546354338526726,
-0.02947796136140847,
-0.03804229572415388
],
"l_pinky_mcp": [
0.012128107249736786,
0.011691201478243008,
-0.041877284646034726
],
"l_pinky_pip": [
0.007113615982234478,
-0.010171163827180961,
-0.0416233800351623
],
"l_pinky_dip": [
-0.016882361844182014,
-0.030062530189752953,
-0.04972495511174245
],
"l_pinky_tip": [
-0.037728916853666306,
-0.027616888284683585,
-0.054170828312636074
],
"r_hand_position": null,
"r_wrist": null,
"r_thumb_cmc": null,
"r_thumb_mcp": null,
"r_thumb_ip": null,
"r_thumb_tip": null,
"r_index_mcp": null,
"r_index_pip": null,
"r_index_dip": null,
"r_index_tip": null,
"r_middle_mcp": null,
"r_middle_pip": null,
"r_middle_dip": null,
"r_middle_tip": null,
"r_ring_mcp": null,
"r_ring_pip": null,
"r_ring_dip": null,
"r_ring_tip": null,
"r_pinky_mcp": null,
"r_pinky_pip": null,
"r_pinky_dip": null,
"r_pinky_tip": null
}
],
"framerate": 30,
"mirrorable": true
}