{
    "label": "c",
    "label_id": 3,
    "gestures": [
        {
            "wrist": [
                0.006211748346686363,
                0.09200895577669144,
                -0.018918562680482864
            ],
            "thumb_cmc": [
                -0.020349012687802315,
                0.06778764724731445,
                0.002624689368531108
            ],
            "thumb_mcp": [
                -0.035156458616256714,
                0.04458130523562431,
                0.019304489716887474
            ],
            "thumb_ip": [
                -0.05062258988618851,
                0.019565004855394363,
                0.040658362209796906
            ],
            "thumb_tip": [
                -0.054157767444849014,
                -0.006718334276229143,
                0.057864733040332794
            ],
            "index_mcp": [
                -0.015304974280297756,
                0.00016426434740424156,
                0.027263911440968513
            ],
            "index_pip": [
                -0.021118566393852234,
                -0.028626637533307076,
                0.024352772161364555
            ],
            "index_dip": [
                -0.03840239346027374,
                -0.03717289865016937,
                0.017150195315480232
            ],
            "index_tip": [
                -0.06037082150578499,
                -0.028425928205251694,
                -0.003999996930360794
            ],
            "middle_mcp": [
                -0.0010583822149783373,
                -0.0024643288925290108,
                0.009305371902883053
            ],
            "middle_pip": [
                -0.011025181040167809,
                -0.03906365483999252,
                -0.0008313972502946854
            ],
            "middle_dip": [
                -0.03692393749952316,
                -0.04262227565050125,
                -0.01619042456150055
            ],
            "middle_tip": [
                -0.05240415781736374,
                -0.0332215391099453,
                -0.028198765590786934
            ],
            "ring_mcp": [
                0.010929545387625694,
                -0.002701872494071722,
                -0.017347747460007668
            ],
            "ring_pip": [
                0.00011574290692806244,
                -0.029420074075460434,
                -0.02214709110558033
            ],
            "ring_dip": [
                -0.025204671546816826,
                -0.035128116607666016,
                -0.030386533588171005
            ],
            "ring_tip": [
                -0.04448685795068741,
                -0.027151839807629585,
                -0.03793170303106308
            ],
            "pinky_mcp": [
                0.011756248772144318,
                0.008923934772610664,
                -0.03987057879567146
            ],
            "pinky_pip": [
                0.006068552378565073,
                -0.01272603776305914,
                -0.03798272833228111
            ],
            "pinky_dip": [
                -0.01636401191353798,
                -0.03048740141093731,
                -0.04593608155846596
            ],
            "pinky_tip": [
                -0.03697875887155533,
                -0.025574812665581703,
                -0.04925696924328804
            ]
        }
    ]
}