{
"label": "c",
"gestures": [
{
"l_hand_position": null,
"l_wrist": [
0.053076617419719696,
0.08457131683826447,
-0.02797243744134903
],
"l_thumb_cmc": [
0.023419667035341263,
0.08358720690011978,
-0.004445950035005808
],
"l_thumb_mcp": [
-0.0031314250081777573,
0.07662373781204224,
0.018580297008156776
],
"l_thumb_ip": [
-0.038032837212085724,
0.07073736190795898,
0.047381144016981125
],
"l_thumb_tip": [
-0.07126255333423615,
0.06920060515403748,
0.07968170940876007
],
"l_index_mcp": [
-0.012849331833422184,
0.011501164175570011,
0.02785543166100979
],
"l_index_pip": [
-0.024912528693675995,
-0.018834352493286133,
0.031628381460905075
],
"l_index_dip": [
-0.04065221548080444,
-0.036963045597076416,
0.0329604335129261
],
"l_index_tip": [
-0.06793784350156784,
-0.050534144043922424,
0.020967720076441765
],
"l_middle_mcp": [
-0.0035119589883834124,
-0.00314955017529428,
0.010650133714079857
],
"l_middle_pip": [
-0.022735655307769775,
-0.03438100963830948,
0.0047339326702058315
],
"l_middle_dip": [
-0.046444207429885864,
-0.04174306243658066,
-0.005102439317852259
],
"l_middle_tip": [
-0.07154451310634613,
-0.05019872635602951,
-0.013610532507300377
],
"l_ring_mcp": [
0.006524047814309597,
-0.010634094476699829,
-0.018831398338079453
],
"l_ring_pip": [
-0.011212226003408432,
-0.033515844494104385,
-0.02353048324584961
],
"l_ring_dip": [
-0.033950529992580414,
-0.04220675677061081,
-0.030331620946526527
],
"l_ring_tip": [
-0.05742048844695091,
-0.050908587872982025,
-0.03836642578244209
],
"l_pinky_mcp": [
0.01353948749601841,
0.00170573266223073,
-0.03861626982688904
],
"l_pinky_pip": [
0.0027200859040021896,
-0.02317347750067711,
-0.04055159538984299
],
"l_pinky_dip": [
-0.015946131199598312,
-0.04303927347064018,
-0.04078441485762596
],
"l_pinky_tip": [
-0.03613962233066559,
-0.056117936968803406,
-0.04047287628054619
],
"r_hand_position": [
0.11076873540878296,
0.08927774429321289,
-0.49999979481378887
],
"r_wrist": null,
"r_thumb_cmc": null,
"r_thumb_mcp": null,
"r_thumb_ip": null,
"r_thumb_tip": null,
"r_index_mcp": null,
"r_index_pip": null,
"r_index_dip": null,
"r_index_tip": null,
"r_middle_mcp": null,
"r_middle_pip": null,
"r_middle_dip": null,
"r_middle_tip": null,
"r_ring_mcp": null,
"r_ring_pip": null,
"r_ring_dip": null,
"r_ring_tip": null,
"r_pinky_mcp": null,
"r_pinky_pip": null,
"r_pinky_dip": null,
"r_pinky_tip": null,
"l_hand_velocity": null,
"r_hand_velocity": null,
"m_nose_point": null,
"m_top_nose": null,
"m_eyebrows": null,
"m_forehead": null,
"m_top_chin": null,
"m_bot_up_lip": null,
"m_top_low_lip": null,
"m_bot_nose": null,
"m_chin": null,
"m_nose": null,
"l_eye_exterior": null,
"l_temple": null,
"l_mid_chin": null,
"l_up_lip": null,
"l_ext_nostril": null,
"l_mid_cheek": null,
"l_mid_eyebrow": null,
"l_ext_eyebrow": null,
"l_ext_lips": null,
"l_jaw_angle": null,
"l_mid_ext_face": null,
"l_int_eyebrow": null,
"l_mid_jaw": null,
"l_mid_bot_eyelid": null,
"l_ext_mouth": null,
"l_top_eyelid": null,
"l_eye_int": null,
"l_pupil": null,
"r_eye_exterior": null,
"r_temple": null,
"r_mid_chin": null,
"r_up_lip": null,
"r_ext_nostril": null,
"r_mid_cheek": null,
"r_mid_eyebrow": null,
"r_ext_eyebrow": null,
"r_ext_lips": null,
"r_jaw_angle": null,
"r_mid_ext_face": null,
"r_int_eyebrow": null,
"r_mid_jaw": null,
"r_mid_bot_eyelid": null,
"r_ext_mouth": null,
"r_top_eyelid": null,
"r_eye_int": null,
"r_pupil": null,
"l_shoudler": null,
"l_elbow": null,
"l_hip": null,
"l_knee": null,
"l_ankle": null,
"r_shoudler": null,
"r_elbow": null,
"r_hip": null,
"r_knee": null,
"r_ankle": null
}
],
"framerate": 30,
"mirrorable": true,
"invalid": false
}