{
"label": "c",
"gestures": [
{
"l_hand_position": [
0.7657607793807983,
0.8682904243469238,
-4.2885301354544936e-07
],
"l_wrist": [
0.001867496408522129,
0.08686291426420212,
-0.00441707344725728
],
"l_thumb_cmc": [
-0.009466931223869324,
0.06501630693674088,
0.016921333968639374
],
"l_thumb_mcp": [
-0.022262971848249435,
0.04557358846068382,
0.036836568266153336
],
"l_thumb_ip": [
-0.035553622990846634,
0.025873510167002678,
0.06770967692136765
],
"l_thumb_tip": [
-0.03998597711324692,
0.011454535648226738,
0.09539027512073517
],
"l_index_mcp": [
0.0033524755854159594,
-0.0048174927942454815,
0.025631634518504143
],
"l_index_pip": [
-0.010939675383269787,
-0.025701019912958145,
0.028907466679811478
],
"l_index_dip": [
-0.030588475987315178,
-0.035325437784194946,
0.033017080277204514
],
"l_index_tip": [
-0.057633839547634125,
-0.030897455289959908,
0.029187502339482307
],
"l_middle_mcp": [
0.003242218168452382,
-0.0032472454477101564,
0.007024568039923906
],
"l_middle_pip": [
-0.014320110902190208,
-0.03484513238072395,
0.009258553385734558
],
"l_middle_dip": [
-0.03971600905060768,
-0.03764490783214569,
0.012469086796045303
],
"l_middle_tip": [
-0.057522956281900406,
-0.03531823679804802,
0.020843375474214554
],
"l_ring_mcp": [
-0.0021536569111049175,
-0.0007162053370848298,
-0.01741614378988743
],
"l_ring_pip": [
-0.016285015270113945,
-0.02404136024415493,
-0.014441320672631264
],
"l_ring_dip": [
-0.038924671709537506,
-0.0322924442589283,
-0.006566918920725584
],
"l_ring_tip": [
-0.05886615812778473,
-0.030887223780155182,
0.003072451800107956
],
"l_pinky_mcp": [
-0.013465233147144318,
0.015426850877702236,
-0.03252663090825081
],
"l_pinky_pip": [
-0.022177156060934067,
-0.002624745946377516,
-0.0277755968272686
],
"l_pinky_dip": [
-0.04162293300032616,
-0.021184932440519333,
-0.024825237691402435
],
"l_pinky_tip": [
-0.056216049939394,
-0.025394048541784286,
-0.016683192923665047
],
"r_hand_position": null,
"r_wrist": null,
"r_thumb_cmc": null,
"r_thumb_mcp": null,
"r_thumb_ip": null,
"r_thumb_tip": null,
"r_index_mcp": null,
"r_index_pip": null,
"r_index_dip": null,
"r_index_tip": null,
"r_middle_mcp": null,
"r_middle_pip": null,
"r_middle_dip": null,
"r_middle_tip": null,
"r_ring_mcp": null,
"r_ring_pip": null,
"r_ring_dip": null,
"r_ring_tip": null,
"r_pinky_mcp": null,
"r_pinky_pip": null,
"r_pinky_dip": null,
"r_pinky_tip": null
}
],
"framerate": 30,
"mirrorable": true
}