{
"label": "c",
"gestures": [
{
"l_hand_position": null,
"l_wrist": [
0.04954881593585014,
0.08714140951633453,
-0.004622078966349363
],
"l_thumb_cmc": [
0.013277608901262283,
0.07879424095153809,
0.015017272904515266
],
"l_thumb_mcp": [
-0.01033556554466486,
0.06919699907302856,
0.03718453273177147
],
"l_thumb_ip": [
-0.040768325328826904,
0.06008569896221161,
0.05251878499984741
],
"l_thumb_tip": [
-0.06826835870742798,
0.052698519080877304,
0.06901530921459198
],
"l_index_mcp": [
-0.01515600923448801,
0.0035456607583910227,
0.03349187597632408
],
"l_index_pip": [
-0.02704121544957161,
-0.02866898849606514,
0.030018292367458344
],
"l_index_dip": [
-0.04211597144603729,
-0.04253939539194107,
0.035316526889801025
],
"l_index_tip": [
-0.06919454783201218,
-0.06310369074344635,
0.020855216309428215
],
"l_middle_mcp": [
-0.0019088545814156532,
-0.004323567729443312,
0.011684630997478962
],
"l_middle_pip": [
-0.021021541208028793,
-0.03681099787354469,
0.0011971151689067483
],
"l_middle_dip": [
-0.0503135621547699,
-0.050491973757743835,
-0.0013444168725982308
],
"l_middle_tip": [
-0.07706752419471741,
-0.05941762775182724,
-0.003021138021722436
],
"l_ring_mcp": [
0.007399376947432756,
-0.0057362900115549564,
-0.02071996033191681
],
"l_ring_pip": [
-0.011040271259844303,
-0.0313161239027977,
-0.025118613615632057
],
"l_ring_dip": [
-0.03617313504219055,
-0.04490002244710922,
-0.025297600775957108
],
"l_ring_tip": [
-0.06377742439508438,
-0.058917950838804245,
-0.026994258165359497
],
"l_pinky_mcp": [
0.01328126061707735,
0.009223956614732742,
-0.04622543603181839
],
"l_pinky_pip": [
0.0015113349072635174,
-0.017812436446547508,
-0.04424925521016121
],
"l_pinky_dip": [
-0.020491594448685646,
-0.038748323917388916,
-0.03742188215255737
],
"l_pinky_tip": [
-0.04263683408498764,
-0.05182495713233948,
-0.0316544733941555
],
"r_hand_position": [
0.25389033555984497,
0.3742489218711853,
-0.4999998049830481
],
"r_wrist": null,
"r_thumb_cmc": null,
"r_thumb_mcp": null,
"r_thumb_ip": null,
"r_thumb_tip": null,
"r_index_mcp": null,
"r_index_pip": null,
"r_index_dip": null,
"r_index_tip": null,
"r_middle_mcp": null,
"r_middle_pip": null,
"r_middle_dip": null,
"r_middle_tip": null,
"r_ring_mcp": null,
"r_ring_pip": null,
"r_ring_dip": null,
"r_ring_tip": null,
"r_pinky_mcp": null,
"r_pinky_pip": null,
"r_pinky_dip": null,
"r_pinky_tip": null,
"l_hand_velocity": null,
"r_hand_velocity": null,
"m_nose_point": null,
"m_top_nose": null,
"m_eyebrows": null,
"m_forehead": null,
"m_top_chin": null,
"m_bot_up_lip": null,
"m_top_low_lip": null,
"m_bot_nose": null,
"m_chin": null,
"m_nose": null,
"l_eye_exterior": null,
"l_temple": null,
"l_mid_chin": null,
"l_up_lip": null,
"l_ext_nostril": null,
"l_mid_cheek": null,
"l_mid_eyebrow": null,
"l_ext_eyebrow": null,
"l_ext_lips": null,
"l_jaw_angle": null,
"l_mid_ext_face": null,
"l_int_eyebrow": null,
"l_mid_jaw": null,
"l_mid_bot_eyelid": null,
"l_ext_mouth": null,
"l_top_eyelid": null,
"l_eye_int": null,
"l_pupil": null,
"r_eye_exterior": null,
"r_temple": null,
"r_mid_chin": null,
"r_up_lip": null,
"r_ext_nostril": null,
"r_mid_cheek": null,
"r_mid_eyebrow": null,
"r_ext_eyebrow": null,
"r_ext_lips": null,
"r_jaw_angle": null,
"r_mid_ext_face": null,
"r_int_eyebrow": null,
"r_mid_jaw": null,
"r_mid_bot_eyelid": null,
"r_ext_mouth": null,
"r_top_eyelid": null,
"r_eye_int": null,
"r_pupil": null,
"l_shoudler": null,
"l_elbow": null,
"l_hip": null,
"l_knee": null,
"l_ankle": null,
"r_shoudler": null,
"r_elbow": null,
"r_hip": null,
"r_knee": null,
"r_ankle": null
}
],
"framerate": 30,
"mirrorable": true,
"invalid": false
}