{
    "label": "c",
    "label_id": 3,
    "gestures": [
        {
            "wrist": [
                -0.042169228196144104,
                0.07728630304336548,
                -0.04565228894352913
            ],
            "thumb_cmc": [
                -0.007783843204379082,
                0.07234358787536621,
                -0.025543373078107834
            ],
            "thumb_mcp": [
                0.02464917302131653,
                0.062346234917640686,
                -0.008205532096326351
            ],
            "thumb_ip": [
                0.04955329746007919,
                0.04725806042551994,
                0.011782499961555004
            ],
            "thumb_tip": [
                0.06078895181417465,
                0.02660525217652321,
                0.02604471892118454
            ],
            "index_mcp": [
                0.012829589657485485,
                0.010671313852071762,
                0.02047784812748432
            ],
            "index_pip": [
                0.03128138557076454,
                -0.008679809980094433,
                0.020439770072698593
            ],
            "index_dip": [
                0.047091782093048096,
                -0.012637649662792683,
                0.009793882258236408
            ],
            "index_tip": [
                0.0553557388484478,
                -0.002518804743885994,
                -0.015087384730577469
            ],
            "middle_mcp": [
                -0.00045907124876976013,
                -0.0047346134670078754,
                0.010330161079764366
            ],
            "middle_pip": [
                0.026671595871448517,
                -0.02549394778907299,
                0.0028913449496030807
            ],
            "middle_dip": [
                0.04418018087744713,
                -0.019423454999923706,
                -0.015062248334288597
            ],
            "middle_tip": [
                0.05387050658464432,
                -0.002935962751507759,
                -0.03134545311331749
            ],
            "ring_mcp": [
                -0.009017698466777802,
                -0.009648095816373825,
                -0.012609434314072132
            ],
            "ring_pip": [
                0.01496292557567358,
                -0.027680013328790665,
                -0.019568612799048424
            ],
            "ring_dip": [
                0.034790560603141785,
                -0.021103449165821075,
                -0.03330473229289055
            ],
            "ring_tip": [
                0.04566185921430588,
                -0.0019356105476617813,
                -0.04833291098475456
            ],
            "pinky_mcp": [
                -0.021030809730291367,
                -0.005636068992316723,
                -0.034159574657678604
            ],
            "pinky_pip": [
                -0.0034025637432932854,
                -0.022575099021196365,
                -0.03639362379908562
            ],
            "pinky_dip": [
                0.019674761220812798,
                -0.027533063665032387,
                -0.04905351996421814
            ],
            "pinky_tip": [
                0.040083177387714386,
                -0.014686478301882744,
                -0.05934305861592293
            ]
        }
    ]
}