{
    "label": "C",
    "label_id": 3,
    "gestures": [
        {
            "wrist": [
                -0.04006149619817734,
                0.07929421216249466,
                -0.04618939757347107
            ],
            "thumb_cmc": [
                -0.005715664476156235,
                0.07367347925901413,
                -0.024849269539117813
            ],
            "thumb_mcp": [
                0.027972392737865448,
                0.06360923498868942,
                -0.005910607520490885
            ],
            "thumb_ip": [
                0.051743701100349426,
                0.048405952751636505,
                0.01583799347281456
            ],
            "thumb_tip": [
                0.06289711594581604,
                0.02739441953599453,
                0.03076520748436451
            ],
            "index_mcp": [
                0.014461042359471321,
                0.010076570324599743,
                0.021520735695958138
            ],
            "index_pip": [
                0.029999438673257828,
                -0.010547004640102386,
                0.021331416442990303
            ],
            "index_dip": [
                0.04635016620159149,
                -0.016119588166475296,
                0.010321690700948238
            ],
            "index_tip": [
                0.05471526086330414,
                -0.004849888384342194,
                -0.014028914272785187
            ],
            "middle_mcp": [
                -0.0006272246828302741,
                -0.00507989851757884,
                0.010234346613287926
            ],
            "middle_pip": [
                0.02540455386042595,
                -0.027434684336185455,
                0.00357446214184165
            ],
            "middle_dip": [
                0.04356289282441139,
                -0.022226646542549133,
                -0.015367035754024982
            ],
            "middle_tip": [
                0.055020008236169815,
                -0.005576523020863533,
                -0.032498523592948914
            ],
            "ring_mcp": [
                -0.009780393913388252,
                -0.009050866588950157,
                -0.01288636215031147
            ],
            "ring_pip": [
                0.014783235266804695,
                -0.029724769294261932,
                -0.02007889375090599
            ],
            "ring_dip": [
                0.03562770411372185,
                -0.02335144206881523,
                -0.03268488124012947
            ],
            "ring_tip": [
                0.04819390922784805,
                -0.006453383713960648,
                -0.0478067509829998
            ],
            "pinky_mcp": [
                -0.02051783911883831,
                -0.004487195052206516,
                -0.035909153521060944
            ],
            "pinky_pip": [
                -0.003984285518527031,
                -0.024007774889469147,
                -0.03662789613008499
            ],
            "pinky_dip": [
                0.019685979932546616,
                -0.028699614107608795,
                -0.048486534506082535
            ],
            "pinky_tip": [
                0.038221269845962524,
                -0.017088115215301514,
                -0.05766170471906662
            ]
        }
    ]
}