{
"label": "c",
"gestures": [
{
"l_hand_position": null,
"l_wrist": null,
"l_thumb_cmc": null,
"l_thumb_mcp": null,
"l_thumb_ip": null,
"l_thumb_tip": null,
"l_index_mcp": null,
"l_index_pip": null,
"l_index_dip": null,
"l_index_tip": null,
"l_middle_mcp": null,
"l_middle_pip": null,
"l_middle_dip": null,
"l_middle_tip": null,
"l_ring_mcp": null,
"l_ring_pip": null,
"l_ring_dip": null,
"l_ring_tip": null,
"l_pinky_mcp": null,
"l_pinky_pip": null,
"l_pinky_dip": null,
"l_pinky_tip": null,
"r_hand_position": null,
"r_wrist": [
-0.030016284435987473,
0.09756430238485465,
-0.01116953510791092
],
"r_thumb_cmc": [
-0.016476038843393326,
0.0798825025558482,
-0.021431338042021183
],
"r_thumb_mcp": [
0.01837240904569626,
0.05729953944683131,
-0.013511296361684898
],
"r_thumb_ip": [
0.05043058842420578,
0.03764876350760505,
-0.012141327373683617
],
"r_thumb_tip": [
0.06597670912742615,
0.009246826171875087,
-0.013677529059350638
],
"r_index_mcp": [
0.005167379043996334,
-0.004523186013102597,
-0.00036623340565711406
],
"r_index_pip": [
0.01711982861161232,
-0.030545115470886574,
-0.0005271960399113361
],
"r_index_dip": [
0.040370356291532516,
-0.05133161693811501,
0.0003337616217323389
],
"r_index_tip": [
0.06585913151502609,
-0.06913259625434931,
0.00435677869245419
],
"r_middle_mcp": [
-0.002180954674258828,
-0.006258775480091646,
0.0031148456037044868
],
"r_middle_pip": [
0.025057993829250336,
-0.04543604701757471,
0.00045406058779920845
],
"r_middle_dip": [
0.04703705757856369,
-0.0572473555803306,
-0.00449078250676394
],
"r_middle_tip": [
0.07047055661678314,
-0.07342986017465669,
-0.011642707511782546
],
"r_ring_mcp": [
-0.0010418203892186284,
-0.001416960381902765,
-0.00031052340636961466
],
"r_ring_pip": [
0.02318716049194336,
-0.029909562319517535,
-0.005012496374547519
],
"r_ring_dip": [
0.0460357628762722,
-0.0415010638535027,
-0.009505174122750851
],
"r_ring_tip": [
0.06380609422922134,
-0.05511230602860498,
-0.01905976794660105
],
"r_pinky_mcp": [
-0.005496588069945574,
0.015506567433476623,
0.00223451061174272
],
"r_pinky_pip": [
0.017489654943346977,
-0.005342335905879786,
-0.007421579677611649
],
"r_pinky_dip": [
0.037746068090200424,
-0.021772403270006475,
-0.019037382677197623
],
"r_pinky_tip": [
0.05062243342399597,
-0.031006868928671185,
-0.03297789022326503
]
}
],
"framerate": 30,
"mirrorable": true
}