{
    "label": "e",
    "label_id": 5,
    "gestures": [
        {
            "wrist": [
                -0.01489986665546894,
                0.0986865907907486,
                0.00989373680204153
            ],
            "thumb_cmc": [
                -0.0402878075838089,
                0.06845357269048691,
                -0.0029031874146312475
            ],
            "thumb_mcp": [
                -0.04756034165620804,
                0.03963201120495796,
                -0.007443866692483425
            ],
            "thumb_ip": [
                -0.03799425810575485,
                0.010271322913467884,
                -0.02135113999247551
            ],
            "thumb_tip": [
                -0.012749295681715012,
                0.012300567701458931,
                -0.023438502103090286
            ],
            "index_mcp": [
                -0.029645605012774467,
                -0.008447777479887009,
                0.002899186685681343
            ],
            "index_pip": [
                -0.019979070872068405,
                -0.03647049143910408,
                -0.004635159857571125
            ],
            "index_dip": [
                -0.019466720521450043,
                -0.03862408548593521,
                -0.021093906834721565
            ],
            "index_tip": [
                -0.029382113367319107,
                -0.017585474997758865,
                -0.040284909307956696
            ],
            "middle_mcp": [
                -0.0035971757024526596,
                -0.005418555811047554,
                0.004749162122607231
            ],
            "middle_pip": [
                0.00848426390439272,
                -0.042193178087472916,
                -0.010020035319030285
            ],
            "middle_dip": [
                -0.0001698564738035202,
                -0.03840004280209541,
                -0.03826945275068283
            ],
            "middle_tip": [
                -0.008907721377909184,
                -0.022924179211258888,
                -0.04505641385912895
            ],
            "ring_mcp": [
                0.020054003223776817,
                0.0025997511111199856,
                -0.0012063410831615329
            ],
            "ring_pip": [
                0.02578097954392433,
                -0.025772416964173317,
                -0.0146065354347229
            ],
            "ring_dip": [
                0.016820276156067848,
                -0.021936964243650436,
                -0.0386374332010746
            ],
            "ring_tip": [
                0.007325880229473114,
                -0.006591038778424263,
                -0.05120455473661423
            ],
            "pinky_mcp": [
                0.02894154004752636,
                0.021633312106132507,
                -0.008460304699838161
            ],
            "pinky_pip": [
                0.03857501968741417,
                -0.0024619782343506813,
                -0.011407934129238129
            ],
            "pinky_dip": [
                0.030961409211158752,
                -0.008744017221033573,
                -0.03024393506348133
            ],
            "pinky_tip": [
                0.020630624145269394,
                0.0040924688801169395,
                -0.04522768408060074
            ]
        }
    ]
}