{
"label": "h",
"gestures": [
{
"l_hand_position": null,
"l_wrist": null,
"l_thumb_cmc": null,
"l_thumb_mcp": null,
"l_thumb_ip": null,
"l_thumb_tip": null,
"l_index_mcp": null,
"l_index_pip": null,
"l_index_dip": null,
"l_index_tip": null,
"l_middle_mcp": null,
"l_middle_pip": null,
"l_middle_dip": null,
"l_middle_tip": null,
"l_ring_mcp": null,
"l_ring_pip": null,
"l_ring_dip": null,
"l_ring_tip": null,
"l_pinky_mcp": null,
"l_pinky_pip": null,
"l_pinky_dip": null,
"l_pinky_tip": null,
"r_hand_position": null,
"r_wrist": [
0.008420411497354507,
0.09502942115068436,
0.004759805742651224
],
"r_thumb_cmc": [
-0.016357731074094772,
0.07109273970127106,
-0.007843461818993092
],
"r_thumb_mcp": [
-0.024592934176325798,
0.04333355650305748,
-0.01647070236504078
],
"r_thumb_ip": [
-0.022955559194087982,
0.015909388661384583,
-0.02789340727031231
],
"r_thumb_tip": [
-0.0033829929307103157,
-0.003272478934377432,
-0.03502967581152916
],
"r_index_mcp": [
-0.025365928187966347,
-0.0036402796395123005,
0.005772222299128771
],
"r_index_pip": [
-0.029226647689938545,
-0.03399762138724327,
0.005342936143279076
],
"r_index_dip": [
-0.029268259182572365,
-0.05977318063378334,
-0.00014147809997666627
],
"r_index_tip": [
-0.03374608978629112,
-0.07779061794281006,
-0.023837627843022346
],
"r_middle_mcp": [
-0.005263905040919781,
-0.004510189406573772,
0.006638090126216412
],
"r_middle_pip": [
-0.009664596058428288,
-0.021918177604675293,
-0.02328999526798725
],
"r_middle_dip": [
-0.012826104648411274,
-0.0015085730701684952,
-0.0397847518324852
],
"r_middle_tip": [
-0.011426366865634918,
0.01659790612757206,
-0.032970450818538666
],
"r_ring_mcp": [
0.016044260933995247,
-0.0008552293293178082,
-0.002686618361622095
],
"r_ring_pip": [
0.010262822732329369,
-0.0088585764169693,
-0.03206886723637581
],
"r_ring_dip": [
0.004891600459814072,
0.010526061989367008,
-0.0427662692964077
],
"r_ring_tip": [
0.001072426326572895,
0.031168030574917793,
-0.04168287664651871
],
"r_pinky_mcp": [
0.026368003338575363,
0.01445702463388443,
-0.011615530587732792
],
"r_pinky_pip": [
0.02799006551504135,
-0.008272222243249416,
-0.016869649291038513
],
"r_pinky_dip": [
0.02549660950899124,
-0.035129476338624954,
-0.025293290615081787
],
"r_pinky_tip": [
0.021601997315883636,
-0.05261969193816185,
-0.03429730609059334
]
}
],
"framerate": 30,
"mirrorable": true
}