{
"label": "h",
"gestures": [
{
"l_hand_position": null,
"l_wrist": null,
"l_thumb_cmc": null,
"l_thumb_mcp": null,
"l_thumb_ip": null,
"l_thumb_tip": null,
"l_index_mcp": null,
"l_index_pip": null,
"l_index_dip": null,
"l_index_tip": null,
"l_middle_mcp": null,
"l_middle_pip": null,
"l_middle_dip": null,
"l_middle_tip": null,
"l_ring_mcp": null,
"l_ring_pip": null,
"l_ring_dip": null,
"l_ring_tip": null,
"l_pinky_mcp": null,
"l_pinky_pip": null,
"l_pinky_dip": null,
"l_pinky_tip": null,
"r_hand_position": null,
"r_wrist": [
0.022081080824136734,
0.08868340402841568,
-0.032171186059713364
],
"r_thumb_cmc": [
-0.00694043654948473,
0.0638638436794281,
-0.04037934169173241
],
"r_thumb_mcp": [
-0.013079993426799774,
0.03066159226000309,
-0.04310387372970581
],
"r_thumb_ip": [
-0.006610294803977013,
-0.0024360870011150837,
-0.03971569240093231
],
"r_thumb_tip": [
0.01194822322577238,
-0.023558080196380615,
-0.025011684745550156
],
"r_index_mcp": [
-0.030504493042826653,
0.0006714370101690292,
-0.004332070238888264
],
"r_index_pip": [
-0.0389946848154068,
-0.030282942578196526,
-0.0010487829567864537
],
"r_index_dip": [
-0.03923097997903824,
-0.052502796053886414,
-0.007132927421480417
],
"r_index_tip": [
-0.04616047441959381,
-0.06988772749900818,
-0.02936330810189247
],
"r_middle_mcp": [
-0.0067056710831820965,
-0.001291021704673767,
0.007399505004286766
],
"r_middle_pip": [
-0.0032933857291936874,
-0.028819965198636055,
-0.02078520692884922
],
"r_middle_dip": [
-0.003232457907870412,
-0.011230558156967163,
-0.03878907114267349
],
"r_middle_tip": [
-0.007236093748360872,
0.007824514992535114,
-0.03635196015238762
],
"r_ring_mcp": [
0.01896326057612896,
-0.0031786710023880005,
0.004370508715510368
],
"r_ring_pip": [
0.022677898406982422,
-0.0134209543466568,
-0.02330448292195797
],
"r_ring_dip": [
0.019959263503551483,
0.0018971331883221865,
-0.04032854363322258
],
"r_ring_tip": [
0.015576078556478024,
0.02186538092792034,
-0.03634875267744064
],
"r_pinky_mcp": [
0.034653373062610626,
0.008567183278501034,
-0.0046442123129963875
],
"r_pinky_pip": [
0.04358606040477753,
-0.011608248576521873,
-0.008226113393902779
],
"r_pinky_dip": [
0.04665350541472435,
-0.03349582478404045,
-0.015149222686886787
],
"r_pinky_tip": [
0.052177079021930695,
-0.053141262382268906,
-0.019863247871398926
]
}
],
"framerate": 30,
"mirrorable": true
}