{
"label": "h",
"gestures": [
{
"l_hand_position": null,
"l_wrist": null,
"l_thumb_cmc": null,
"l_thumb_mcp": null,
"l_thumb_ip": null,
"l_thumb_tip": null,
"l_index_mcp": null,
"l_index_pip": null,
"l_index_dip": null,
"l_index_tip": null,
"l_middle_mcp": null,
"l_middle_pip": null,
"l_middle_dip": null,
"l_middle_tip": null,
"l_ring_mcp": null,
"l_ring_pip": null,
"l_ring_dip": null,
"l_ring_tip": null,
"l_pinky_mcp": null,
"l_pinky_pip": null,
"l_pinky_dip": null,
"l_pinky_tip": null,
"r_hand_position": null,
"r_wrist": [
-0.04850989952683449,
0.07991098612546921,
-0.01704184152185917
],
"r_thumb_cmc": [
-0.009465731680393219,
0.0714452937245369,
-0.026887906715273857
],
"r_thumb_mcp": [
0.015733525156974792,
0.05135977268218994,
-0.02986135333776474
],
"r_thumb_ip": [
0.02796175517141819,
0.017650609835982323,
-0.036645494401454926
],
"r_thumb_tip": [
0.008333517238497734,
-0.011570156551897526,
-0.024477818980813026
],
"r_index_mcp": [
0.0280842836946249,
0.009970447048544884,
0.0003157955943606794
],
"r_index_pip": [
0.03488679975271225,
-0.017454329878091812,
-0.0005098802503198385
],
"r_index_dip": [
0.03780260682106018,
-0.03882414102554321,
-0.007499494589865208
],
"r_index_tip": [
0.03865037485957146,
-0.056106019765138626,
-0.029060140252113342
],
"r_middle_mcp": [
0.0021981222089380026,
-0.0038029118441045284,
0.006566282361745834
],
"r_middle_pip": [
0.014715899713337421,
-0.01658659800887108,
-0.023743795230984688
],
"r_middle_dip": [
0.006876953411847353,
0.008741689845919609,
-0.03500803932547569
],
"r_middle_tip": [
0.009326241910457611,
0.025625888258218765,
-0.019085055217146873
],
"r_ring_mcp": [
-0.016704140231013298,
-0.007002837490290403,
0.0007911610882729292
],
"r_ring_pip": [
-0.008935164660215378,
-0.017567751929163933,
-0.029183685779571533
],
"r_ring_dip": [
-0.008916216902434826,
0.006344702560454607,
-0.03740493953227997
],
"r_ring_tip": [
-0.01038341037929058,
0.028175460174679756,
-0.03729316219687462
],
"r_pinky_mcp": [
-0.04188699275255203,
-0.0022041574120521545,
-0.008168639615178108
],
"r_pinky_pip": [
-0.03638186305761337,
-0.029014501720666885,
-0.008551079779863358
],
"r_pinky_dip": [
-0.026065360754728317,
-0.0521174892783165,
-0.015327611938118935
],
"r_pinky_tip": [
-0.023593049496412277,
-0.07172072678804398,
-0.02839612029492855
]
}
],
"framerate": 30,
"mirrorable": true
}