{
"label": "h",
"gestures": [
{
"l_hand_position": null,
"l_wrist": null,
"l_thumb_cmc": null,
"l_thumb_mcp": null,
"l_thumb_ip": null,
"l_thumb_tip": null,
"l_index_mcp": null,
"l_index_pip": null,
"l_index_dip": null,
"l_index_tip": null,
"l_middle_mcp": null,
"l_middle_pip": null,
"l_middle_dip": null,
"l_middle_tip": null,
"l_ring_mcp": null,
"l_ring_pip": null,
"l_ring_dip": null,
"l_ring_tip": null,
"l_pinky_mcp": null,
"l_pinky_pip": null,
"l_pinky_dip": null,
"l_pinky_tip": null,
"r_hand_position": null,
"r_wrist": [
-0.021120991557836533,
0.09205867350101471,
-0.03565268963575363
],
"r_thumb_cmc": [
0.011663706973195076,
0.0724172368645668,
-0.0423540435731411
],
"r_thumb_mcp": [
0.025933030992746353,
0.03827930986881256,
-0.04498348385095596
],
"r_thumb_ip": [
0.01886596903204918,
0.0003512464463710785,
-0.048455797135829926
],
"r_thumb_tip": [
0.0008161803707480431,
-0.027592692524194717,
-0.03494029492139816
],
"r_index_mcp": [
0.027550533413887024,
0.0038017695769667625,
-0.0014731615083292127
],
"r_index_pip": [
0.03865531459450722,
-0.02128509432077408,
-0.001383467111736536
],
"r_index_dip": [
0.04793681204319,
-0.040920451283454895,
-0.004073880147188902
],
"r_index_tip": [
0.05350887030363083,
-0.05762624740600586,
-0.025138797238469124
],
"r_middle_mcp": [
0.00246785138733685,
-0.00399320712313056,
0.007716100197285414
],
"r_middle_pip": [
0.009419838897883892,
-0.032322172075510025,
-0.009937016293406487
],
"r_middle_dip": [
0.012739317491650581,
-0.022523030638694763,
-0.028153199702501297
],
"r_middle_tip": [
0.017019687220454216,
-0.006888625677675009,
-0.03594072163105011
],
"r_ring_mcp": [
-0.018880704417824745,
-0.0039049945771694183,
0.0030000978149473667
],
"r_ring_pip": [
-0.012486056424677372,
-0.024629507213830948,
-0.017758680507540703
],
"r_ring_dip": [
-0.004904514644294977,
-0.010878467932343483,
-0.03188915550708771
],
"r_ring_tip": [
0.0036067969631403685,
0.005076725967228413,
-0.036740515381097794
],
"r_pinky_mcp": [
-0.038913093507289886,
0.0039366986602544785,
-0.007293377537280321
],
"r_pinky_pip": [
-0.040706127882003784,
-0.020590387284755707,
-0.01097023580223322
],
"r_pinky_dip": [
-0.03567197918891907,
-0.042057402431964874,
-0.01791665330529213
],
"r_pinky_tip": [
-0.029602743685245514,
-0.058934662491083145,
-0.029000895097851753
]
}
],
"framerate": 30,
"mirrorable": true
}