{
"label": "h",
"gestures": [
{
"l_hand_position": null,
"l_wrist": null,
"l_thumb_cmc": null,
"l_thumb_mcp": null,
"l_thumb_ip": null,
"l_thumb_tip": null,
"l_index_mcp": null,
"l_index_pip": null,
"l_index_dip": null,
"l_index_tip": null,
"l_middle_mcp": null,
"l_middle_pip": null,
"l_middle_dip": null,
"l_middle_tip": null,
"l_ring_mcp": null,
"l_ring_pip": null,
"l_ring_dip": null,
"l_ring_tip": null,
"l_pinky_mcp": null,
"l_pinky_pip": null,
"l_pinky_dip": null,
"l_pinky_tip": null,
"r_hand_position": null,
"r_wrist": [
0.012334950268268585,
0.083661288022995,
-0.03169188275933266
],
"r_thumb_cmc": [
-0.011543070897459984,
0.06189240515232086,
-0.036437973380088806
],
"r_thumb_mcp": [
-0.017076177522540092,
0.03406582027673721,
-0.03791462257504463
],
"r_thumb_ip": [
-0.015295147895812988,
0.005194381810724735,
-0.03551935404539108
],
"r_thumb_tip": [
0.0006522606126964092,
-0.017911411821842194,
-0.03103477880358696
],
"r_index_mcp": [
-0.024048209190368652,
0.0037474161945283413,
0.003897639224305749
],
"r_index_pip": [
-0.03366650268435478,
-0.022891879081726074,
0.001161289168521762
],
"r_index_dip": [
-0.037610530853271484,
-0.04574286565184593,
-0.004767283797264099
],
"r_index_tip": [
-0.04511597380042076,
-0.06502989679574966,
-0.02592134289443493
],
"r_middle_mcp": [
-0.005345194600522518,
-0.00271492637693882,
0.008186916820704937
],
"r_middle_pip": [
-0.009561855345964432,
-0.02024988830089569,
-0.02105567790567875
],
"r_middle_dip": [
-0.013674815185368061,
-0.0019742492586374283,
-0.034678760915994644
],
"r_middle_tip": [
-0.013154612854123116,
0.011331872083246708,
-0.03209194540977478
],
"r_ring_mcp": [
0.01741502247750759,
-0.0047456007450819016,
-0.0004575912025757134
],
"r_ring_pip": [
0.011607768014073372,
-0.015842365100979805,
-0.025309061631560326
],
"r_ring_dip": [
0.006954306270927191,
0.0042560207657516,
-0.03363223746418953
],
"r_ring_tip": [
0.0030870800837874413,
0.021929103881120682,
-0.034264229238033295
],
"r_pinky_mcp": [
0.02757822349667549,
0.0035285959020256996,
-0.011490310542285442
],
"r_pinky_pip": [
0.035642433911561966,
-0.019563307985663414,
-0.010725305415689945
],
"r_pinky_dip": [
0.03949608653783798,
-0.046627871692180634,
-0.014475745148956776
],
"r_pinky_tip": [
0.04027741402387619,
-0.06888709217309952,
-0.023268334567546844
]
}
],
"framerate": 30,
"mirrorable": true
}