{
"label": "h",
"gestures": [
{
"l_hand_position": null,
"l_wrist": null,
"l_thumb_cmc": null,
"l_thumb_mcp": null,
"l_thumb_ip": null,
"l_thumb_tip": null,
"l_index_mcp": null,
"l_index_pip": null,
"l_index_dip": null,
"l_index_tip": null,
"l_middle_mcp": null,
"l_middle_pip": null,
"l_middle_dip": null,
"l_middle_tip": null,
"l_ring_mcp": null,
"l_ring_pip": null,
"l_ring_dip": null,
"l_ring_tip": null,
"l_pinky_mcp": null,
"l_pinky_pip": null,
"l_pinky_dip": null,
"l_pinky_tip": null,
"r_hand_position": null,
"r_wrist": [
0.011995142325758934,
0.0917845219373703,
-0.0023126585874706507
],
"r_thumb_cmc": [
-0.015879478305578232,
0.06824114918708801,
-0.017227990552783012
],
"r_thumb_mcp": [
-0.01838703453540802,
0.03727160394191742,
-0.02974686585366726
],
"r_thumb_ip": [
-0.010121842846274376,
0.008282740600407124,
-0.03511752188205719
],
"r_thumb_tip": [
0.008472789078950882,
-0.01288590393960476,
-0.035078950226306915
],
"r_index_mcp": [
-0.030451226979494095,
-0.0031363987363874912,
-0.00244509126059711
],
"r_index_pip": [
-0.03552105650305748,
-0.033088140189647675,
-0.0011008076835423708
],
"r_index_dip": [
-0.03367401286959648,
-0.056437861174345016,
-0.004904709290713072
],
"r_index_tip": [
-0.039447635412216187,
-0.07885035872459412,
-0.027424558997154236
],
"r_middle_mcp": [
-0.006030610762536526,
-0.0035081664100289345,
0.00587724894285202
],
"r_middle_pip": [
-0.004897324834018946,
-0.025529606267809868,
-0.024762315675616264
],
"r_middle_dip": [
-0.0045816125348210335,
-0.009009791538119316,
-0.04008299484848976
],
"r_middle_tip": [
-0.010139667429029942,
0.008736718446016312,
-0.0369718074798584
],
"r_ring_mcp": [
0.018464582040905952,
-0.0015431828796863556,
0.00343762943521142
],
"r_ring_pip": [
0.02210751175880432,
-0.011501749977469444,
-0.02463587187230587
],
"r_ring_dip": [
0.017468566074967384,
0.004998486023396254,
-0.03673755005002022
],
"r_ring_tip": [
0.010401733219623566,
0.02341046743094921,
-0.028532110154628754
],
"r_pinky_mcp": [
0.032716188579797745,
0.013507939875125885,
-0.0004407967790029943
],
"r_pinky_pip": [
0.04511721059679985,
-0.006835106760263443,
-0.004197434056550264
],
"r_pinky_dip": [
0.05218569561839104,
-0.03145436942577362,
-0.010721885599195957
],
"r_pinky_tip": [
0.05810512229800224,
-0.04967991262674332,
-0.014496926218271255
]
}
],
"framerate": 30,
"mirrorable": true
}