{
"label": "n",
"gestures": [
{
"l_hand_position": null,
"l_wrist": null,
"l_thumb_cmc": null,
"l_thumb_mcp": null,
"l_thumb_ip": null,
"l_thumb_tip": null,
"l_index_mcp": null,
"l_index_pip": null,
"l_index_dip": null,
"l_index_tip": null,
"l_middle_mcp": null,
"l_middle_pip": null,
"l_middle_dip": null,
"l_middle_tip": null,
"l_ring_mcp": null,
"l_ring_pip": null,
"l_ring_dip": null,
"l_ring_tip": null,
"l_pinky_mcp": null,
"l_pinky_pip": null,
"l_pinky_dip": null,
"l_pinky_tip": null,
"r_hand_position": null,
"r_wrist": [
-5.3524039685726166e-05,
0.053499702364206314,
0.07890301942825317
],
"r_thumb_cmc": [
-0.014301531948149204,
0.02477826364338398,
0.06929337978363037
],
"r_thumb_mcp": [
-0.017076188698410988,
0.007848374545574188,
0.04285486787557602
],
"r_thumb_ip": [
-0.01892806775867939,
0.0018099320586770773,
0.011391935870051384
],
"r_thumb_tip": [
-0.025892123579978943,
-0.009633468464016914,
-0.019339630380272865
],
"r_index_mcp": [
-0.00807563029229641,
-0.009648562408983707,
0.008543567731976509
],
"r_index_pip": [
-0.028467968106269836,
-0.019983593374490738,
0.0023849550634622574
],
"r_index_dip": [
-0.04792563244700432,
-0.029721152037382126,
0.01247214712202549
],
"r_index_tip": [
-0.0699731633067131,
-0.03425529971718788,
0.015504986047744751
],
"r_middle_mcp": [
0.00035401020431891084,
-0.00035493040923029184,
-0.001537145348265767
],
"r_middle_pip": [
-0.013653675094246864,
-0.0069161769933998585,
-0.010596091859042645
],
"r_middle_dip": [
-0.04828019440174103,
-0.011181564070284367,
-0.0036835751961916685
],
"r_middle_tip": [
-0.08130431920289993,
-0.013479376211762428,
0.009160137735307217
],
"r_ring_mcp": [
0.0059550050646066666,
0.004199834540486336,
-0.005998707842081785
],
"r_ring_pip": [
-0.007375437766313553,
0.005111183039844036,
-0.0025546157266944647
],
"r_ring_dip": [
-0.019086986780166626,
0.014179827645421028,
0.020955588668584824
],
"r_ring_tip": [
-0.003304199781268835,
0.005901144817471504,
0.04771283268928528
],
"r_pinky_mcp": [
0.005373198539018631,
0.02363353595137596,
-0.001001688651740551
],
"r_pinky_pip": [
-0.011729767546057701,
0.021141842007637024,
0.003574433969333768
],
"r_pinky_dip": [
-0.013901185244321823,
0.017651177942752838,
0.02227317914366722
],
"r_pinky_tip": [
-0.00732193049043417,
0.01405332237482071,
0.04467342421412468
]
}
],
"framerate": 30,
"mirrorable": true
}