{
"label": "n",
"gestures": [
{
"l_hand_position": null,
"l_wrist": null,
"l_thumb_cmc": null,
"l_thumb_mcp": null,
"l_thumb_ip": null,
"l_thumb_tip": null,
"l_index_mcp": null,
"l_index_pip": null,
"l_index_dip": null,
"l_index_tip": null,
"l_middle_mcp": null,
"l_middle_pip": null,
"l_middle_dip": null,
"l_middle_tip": null,
"l_ring_mcp": null,
"l_ring_pip": null,
"l_ring_dip": null,
"l_ring_tip": null,
"l_pinky_mcp": null,
"l_pinky_pip": null,
"l_pinky_dip": null,
"l_pinky_tip": null,
"r_hand_position": null,
"r_wrist": [
0.056148283183574677,
0.044565968215465546,
0.05895904824137688
],
"r_thumb_cmc": [
0.04072170332074165,
0.012700183317065239,
0.05461593717336655
],
"r_thumb_mcp": [
0.018598852679133415,
-0.011720411479473114,
0.05065498128533363
],
"r_thumb_ip": [
-0.00574277900159359,
-0.014572232030332088,
0.03274207189679146
],
"r_thumb_tip": [
-0.028986362740397453,
-0.0020708218216896057,
0.013135585933923721
],
"r_index_mcp": [
0.0008030049502849579,
-0.024593165144324303,
0.004565246403217316
],
"r_index_pip": [
-0.026487167924642563,
-0.0284256748855114,
0.00650692917406559
],
"r_index_dip": [
-0.05194091796875,
-0.03159821033477783,
0.022470176219940186
],
"r_index_tip": [
-0.07512205839157104,
-0.032690249383449554,
0.038123417645692825
],
"r_middle_mcp": [
-0.001436239923350513,
-0.0032407722901552916,
-0.0007684605661779642
],
"r_middle_pip": [
-0.032095059752464294,
-0.01004012394696474,
-0.0015109884552657604
],
"r_middle_dip": [
-0.06141865253448486,
-0.011163206771016121,
0.01189880445599556
],
"r_middle_tip": [
-0.08520744740962982,
-0.01591399684548378,
0.029704907909035683
],
"r_ring_mcp": [
-0.0009091491810977459,
0.014562232419848442,
-0.004130472894757986
],
"r_ring_pip": [
-0.028397560119628906,
0.012245467863976955,
0.0077917310409247875
],
"r_ring_dip": [
-0.024512266740202904,
0.012348657473921776,
0.03272932767868042
],
"r_ring_tip": [
-0.01217155996710062,
0.010458795353770256,
0.0555809922516346
],
"r_pinky_mcp": [
-0.0022019101306796074,
0.03765776380896568,
0.003397789318114519
],
"r_pinky_pip": [
-0.02396511100232601,
0.030966758728027344,
0.011808374896645546
],
"r_pinky_dip": [
-0.022322235628962517,
0.025552373379468918,
0.03458542376756668
],
"r_pinky_tip": [
-0.009061056189239025,
0.026692764833569527,
0.046925000846385956
]
}
],
"framerate": 30,
"mirrorable": true
}