{
"label": "n",
"gestures": [
{
"l_hand_position": null,
"l_wrist": null,
"l_thumb_cmc": null,
"l_thumb_mcp": null,
"l_thumb_ip": null,
"l_thumb_tip": null,
"l_index_mcp": null,
"l_index_pip": null,
"l_index_dip": null,
"l_index_tip": null,
"l_middle_mcp": null,
"l_middle_pip": null,
"l_middle_dip": null,
"l_middle_tip": null,
"l_ring_mcp": null,
"l_ring_pip": null,
"l_ring_dip": null,
"l_ring_tip": null,
"l_pinky_mcp": null,
"l_pinky_pip": null,
"l_pinky_dip": null,
"l_pinky_tip": null,
"r_hand_position": null,
"r_wrist": [
-0.037330497056245804,
0.023234698921442032,
0.08270122855901718
],
"r_thumb_cmc": [
-0.01483019907027483,
0.0004900627536699176,
0.06699265539646149
],
"r_thumb_mcp": [
0.002548946999013424,
-0.0016386928036808968,
0.05364116281270981
],
"r_thumb_ip": [
0.016274666413664818,
-0.0017915759235620499,
0.024037960916757584
],
"r_thumb_tip": [
0.026412909850478172,
0.007109595462679863,
-3.819226549239829e-05
],
"r_index_mcp": [
0.00217336299829185,
-0.015254479832947254,
0.005638849921524525
],
"r_index_pip": [
0.026172153651714325,
-0.013557285070419312,
0.0016216884832829237
],
"r_index_dip": [
0.04894351214170456,
-0.015175672248005867,
0.009537138044834137
],
"r_index_tip": [
0.06936753541231155,
-0.014514962211251259,
0.024618230760097504
],
"r_middle_mcp": [
-0.000655478797852993,
-0.0032806226518005133,
-0.0024665878154337406
],
"r_middle_pip": [
0.02966362237930298,
-0.0053380802273750305,
-0.009649033658206463
],
"r_middle_dip": [
0.05605468526482582,
-0.010823543183505535,
0.0002252678241347894
],
"r_middle_tip": [
0.09053710103034973,
-0.012261158786714077,
0.01735447160899639
],
"r_ring_mcp": [
-0.001265826285816729,
0.01069604977965355,
-0.00539120240136981
],
"r_ring_pip": [
0.018074125051498413,
0.004256079904735088,
0.0050784568302333355
],
"r_ring_dip": [
0.01570681296288967,
0.0049119009636342525,
0.03136114776134491
],
"r_ring_tip": [
0.006092006340622902,
0.00375176384113729,
0.05120629444718361
],
"r_pinky_mcp": [
-0.005571560934185982,
0.020021844655275345,
0.001990410964936018
],
"r_pinky_pip": [
0.014923804439604282,
0.015500854700803757,
0.010588048957288265
],
"r_pinky_dip": [
0.014291324652731419,
0.013059254735708237,
0.03586781397461891
],
"r_pinky_tip": [
0.00455577252432704,
0.01468619517982006,
0.051992274820804596
]
}
],
"framerate": 30,
"mirrorable": true
}