{
"label": "i",
"gestures": [
{
"l_hand_position": null,
"l_wrist": null,
"l_thumb_cmc": null,
"l_thumb_mcp": null,
"l_thumb_ip": null,
"l_thumb_tip": null,
"l_index_mcp": null,
"l_index_pip": null,
"l_index_dip": null,
"l_index_tip": null,
"l_middle_mcp": null,
"l_middle_pip": null,
"l_middle_dip": null,
"l_middle_tip": null,
"l_ring_mcp": null,
"l_ring_pip": null,
"l_ring_dip": null,
"l_ring_tip": null,
"l_pinky_mcp": null,
"l_pinky_pip": null,
"l_pinky_dip": null,
"l_pinky_tip": null,
"r_hand_position": [
-0.11313459277153015,
0.05544823408126831,
-0.5005095598753542
],
"r_wrist": [
-0.17792124595545938,
0.9840409746016554,
0.002718555256199957
],
"r_thumb_cmc": [
0.05153112897189207,
0.8005124097151659,
-0.10589465542576486
],
"r_thumb_mcp": [
0.2024490715645656,
0.3309359889788758,
-0.1368224021387365
],
"r_thumb_ip": [
0.10406437714236658,
-0.06386812125140925,
-0.16291540283044853
],
"r_thumb_tip": [
-0.10036316812960505,
-0.22083838031798445,
-0.15499664730125182
],
"r_index_mcp": [
0.17767027879225306,
0.05909370158128632,
0.0057379393600790465
],
"r_index_pip": [
0.2458811816396775,
-0.2780646190156404,
-0.10603791187206277
],
"r_index_dip": [
0.2018575969891763,
-0.0392762020004956,
-0.15141863565148062
],
"r_index_tip": [
0.19702019696630957,
0.11228156372118873,
-0.15707766288348504
],
"r_middle_mcp": [
0.0,
0.0,
0.0
],
"r_middle_pip": [
0.03223735237490264,
-0.392253724026751,
-0.1583836602960401
],
"r_middle_dip": [
0.031379960754595086,
-0.11741891562606252,
-0.20568602040013212
],
"r_middle_tip": [
0.04599235683892401,
0.06747390548728623,
-0.18442182156128628
],
"r_ring_mcp": [
-0.17896153506479565,
0.0030087432151694057,
-0.03325306339164054
],
"r_ring_pip": [
-0.173772812821699,
-0.30891322280428346,
-0.1692644506001374
],
"r_ring_dip": [
-0.08122843282742319,
-0.048158976398087396,
-0.18621085720641467
],
"r_ring_tip": [
-0.007586110721025768,
0.15196204869308516,
-0.15034564367589956
],
"r_pinky_mcp": [
-0.34138722862585974,
0.05724246090972633,
-0.07647335282725087
],
"r_pinky_pip": [
-0.37636661196453947,
-0.25534938704345594,
-0.12151744085600621
],
"r_pinky_dip": [
-0.31585171737285284,
-0.40528047840184855,
-0.1307838129165929
],
"r_pinky_tip": [
-0.2539472789884325,
-0.5435280781610883,
-0.1258033552490468
],
"l_hand_velocity": null,
"r_hand_velocity": null,
"m_nose_point": null,
"m_top_nose": null,
"m_eyebrows": null,
"m_forehead": null,
"m_top_chin": null,
"m_bot_up_lip": null,
"m_top_low_lip": null,
"m_bot_nose": null,
"m_chin": null,
"m_nose": null,
"l_eye_exterior": null,
"l_temple": null,
"l_mid_chin": null,
"l_up_lip": null,
"l_ext_nostril": null,
"l_mid_cheek": null,
"l_mid_eyebrow": null,
"l_ext_eyebrow": null,
"l_ext_lips": null,
"l_jaw_angle": null,
"l_mid_ext_face": null,
"l_int_eyebrow": null,
"l_mid_jaw": null,
"l_mid_bot_eyelid": null,
"l_ext_mouth": null,
"l_top_eyelid": null,
"l_eye_int": null,
"l_pupil": null,
"r_eye_exterior": null,
"r_temple": null,
"r_mid_chin": null,
"r_up_lip": null,
"r_ext_nostril": null,
"r_mid_cheek": null,
"r_mid_eyebrow": null,
"r_ext_eyebrow": null,
"r_ext_lips": null,
"r_jaw_angle": null,
"r_mid_ext_face": null,
"r_int_eyebrow": null,
"r_mid_jaw": null,
"r_mid_bot_eyelid": null,
"r_ext_mouth": null,
"r_top_eyelid": null,
"r_eye_int": null,
"r_pupil": null,
"l_shoulder": null,
"l_elbow": null,
"l_hip": null,
"l_knee": null,
"l_ankle": null,
"l_body_wrist": null,
"r_shoulder": null,
"r_elbow": null,
"r_hip": null,
"r_knee": null,
"r_ankle": null,
"r_body_wrist": null,
"m_face_position": null,
"m_body_position": null,
"m_face_scale": null,
"m_body_scale": null,
"l_hand_scale": null,
"r_hand_scale": [
0.18738732241683692,
0.18738732241683692,
0.18738732241683692
]
}
],
"framerate": 30,
"mirrorable": true,
"invalid": false
}