{
"label": "f",
"gestures": [
{
"l_hand_position": null,
"l_wrist": [
-0.0018390621989965439,
0.0872781872749338,
-0.034060481935739996
],
"l_thumb_cmc": [
-0.025492656975984573,
0.06466741859912944,
-0.019796019420028083
],
"l_thumb_mcp": [
-0.036096639931201935,
0.038411695510149314,
-0.011458640918135766
],
"l_thumb_ip": [
-0.05042527988553047,
0.008245514705777265,
0.0048989485949278554
],
"l_thumb_tip": [
-0.0529782772064209,
-0.018978593870997557,
0.017539117485285007
],
"l_index_mcp": [
-0.02340938150882721,
0.006218524184078089,
0.018326956778764964
],
"l_index_pip": [
-0.03675669804215431,
-0.013342448510229732,
0.0005963104194961572
],
"l_index_dip": [
-0.05346522852778435,
-0.014043687842786475,
-0.009692733176052688
],
"l_index_tip": [
-0.07355139404535294,
0.004740083590149886,
-0.03178596869111088
],
"l_middle_mcp": [
-0.003679715096950531,
-0.0023561068810522756,
0.009336057119071584
],
"l_middle_pip": [
-0.011033325456082821,
-0.03541242331266438,
-8.692189294372786e-05
],
"l_middle_dip": [
-0.030988182872533798,
-0.05394971370697075,
-0.018867772072553725
],
"l_middle_tip": [
-0.0507562980055809,
-0.06463059782981953,
-0.03550438582897217
],
"l_ring_mcp": [
0.017311839386820793,
-0.004943814594298693,
-0.010401681996882083
],
"l_ring_pip": [
0.01570601388812065,
-0.037497613579035256,
-0.008102914318442404
],
"l_ring_dip": [
0.005614208057522774,
-0.06478750705719068,
-0.016788467764854577
],
"l_ring_tip": [
-0.006525052711367607,
-0.08637513220310299,
-0.028157794848084547
],
"l_pinky_mcp": [
0.023735394701361656,
0.0023281574249267986,
-0.030545538291335397
],
"l_pinky_pip": [
0.03359979763627052,
-0.020095488056540774,
-0.02507300302386314
],
"l_pinky_dip": [
0.03729843720793724,
-0.04215526580810602,
-0.028365658596158312
],
"l_pinky_tip": [
0.0320855975151062,
-0.0610460489988335,
-0.037026010453701415
],
"r_hand_position": null,
"r_wrist": null,
"r_thumb_cmc": null,
"r_thumb_mcp": null,
"r_thumb_ip": null,
"r_thumb_tip": null,
"r_index_mcp": null,
"r_index_pip": null,
"r_index_dip": null,
"r_index_tip": null,
"r_middle_mcp": null,
"r_middle_pip": null,
"r_middle_dip": null,
"r_middle_tip": null,
"r_ring_mcp": null,
"r_ring_pip": null,
"r_ring_dip": null,
"r_ring_tip": null,
"r_pinky_mcp": null,
"r_pinky_pip": null,
"r_pinky_dip": null,
"r_pinky_tip": null
}
],
"framerate": 30,
"mirrorable": true
}