{
    "label": "f",
    "label_id": 6,
    "gestures": [
        {
            "wrist": [
                -0.014672089368104935,
                0.08271326869726181,
                -0.023343222215771675
            ],
            "thumb_cmc": [
                -0.03419741243124008,
                0.062160927802324295,
                -0.006975172087550163
            ],
            "thumb_mcp": [
                -0.04370604082942009,
                0.03855001926422119,
                0.006652509327977896
            ],
            "thumb_ip": [
                -0.060053907334804535,
                0.012196000665426254,
                0.029111500829458237
            ],
            "thumb_tip": [
                -0.06952956318855286,
                -0.007600465789437294,
                0.052716776728630066
            ],
            "index_mcp": [
                -0.018140405416488647,
                0.006890090182423592,
                0.02274269424378872
            ],
            "index_pip": [
                -0.035441525280475616,
                -0.013762843795120716,
                0.008741519413888454
            ],
            "index_dip": [
                -0.055498864501714706,
                -0.017911458387970924,
                0.0016074605518952012
            ],
            "index_tip": [
                -0.07824209332466125,
                -0.006413456052541733,
                -0.020112868398427963
            ],
            "middle_mcp": [
                -0.002368955174461007,
                -0.0028639468364417553,
                0.009933232329785824
            ],
            "middle_pip": [
                -0.008898205123841763,
                -0.036271631717681885,
                0.002432576147839427
            ],
            "middle_dip": [
                -0.029934870079159737,
                -0.05358809232711792,
                -0.013705932535231113
            ],
            "middle_tip": [
                -0.05017814412713051,
                -0.06642851233482361,
                -0.024879517033696175
            ],
            "ring_mcp": [
                0.014038980938494205,
                -0.005144327413290739,
                -0.01420489139854908
            ],
            "ring_pip": [
                0.01351851411163807,
                -0.03453924506902695,
                -0.013290000148117542
            ],
            "ring_dip": [
                0.00045469217002391815,
                -0.0591842420399189,
                -0.022948339581489563
            ],
            "ring_tip": [
                -0.015344450250267982,
                -0.07516316324472427,
                -0.029973208904266357
            ],
            "pinky_mcp": [
                0.014188386499881744,
                0.0005734614096581936,
                -0.03253122791647911
            ],
            "pinky_pip": [
                0.024461254477500916,
                -0.02069326862692833,
                -0.029232967644929886
            ],
            "pinky_dip": [
                0.02737526036798954,
                -0.04616400972008705,
                -0.029328322038054466
            ],
            "pinky_tip": [
                0.0253920778632164,
                -0.06877025216817856,
                -0.035227611660957336
            ]
        }
    ]
}