{
"label": "f",
"gestures": [
{
"l_hand_position": [
0.5771698355674744,
0.7299913763999939,
-3.834959443338448e-07
],
"l_wrist": [
-0.017693491652607918,
0.08262566477060318,
-0.03281306475400925
],
"l_thumb_cmc": [
-0.03741001710295677,
0.06042182445526123,
-0.029044823721051216
],
"l_thumb_mcp": [
-0.04509750008583069,
0.032635875046253204,
-0.020254068076610565
],
"l_thumb_ip": [
-0.055604301393032074,
0.0004055444151163101,
-0.0044157300144433975
],
"l_thumb_tip": [
-0.05524525046348572,
-0.02965838834643364,
0.004941757768392563
],
"l_index_mcp": [
-0.028739623725414276,
-0.0008822586387395859,
0.011039373464882374
],
"l_index_pip": [
-0.029298480600118637,
-0.016264811158180237,
-0.01629258319735527
],
"l_index_dip": [
-0.03569180145859718,
-0.004225238226354122,
-0.027774251997470856
],
"l_index_tip": [
-0.04617152735590935,
0.01862829178571701,
-0.043863724917173386
],
"l_middle_mcp": [
-0.0038331495597958565,
-0.005322152283042669,
0.009735063649713993
],
"l_middle_pip": [
-0.0015201456844806671,
-0.034349773079156876,
-0.0010283734882250428
],
"l_middle_dip": [
-0.0068343691527843475,
-0.05065164715051651,
-0.021486615762114525
],
"l_middle_tip": [
-0.010763611644506454,
-0.06518779695034027,
-0.04145008325576782
],
"l_ring_mcp": [
0.019779447466135025,
-0.002294374629855156,
-0.0055258022621273994
],
"l_ring_pip": [
0.025183578953146935,
-0.032277703285217285,
-0.004419432953000069
],
"l_ring_dip": [
0.02815612033009529,
-0.05950578302145004,
-0.005259214900434017
],
"l_ring_tip": [
0.029973523691296577,
-0.08539355546236038,
-0.007456468418240547
],
"l_pinky_mcp": [
0.02781108394265175,
0.008865953423082829,
-0.021900974214076996
],
"l_pinky_pip": [
0.05162835121154785,
-0.008246012032032013,
-0.01484356913715601
],
"l_pinky_dip": [
0.06696572154760361,
-0.03250417113304138,
-0.010898754931986332
],
"l_pinky_tip": [
0.07563476264476776,
-0.051815591752529144,
-0.011910606175661087
],
"r_hand_position": null,
"r_wrist": null,
"r_thumb_cmc": null,
"r_thumb_mcp": null,
"r_thumb_ip": null,
"r_thumb_tip": null,
"r_index_mcp": null,
"r_index_pip": null,
"r_index_dip": null,
"r_index_tip": null,
"r_middle_mcp": null,
"r_middle_pip": null,
"r_middle_dip": null,
"r_middle_tip": null,
"r_ring_mcp": null,
"r_ring_pip": null,
"r_ring_dip": null,
"r_ring_tip": null,
"r_pinky_mcp": null,
"r_pinky_pip": null,
"r_pinky_dip": null,
"r_pinky_tip": null
}
],
"framerate": 30,
"mirrorable": true
}