{
"label": "f",
"gestures": [
{
"l_hand_position": [
0.57193922996521,
0.7289754152297974,
-4.3106567204631574e-07
],
"l_wrist": [
-0.016275042667984962,
0.08223357796669006,
-0.042322296649217606
],
"l_thumb_cmc": [
-0.036996494978666306,
0.058159712702035904,
-0.035460349172353745
],
"l_thumb_mcp": [
-0.0444602370262146,
0.02966814860701561,
-0.023209990933537483
],
"l_thumb_ip": [
-0.05642726272344589,
-0.0024494193494319916,
-0.0027148777153342962
],
"l_thumb_tip": [
-0.058052659034729004,
-0.03166454657912254,
0.012059404514729977
],
"l_index_mcp": [
-0.029062848538160324,
-0.0005204128101468086,
0.012441511265933514
],
"l_index_pip": [
-0.032597292214632034,
-0.01709086075425148,
-0.009804128669202328
],
"l_index_dip": [
-0.040105219930410385,
-0.009430338628590107,
-0.021876664832234383
],
"l_index_tip": [
-0.05438926815986633,
0.011281408369541168,
-0.04143662378191948
],
"l_middle_mcp": [
-0.004248945973813534,
-0.004870148375630379,
0.010323652997612953
],
"l_middle_pip": [
-0.0026159044355154037,
-0.034205421805381775,
0.002277483232319355
],
"l_middle_dip": [
-0.008882919326424599,
-0.04960384592413902,
-0.018301965668797493
],
"l_middle_tip": [
-0.016252776607871056,
-0.0633482038974762,
-0.04137742519378662
],
"l_ring_mcp": [
0.02046440914273262,
-0.0015256265178322792,
-0.006168215069919825
],
"l_ring_pip": [
0.024936381727457047,
-0.03151671215891838,
-0.0020668411161750555
],
"l_ring_dip": [
0.028290696442127228,
-0.06040415167808533,
-0.0009246482513844967
],
"l_ring_tip": [
0.028755493462085724,
-0.08606092631816864,
-0.0018519586883485317
],
"l_pinky_mcp": [
0.028428658843040466,
0.00828635785728693,
-0.02529544197022915
],
"l_pinky_pip": [
0.05337847024202347,
-0.008747180923819542,
-0.014515716582536697
],
"l_pinky_dip": [
0.0711015909910202,
-0.030752241611480713,
-0.007873974740505219
],
"l_pinky_tip": [
0.07935744524002075,
-0.05109871178865433,
-0.007357781752943993
],
"r_hand_position": null,
"r_wrist": null,
"r_thumb_cmc": null,
"r_thumb_mcp": null,
"r_thumb_ip": null,
"r_thumb_tip": null,
"r_index_mcp": null,
"r_index_pip": null,
"r_index_dip": null,
"r_index_tip": null,
"r_middle_mcp": null,
"r_middle_pip": null,
"r_middle_dip": null,
"r_middle_tip": null,
"r_ring_mcp": null,
"r_ring_pip": null,
"r_ring_dip": null,
"r_ring_tip": null,
"r_pinky_mcp": null,
"r_pinky_pip": null,
"r_pinky_dip": null,
"r_pinky_tip": null
}
],
"framerate": 30,
"mirrorable": true
}