{
"label": "f",
"gestures": [
{
"l_hand_position": [
0.7835637331008911,
0.6267975568771362,
3.0144171603296854e-08
],
"l_wrist": [
0.00022872909903526306,
0.08497986197471619,
-0.03657553717494011
],
"l_thumb_cmc": [
-0.021974729374051094,
0.05967341363430023,
-0.03877623379230499
],
"l_thumb_mcp": [
-0.03292282670736313,
0.029196128249168396,
-0.03273537755012512
],
"l_thumb_ip": [
-0.042021092027425766,
-0.0048507871106266975,
-0.025963595137000084
],
"l_thumb_tip": [
-0.047565918415784836,
-0.03603251278400421,
-0.010140467435121536
],
"l_index_mcp": [
-0.026495743542909622,
0.001480981707572937,
0.0037441644817590714
],
"l_index_pip": [
-0.029668226838111877,
-0.01630263589322567,
-0.015872998163104057
],
"l_index_dip": [
-0.026935679838061333,
-0.018088718876242638,
-0.02904491312801838
],
"l_index_tip": [
-0.0276141669601202,
-0.011100300587713718,
-0.05311187729239464
],
"l_middle_mcp": [
-0.0048573813401162624,
-0.0020607018377631903,
0.007844370789825916
],
"l_middle_pip": [
-0.0019411565735936165,
-0.04236666485667229,
0.004068861249834299
],
"l_middle_dip": [
-0.006169596686959267,
-0.06703807413578033,
-0.00882217101752758
],
"l_middle_tip": [
-0.009202543646097183,
-0.09148360788822174,
-0.02596990019083023
],
"l_ring_mcp": [
0.0170399472117424,
-0.004131470341235399,
-0.001793021452613175
],
"l_ring_pip": [
0.017839327454566956,
-0.034357380121946335,
-0.0036028199829161167
],
"l_ring_dip": [
0.015661178156733513,
-0.06255461275577545,
-0.010305057279765606
],
"l_ring_tip": [
0.01158480066806078,
-0.08484596014022827,
-0.021975424140691757
],
"l_pinky_mcp": [
0.029419058933854103,
0.005553639028221369,
-0.014062540605664253
],
"l_pinky_pip": [
0.040383294224739075,
-0.013512887060642242,
-0.014612524770200253
],
"l_pinky_dip": [
0.04438760131597519,
-0.03400937467813492,
-0.018233634531497955
],
"l_pinky_tip": [
0.043153055012226105,
-0.049306996166706085,
-0.02863048017024994
],
"r_hand_position": null,
"r_wrist": null,
"r_thumb_cmc": null,
"r_thumb_mcp": null,
"r_thumb_ip": null,
"r_thumb_tip": null,
"r_index_mcp": null,
"r_index_pip": null,
"r_index_dip": null,
"r_index_tip": null,
"r_middle_mcp": null,
"r_middle_pip": null,
"r_middle_dip": null,
"r_middle_tip": null,
"r_ring_mcp": null,
"r_ring_pip": null,
"r_ring_dip": null,
"r_ring_tip": null,
"r_pinky_mcp": null,
"r_pinky_pip": null,
"r_pinky_dip": null,
"r_pinky_tip": null
}
],
"framerate": 30,
"mirrorable": true
}