{
"label": "f",
"gestures": [
{
"l_hand_position": [
0.7146658897399902,
0.6175639033317566,
-3.8555160131181765e-07
],
"l_wrist": [
-0.019746921956539154,
0.07819695770740509,
-0.04799862205982208
],
"l_thumb_cmc": [
-0.038522329181432724,
0.05390571802854538,
-0.0351661778986454
],
"l_thumb_mcp": [
-0.03939089551568031,
0.024503298103809357,
-0.02302459441125393
],
"l_thumb_ip": [
-0.043738652020692825,
-0.0029195547103881836,
-0.006526898127049208
],
"l_thumb_tip": [
-0.047908980399370193,
-0.027039863169193268,
0.010680709965527058
],
"l_index_mcp": [
-0.0226717721670866,
0.0014947615563869476,
0.01328507624566555
],
"l_index_pip": [
-0.02658860757946968,
-0.018404372036457062,
-0.001613069442100823
],
"l_index_dip": [
-0.035849183797836304,
-0.025334754958748817,
-0.014652902260422707
],
"l_index_tip": [
-0.05004841089248657,
-0.022175157442688942,
-0.04544438421726227
],
"l_middle_mcp": [
-0.003507565474137664,
-0.0029808797407895327,
0.008401509374380112
],
"l_middle_pip": [
-0.0033528804779052734,
-0.03774896264076233,
0.008923408575356007
],
"l_middle_dip": [
-0.014250937849283218,
-0.06390846520662308,
-0.004724209662526846
],
"l_middle_tip": [
-0.023025885224342346,
-0.08730855584144592,
-0.02648123912513256
],
"l_ring_mcp": [
0.016544677317142487,
-0.0014930102042853832,
-0.007079004775732756
],
"l_ring_pip": [
0.024075685068964958,
-0.031992413103580475,
-0.0002616898564156145
],
"l_ring_dip": [
0.023036889731884003,
-0.06234494224190712,
-0.00023597713152412325
],
"l_ring_tip": [
0.021224888041615486,
-0.09114197641611099,
-0.009231348522007465
],
"l_pinky_mcp": [
0.022519920021295547,
0.0070316484197974205,
-0.026700587943196297
],
"l_pinky_pip": [
0.04514632001519203,
-0.010067416355013847,
-0.017158277332782745
],
"l_pinky_dip": [
0.06117767095565796,
-0.029089953750371933,
-0.009679918177425861
],
"l_pinky_tip": [
0.06596367806196213,
-0.051757510751485825,
-0.010277049615979195
],
"r_hand_position": null,
"r_wrist": null,
"r_thumb_cmc": null,
"r_thumb_mcp": null,
"r_thumb_ip": null,
"r_thumb_tip": null,
"r_index_mcp": null,
"r_index_pip": null,
"r_index_dip": null,
"r_index_tip": null,
"r_middle_mcp": null,
"r_middle_pip": null,
"r_middle_dip": null,
"r_middle_tip": null,
"r_ring_mcp": null,
"r_ring_pip": null,
"r_ring_dip": null,
"r_ring_tip": null,
"r_pinky_mcp": null,
"r_pinky_pip": null,
"r_pinky_dip": null,
"r_pinky_tip": null
}
],
"framerate": 30,
"mirrorable": true
}