{
"label": "f",
"gestures": [
{
"l_hand_position": null,
"l_wrist": [
-0.012858733534812927,
0.08151037245988928,
-0.024725874885916845
],
"l_thumb_cmc": [
-0.030952859669923782,
0.06273870170116494,
-0.009069347754120934
],
"l_thumb_mcp": [
-0.038979072123765945,
0.03896480053663292,
0.0073688211850822674
],
"l_thumb_ip": [
-0.05370677262544632,
0.013225737959146687,
0.028937462717294974
],
"l_thumb_tip": [
-0.06200161576271057,
-0.007979612797498798,
0.054486945271492636
],
"l_index_mcp": [
-0.017826857045292854,
0.009696174412965892,
0.0215210653841497
],
"l_index_pip": [
-0.03301955759525299,
-0.011676107533276192,
0.010451037436723846
],
"l_index_dip": [
-0.053438447415828705,
-0.019357729703188206,
0.004712758120149483
],
"l_index_tip": [
-0.07554785907268524,
-0.007538871839642575,
-0.015351852402091113
],
"l_middle_mcp": [
-0.002420555567368865,
-0.002540304558351663,
0.00918037444353114
],
"l_middle_pip": [
-0.011315563693642616,
-0.034281730651855996,
0.004094211384654179
],
"l_middle_dip": [
-0.03138669580221176,
-0.051171205937863035,
-0.011633046902716193
],
"l_middle_tip": [
-0.049788475036621094,
-0.061774298548699216,
-0.024913091212511344
],
"l_ring_mcp": [
0.013682179152965546,
-0.006687895394861773,
-0.013098688796162739
],
"l_ring_pip": [
0.010809596627950668,
-0.03407008200883897,
-0.009415884502232132
],
"l_ring_dip": [
-0.0014220215380191803,
-0.05809100717306204,
-0.019250599667430108
],
"l_ring_tip": [
-0.01609782874584198,
-0.07330575585365373,
-0.027938418090343715
],
"l_pinky_mcp": [
0.014148521237075329,
-0.0022085197269917324,
-0.03190157562494311
],
"l_pinky_pip": [
0.023220568895339966,
-0.023445613682270237,
-0.026658197864890383
],
"l_pinky_dip": [
0.025208590552210808,
-0.048830758780241415,
-0.02461464330554025
],
"l_pinky_tip": [
0.0211995467543602,
-0.07008362561464374,
-0.029086491093039606
],
"r_hand_position": null,
"r_wrist": null,
"r_thumb_cmc": null,
"r_thumb_mcp": null,
"r_thumb_ip": null,
"r_thumb_tip": null,
"r_index_mcp": null,
"r_index_pip": null,
"r_index_dip": null,
"r_index_tip": null,
"r_middle_mcp": null,
"r_middle_pip": null,
"r_middle_dip": null,
"r_middle_tip": null,
"r_ring_mcp": null,
"r_ring_pip": null,
"r_ring_dip": null,
"r_ring_tip": null,
"r_pinky_mcp": null,
"r_pinky_pip": null,
"r_pinky_dip": null,
"r_pinky_tip": null
}
],
"framerate": 30,
"mirrorable": true
}