{
    "label": "f",
    "label_id": 6,
    "gestures": [
        {
            "wrist": [
                -0.009166046977043152,
                0.0801994800567627,
                -0.02573872171342373
            ],
            "thumb_cmc": [
                -0.02889266610145569,
                0.06127288192510605,
                -0.010178016498684883
            ],
            "thumb_mcp": [
                -0.03066236339509487,
                0.03768274188041687,
                0.005927818361669779
            ],
            "thumb_ip": [
                -0.034936901181936264,
                0.01099396962672472,
                0.02528214454650879
            ],
            "thumb_tip": [
                -0.03496670722961426,
                -0.009732682257890701,
                0.04908096790313721
            ],
            "index_mcp": [
                -0.017512187361717224,
                0.009825926274061203,
                0.020946800708770752
            ],
            "index_pip": [
                -0.03127710893750191,
                -0.011692062020301819,
                0.009674059227108955
            ],
            "index_dip": [
                -0.051506537944078445,
                -0.018566593527793884,
                0.004573069512844086
            ],
            "index_tip": [
                -0.07145959138870239,
                -0.005418842658400536,
                -0.013412965461611748
            ],
            "middle_mcp": [
                -0.0027256759349256754,
                -0.002217425499111414,
                0.008550095371901989
            ],
            "middle_pip": [
                -0.011723684147000313,
                -0.03140027076005936,
                0.0029530185274779797
            ],
            "middle_dip": [
                -0.03241759166121483,
                -0.04710860177874565,
                -0.011152875609695911
            ],
            "middle_tip": [
                -0.051854416728019714,
                -0.057288430631160736,
                -0.024569055065512657
            ],
            "ring_mcp": [
                0.013723393902182579,
                -0.0064140670001506805,
                -0.012118673883378506
            ],
            "ring_pip": [
                0.012072950601577759,
                -0.03158622980117798,
                -0.008758249692618847
            ],
            "ring_dip": [
                0.00010268203914165497,
                -0.056369829922914505,
                -0.017400085926055908
            ],
            "ring_tip": [
                -0.01473083347082138,
                -0.07211451977491379,
                -0.02726987563073635
            ],
            "pinky_mcp": [
                0.01623033918440342,
                -0.0016049225814640522,
                -0.03129872679710388
            ],
            "pinky_pip": [
                0.023343626409769058,
                -0.023520831018686295,
                -0.025141870602965355
            ],
            "pinky_dip": [
                0.024405285716056824,
                -0.04847605153918266,
                -0.02063719369471073
            ],
            "pinky_tip": [
                0.020748276263475418,
                -0.06974872201681137,
                -0.02527664788067341
            ]
        }
    ]
}