{
"label": "f",
"gestures": [
{
"l_hand_position": null,
"l_wrist": [
-0.012899544090032578,
0.08191404491663067,
-0.027533320710063276
],
"l_thumb_cmc": [
-0.030242828652262688,
0.06524932384491038,
-0.009932547807693749
],
"l_thumb_mcp": [
-0.038279227912425995,
0.04102356731891682,
0.005263458006084031
],
"l_thumb_ip": [
-0.05351770669221878,
0.015800170600414484,
0.02750863321125535
],
"l_thumb_tip": [
-0.06223112344741821,
-0.005488786846399303,
0.05121225863695204
],
"l_index_mcp": [
-0.016734078526496887,
0.009218418039381575,
0.0216309335082771
],
"l_index_pip": [
-0.031954485923051834,
-0.011049668304622267,
0.010727630928158899
],
"l_index_dip": [
-0.051523301750421524,
-0.018297370523214545,
0.004485641140490836
],
"l_index_tip": [
-0.07396186888217926,
-0.0071838591247797646,
-0.014461063779890659
],
"l_middle_mcp": [
-0.0020578070543706417,
-0.002120133023709085,
0.009223343804478748
],
"l_middle_pip": [
-0.013326209038496017,
-0.032701097428799036,
0.005267861764878099
],
"l_middle_dip": [
-0.03481919318437576,
-0.048024378716946266,
-0.01006571948528303
],
"l_middle_tip": [
-0.05287330970168114,
-0.05628475546836919,
-0.022145047783851787
],
"l_ring_mcp": [
0.012659371830523014,
-0.0073117259889842,
-0.013126631267368925
],
"l_ring_pip": [
0.006986130028963089,
-0.03617449104785972,
-0.008348075672984212
],
"l_ring_dip": [
-0.007137345150113106,
-0.05628623068332745,
-0.01774859055876746
],
"l_ring_tip": [
-0.023529451340436935,
-0.06944078952074127,
-0.02844657003879569
],
"l_pinky_mcp": [
0.012052084319293499,
-0.004045943263918245,
-0.0314650610089305
],
"l_pinky_pip": [
0.02011721022427082,
-0.027288416400552136,
-0.024855406954884748
],
"l_pinky_dip": [
0.01908678375184536,
-0.053613498806954034,
-0.0221667159348728
],
"l_pinky_tip": [
0.013105446472764015,
-0.0754685923457154,
-0.029065612703561935
],
"r_hand_position": null,
"r_wrist": null,
"r_thumb_cmc": null,
"r_thumb_mcp": null,
"r_thumb_ip": null,
"r_thumb_tip": null,
"r_index_mcp": null,
"r_index_pip": null,
"r_index_dip": null,
"r_index_tip": null,
"r_middle_mcp": null,
"r_middle_pip": null,
"r_middle_dip": null,
"r_middle_tip": null,
"r_ring_mcp": null,
"r_ring_pip": null,
"r_ring_dip": null,
"r_ring_tip": null,
"r_pinky_mcp": null,
"r_pinky_pip": null,
"r_pinky_dip": null,
"r_pinky_tip": null
}
],
"framerate": 30,
"mirrorable": true
}