{
"label": "f",
"gestures": [
{
"l_hand_position": null,
"l_wrist": [
-0.014089347794651985,
0.08234976232051949,
-0.02702762000262773
],
"l_thumb_cmc": [
-0.030352294445037842,
0.06407930701971123,
-0.008561959490180075
],
"l_thumb_mcp": [
-0.03723766654729843,
0.03913338854908976,
0.004779956769198202
],
"l_thumb_ip": [
-0.050717636942863464,
0.01347089745104327,
0.025039171800017572
],
"l_thumb_tip": [
-0.05781262367963791,
-0.00851472467184074,
0.04487099498510394
],
"l_index_mcp": [
-0.015973959118127823,
0.008785257115960147,
0.022106900811195637
],
"l_index_pip": [
-0.03201926499605179,
-0.01087276265025151,
0.010348728857934586
],
"l_index_dip": [
-0.05265612155199051,
-0.01732438430190098,
0.0047488668933511466
],
"l_index_tip": [
-0.07513075321912766,
-0.0032069310545921746,
-0.012890782207250756
],
"l_middle_mcp": [
-0.0017417334020137787,
-0.0021608336828649074,
0.009146110154688442
],
"l_middle_pip": [
-0.011854561977088451,
-0.031716741621494654,
0.004819739144295493
],
"l_middle_dip": [
-0.03223906084895134,
-0.04662420600652749,
-0.00857889279723181
],
"l_middle_tip": [
-0.04914328455924988,
-0.05478972569108059,
-0.02041921019554154
],
"l_ring_mcp": [
0.012735659256577492,
-0.007094277068972672,
-0.013080533593893197
],
"l_ring_pip": [
0.00659449677914381,
-0.03409488499164599,
-0.006886809598654542
],
"l_ring_dip": [
-0.00606917217373848,
-0.054747730493546226,
-0.014481147751212212
],
"l_ring_tip": [
-0.021102774888277054,
-0.06738274544477532,
-0.025316080078483
],
"l_pinky_mcp": [
0.010951826348900795,
-0.003153575817123142,
-0.03193667903542548
],
"l_pinky_pip": [
0.018258143216371536,
-0.026434214785695378,
-0.02435032650828381
],
"l_pinky_dip": [
0.01729249395430088,
-0.05227628722786957,
-0.020845549181103963
],
"l_pinky_tip": [
0.010706361383199692,
-0.0727346837520608,
-0.02793372236192254
],
"r_hand_position": null,
"r_wrist": null,
"r_thumb_cmc": null,
"r_thumb_mcp": null,
"r_thumb_ip": null,
"r_thumb_tip": null,
"r_index_mcp": null,
"r_index_pip": null,
"r_index_dip": null,
"r_index_tip": null,
"r_middle_mcp": null,
"r_middle_pip": null,
"r_middle_dip": null,
"r_middle_tip": null,
"r_ring_mcp": null,
"r_ring_pip": null,
"r_ring_dip": null,
"r_ring_tip": null,
"r_pinky_mcp": null,
"r_pinky_pip": null,
"r_pinky_dip": null,
"r_pinky_tip": null
}
],
"framerate": 30,
"mirrorable": true
}