{
    "label": "f",
    "label_id": 6,
    "gestures": [
        {
            "wrist": [
                -0.013369457796216011,
                0.08190993964672089,
                -0.03157839551568031
            ],
            "thumb_cmc": [
                -0.03018895722925663,
                0.06545919924974442,
                -0.012019479647278786
            ],
            "thumb_mcp": [
                -0.03926059603691101,
                0.04201175644993782,
                0.0028331924695521593
            ],
            "thumb_ip": [
                -0.05517331510782242,
                0.018073301762342453,
                0.026511119678616524
            ],
            "thumb_tip": [
                -0.0635933056473732,
                -0.0035148076713085175,
                0.04879448562860489
            ],
            "index_mcp": [
                -0.01614290475845337,
                0.009332704357802868,
                0.022943517193198204
            ],
            "index_pip": [
                -0.03222251683473587,
                -0.01035243459045887,
                0.013075817376375198
            ],
            "index_dip": [
                -0.05267658829689026,
                -0.016571179032325745,
                0.00724213570356369
            ],
            "index_tip": [
                -0.07422325760126114,
                -0.002146553248167038,
                -0.010529894381761551
            ],
            "middle_mcp": [
                -0.0015051225200295448,
                -0.0022004437632858753,
                0.00977747980505228
            ],
            "middle_pip": [
                -0.013942595571279526,
                -0.031792037189006805,
                0.006211355794221163
            ],
            "middle_dip": [
                -0.035485781729221344,
                -0.04614218324422836,
                -0.008122526109218597
            ],
            "middle_tip": [
                -0.05236544460058212,
                -0.05346882343292236,
                -0.018739789724349976
            ],
            "ring_mcp": [
                0.012348908931016922,
                -0.007499148603528738,
                -0.0138346366584301
            ],
            "ring_pip": [
                0.0047922199591994286,
                -0.035398002713918686,
                -0.00823309924453497
            ],
            "ring_dip": [
                -0.00977984257042408,
                -0.05582178011536598,
                -0.016944382339715958
            ],
            "ring_tip": [
                -0.025572676211595535,
                -0.0683927983045578,
                -0.02658269926905632
            ],
            "pinky_mcp": [
                0.010316658765077591,
                -0.004093330353498459,
                -0.03394510969519615
            ],
            "pinky_pip": [
                0.017095297574996948,
                -0.026815708726644516,
                -0.026254888623952866
            ],
            "pinky_dip": [
                0.015043138526380062,
                -0.05359088256955147,
                -0.02381037548184395
            ],
            "pinky_tip": [
                0.008796824142336845,
                -0.07328741997480392,
                -0.029928945004940033
            ]
        }
    ]
}