{
"label": "f",
"gestures": [
{
"l_hand_position": null,
"l_wrist": [
-0.01355409063398838,
0.08106753230094982,
-0.027708347886800988
],
"l_thumb_cmc": [
-0.031121470034122467,
0.06551607698202216,
-0.010511234402656675
],
"l_thumb_mcp": [
-0.04072604328393936,
0.042922321707010685,
0.004861244000494501
],
"l_thumb_ip": [
-0.05809252709150314,
0.020105253905058205,
0.02934674546122589
],
"l_thumb_tip": [
-0.06639055907726288,
-0.0013010688126087553,
0.0533346757292754
],
"l_index_mcp": [
-0.01615588739514351,
0.009759742766618801,
0.02231694757938404
],
"l_index_pip": [
-0.03136058524250984,
-0.009523903951048933,
0.011865958571434132
],
"l_index_dip": [
-0.05249406769871712,
-0.015144847333431393,
0.007354830391705131
],
"l_index_tip": [
-0.07457377016544342,
-0.0017761625349521854,
-0.008853633888065897
],
"l_middle_mcp": [
-0.0016316259279847145,
-0.0025556262116879485,
0.009745912626385814
],
"l_middle_pip": [
-0.014104707166552544,
-0.03184883296489756,
0.005506712943315617
],
"l_middle_dip": [
-0.03578813746571541,
-0.04584319144487429,
-0.008721252903342323
],
"l_middle_tip": [
-0.05313146114349365,
-0.05360780656337804,
-0.01851305738091483
],
"l_ring_mcp": [
0.01238422840833664,
-0.0074157780036331255,
-0.01352380868047487
],
"l_ring_pip": [
0.005201228894293308,
-0.036437403410673606,
-0.008787426166236506
],
"l_ring_dip": [
-0.010256346315145493,
-0.05685393139720044,
-0.017462845891714308
],
"l_ring_tip": [
-0.02698429673910141,
-0.07071390748024056,
-0.025008434429765018
],
"l_pinky_mcp": [
0.010508484207093716,
-0.00404273904860023,
-0.032389875501394653
],
"l_pinky_pip": [
0.01680753193795681,
-0.0259828325361016,
-0.025760902091861045
],
"l_pinky_dip": [
0.014532627537846565,
-0.05295873805880604,
-0.023545805364847305
],
"l_pinky_tip": [
0.008103059604763985,
-0.07388999313116153,
-0.028311733156442996
],
"r_hand_position": null,
"r_wrist": null,
"r_thumb_cmc": null,
"r_thumb_mcp": null,
"r_thumb_ip": null,
"r_thumb_tip": null,
"r_index_mcp": null,
"r_index_pip": null,
"r_index_dip": null,
"r_index_tip": null,
"r_middle_mcp": null,
"r_middle_pip": null,
"r_middle_dip": null,
"r_middle_tip": null,
"r_ring_mcp": null,
"r_ring_pip": null,
"r_ring_dip": null,
"r_ring_tip": null,
"r_pinky_mcp": null,
"r_pinky_pip": null,
"r_pinky_dip": null,
"r_pinky_tip": null
}
],
"framerate": 30,
"mirrorable": true
}