{
    "label": "F",
    "label_id": 6,
    "gestures": [
        {
            "wrist": [
                -0.01355409063398838,
                0.0810675323009491,
                -0.027708347886800766
            ],
            "thumb_cmc": [
                -0.031121470034122467,
                0.06551607698202133,
                -0.010511234402656555
            ],
            "thumb_mcp": [
                -0.04072604328393936,
                0.04292232170701027,
                0.00486124400049448
            ],
            "thumb_ip": [
                -0.05809252709150314,
                0.020105253905057907,
                0.02934674546122551
            ],
            "thumb_tip": [
                -0.06639055907726288,
                -0.0013010688126087189,
                0.05333467572927475
            ],
            "index_mcp": [
                -0.01615588739514351,
                0.009759742766618729,
                0.02231694757938385
            ],
            "index_pip": [
                -0.03136058524250984,
                -0.009523903951048851,
                0.011865958571434021
            ],
            "index_dip": [
                -0.05249406769871712,
                -0.015144847333431244,
                0.007354830391705036
            ],
            "index_tip": [
                -0.07457377016544342,
                -0.0017761625349521637,
                -0.008853633888065815
            ],
            "middle_mcp": [
                -0.0016316259279847145,
                -0.0025556262116879225,
                0.009745912626385689
            ],
            "middle_pip": [
                -0.014104707166552544,
                -0.031848832964897156,
                0.005506712943315506
            ],
            "middle_dip": [
                -0.03578813746571541,
                -0.04584319144487381,
                -0.008721252903342247
            ],
            "middle_tip": [
                -0.05313146114349365,
                -0.05360780656337738,
                -0.018513057380914688
            ],
            "ring_mcp": [
                0.01238422840833664,
                -0.007415778003633022,
                -0.013523808680474758
            ],
            "ring_pip": [
                0.005201228894293308,
                -0.03643740341067314,
                -0.0087874261662364
            ],
            "ring_dip": [
                -0.010256346315145493,
                -0.05685393139719963,
                -0.017462845891714096
            ],
            "ring_tip": [
                -0.02698429673910141,
                -0.07071390748023987,
                -0.025008434429764748
            ],
            "pinky_mcp": [
                0.010508484207093716,
                -0.004042739048600197,
                -0.03238987550139427
            ],
            "pinky_pip": [
                0.01680753193795681,
                -0.02598283253610134,
                -0.02576090209186077
            ],
            "pinky_dip": [
                0.014532627537846565,
                -0.052958738058805466,
                -0.023545805364847183
            ],
            "pinky_tip": [
                0.008103059604763985,
                -0.07388999313116074,
                -0.028311733156442642
            ]
        }
    ]
}