{
    "label": "F",
    "label_id": 6,
    "gestures": [
        {
            "wrist": [
                0.011105146259069443,
                0.09111382067203522,
                0.002420545555651188
            ],
            "thumb_cmc": [
                -0.017153773456811905,
                0.06830951571464539,
                -0.004045076202601194
            ],
            "thumb_mcp": [
                -0.031246671453118324,
                0.04502962529659271,
                -0.010818366892635822
            ],
            "thumb_ip": [
                -0.04725592955946922,
                0.01622004061937332,
                -0.023064931854605675
            ],
            "thumb_tip": [
                -0.05144612863659859,
                -0.009237997233867645,
                -0.031147152185440063
            ],
            "index_mcp": [
                -0.0261688232421875,
                0.002925264649093151,
                0.009987647645175457
            ],
            "index_pip": [
                -0.03869308903813362,
                -0.013592313975095749,
                -0.011646592058241367
            ],
            "index_dip": [
                -0.05088455229997635,
                -0.012665756978094578,
                -0.026633288711309433
            ],
            "index_tip": [
                -0.06694221496582031,
                0.004977096803486347,
                -0.05365501716732979
            ],
            "middle_mcp": [
                -0.0044799805618822575,
                -0.0036395855713635683,
                0.008022102527320385
            ],
            "middle_pip": [
                -0.008724086917936802,
                -0.040951043367385864,
                -0.0030781403183937073
            ],
            "middle_dip": [
                -0.022725455462932587,
                -0.062107786536216736,
                -0.020452743396162987
            ],
            "middle_tip": [
                -0.03405289724469185,
                -0.08581578731536865,
                -0.040112871676683426
            ],
            "ring_mcp": [
                0.01754997856914997,
                -0.004696397110819817,
                -0.006349080242216587
            ],
            "ring_pip": [
                0.018894536420702934,
                -0.03368834778666496,
                -0.006737970747053623
            ],
            "ring_dip": [
                0.011824625544250011,
                -0.06303511559963226,
                -0.017096292227506638
            ],
            "ring_tip": [
                0.00686865858733654,
                -0.08805763721466064,
                -0.027208656072616577
            ],
            "pinky_mcp": [
                0.027654998004436493,
                0.009659765288233757,
                -0.01868319883942604
            ],
            "pinky_pip": [
                0.03523876518011093,
                -0.013333279639482498,
                -0.01907389983534813
            ],
            "pinky_dip": [
                0.036741405725479126,
                -0.03767284005880356,
                -0.026483450084924698
            ],
            "pinky_tip": [
                0.0347880981862545,
                -0.05737251788377762,
                -0.04123480245471001
            ]
        }
    ]
}