{
"label": "f",
"gestures": [
{
"l_hand_position": null,
"l_wrist": [
-0.01284525915980339,
0.07949122041463937,
-0.029808266088366966
],
"l_thumb_cmc": [
-0.0313861146569252,
0.06384520232677543,
-0.01155326329171668
],
"l_thumb_mcp": [
-0.040116675198078156,
0.04127093032002502,
0.008506009355187426
],
"l_thumb_ip": [
-0.057624660432338715,
0.020966043695807655,
0.03635932132601795
],
"l_thumb_tip": [
-0.06648775190114975,
0.0036697667092085184,
0.06512832641601624
],
"l_index_mcp": [
-0.01682431809604168,
0.010071469470858657,
0.022389328107238027
],
"l_index_pip": [
-0.03296348825097084,
-0.008148934692144486,
0.012105602771043887
],
"l_index_dip": [
-0.052781786769628525,
-0.011528573930263642,
0.007816447876393885
],
"l_index_tip": [
-0.07251587510108948,
0.005502492189407374,
-0.006959460675716469
],
"l_middle_mcp": [
-0.0017227203352376819,
-0.001910819206386842,
0.009218657389283302
],
"l_middle_pip": [
-0.014059511013329029,
-0.030676599591970777,
0.005608927458524811
],
"l_middle_dip": [
-0.0379977822303772,
-0.04239748045802159,
-0.009392362087965046
],
"l_middle_tip": [
-0.054923441261053085,
-0.04780431836843539,
-0.02106180973351017
],
"l_ring_mcp": [
0.013014191761612892,
-0.007743277586996664,
-0.013180277310311954
],
"l_ring_pip": [
0.005765675567090511,
-0.032567776739597695,
-0.00947508495301012
],
"l_ring_dip": [
-0.009958256036043167,
-0.052000541239977514,
-0.019707506522536486
],
"l_ring_tip": [
-0.02475595287978649,
-0.06312398612499309,
-0.0329390279948714
],
"l_pinky_mcp": [
0.012340424582362175,
-0.0049365609884263065,
-0.032858110964298616
],
"l_pinky_pip": [
0.018741508945822716,
-0.02702767960727261,
-0.024879246950149897
],
"l_pinky_dip": [
0.016434604302048683,
-0.05394037440419261,
-0.020453978329897107
],
"l_pinky_tip": [
0.009418852627277374,
-0.07521352916956016,
-0.026739567518234433
],
"r_hand_position": null,
"r_wrist": null,
"r_thumb_cmc": null,
"r_thumb_mcp": null,
"r_thumb_ip": null,
"r_thumb_tip": null,
"r_index_mcp": null,
"r_index_pip": null,
"r_index_dip": null,
"r_index_tip": null,
"r_middle_mcp": null,
"r_middle_pip": null,
"r_middle_dip": null,
"r_middle_tip": null,
"r_ring_mcp": null,
"r_ring_pip": null,
"r_ring_dip": null,
"r_ring_tip": null,
"r_pinky_mcp": null,
"r_pinky_pip": null,
"r_pinky_dip": null,
"r_pinky_tip": null
}
],
"framerate": 30,
"mirrorable": true
}