{
    "label": "f",
    "label_id": 6,
    "gestures": [
        {
            "wrist": [
                -0.005552539601922035,
                0.07885978370904922,
                -0.026915373280644417
            ],
            "thumb_cmc": [
                -0.02343810722231865,
                0.061733514070510864,
                -0.007236774079501629
            ],
            "thumb_mcp": [
                -0.021615831181406975,
                0.0393986813724041,
                0.009976539760828018
            ],
            "thumb_ip": [
                -0.018484484404325485,
                0.015769246965646744,
                0.02967517450451851
            ],
            "thumb_tip": [
                -0.013962940312922001,
                -0.0038962671533226967,
                0.05248627811670303
            ],
            "index_mcp": [
                -0.015125362202525139,
                0.011345157399773598,
                0.02148066833615303
            ],
            "index_pip": [
                -0.030575482174754143,
                -0.00885201059281826,
                0.01208207756280899
            ],
            "index_dip": [
                -0.05016711726784706,
                -0.012621371075510979,
                0.008456898853182793
            ],
            "index_tip": [
                -0.06856173276901245,
                0.003625001758337021,
                -0.0015402970602735877
            ],
            "middle_mcp": [
                -0.002369693946093321,
                -0.0010683521395549178,
                0.007954188622534275
            ],
            "middle_pip": [
                -0.01558970008045435,
                -0.028206802904605865,
                0.0032552669290453196
            ],
            "middle_dip": [
                -0.0383467935025692,
                -0.03840847313404083,
                -0.007293621078133583
            ],
            "middle_tip": [
                -0.05832113325595856,
                -0.04371242970228195,
                -0.02329990826547146
            ],
            "ring_mcp": [
                0.011629781685769558,
                -0.008236954919993877,
                -0.013129468075931072
            ],
            "ring_pip": [
                0.005933451931923628,
                -0.030946247279644012,
                -0.008638191036880016
            ],
            "ring_dip": [
                -0.006091564893722534,
                -0.05473814159631729,
                -0.016785554587841034
            ],
            "ring_tip": [
                -0.020455317571759224,
                -0.067111536860466,
                -0.031085312366485596
            ],
            "pinky_mcp": [
                0.01248327735811472,
                -0.0033767633140087128,
                -0.031242433935403824
            ],
            "pinky_pip": [
                0.019942564889788628,
                -0.027781708166003227,
                -0.024798056110739708
            ],
            "pinky_dip": [
                0.017949499189853668,
                -0.05245280638337135,
                -0.020080802962183952
            ],
            "pinky_tip": [
                0.011979654431343079,
                -0.07476169615983963,
                -0.02352093532681465
            ]
        }
    ]
}