{
    "label": "F",
    "label_id": 6,
    "gestures": [
        {
            "wrist": [
                -0.00758015364408493,
                0.0782904401421547,
                -0.031490061432123184
            ],
            "thumb_cmc": [
                -0.02543838694691658,
                0.06264905631542206,
                -0.011471773497760296
            ],
            "thumb_mcp": [
                -0.021661462262272835,
                0.04034417122602463,
                0.005426316987723112
            ],
            "thumb_ip": [
                -0.014735898934304714,
                0.017446957528591156,
                0.022896507754921913
            ],
            "thumb_tip": [
                -0.00816375482827425,
                -0.0020445850677788258,
                0.047187868505716324
            ],
            "index_mcp": [
                -0.014397993683815002,
                0.012016123160719872,
                0.02070446126163006
            ],
            "index_pip": [
                -0.028609545901417732,
                -0.009216253645718098,
                0.0122770294547081
            ],
            "index_dip": [
                -0.04913351312279701,
                -0.01319415494799614,
                0.009473050944507122
            ],
            "index_tip": [
                -0.06763222068548203,
                0.0008462835103273392,
                -0.0004061030922457576
            ],
            "middle_mcp": [
                -0.0021090912632644176,
                -0.0014784582890570164,
                0.0079750195145607
            ],
            "middle_pip": [
                -0.014897235669195652,
                -0.028355225920677185,
                0.005336591508239508
            ],
            "middle_dip": [
                -0.039036139845848083,
                -0.0393882691860199,
                -0.005085662938654423
            ],
            "middle_tip": [
                -0.05885650962591171,
                -0.04588978365063667,
                -0.01941116712987423
            ],
            "ring_mcp": [
                0.011477281339466572,
                -0.008574610576033592,
                -0.01281101256608963
            ],
            "ring_pip": [
                0.008356675505638123,
                -0.030744699761271477,
                -0.007101386319845915
            ],
            "ring_dip": [
                -0.002842152491211891,
                -0.05553410202264786,
                -0.014675344340503216
            ],
            "ring_tip": [
                -0.01473858393728733,
                -0.07014871388673782,
                -0.027458928525447845
            ],
            "pinky_mcp": [
                0.01281748153269291,
                -0.0036887819878757,
                -0.031016333028674126
            ],
            "pinky_pip": [
                0.020077601075172424,
                -0.028010662645101547,
                -0.024542640894651413
            ],
            "pinky_dip": [
                0.018930912017822266,
                -0.052139777690172195,
                -0.018117599189281464
            ],
            "pinky_tip": [
                0.014622226357460022,
                -0.07535797357559204,
                -0.020129326730966568
            ]
        }
    ]
}