{
    "label": "F",
    "label_id": 6,
    "gestures": [
        {
            "wrist": [
                -0.009160405024886131,
                0.07293324172496796,
                -0.039777882397174835
            ],
            "thumb_cmc": [
                -0.026613129302859306,
                0.05739043653011322,
                -0.02035863697528839
            ],
            "thumb_mcp": [
                -0.02768402174115181,
                0.03561810776591301,
                0.0023104818537831306
            ],
            "thumb_ip": [
                -0.03221700340509415,
                0.011526674963533878,
                0.02920711040496826
            ],
            "thumb_tip": [
                -0.02969297207891941,
                -0.006034417077898979,
                0.05832953751087189
            ],
            "index_mcp": [
                -0.01641404628753662,
                0.010563733987510204,
                0.02103712595999241
            ],
            "index_pip": [
                -0.02905575931072235,
                -0.008259652182459831,
                0.013627265579998493
            ],
            "index_dip": [
                -0.04708969220519066,
                -0.014802777208387852,
                0.00958648044615984
            ],
            "index_tip": [
                -0.06741483509540558,
                0.0012310408055782318,
                -0.001263212296180427
            ],
            "middle_mcp": [
                -0.0019144245889037848,
                -0.0011650642845779657,
                0.008892460726201534
            ],
            "middle_pip": [
                -0.015496877953410149,
                -0.02529897540807724,
                0.006418835371732712
            ],
            "middle_dip": [
                -0.038334980607032776,
                -0.03475101292133331,
                -0.007846368476748466
            ],
            "middle_tip": [
                -0.06141071766614914,
                -0.04053179919719696,
                -0.025909945368766785
            ],
            "ring_mcp": [
                0.010790431872010231,
                -0.00816616415977478,
                -0.011782589368522167
            ],
            "ring_pip": [
                0.0036681555211544037,
                -0.028986424207687378,
                -0.007510427851229906
            ],
            "ring_dip": [
                -0.00807473435997963,
                -0.049516402184963226,
                -0.018453657627105713
            ],
            "ring_tip": [
                -0.026658643037080765,
                -0.06385450065135956,
                -0.034679558128118515
            ],
            "pinky_mcp": [
                0.011920657008886337,
                -0.003996065352112055,
                -0.03173705190420151
            ],
            "pinky_pip": [
                0.019597128033638,
                -0.023163044825196266,
                -0.022865770384669304
            ],
            "pinky_dip": [
                0.01586678996682167,
                -0.04803024232387543,
                -0.018093649297952652
            ],
            "pinky_tip": [
                0.008168274536728859,
                -0.07289110124111176,
                -0.022709611803293228
            ]
        }
    ]
}