{
"label": "f",
"gestures": [
{
"l_hand_position": null,
"l_wrist": null,
"l_thumb_cmc": null,
"l_thumb_mcp": null,
"l_thumb_ip": null,
"l_thumb_tip": null,
"l_index_mcp": null,
"l_index_pip": null,
"l_index_dip": null,
"l_index_tip": null,
"l_middle_mcp": null,
"l_middle_pip": null,
"l_middle_dip": null,
"l_middle_tip": null,
"l_ring_mcp": null,
"l_ring_pip": null,
"l_ring_dip": null,
"l_ring_tip": null,
"l_pinky_mcp": null,
"l_pinky_pip": null,
"l_pinky_dip": null,
"l_pinky_tip": null,
"r_hand_position": null,
"r_wrist": [
-0.01792340725660324,
0.08968400210142234,
-0.02495893277227928
],
"r_thumb_cmc": [
0.013492679223418236,
0.07011310756206593,
-0.023183669894934172
],
"r_thumb_mcp": [
0.031968872994184494,
0.04411966353654909,
-0.02793294377625028
],
"r_thumb_ip": [
0.04153931513428688,
0.011978299356997107,
-0.030950432643294595
],
"r_thumb_tip": [
0.04628486931324005,
-0.01192315854132194,
-0.030281649902463157
],
"r_index_mcp": [
0.023329704999923706,
0.004699754528701372,
0.006462323013693169
],
"r_index_pip": [
0.04223906993865967,
-0.007739672437310321,
-0.007000635843724087
],
"r_index_dip": [
0.059675756841897964,
-0.012949321419000704,
-0.015425321646034867
],
"r_index_tip": [
0.07315992563962936,
-0.012254038825631275,
-0.03878138214349783
],
"r_middle_mcp": [
0.0017228536307811737,
-0.003995732404291685,
0.007201659958809722
],
"r_middle_pip": [
0.020809359848499298,
-0.03694935888052015,
-0.0020875367335975387
],
"r_middle_dip": [
0.03424188867211342,
-0.05387937650084543,
-0.014812135137617727
],
"r_middle_tip": [
0.05124596133828163,
-0.0732010379433642,
-0.030355401337147037
],
"r_ring_mcp": [
-0.016779601573944092,
-0.005191663745790772,
-0.003759213490411676
],
"r_ring_pip": [
-0.01304048951715231,
-0.04055616632103971,
-0.011238216422498238
],
"r_ring_dip": [
-0.005862979218363762,
-0.059964813292027304,
-0.02022927999496483
],
"r_ring_tip": [
0.0030083991587162018,
-0.07530625909566965,
-0.032292127609253235
],
"r_pinky_mcp": [
-0.0334586575627327,
0.0013584438711404805,
-0.015999067574739678
],
"r_pinky_pip": [
-0.039939939975738525,
-0.022904392331838795,
-0.01511845458298936
],
"r_pinky_dip": [
-0.042617782950401306,
-0.04487936943769513,
-0.01577845402061953
],
"r_pinky_tip": [
-0.03886861354112625,
-0.06262972950935419,
-0.021580602973699833
]
}
],
"framerate": 30,
"mirrorable": true
}