{
    "label": "F",
    "label_id": 6,
    "gestures": [
        {
            "wrist": [
                -0.012545309960842133,
                0.0882347896695137,
                -0.03694901615381241
            ],
            "thumb_cmc": [
                0.016398383304476738,
                0.06970265507698059,
                -0.031271882355213165
            ],
            "thumb_mcp": [
                0.03718789666891098,
                0.042065080255270004,
                -0.03238825127482414
            ],
            "thumb_ip": [
                0.04872353747487068,
                0.010489486157894135,
                -0.028443044051527977
            ],
            "thumb_tip": [
                0.056210484355688095,
                -0.011948676779866219,
                -0.025994297116994858
            ],
            "index_mcp": [
                0.0227254219353199,
                0.0056806751526892185,
                0.007627137470990419
            ],
            "index_pip": [
                0.04312293231487274,
                -0.006674880161881447,
                -0.005492213647812605
            ],
            "index_dip": [
                0.06098948046565056,
                -0.010999945923686028,
                -0.016129327937960625
            ],
            "index_tip": [
                0.0749448835849762,
                -0.009809073060750961,
                -0.04276679828763008
            ],
            "middle_mcp": [
                0.0013515015598386526,
                -0.003922106698155403,
                0.007238850928843021
            ],
            "middle_pip": [
                0.021392900496721268,
                -0.036498185247182846,
                -0.0012383335269987583
            ],
            "middle_dip": [
                0.0368134044110775,
                -0.05248837172985077,
                -0.01442527212202549
            ],
            "middle_tip": [
                0.05450937896966934,
                -0.07194236665964127,
                -0.03002135455608368
            ],
            "ring_mcp": [
                -0.016691124066710472,
                -0.0051195272244513035,
                -0.004485770128667355
            ],
            "ring_pip": [
                -0.012540126219391823,
                -0.04042726755142212,
                -0.011951998807489872
            ],
            "ring_dip": [
                -0.004311738535761833,
                -0.059635333716869354,
                -0.01957772485911846
            ],
            "ring_tip": [
                0.006773209199309349,
                -0.07544036209583282,
                -0.030919406563043594
            ],
            "pinky_mcp": [
                -0.03220617398619652,
                -0.0001918664202094078,
                -0.017197133973240852
            ],
            "pinky_pip": [
                -0.03753739222884178,
                -0.02390844188630581,
                -0.015727508813142776
            ],
            "pinky_dip": [
                -0.03955862298607826,
                -0.047323357313871384,
                -0.01670747809112072
            ],
            "pinky_tip": [
                -0.03450299799442291,
                -0.06565602868795395,
                -0.021831445395946503
            ]
        }
    ]
}