{
"label": "f",
"gestures": [
{
"l_hand_position": null,
"l_wrist": [
-0.009208979085087776,
0.08170763403177371,
-0.03167217597365425
],
"l_thumb_cmc": [
-0.02942090854048729,
0.061528071761132105,
-0.024016257375479074
],
"l_thumb_mcp": [
-0.031393490731716156,
0.03150496631860772,
-0.023846482858062054
],
"l_thumb_ip": [
-0.03337555751204491,
0.0003697471693157974,
-0.014636958949268013
],
"l_thumb_tip": [
-0.028420692309737206,
-0.02556714788079298,
-0.006706308107823185
],
"l_index_mcp": [
-0.0233943872153759,
0.003864345140755199,
0.010203151032328692
],
"l_index_pip": [
-0.03407604619860649,
-0.015947923064232032,
-0.00685814302414663
],
"l_index_dip": [
-0.04644012451171875,
-0.022890178486705007,
-0.01786500960588468
],
"l_index_tip": [
-0.0639159306883812,
-0.024496132507920588,
-0.04492602869868324
],
"l_middle_mcp": [
-0.004276406951248646,
-0.0032725648488849735,
0.00809119176119577
],
"l_middle_pip": [
-0.005807317793369293,
-0.03861121460795452,
0.005519285332411645
],
"l_middle_dip": [
-0.014671782031655312,
-0.06658294796943758,
-0.007612347602844208
],
"l_middle_tip": [
-0.026344507932662964,
-0.09441722929477799,
-0.024585174396634178
],
"l_ring_mcp": [
0.015644140541553497,
-0.004698881879448926,
-0.005914465989917564
],
"l_ring_pip": [
0.022077105939388275,
-0.034800581634044994,
-0.0036043303553014777
],
"l_ring_dip": [
0.019137905910611153,
-0.06488691270351465,
-0.008881861343979868
],
"l_ring_tip": [
0.019261930137872696,
-0.08886154741048911,
-0.017394892871380012
],
"l_pinky_mcp": [
0.02145800180733204,
0.003387531731277749,
-0.02042321674525764
],
"l_pinky_pip": [
0.04139119014143944,
-0.014984839595854376,
-0.01468470972031365
],
"l_pinky_dip": [
0.051982633769512177,
-0.03933432325720826,
-0.012469010427594261
],
"l_pinky_tip": [
0.060118384659290314,
-0.06221681833267278,
-0.013664888218045441
],
"r_hand_position": null,
"r_wrist": null,
"r_thumb_cmc": null,
"r_thumb_mcp": null,
"r_thumb_ip": null,
"r_thumb_tip": null,
"r_index_mcp": null,
"r_index_pip": null,
"r_index_dip": null,
"r_index_tip": null,
"r_middle_mcp": null,
"r_middle_pip": null,
"r_middle_dip": null,
"r_middle_tip": null,
"r_ring_mcp": null,
"r_ring_pip": null,
"r_ring_dip": null,
"r_ring_tip": null,
"r_pinky_mcp": null,
"r_pinky_pip": null,
"r_pinky_dip": null,
"r_pinky_tip": null
}
],
"framerate": 30,
"mirrorable": true
}