{
"label": "f",
"gestures": [
{
"l_hand_position": null,
"l_wrist": null,
"l_thumb_cmc": null,
"l_thumb_mcp": null,
"l_thumb_ip": null,
"l_thumb_tip": null,
"l_index_mcp": null,
"l_index_pip": null,
"l_index_dip": null,
"l_index_tip": null,
"l_middle_mcp": null,
"l_middle_pip": null,
"l_middle_dip": null,
"l_middle_tip": null,
"l_ring_mcp": null,
"l_ring_pip": null,
"l_ring_dip": null,
"l_ring_tip": null,
"l_pinky_mcp": null,
"l_pinky_pip": null,
"l_pinky_dip": null,
"l_pinky_tip": null,
"r_hand_position": null,
"r_wrist": [
0.005049942061305046,
0.08958693593740596,
-0.0410559773445135
],
"r_thumb_cmc": [
0.03081231378018856,
0.06294868886470856,
-0.028570551425218943
],
"r_thumb_mcp": [
0.042047902941703796,
0.03279328346252468,
-0.02507545985281489
],
"r_thumb_ip": [
0.04235392436385155,
0.002619592472910918,
-0.018071480095386658
],
"r_thumb_tip": [
0.036248259246349335,
-0.019441232085228122,
-0.01671107858419427
],
"r_index_mcp": [
0.02293946035206318,
0.00041539268568160616,
0.013244734145701063
],
"r_index_pip": [
0.03628401830792427,
-0.016929063946008963,
-0.0016254843212664283
],
"r_index_dip": [
0.052563562989234924,
-0.0209022834897044,
-0.009498213417828224
],
"r_index_tip": [
0.06707770377397537,
-0.015006944537163015,
-0.028836086392402975
],
"r_middle_mcp": [
-0.00011030584573745728,
-0.004089939408004314,
0.009113752283156024
],
"r_middle_pip": [
0.015627438202500343,
-0.03725806251168293,
0.0008662114269100972
],
"r_middle_dip": [
0.029747722670435905,
-0.05336882174015109,
-0.012988188304007131
],
"r_middle_tip": [
0.047172363847494125,
-0.0732385218143472,
-0.028617041185498654
],
"r_ring_mcp": [
-0.01637173444032669,
-0.0025828171055764337,
-0.007647468242794368
],
"r_ring_pip": [
-0.015942994505167007,
-0.03959260880947147,
-0.008850610814988677
],
"r_ring_dip": [
-0.011219048872590065,
-0.06348570436239322,
-0.01059034839272514
],
"r_ring_tip": [
-0.0032694339752197266,
-0.08709887415170757,
-0.020895931869745477
],
"r_pinky_mcp": [
-0.028792640194296837,
0.005658877082169084,
-0.025051902979612656
],
"r_pinky_pip": [
-0.037576448172330856,
-0.018119418993592436,
-0.020567778497934536
],
"r_pinky_dip": [
-0.041235506534576416,
-0.043609477579594234,
-0.01601279154419908
],
"r_pinky_tip": [
-0.04112676903605461,
-0.06336248666048112,
-0.020527848973870364
]
}
],
"framerate": 30,
"mirrorable": true
}