{
"label": "f",
"gestures": [
{
"l_hand_position": null,
"l_wrist": [
-0.02002997323870659,
0.08232783526182248,
-0.03203077986836478
],
"l_thumb_cmc": [
-0.0390922948718071,
0.057347904890776485,
-0.02145230770111103
],
"l_thumb_mcp": [
-0.03498067706823349,
0.026032909750938728,
-0.021512903273105902
],
"l_thumb_ip": [
-0.030218400061130524,
-0.006465411745011886,
-0.01337267551571143
],
"l_thumb_tip": [
-0.023492317646741867,
-0.03408788144588504,
-0.007941530086100126
],
"l_index_mcp": [
-0.0228866096585989,
-8.89571383595564e-05,
0.011637816205620896
],
"l_index_pip": [
-0.03209053725004196,
-0.019449431449175124,
-0.005813089665025553
],
"l_index_dip": [
-0.044541679322719574,
-0.02383838780224356,
-0.01782357692718528
],
"l_index_tip": [
-0.06438377499580383,
-0.020441550761461535,
-0.04445007443428095
],
"l_middle_mcp": [
-0.002895872574299574,
-0.0037067472003400543,
0.008063815534114928
],
"l_middle_pip": [
-0.0027429964393377304,
-0.0383176431059842,
0.002977140713483131
],
"l_middle_dip": [
-0.008912216871976852,
-0.0672636479139337,
-0.009953000582754631
],
"l_middle_tip": [
-0.020881637930870056,
-0.095233082771302,
-0.03074955008924032
],
"l_ring_mcp": [
0.015107393264770508,
-0.0013611284084618256,
-0.007633970119059161
],
"l_ring_pip": [
0.025491751730442047,
-0.030685642734170238,
-0.004573353100568086
],
"l_ring_dip": [
0.025777332484722137,
-0.06414429098367742,
-0.007942038588225913
],
"l_ring_tip": [
0.027537357062101364,
-0.09080781042575915,
-0.013361992314457869
],
"l_pinky_mcp": [
0.01818731054663658,
0.008950598537921985,
-0.023171870037913534
],
"l_pinky_pip": [
0.03724589943885803,
-0.010166696272790545,
-0.019378319382667684
],
"l_pinky_dip": [
0.04605630785226822,
-0.033427894115448394,
-0.019417472183704605
],
"l_pinky_tip": [
0.05204765498638153,
-0.058283984661102954,
-0.018534332513809374
],
"r_hand_position": null,
"r_wrist": null,
"r_thumb_cmc": null,
"r_thumb_mcp": null,
"r_thumb_ip": null,
"r_thumb_tip": null,
"r_index_mcp": null,
"r_index_pip": null,
"r_index_dip": null,
"r_index_tip": null,
"r_middle_mcp": null,
"r_middle_pip": null,
"r_middle_dip": null,
"r_middle_tip": null,
"r_ring_mcp": null,
"r_ring_pip": null,
"r_ring_dip": null,
"r_ring_tip": null,
"r_pinky_mcp": null,
"r_pinky_pip": null,
"r_pinky_dip": null,
"r_pinky_tip": null
}
],
"framerate": 30,
"mirrorable": true
}