{
"label": "f",
"gestures": [
{
"l_hand_position": null,
"l_wrist": null,
"l_thumb_cmc": null,
"l_thumb_mcp": null,
"l_thumb_ip": null,
"l_thumb_tip": null,
"l_index_mcp": null,
"l_index_pip": null,
"l_index_dip": null,
"l_index_tip": null,
"l_middle_mcp": null,
"l_middle_pip": null,
"l_middle_dip": null,
"l_middle_tip": null,
"l_ring_mcp": null,
"l_ring_pip": null,
"l_ring_dip": null,
"l_ring_tip": null,
"l_pinky_mcp": null,
"l_pinky_pip": null,
"l_pinky_dip": null,
"l_pinky_tip": null,
"r_hand_position": null,
"r_wrist": [
-0.011921320110559464,
0.08883198350668046,
-0.042615469545126516
],
"r_thumb_cmc": [
0.01713833585381508,
0.07092887908220352,
-0.035378094762564254
],
"r_thumb_mcp": [
0.038819633424282074,
0.043441608548164784,
-0.03320880979299581
],
"r_thumb_ip": [
0.051749031990766525,
0.011959297582507243,
-0.025439765304327285
],
"r_thumb_tip": [
0.061998456716537476,
-0.010257996618747826,
-0.018183695152402132
],
"r_index_mcp": [
0.02283710427582264,
0.00585803389549262,
0.00842372421175251
],
"r_index_pip": [
0.04388950765132904,
-0.005540477111935671,
-0.003964340779930396
],
"r_index_dip": [
0.06160993501543999,
-0.010950323194265543,
-0.014416435733437736
],
"r_index_tip": [
0.07549948990345001,
-0.008964609354734587,
-0.04103075340390255
],
"r_middle_mcp": [
0.0015059247380122542,
-0.004351156763732465,
0.00752641772851357
],
"r_middle_pip": [
0.02200259454548359,
-0.03720765933394477,
0.0002136094262823777
],
"r_middle_dip": [
0.03837579861283302,
-0.05296910926699692,
-0.012204642407596259
],
"r_middle_tip": [
0.057215794920921326,
-0.07176605612039591,
-0.027045391499996272
],
"r_ring_mcp": [
-0.016955267637968063,
-0.005193906370550462,
-0.005104035139083932
],
"r_ring_pip": [
-0.013490920886397362,
-0.04234156757593196,
-0.01142374984920039
],
"r_ring_dip": [
-0.00461934320628643,
-0.06009805575013222,
-0.017455741763115044
],
"r_ring_tip": [
0.006942171603441238,
-0.07628157734870965,
-0.0290681384503844
],
"r_pinky_mcp": [
-0.03171048313379288,
-0.0007553761824965247,
-0.01911082863807693
],
"r_pinky_pip": [
-0.03811865672469139,
-0.0250798705965283,
-0.016554715111851855
],
"r_pinky_dip": [
-0.04077209532260895,
-0.048351436853409244,
-0.015759071335196644
],
"r_pinky_tip": [
-0.03599017858505249,
-0.0666517019271858,
-0.020194172859192054
]
}
],
"framerate": 30,
"mirrorable": true
}