{
    "label": "f",
    "label_id": 6,
    "gestures": [
        {
            "wrist": [
                -0.011921320110559464,
                0.08883198350667953,
                -0.04261546954512596
            ],
            "thumb_cmc": [
                0.01713833585381508,
                0.07092887908220291,
                -0.035378094762563705
            ],
            "thumb_mcp": [
                0.038819633424282074,
                0.04344160854816437,
                -0.03320880979299545
            ],
            "thumb_ip": [
                0.051749031990766525,
                0.011959297582507133,
                -0.02543976530432701
            ],
            "thumb_tip": [
                0.061998456716537476,
                -0.010257996618747711,
                -0.018183695152401924
            ],
            "index_mcp": [
                0.02283710427582264,
                0.005858033895492554,
                0.008423724211752415
            ],
            "index_pip": [
                0.04388950765132904,
                -0.0055404771119356155,
                -0.003964340779930353
            ],
            "index_dip": [
                0.06160993501543999,
                -0.010950323194265366,
                -0.014416435733437538
            ],
            "index_tip": [
                0.07549948990345001,
                -0.00896460935473442,
                -0.041030753403902054
            ],
            "middle_mcp": [
                0.0015059247380122542,
                -0.004351156763732433,
                0.007526417728513479
            ],
            "middle_pip": [
                0.02200259454548359,
                -0.03720765933394432,
                0.00021360942628234625
            ],
            "middle_dip": [
                0.03837579861283302,
                -0.052969109266996384,
                -0.012204642407596111
            ],
            "middle_tip": [
                0.057215794920921326,
                -0.07176605612039566,
                -0.027045391499996185
            ],
            "ring_mcp": [
                -0.016955267637968063,
                -0.005193906370550394,
                -0.005104035139083862
            ],
            "ring_pip": [
                -0.013490920886397362,
                -0.04234156757593155,
                -0.011423749849200249
            ],
            "ring_dip": [
                -0.00461934320628643,
                -0.06009805575013161,
                -0.01745574176311493
            ],
            "ring_tip": [
                0.006942171603441238,
                -0.0762815773487091,
                -0.02906813845038414
            ],
            "pinky_mcp": [
                -0.03171048313379288,
                -0.0007553761824965477,
                -0.019110828638076782
            ],
            "pinky_pip": [
                -0.03811865672469139,
                -0.025079870596528053,
                -0.016554715111851692
            ],
            "pinky_dip": [
                -0.04077209532260895,
                -0.048351436853408813,
                -0.015759071335196495
            ],
            "pinky_tip": [
                -0.03599017858505249,
                -0.06665170192718506,
                -0.020194172859191895
            ]
        }
    ]
}