{
"label": "f",
"gestures": [
{
"l_hand_position": null,
"l_wrist": null,
"l_thumb_cmc": null,
"l_thumb_mcp": null,
"l_thumb_ip": null,
"l_thumb_tip": null,
"l_index_mcp": null,
"l_index_pip": null,
"l_index_dip": null,
"l_index_tip": null,
"l_middle_mcp": null,
"l_middle_pip": null,
"l_middle_dip": null,
"l_middle_tip": null,
"l_ring_mcp": null,
"l_ring_pip": null,
"l_ring_dip": null,
"l_ring_tip": null,
"l_pinky_mcp": null,
"l_pinky_pip": null,
"l_pinky_dip": null,
"l_pinky_tip": null,
"r_hand_position": null,
"r_wrist": [
-0.01195153221487999,
0.0895254611969003,
-0.04098517820239099
],
"r_thumb_cmc": [
0.01711009070277214,
0.07106078416109166,
-0.0327914208173755
],
"r_thumb_mcp": [
0.03927247226238251,
0.04347454383969353,
-0.030686797574162795
],
"r_thumb_ip": [
0.05479758605360985,
0.01302178204059615,
-0.021409511566162387
],
"r_thumb_tip": [
0.06755495071411133,
-0.010400809347629662,
-0.014138589613139747
],
"r_index_mcp": [
0.02308405563235283,
0.005523823201656392,
0.008698591031134208
],
"r_index_pip": [
0.04436669498682022,
-0.006267543882131656,
-0.004031197633594315
],
"r_index_dip": [
0.061384379863739014,
-0.011536726728081793,
-0.01355229597538719
],
"r_index_tip": [
0.0753597542643547,
-0.008201792836189353,
-0.03946803882718132
],
"r_middle_mcp": [
0.0011906552826985717,
-0.004420413635671175,
0.007211478892713878
],
"r_middle_pip": [
0.021823547780513763,
-0.03738662973046343,
-0.0009292981703764982
],
"r_middle_dip": [
0.038934651762247086,
-0.05275345221161895,
-0.014005406759679456
],
"r_middle_tip": [
0.0581103079020977,
-0.07145244628191078,
-0.028398908674717296
],
"r_ring_mcp": [
-0.017106229439377785,
-0.005023087374866065,
-0.005248314235359489
],
"r_ring_pip": [
-0.012391190975904465,
-0.04158480465412192,
-0.011732266284525561
],
"r_ring_dip": [
-0.004492787644267082,
-0.059897601604462405,
-0.017531257122755214
],
"r_ring_tip": [
0.006440242752432823,
-0.07561532407999122,
-0.029305752366781478
],
"r_pinky_mcp": [
-0.032024890184402466,
0.00013486389070749174,
-0.018729280680418122
],
"r_pinky_pip": [
-0.038157619535923004,
-0.023887703195214546,
-0.01625816337764278
],
"r_pinky_dip": [
-0.040401309728622437,
-0.04768992960453078,
-0.015590173192322336
],
"r_pinky_tip": [
-0.03622470051050186,
-0.06594529747963003,
-0.018923502415418906
]
}
],
"framerate": 30,
"mirrorable": true
}