{
"label": "f",
"gestures": [
{
"l_hand_position": null,
"l_wrist": null,
"l_thumb_cmc": null,
"l_thumb_mcp": null,
"l_thumb_ip": null,
"l_thumb_tip": null,
"l_index_mcp": null,
"l_index_pip": null,
"l_index_dip": null,
"l_index_tip": null,
"l_middle_mcp": null,
"l_middle_pip": null,
"l_middle_dip": null,
"l_middle_tip": null,
"l_ring_mcp": null,
"l_ring_pip": null,
"l_ring_dip": null,
"l_ring_tip": null,
"l_pinky_mcp": null,
"l_pinky_pip": null,
"l_pinky_dip": null,
"l_pinky_tip": null,
"r_hand_position": null,
"r_wrist": [
-0.009659584611654282,
0.08678832650184744,
-0.03622293844819125
],
"r_thumb_cmc": [
0.017721155658364296,
0.06827084720134828,
-0.030321743339300603
],
"r_thumb_mcp": [
0.037775296717882156,
0.039480026811361764,
-0.029518062248826367
],
"r_thumb_ip": [
0.04597535729408264,
0.008311126381158912,
-0.02291184850037122
],
"r_thumb_tip": [
0.051090557128190994,
-0.014331186190247702,
-0.021469542756676827
],
"r_index_mcp": [
0.02195415459573269,
0.004834527615457832,
0.00938798580318699
],
"r_index_pip": [
0.04183937609195709,
-0.0066487174481153904,
-0.006057377438992314
],
"r_index_dip": [
0.05855119600892067,
-0.013099364936351965,
-0.01668349094688914
],
"r_index_tip": [
0.07281416654586792,
-0.010981898754835262,
-0.04359970241785093
],
"r_middle_mcp": [
0.0011489343596622348,
-0.00479293987154966,
0.00776987615972766
],
"r_middle_pip": [
0.019913960248231888,
-0.03536304458975824,
-0.001585667952895079
],
"r_middle_dip": [
0.0363512746989727,
-0.05170534551143705,
-0.015740338712930846
],
"r_middle_tip": [
0.05443036928772926,
-0.07059426605701513,
-0.031481299549341486
],
"r_ring_mcp": [
-0.016852932050824165,
-0.004713829141110238,
-0.005063110496848868
],
"r_ring_pip": [
-0.012207276187837124,
-0.03958470001816789,
-0.013495655730366795
],
"r_ring_dip": [
-0.0046038515865802765,
-0.05749104917049461,
-0.020207451656460908
],
"r_ring_tip": [
0.005779590457677841,
-0.07377339154481943,
-0.031491246074438255
],
"r_pinky_mcp": [
-0.031188296154141426,
0.0009705964475869908,
-0.01841056160628827
],
"r_pinky_pip": [
-0.03767068684101105,
-0.02216869965195686,
-0.017525373026728838
],
"r_pinky_dip": [
-0.03999517112970352,
-0.0456031784415252,
-0.018331374973058884
],
"r_pinky_tip": [
-0.035238951444625854,
-0.06336163729429337,
-0.023659447208047163
]
}
],
"framerate": 30,
"mirrorable": true
}