{
"label": "f",
"gestures": [
{
"l_hand_position": null,
"l_wrist": null,
"l_thumb_cmc": null,
"l_thumb_mcp": null,
"l_thumb_ip": null,
"l_thumb_tip": null,
"l_index_mcp": null,
"l_index_pip": null,
"l_index_dip": null,
"l_index_tip": null,
"l_middle_mcp": null,
"l_middle_pip": null,
"l_middle_dip": null,
"l_middle_tip": null,
"l_ring_mcp": null,
"l_ring_pip": null,
"l_ring_dip": null,
"l_ring_tip": null,
"l_pinky_mcp": null,
"l_pinky_pip": null,
"l_pinky_dip": null,
"l_pinky_tip": null,
"r_hand_position": null,
"r_wrist": [
-0.0017323866486549377,
0.0851146280765539,
-0.04285819083452265
],
"r_thumb_cmc": [
0.0256407018750906,
0.06599874049425192,
-0.029620546847582245
],
"r_thumb_mcp": [
0.038910456001758575,
0.03568059578537975,
-0.025009158998728014
],
"r_thumb_ip": [
0.03847215324640274,
0.005203121341764975,
-0.012140359729528543
],
"r_thumb_tip": [
0.03313309699296951,
-0.01812115311622632,
-0.00670588295906786
],
"r_index_mcp": [
0.02427348867058754,
0.004135900177061598,
0.012441910803318178
],
"r_index_pip": [
0.03962206095457077,
-0.008199775591492757,
-0.0050471536815167
],
"r_index_dip": [
0.05445539951324463,
-0.011417716741561975,
-0.015955675393343062
],
"r_index_tip": [
0.07133515179157257,
-0.004060864448547425,
-0.04110196605324792
],
"r_middle_mcp": [
0.0001769538503140211,
-0.004079157486557999,
0.008435233496129603
],
"r_middle_pip": [
0.02131560631096363,
-0.03411035984754611,
-0.0037570542190224236
],
"r_middle_dip": [
0.03790638595819473,
-0.04911462962627477,
-0.01614350639283675
],
"r_middle_tip": [
0.05840889364480972,
-0.06781250983476675,
-0.03401164337992686
],
"r_ring_mcp": [
-0.01692650280892849,
-0.005019785370677755,
-0.00750003056600696
],
"r_ring_pip": [
-0.01076637115329504,
-0.040252879261970936,
-0.011290165595710366
],
"r_ring_dip": [
-0.004087764769792557,
-0.06488605588674622,
-0.01581927202641979
],
"r_ring_tip": [
0.007213203236460686,
-0.08422397077083679,
-0.0251617152243854
],
"r_pinky_mcp": [
-0.029936444014310837,
0.001256160438060715,
-0.021282056346535957
],
"r_pinky_pip": [
-0.03586743772029877,
-0.02357563003897689,
-0.018292549997568314
],
"r_pinky_dip": [
-0.03629568964242935,
-0.05213242024183337,
-0.016139870509505404
],
"r_pinky_tip": [
-0.03287589177489281,
-0.07214930653572148,
-0.019041715189814817
]
}
],
"framerate": 30,
"mirrorable": true
}