{
"label": "f",
"gestures": [
{
"l_hand_position": null,
"l_wrist": null,
"l_thumb_cmc": null,
"l_thumb_mcp": null,
"l_thumb_ip": null,
"l_thumb_tip": null,
"l_index_mcp": null,
"l_index_pip": null,
"l_index_dip": null,
"l_index_tip": null,
"l_middle_mcp": null,
"l_middle_pip": null,
"l_middle_dip": null,
"l_middle_tip": null,
"l_ring_mcp": null,
"l_ring_pip": null,
"l_ring_dip": null,
"l_ring_tip": null,
"l_pinky_mcp": null,
"l_pinky_pip": null,
"l_pinky_dip": null,
"l_pinky_tip": null,
"r_hand_position": null,
"r_wrist": [
0.0011874847114086151,
0.08663238584995367,
-0.05332493409514502
],
"r_thumb_cmc": [
0.028453534469008446,
0.06681384146213631,
-0.03635459393262927
],
"r_thumb_mcp": [
0.0431176982820034,
0.03756287693977385,
-0.026920765638351725
],
"r_thumb_ip": [
0.05149666965007782,
0.006923319771885943,
-0.007054213900119183
],
"r_thumb_tip": [
0.056388042867183685,
-0.016183102503419155,
0.007172924000769942
],
"r_index_mcp": [
0.022338028997182846,
0.005535896867513734,
0.012598733417689929
],
"r_index_pip": [
0.03831915929913521,
-0.008374843746423817,
-0.0008633497054688778
],
"r_index_dip": [
0.05566014349460602,
-0.011761721223592866,
-0.011603284627199279
],
"r_index_tip": [
0.07213617861270905,
-0.006095184013247592,
-0.03554081544280087
],
"r_middle_mcp": [
-0.0003558241296559572,
-0.004033178556710518,
0.008840498514473539
],
"r_middle_pip": [
0.020403055474162102,
-0.03545694425702138,
0.0003658123023342634
],
"r_middle_dip": [
0.039000049233436584,
-0.051096044480801156,
-0.013123786076903449
],
"r_middle_tip": [
0.05927058309316635,
-0.07046078145504062,
-0.03015290573239334
],
"r_ring_mcp": [
-0.015836836770176888,
-0.005309330299496711,
-0.007734789047390301
],
"r_ring_pip": [
-0.009533772245049477,
-0.04256792366504715,
-0.009769299067556872
],
"r_ring_dip": [
-0.001890832558274269,
-0.06615199893713095,
-0.013821664266288478
],
"r_ring_tip": [
0.00981379859149456,
-0.08406828343868368,
-0.02480562217533614
],
"r_pinky_mcp": [
-0.02786213904619217,
-0.0004884395748376961,
-0.023890165612101888
],
"r_pinky_pip": [
-0.03426974639296532,
-0.025859022513032334,
-0.0206472333520653
],
"r_pinky_dip": [
-0.03596237301826477,
-0.05213133245706627,
-0.017820367589593145
],
"r_pinky_tip": [
-0.03204345703125,
-0.07251571118831714,
-0.02065490745008015
]
}
],
"framerate": 30,
"mirrorable": true
}