{
"label": "q",
"gestures": [
{
"l_hand_position": null,
"l_wrist": [
0.02952277474105358,
-0.027048673480749318,
0.07280157506466003
],
"l_thumb_cmc": [
-0.0022072766441851854,
-0.013875503093004376,
0.051567927002907375
],
"l_thumb_mcp": [
-0.02125503681600094,
-0.003397717606276261,
0.04657058790326173
],
"l_thumb_ip": [
-0.027820413932204247,
0.014107540249824652,
0.022399453446269285
],
"l_thumb_tip": [
-0.0339551717042923,
0.03206899017095589,
0.0027430269401520794
],
"l_index_mcp": [
-0.01058367732912302,
0.0020237809512764432,
0.0034599604550749376
],
"l_index_pip": [
-0.012076483108103275,
0.02072963304817704,
0.0004406544612720566
],
"l_index_dip": [
-0.018598053604364395,
0.04741236940026335,
0.015959039330482684
],
"l_index_tip": [
-0.014383919537067413,
0.0717112123966223,
0.031808998435735966
],
"l_middle_mcp": [
-0.0016358460998162627,
0.002233997220173497,
-0.0019733747467398925
],
"l_middle_pip": [
-0.00822163000702858,
0.015368206426501491,
0.0046285674907267805
],
"l_middle_dip": [
-0.007307670544832945,
0.02400545030832317,
0.019690698012709795
],
"l_middle_tip": [
-0.011911877430975437,
0.0149980261921884,
0.05339893698692362
],
"l_ring_mcp": [
0.00485200947150588,
-0.0010409582173451885,
-0.0020234922412783085
],
"l_ring_pip": [
-0.0018978649750351906,
0.016644328832626534,
0.005561422090977462
],
"l_ring_dip": [
0.001044879900291562,
0.012422339990735238,
0.028537709265947706
],
"l_ring_tip": [
-0.0013007904635742307,
0.0007493130979129667,
0.053164470940829045
],
"l_pinky_mcp": [
0.017276085913181305,
-0.0021667866967618743,
0.008338874205946999
],
"l_pinky_pip": [
0.014622977003455162,
0.014693106524646447,
0.014235314913094167
],
"l_pinky_dip": [
0.010083667933940887,
0.012216726318001876,
0.033829078078270285
],
"l_pinky_tip": [
0.014536627568304539,
8.927006274458754e-05,
0.048594851046801175
],
"r_hand_position": null,
"r_wrist": null,
"r_thumb_cmc": null,
"r_thumb_mcp": null,
"r_thumb_ip": null,
"r_thumb_tip": null,
"r_index_mcp": null,
"r_index_pip": null,
"r_index_dip": null,
"r_index_tip": null,
"r_middle_mcp": null,
"r_middle_pip": null,
"r_middle_dip": null,
"r_middle_tip": null,
"r_ring_mcp": null,
"r_ring_pip": null,
"r_ring_dip": null,
"r_ring_tip": null,
"r_pinky_mcp": null,
"r_pinky_pip": null,
"r_pinky_dip": null,
"r_pinky_tip": null
}
],
"framerate": 30,
"mirrorable": true
}