{
    "label": "Q",
    "label_id": 17,
    "gestures": [
        {
            "wrist": [
                0.03918289393186569,
                -0.014128858223557472,
                0.07530158758163452
            ],
            "thumb_cmc": [
                0.005432441830635071,
                -0.008358011022210121,
                0.06365171074867249
            ],
            "thumb_mcp": [
                -0.009191876277327538,
                0.0049482546746730804,
                0.04593358188867569
            ],
            "thumb_ip": [
                -0.014301080256700516,
                0.018874192610383034,
                0.018472835421562195
            ],
            "thumb_tip": [
                -0.017165232449769974,
                0.03620702773332596,
                -0.0060214148834347725
            ],
            "index_mcp": [
                -0.01209476962685585,
                0.0015083550242707133,
                0.003548471722751856
            ],
            "index_pip": [
                -0.02050737291574478,
                0.010098254308104515,
                -0.006233562715351582
            ],
            "index_dip": [
                -0.033667486160993576,
                0.029418213292956352,
                0.004541145171970129
            ],
            "index_tip": [
                -0.03721757233142853,
                0.049972232431173325,
                0.00996804516762495
            ],
            "middle_mcp": [
                -0.00036373193142935634,
                0.0003052172833122313,
                -0.0015492849051952362
            ],
            "middle_pip": [
                -0.007315359078347683,
                0.0193107221275568,
                -0.004962653387337923
            ],
            "middle_dip": [
                -0.0054052527993917465,
                0.03142384812235832,
                0.019370805472135544
            ],
            "middle_tip": [
                -0.009711825288832188,
                0.02378147467970848,
                0.047881726175546646
            ],
            "ring_mcp": [
                0.00520986458286643,
                -0.0006800157716497779,
                -0.003546395804733038
            ],
            "ring_pip": [
                0.005949423182755709,
                0.019926417618989944,
                0.0006492976099252701
            ],
            "ring_dip": [
                0.004562235437333584,
                0.024176571518182755,
                0.026760395616292953
            ],
            "ring_tip": [
                0.0016737028490751982,
                0.01598483696579933,
                0.04625685140490532
            ],
            "pinky_mcp": [
                0.023616144433617592,
                0.004536803346127272,
                0.003958310000598431
            ],
            "pinky_pip": [
                0.017582593485713005,
                0.0221942737698555,
                0.008699016645550728
            ],
            "pinky_dip": [
                0.009178683161735535,
                0.02436200901865959,
                0.027726590633392334
            ],
            "pinky_tip": [
                0.01135054137557745,
                0.018031436949968338,
                0.043780915439128876
            ]
        }
    ]
}