{
    "label": "q",
    "label_id": 17,
    "gestures": [
        {
            "wrist": [
                0.027528615668416023,
                -0.019995316863059998,
                0.08267781883478165
            ],
            "thumb_cmc": [
                -0.0029702922329306602,
                -0.0045545329339802265,
                0.063958540558815
            ],
            "thumb_mcp": [
                -0.01783573068678379,
                0.006581796798855066,
                0.053463783115148544
            ],
            "thumb_ip": [
                -0.026292795315384865,
                0.019021522253751755,
                0.01817711628973484
            ],
            "thumb_tip": [
                -0.028193369507789612,
                0.037499234080314636,
                -0.0039022380951792
            ],
            "index_mcp": [
                -0.008360443636775017,
                0.003875111695379019,
                0.0037043632473796606
            ],
            "index_pip": [
                -0.008012080565094948,
                0.022275757044553757,
                0.002753256354480982
            ],
            "index_dip": [
                -0.01286572776734829,
                0.04978565871715546,
                0.022297659888863564
            ],
            "index_tip": [
                -0.01350071094930172,
                0.07328672707080841,
                0.038540177047252655
            ],
            "middle_mcp": [
                0.0008276262087747455,
                0.00041914431494660676,
                -0.0026439677458256483
            ],
            "middle_pip": [
                -0.006354663986712694,
                0.01458406075835228,
                0.0029102705884724855
            ],
            "middle_dip": [
                -0.004384229425340891,
                0.02031130902469158,
                0.02996954508125782
            ],
            "middle_tip": [
                -0.009822217747569084,
                0.009434136562049389,
                0.0654728040099144
            ],
            "ring_mcp": [
                0.0030700676143169403,
                -0.0010633139172568917,
                -0.003455042839050293
            ],
            "ring_pip": [
                0.0011892709881067276,
                0.012868229299783707,
                0.0064423889853060246
            ],
            "ring_dip": [
                0.0013276650570333004,
                0.015522565692663193,
                0.03288402780890465
            ],
            "ring_tip": [
                -0.000675354793202132,
                0.003177155740559101,
                0.058008093386888504
            ],
            "pinky_mcp": [
                0.015247870236635208,
                -0.0022820557933300734,
                0.0070289201103150845
            ],
            "pinky_pip": [
                0.01393916830420494,
                0.014702633954584599,
                0.01384005881845951
            ],
            "pinky_dip": [
                0.0065019517205655575,
                0.016038063913583755,
                0.03758521005511284
            ],
            "pinky_tip": [
                0.01185225136578083,
                0.0037972687277942896,
                0.05334944650530815
            ]
        }
    ]
}