{
"label": "r",
"gestures": [
{
"l_hand_position": null,
"l_wrist": null,
"l_thumb_cmc": null,
"l_thumb_mcp": null,
"l_thumb_ip": null,
"l_thumb_tip": null,
"l_index_mcp": null,
"l_index_pip": null,
"l_index_dip": null,
"l_index_tip": null,
"l_middle_mcp": null,
"l_middle_pip": null,
"l_middle_dip": null,
"l_middle_tip": null,
"l_ring_mcp": null,
"l_ring_pip": null,
"l_ring_dip": null,
"l_ring_tip": null,
"l_pinky_mcp": null,
"l_pinky_pip": null,
"l_pinky_dip": null,
"l_pinky_tip": null,
"r_hand_position": [
-0.3596158027648926,
0.05764758586883545,
-0.4978489538189024
],
"r_wrist": [
0.007030289138002625,
0.9998664333449424,
-0.014754338504313317
],
"r_thumb_cmc": [
0.09176276796553316,
0.6832021838998082,
-0.16642062081003386
],
"r_thumb_mcp": [
0.05835926045630497,
0.3215445746207713,
-0.17902785493081103
],
"r_thumb_ip": [
-0.1375429044180034,
0.10613971283039979,
-0.17648589538768314
],
"r_thumb_tip": [
-0.30383116331205023,
-0.03518119130466859,
-0.16148707807209428
],
"r_index_mcp": [
0.12682681674650703,
-0.04632138397687119,
-0.01804182531872426
],
"r_index_pip": [
0.08813206526124663,
-0.4118281371234893,
-0.06297968364332317
],
"r_index_dip": [
0.054600068962939674,
-0.6480647421589628,
-0.11456110936642046
],
"r_index_tip": [
0.01852303378596705,
-0.8581207086789183,
-0.15194322060907564
],
"r_middle_mcp": [
0.0,
0.0,
0.0
],
"r_middle_pip": [
-0.04061257699098479,
-0.41178029881538364,
-0.026857504576840417
],
"r_middle_dip": [
-0.057839887713815596,
-0.6651608041903242,
-0.08015786554813412
],
"r_middle_tip": [
-0.0747422454847917,
-0.8828228572618707,
-0.11633289003730293
],
"r_ring_mcp": [
-0.12891616507488388,
0.13916613589817092,
-0.011696039289653378
],
"r_ring_pip": [
-0.2509679929203326,
-0.02046212076196062,
-0.12664158545034793
],
"r_ring_dip": [
-0.21032367705185465,
0.1630337717730573,
-0.21375293403343665
],
"r_ring_tip": [
-0.15951591841096882,
0.26969479949948066,
-0.23489327525326323
],
"r_pinky_mcp": [
-0.23715831021536463,
0.33124552930552054,
-0.036178439229511035
],
"r_pinky_pip": [
-0.32262415643927184,
0.21940120045212397,
-0.14284538126065247
],
"r_pinky_dip": [
-0.28895733379824823,
0.3170739416222444,
-0.1895990093948173
],
"r_pinky_tip": [
-0.25370515167097407,
0.398882354976118,
-0.20262843191741828
],
"l_hand_velocity": null,
"r_hand_velocity": null,
"m_nose_point": null,
"m_top_nose": null,
"m_eyebrows": null,
"m_forehead": null,
"m_top_chin": null,
"m_bot_up_lip": null,
"m_top_low_lip": null,
"m_bot_nose": null,
"m_chin": null,
"m_nose": null,
"l_eye_exterior": null,
"l_temple": null,
"l_mid_chin": null,
"l_up_lip": null,
"l_ext_nostril": null,
"l_mid_cheek": null,
"l_mid_eyebrow": null,
"l_ext_eyebrow": null,
"l_ext_lips": null,
"l_jaw_angle": null,
"l_mid_ext_face": null,
"l_int_eyebrow": null,
"l_mid_jaw": null,
"l_mid_bot_eyelid": null,
"l_ext_mouth": null,
"l_top_eyelid": null,
"l_eye_int": null,
"l_pupil": null,
"r_eye_exterior": null,
"r_temple": null,
"r_mid_chin": null,
"r_up_lip": null,
"r_ext_nostril": null,
"r_mid_cheek": null,
"r_mid_eyebrow": null,
"r_ext_eyebrow": null,
"r_ext_lips": null,
"r_jaw_angle": null,
"r_mid_ext_face": null,
"r_int_eyebrow": null,
"r_mid_jaw": null,
"r_mid_bot_eyelid": null,
"r_ext_mouth": null,
"r_top_eyelid": null,
"r_eye_int": null,
"r_pupil": null,
"l_shoulder": null,
"l_elbow": null,
"l_hip": null,
"l_knee": null,
"l_ankle": null,
"l_body_wrist": null,
"r_shoulder": null,
"r_elbow": null,
"r_hip": null,
"r_knee": null,
"r_ankle": null,
"r_body_wrist": null,
"m_face_position": null,
"m_body_position": null,
"m_face_scale": null,
"m_body_scale": null,
"l_hand_scale": null,
"r_hand_scale": [
0.1457773845871199,
0.1457773845871199,
0.1457773845871199
]
}
],
"framerate": 30,
"mirrorable": true,
"invalid": false
}