{
"label": "r",
"gestures": [
{
"l_hand_position": null,
"l_wrist": null,
"l_thumb_cmc": null,
"l_thumb_mcp": null,
"l_thumb_ip": null,
"l_thumb_tip": null,
"l_index_mcp": null,
"l_index_pip": null,
"l_index_dip": null,
"l_index_tip": null,
"l_middle_mcp": null,
"l_middle_pip": null,
"l_middle_dip": null,
"l_middle_tip": null,
"l_ring_mcp": null,
"l_ring_pip": null,
"l_ring_dip": null,
"l_ring_tip": null,
"l_pinky_mcp": null,
"l_pinky_pip": null,
"l_pinky_dip": null,
"l_pinky_tip": null,
"r_hand_position": [
-0.3121272325515747,
0.08632791042327881,
-0.527795696631074
],
"r_wrist": [
0.19821843010020246,
0.9716562467589094,
0.12881611740384258
],
"r_thumb_cmc": [
0.2512051127783254,
0.8332619940894719,
-0.10955980620338865
],
"r_thumb_mcp": [
0.11631758462293545,
0.5513271714727785,
-0.20300191937271608
],
"r_thumb_ip": [
-0.16576881555836537,
0.414535290470381,
-0.2700201959040196
],
"r_thumb_tip": [
-0.3441988809188536,
0.23889204251185225,
-0.318586234578893
],
"r_index_mcp": [
0.14820494653104388,
-0.0004228979524630784,
-0.03129644246959265
],
"r_index_pip": [
0.03665325057388886,
-0.4253983262486406,
-0.16301530896630453
],
"r_index_dip": [
-0.026912095941239157,
-0.7142649738928067,
-0.24693493281429418
],
"r_index_tip": [
-0.08778868434449545,
-0.969869357892493,
-0.2952806488377415
],
"r_middle_mcp": [
0.0,
0.0,
0.0
],
"r_middle_pip": [
-0.0695598075963674,
-0.4715602204483302,
-0.1333365253999091
],
"r_middle_dip": [
-0.10262567643731954,
-0.7744407836511259,
-0.20567990477384576
],
"r_middle_tip": [
-0.12958845936371674,
-1.0782422755106897,
-0.22487839454459532
],
"r_ring_mcp": [
-0.127921865767253,
0.10976121618715785,
-0.0018836965194388951
],
"r_ring_pip": [
-0.3281850047053809,
0.021534096326629084,
-0.2062179533363239
],
"r_ring_dip": [
-0.2487563927596545,
0.30430504703091593,
-0.24804459107656218
],
"r_ring_tip": [
-0.13124676625960968,
0.4120967907157474,
-0.20719630192246377
],
"r_pinky_mcp": [
-0.24076235083068145,
0.2824936224585175,
-0.0231233560164118
],
"r_pinky_pip": [
-0.3981953671173664,
0.27411659685149736,
-0.1824346738351849
],
"r_pinky_dip": [
-0.3033512823231361,
0.4787530765437832,
-0.19087744060006667
],
"r_pinky_tip": [
-0.17091837846057376,
0.5527814874229536,
-0.15363119028053956
],
"l_hand_velocity": null,
"r_hand_velocity": null,
"m_nose_point": null,
"m_top_nose": null,
"m_eyebrows": null,
"m_forehead": null,
"m_top_chin": null,
"m_bot_up_lip": null,
"m_top_low_lip": null,
"m_bot_nose": null,
"m_chin": null,
"m_nose": null,
"l_eye_exterior": null,
"l_temple": null,
"l_mid_chin": null,
"l_up_lip": null,
"l_ext_nostril": null,
"l_mid_cheek": null,
"l_mid_eyebrow": null,
"l_ext_eyebrow": null,
"l_ext_lips": null,
"l_jaw_angle": null,
"l_mid_ext_face": null,
"l_int_eyebrow": null,
"l_mid_jaw": null,
"l_mid_bot_eyelid": null,
"l_ext_mouth": null,
"l_top_eyelid": null,
"l_eye_int": null,
"l_pupil": null,
"r_eye_exterior": null,
"r_temple": null,
"r_mid_chin": null,
"r_up_lip": null,
"r_ext_nostril": null,
"r_mid_cheek": null,
"r_mid_eyebrow": null,
"r_ext_eyebrow": null,
"r_ext_lips": null,
"r_jaw_angle": null,
"r_mid_ext_face": null,
"r_int_eyebrow": null,
"r_mid_jaw": null,
"r_mid_bot_eyelid": null,
"r_ext_mouth": null,
"r_top_eyelid": null,
"r_eye_int": null,
"r_pupil": null,
"l_shoulder": null,
"l_elbow": null,
"l_hip": null,
"l_knee": null,
"l_ankle": null,
"l_body_wrist": null,
"r_shoulder": null,
"r_elbow": null,
"r_hip": null,
"r_knee": null,
"r_ankle": null,
"r_body_wrist": null,
"m_face_position": null,
"m_body_position": null,
"m_face_scale": null,
"m_body_scale": null,
"l_hand_scale": null,
"r_hand_scale": [
0.21578423499009527,
0.21578423499009527,
0.21578423499009527
]
}
],
"framerate": 30,
"mirrorable": true,
"invalid": false
}