{
"label": "e",
"gestures": [
{
"l_hand_position": null,
"l_wrist": null,
"l_thumb_cmc": null,
"l_thumb_mcp": null,
"l_thumb_ip": null,
"l_thumb_tip": null,
"l_index_mcp": null,
"l_index_pip": null,
"l_index_dip": null,
"l_index_tip": null,
"l_middle_mcp": null,
"l_middle_pip": null,
"l_middle_dip": null,
"l_middle_tip": null,
"l_ring_mcp": null,
"l_ring_pip": null,
"l_ring_dip": null,
"l_ring_tip": null,
"l_pinky_mcp": null,
"l_pinky_pip": null,
"l_pinky_dip": null,
"l_pinky_tip": null,
"r_hand_position": null,
"r_wrist": [
0.007509015500545502,
0.08911916613578796,
0.009183746762573719
],
"r_thumb_cmc": [
-0.02221451699733734,
0.069510318338871,
-0.0033313296735286713
],
"r_thumb_mcp": [
-0.03540170192718506,
0.04874427616596222,
-0.008224235847592354
],
"r_thumb_ip": [
-0.036786556243896484,
0.021045904606580734,
-0.024055641144514084
],
"r_thumb_tip": [
-0.009751682169735432,
0.011869979090988636,
-0.030428819358348846
],
"r_index_mcp": [
-0.027550533413887024,
0.0021450980566442013,
0.0016419412568211555
],
"r_index_pip": [
-0.032678961753845215,
-0.014135440811514854,
-0.015379039570689201
],
"r_index_dip": [
-0.03259794041514397,
-0.00751152727752924,
-0.02689492516219616
],
"r_index_tip": [
-0.029893189668655396,
0.010548319667577744,
-0.02662684954702854
],
"r_middle_mcp": [
-0.004757950082421303,
-0.0031735438387840986,
0.00595067860558629
],
"r_middle_pip": [
-0.007881554774940014,
-0.03208332508802414,
-0.02042415365576744
],
"r_middle_dip": [
-0.017454031854867935,
-0.01757006160914898,
-0.037278227508068085
],
"r_middle_tip": [
-0.011036011390388012,
-0.004291872028261423,
-0.030361047014594078
],
"r_ring_mcp": [
0.01783556118607521,
-0.004943161737173796,
-0.001565807149745524
],
"r_ring_pip": [
0.01293011661618948,
-0.02864907868206501,
-0.021052416414022446
],
"r_ring_dip": [
0.006455192808061838,
-0.02027869038283825,
-0.037714291363954544
],
"r_ring_tip": [
0.007282547652721405,
-0.0011941505363211036,
-0.03742804005742073
],
"r_pinky_mcp": [
0.02839965932071209,
0.007115010172128677,
-0.007129279896616936
],
"r_pinky_pip": [
0.03376618027687073,
-0.01896769180893898,
-0.012298444285988808
],
"r_pinky_dip": [
0.02548786625266075,
-0.02700236812233925,
-0.030601292848587036
],
"r_pinky_tip": [
0.02023722417652607,
-0.009111861698329449,
-0.038379233330488205
]
}
],
"framerate": 30,
"mirrorable": true
}