{
"label": "e",
"gestures": [
{
"l_hand_position": null,
"l_wrist": null,
"l_thumb_cmc": null,
"l_thumb_mcp": null,
"l_thumb_ip": null,
"l_thumb_tip": null,
"l_index_mcp": null,
"l_index_pip": null,
"l_index_dip": null,
"l_index_tip": null,
"l_middle_mcp": null,
"l_middle_pip": null,
"l_middle_dip": null,
"l_middle_tip": null,
"l_ring_mcp": null,
"l_ring_pip": null,
"l_ring_dip": null,
"l_ring_tip": null,
"l_pinky_mcp": null,
"l_pinky_pip": null,
"l_pinky_dip": null,
"l_pinky_tip": null,
"r_hand_position": null,
"r_wrist": [
-0.02773555926978588,
0.08474323898553848,
-0.02621570974588394
],
"r_thumb_cmc": [
0.011809326708316803,
0.07244840264320374,
-0.02868027798831463
],
"r_thumb_mcp": [
0.044025968760252,
0.053020793944597244,
-0.022974830120801926
],
"r_thumb_ip": [
0.06029168516397476,
0.02813871204853058,
-0.020050309598445892
],
"r_thumb_tip": [
0.04439014568924904,
0.007519204169511795,
-0.01727224886417389
],
"r_index_mcp": [
0.027127796784043312,
0.004434490576386452,
0.005487058777362108
],
"r_index_pip": [
0.03081539459526539,
-0.020470649003982544,
-3.0336370400618762e-05
],
"r_index_dip": [
0.03464072197675705,
-0.026866737753152847,
-0.01060317549854517
],
"r_index_tip": [
0.030036143958568573,
-0.010500768199563026,
-0.029791392385959625
],
"r_middle_mcp": [
0.000435563619248569,
-0.003559563774615526,
0.007981006987392902
],
"r_middle_pip": [
0.010187561623752117,
-0.03921322152018547,
-0.002139145042747259
],
"r_middle_dip": [
0.01153278537094593,
-0.03886546194553375,
-0.02074670046567917
],
"r_middle_tip": [
0.014535624533891678,
-0.020593952387571335,
-0.03276456147432327
],
"r_ring_mcp": [
-0.016925949603319168,
-0.0061078183352947235,
-0.0031691836193203926
],
"r_ring_pip": [
-0.009554334916174412,
-0.03427532687783241,
-0.009595287032425404
],
"r_ring_dip": [
-0.0026923278346657753,
-0.03302229940891266,
-0.028872359544038773
],
"r_ring_tip": [
-0.0010285559110343456,
-0.012510625645518303,
-0.04458069056272507
],
"r_pinky_mcp": [
-0.03732690587639809,
0.002009909600019455,
-0.01527496986091137
],
"r_pinky_pip": [
-0.031783439218997955,
-0.02578371949493885,
-0.015418685041368008
],
"r_pinky_dip": [
-0.021006762981414795,
-0.030715687200427055,
-0.027293484658002853
],
"r_pinky_tip": [
-0.018474940210580826,
-0.016316356137394905,
-0.0381845124065876
]
}
],
"framerate": 30,
"mirrorable": true
}