{
"label": "e",
"gestures": [
{
"l_hand_position": null,
"l_wrist": null,
"l_thumb_cmc": null,
"l_thumb_mcp": null,
"l_thumb_ip": null,
"l_thumb_tip": null,
"l_index_mcp": null,
"l_index_pip": null,
"l_index_dip": null,
"l_index_tip": null,
"l_middle_mcp": null,
"l_middle_pip": null,
"l_middle_dip": null,
"l_middle_tip": null,
"l_ring_mcp": null,
"l_ring_pip": null,
"l_ring_dip": null,
"l_ring_tip": null,
"l_pinky_mcp": null,
"l_pinky_pip": null,
"l_pinky_dip": null,
"l_pinky_tip": null,
"r_hand_position": null,
"r_wrist": [
-0.024940315634012222,
0.08514109253883362,
-0.020981324836611748
],
"r_thumb_cmc": [
0.013065434992313385,
0.06925639510154724,
-0.025690993294119835
],
"r_thumb_mcp": [
0.045631419867277145,
0.052383046597242355,
-0.020291686058044434
],
"r_thumb_ip": [
0.06365605443716049,
0.027750110253691673,
-0.019220154732465744
],
"r_thumb_tip": [
0.04637235030531883,
0.005484642460942268,
-0.016952412202954292
],
"r_index_mcp": [
0.026268141344189644,
0.0011279657483100891,
0.005618646740913391
],
"r_index_pip": [
0.029146304354071617,
-0.021789943799376488,
-0.0011157904518768191
],
"r_index_dip": [
0.03422032296657562,
-0.02687363512814045,
-0.011676316149532795
],
"r_index_tip": [
0.028552206233143806,
-0.011516821570694447,
-0.02985966205596924
],
"r_middle_mcp": [
-8.66129994392395e-06,
-0.0032532792538404465,
0.007935496978461742
],
"r_middle_pip": [
0.00621010921895504,
-0.039347484707832336,
-0.003831673413515091
],
"r_middle_dip": [
0.009250064380466938,
-0.03839557245373726,
-0.024173114448785782
],
"r_middle_tip": [
0.012218964286148548,
-0.022991083562374115,
-0.03701130300760269
],
"r_ring_mcp": [
-0.01544040348380804,
-0.004869042430073023,
-0.0033306528348475695
],
"r_ring_pip": [
-0.01103059109300375,
-0.03143129125237465,
-0.010902323760092258
],
"r_ring_dip": [
-0.0034920554608106613,
-0.03133857250213623,
-0.03157173469662666
],
"r_ring_tip": [
-0.003434856655076146,
-0.010551631450653076,
-0.045455239713191986
],
"r_pinky_mcp": [
-0.03580177575349808,
0.0065222131088376045,
-0.014419169165194035
],
"r_pinky_pip": [
-0.032567039132118225,
-0.020679814741015434,
-0.01438466552644968
],
"r_pinky_dip": [
-0.022583289071917534,
-0.02838379144668579,
-0.028288913890719414
],
"r_pinky_tip": [
-0.021307826042175293,
-0.014185167849063873,
-0.03842609003186226
]
}
],
"framerate": 30,
"mirrorable": true
}