{
    "label": "x",
    "label_id": 24,
    "gestures": [
        {
            "wrist": [
                -0.017585301771759987,
                0.07698062062263489,
                0.02088123932480812
            ],
            "thumb_cmc": [
                0.014005403965711594,
                0.06430909782648087,
                0.0058100721798837185
            ],
            "thumb_mcp": [
                0.03390660881996155,
                0.0397847555577755,
                -0.008937597274780273
            ],
            "thumb_ip": [
                0.03146348521113396,
                0.011976333335042,
                -0.02378268726170063
            ],
            "thumb_tip": [
                0.00815192423760891,
                -0.005583529826253653,
                -0.029736433178186417
            ],
            "index_mcp": [
                0.024710722267627716,
                -0.0019169123843312263,
                0.00027778209187090397
            ],
            "index_pip": [
                0.03319013863801956,
                -0.021351706236600876,
                -0.006382507272064686
            ],
            "index_dip": [
                0.042060546576976776,
                -0.03696487843990326,
                -0.018790127709507942
            ],
            "index_tip": [
                0.0391751229763031,
                -0.039721813052892685,
                -0.046175405383110046
            ],
            "middle_mcp": [
                0.0010850625112652779,
                -0.00404689135029912,
                0.0067080906592309475
            ],
            "middle_pip": [
                0.007452988065779209,
                -0.032125383615493774,
                -0.013456141576170921
            ],
            "middle_dip": [
                0.008214139379560947,
                -0.0397849902510643,
                -0.031619954854249954
            ],
            "middle_tip": [
                0.009885160252451897,
                -0.04256223887205124,
                -0.047737039625644684
            ],
            "ring_mcp": [
                -0.016727842390537262,
                -0.0012552188709378242,
                0.0005583658930845559
            ],
            "ring_pip": [
                -0.017687957733869553,
                -0.01709974743425846,
                -0.024264125153422356
            ],
            "ring_dip": [
                -0.0086266053840518,
                -0.002176751149818301,
                -0.03453051671385765
            ],
            "ring_tip": [
                -0.002500778529793024,
                0.018532782793045044,
                -0.029865849763154984
            ],
            "pinky_mcp": [
                -0.038799479603767395,
                0.01155236829072237,
                -0.003782145446166396
            ],
            "pinky_pip": [
                -0.035873375833034515,
                0.00357198528945446,
                -0.020031103864312172
            ],
            "pinky_dip": [
                -0.027830403298139572,
                0.010997559875249863,
                -0.027659039944410324
            ],
            "pinky_tip": [
                -0.01670873537659645,
                0.026819849386811256,
                -0.022393515333533287
            ]
        }
    ]
}