{
"label": "t",
"gestures": [
{
"l_hand_position": null,
"l_wrist": null,
"l_thumb_cmc": null,
"l_thumb_mcp": null,
"l_thumb_ip": null,
"l_thumb_tip": null,
"l_index_mcp": null,
"l_index_pip": null,
"l_index_dip": null,
"l_index_tip": null,
"l_middle_mcp": null,
"l_middle_pip": null,
"l_middle_dip": null,
"l_middle_tip": null,
"l_ring_mcp": null,
"l_ring_pip": null,
"l_ring_dip": null,
"l_ring_tip": null,
"l_pinky_mcp": null,
"l_pinky_pip": null,
"l_pinky_dip": null,
"l_pinky_tip": null,
"r_hand_position": null,
"r_wrist": [
0.01627037115395069,
0.07761424779892015,
-0.06361568719148682
],
"r_thumb_cmc": [
0.03678629547357559,
0.058720499277115465,
-0.03392827510833784
],
"r_thumb_mcp": [
0.04855240508913994,
0.03227040916681316,
-0.01362330652773396
],
"r_thumb_ip": [
0.056251898407936096,
0.0021567977964878538,
0.016463618725538427
],
"r_thumb_tip": [
0.05766742676496506,
-0.025400208309293012,
0.04540093243122151
],
"r_index_mcp": [
0.018605832010507584,
0.0039047396276146703,
0.019347632303834135
],
"r_index_pip": [
0.03189346194267273,
-0.012281014584005047,
0.008632075972855202
],
"r_index_dip": [
0.04794170707464218,
-0.016725592315197196,
0.00314214895479384
],
"r_index_tip": [
0.06255599856376648,
-0.00952225551009188,
-0.019966749474406405
],
"r_middle_mcp": [
-0.002832059282809496,
-0.004137726034969112,
0.007765996735543088
],
"r_middle_pip": [
0.015637803822755814,
-0.03432771563530006,
0.0009093820117413958
],
"r_middle_dip": [
0.036314889788627625,
-0.04868997633457245,
-0.016644308343529927
],
"r_middle_tip": [
0.059274204075336456,
-0.06584297865629266,
-0.03863483294844659
],
"r_ring_mcp": [
-0.013631204143166542,
-0.0033499482087791382,
-0.013106054626405385
],
"r_ring_pip": [
-0.018490172922611237,
-0.04020614549517662,
-0.017702708020806524
],
"r_ring_dip": [
-0.018208235502243042,
-0.06499116867780759,
-0.021207248792052432
],
"r_ring_tip": [
-0.012777678668498993,
-0.08874995261430864,
-0.030001331120729797
],
"r_pinky_mcp": [
-0.02073698490858078,
0.001756563782691954,
-0.0330213829874997
],
"r_pinky_pip": [
-0.030669307336211205,
-0.0240182913839819,
-0.029816934838891324
],
"r_pinky_dip": [
-0.03579013794660568,
-0.05212243646383343,
-0.028422035276890117
],
"r_pinky_tip": [
-0.03219565004110336,
-0.07578266412019827,
-0.033265817910433274
]
}
],
"framerate": 30,
"mirrorable": true
}