{
"label": "t",
"gestures": [
{
"l_hand_position": null,
"l_wrist": [
0.004122106358408928,
0.09804253280162811,
-0.011930868960916996
],
"l_thumb_cmc": [
-0.020849542692303658,
0.07251947373151779,
-0.0008046856964938343
],
"l_thumb_mcp": [
-0.03231954202055931,
0.04264099895954132,
0.006095523480325937
],
"l_thumb_ip": [
-0.03936184197664261,
0.010676662437617779,
0.00900945346802473
],
"l_thumb_tip": [
-0.043873269110918045,
-0.016158446669578552,
0.016523778438568115
],
"l_index_mcp": [
-0.020180726423859596,
0.0037761637941002846,
0.019355030730366707
],
"l_index_pip": [
-0.035955775529146194,
-0.019169772043824196,
0.004738497547805309
],
"l_index_dip": [
-0.055353667587041855,
-0.02589709684252739,
-0.005408082157373428
],
"l_index_tip": [
-0.0780646950006485,
-0.021283699199557304,
-0.03279814124107361
],
"l_middle_mcp": [
-0.0021115695126354694,
-0.004050483461469412,
0.007612546440213919
],
"l_middle_pip": [
-0.010739083401858807,
-0.03921862319111824,
-0.000654190662316978
],
"l_middle_dip": [
-0.030428409576416016,
-0.05997118726372719,
-0.016805773600935936
],
"l_middle_tip": [
-0.045633427798748016,
-0.07914377748966217,
-0.033404260873794556
],
"l_ring_mcp": [
0.015164792537689209,
-0.0032745334319770336,
-0.012566112913191319
],
"l_ring_pip": [
0.015890486538410187,
-0.035399746149778366,
-0.01160737406462431
],
"l_ring_dip": [
0.004710979759693146,
-0.06341361999511719,
-0.018030943349003792
],
"l_ring_tip": [
-0.0010917484760284424,
-0.08630931377410889,
-0.026760198175907135
],
"l_pinky_mcp": [
0.01815725490450859,
0.008831221610307693,
-0.03118509240448475
],
"l_pinky_pip": [
0.02621854841709137,
-0.016198083758354187,
-0.02845381572842598
],
"l_pinky_dip": [
0.029376111924648285,
-0.04034890606999397,
-0.02968306466937065
],
"l_pinky_tip": [
0.027232639491558075,
-0.061909932643175125,
-0.0357382670044899
],
"r_hand_position": [
0.12428498268127441,
0.21451234817504883,
-0.5000003608469399
],
"r_wrist": null,
"r_thumb_cmc": null,
"r_thumb_mcp": null,
"r_thumb_ip": null,
"r_thumb_tip": null,
"r_index_mcp": null,
"r_index_pip": null,
"r_index_dip": null,
"r_index_tip": null,
"r_middle_mcp": null,
"r_middle_pip": null,
"r_middle_dip": null,
"r_middle_tip": null,
"r_ring_mcp": null,
"r_ring_pip": null,
"r_ring_dip": null,
"r_ring_tip": null,
"r_pinky_mcp": null,
"r_pinky_pip": null,
"r_pinky_dip": null,
"r_pinky_tip": null,
"l_hand_velocity": null,
"r_hand_velocity": null,
"m_nose_point": null,
"m_top_nose": null,
"m_eyebrows": null,
"m_forehead": null,
"m_top_chin": null,
"m_bot_up_lip": null,
"m_top_low_lip": null,
"m_bot_nose": null,
"m_chin": null,
"m_nose": null,
"l_eye_exterior": null,
"l_temple": null,
"l_mid_chin": null,
"l_up_lip": null,
"l_ext_nostril": null,
"l_mid_cheek": null,
"l_mid_eyebrow": null,
"l_ext_eyebrow": null,
"l_ext_lips": null,
"l_jaw_angle": null,
"l_mid_ext_face": null,
"l_int_eyebrow": null,
"l_mid_jaw": null,
"l_mid_bot_eyelid": null,
"l_ext_mouth": null,
"l_top_eyelid": null,
"l_eye_int": null,
"l_pupil": null,
"r_eye_exterior": null,
"r_temple": null,
"r_mid_chin": null,
"r_up_lip": null,
"r_ext_nostril": null,
"r_mid_cheek": null,
"r_mid_eyebrow": null,
"r_ext_eyebrow": null,
"r_ext_lips": null,
"r_jaw_angle": null,
"r_mid_ext_face": null,
"r_int_eyebrow": null,
"r_mid_jaw": null,
"r_mid_bot_eyelid": null,
"r_ext_mouth": null,
"r_top_eyelid": null,
"r_eye_int": null,
"r_pupil": null,
"l_shoudler": null,
"l_elbow": null,
"l_hip": null,
"l_knee": null,
"l_ankle": null,
"r_shoudler": null,
"r_elbow": null,
"r_hip": null,
"r_knee": null,
"r_ankle": null
}
],
"framerate": 30,
"mirrorable": true,
"invalid": false
}