{
"label": "t",
"gestures": [
{
"l_hand_position": null,
"l_wrist": null,
"l_thumb_cmc": null,
"l_thumb_mcp": null,
"l_thumb_ip": null,
"l_thumb_tip": null,
"l_index_mcp": null,
"l_index_pip": null,
"l_index_dip": null,
"l_index_tip": null,
"l_middle_mcp": null,
"l_middle_pip": null,
"l_middle_dip": null,
"l_middle_tip": null,
"l_ring_mcp": null,
"l_ring_pip": null,
"l_ring_dip": null,
"l_ring_tip": null,
"l_pinky_mcp": null,
"l_pinky_pip": null,
"l_pinky_dip": null,
"l_pinky_tip": null,
"r_hand_position": [
-0.24445945024490356,
0.2341049313545227,
-0.49999946441221255
],
"r_wrist": [
0.017212415114045143,
0.08712679892778397,
-0.018525104969739914
],
"r_thumb_cmc": [
0.03610525652766228,
0.059362560510635376,
-0.005768881179392338
],
"r_thumb_mcp": [
0.04765167087316513,
0.02850515954196453,
-0.003367065452039242
],
"r_thumb_ip": [
0.05548526719212532,
-0.004373842850327492,
0.0007470491109415889
],
"r_thumb_tip": [
0.06094973906874657,
-0.03159824386239052,
0.008621346205472946
],
"r_index_mcp": [
0.01641031727194786,
-0.00403699092566967,
0.015384946018457413
],
"r_index_pip": [
0.023848261684179306,
-0.02414410561323166,
0.00047750715748406947
],
"r_index_dip": [
0.03915192931890488,
-0.026364777237176895,
-0.009712066501379013
],
"r_index_tip": [
0.054184168577194214,
-0.019016724079847336,
-0.03307010978460312
],
"r_middle_mcp": [
-0.0027170644607394934,
-0.00481302198022604,
0.00745962793007493
],
"r_middle_pip": [
0.00944477878510952,
-0.043709006160497665,
-0.0025802773889154196
],
"r_middle_dip": [
0.02569263055920601,
-0.06370651721954346,
-0.014992224052548409
],
"r_middle_tip": [
0.044897694140672684,
-0.0860646665096283,
-0.03172456473112106
],
"r_ring_mcp": [
-0.012286062352359295,
0.0020393412560224533,
-0.010828706435859203
],
"r_ring_pip": [
-0.015366137027740479,
-0.037313319742679596,
-0.01320436131209135
],
"r_ring_dip": [
-0.014718842692673206,
-0.06513240188360214,
-0.01962551847100258
],
"r_ring_tip": [
-0.006492378190159798,
-0.08904765546321869,
-0.028128141537308693
],
"r_pinky_mcp": [
-0.01740283891558647,
0.01540460530668497,
-0.02519361488521099
],
"r_pinky_pip": [
-0.0265961941331625,
-0.01055525429546833,
-0.026899568736553192
],
"r_pinky_dip": [
-0.030841395258903503,
-0.034908805042505264,
-0.028805315494537354
],
"r_pinky_tip": [
-0.030598817393183708,
-0.05583822354674339,
-0.03401472792029381
]
}
],
"framerate": 30,
"mirrorable": true
}