{
"label": "t",
"gestures": [
{
"l_hand_position": null,
"l_wrist": [
0.007779274135828018,
0.08514609187841415,
-0.012541049160063267
],
"l_thumb_cmc": [
-0.01946142502129078,
0.06571699678897858,
-0.008143845945596695
],
"l_thumb_mcp": [
-0.03075699880719185,
0.03924132138490677,
-0.009538006968796253
],
"l_thumb_ip": [
-0.044250406324863434,
0.011325259692966938,
-0.00990156177431345
],
"l_thumb_tip": [
-0.05600025877356529,
-0.017489224672317505,
-0.004555551800876856
],
"l_index_mcp": [
-0.0246979258954525,
0.004076147917658091,
0.01099431049078703
],
"l_index_pip": [
-0.03984512388706207,
-0.014713704586029053,
-0.005956013686954975
],
"l_index_dip": [
-0.055409565567970276,
-0.02230970375239849,
-0.019409051164984703
],
"l_index_tip": [
-0.07294012606143951,
-0.01723424345254898,
-0.05418585613369942
],
"l_middle_mcp": [
-0.004195267800241709,
-0.0036924954038113356,
0.007575016934424639
],
"l_middle_pip": [
-0.01294813584536314,
-0.03873075917363167,
-0.003608950413763523
],
"l_middle_dip": [
-0.030683409422636032,
-0.061706021428108215,
-0.021666720509529114
],
"l_middle_tip": [
-0.04718202352523804,
-0.07921994477510452,
-0.044692911207675934
],
"l_ring_mcp": [
0.017242513597011566,
-0.0041285124607384205,
-0.006915509235113859
],
"l_ring_pip": [
0.017679991200566292,
-0.03554544970393181,
-0.009987642988562584
],
"l_ring_dip": [
0.009556327015161514,
-0.06380258500576019,
-0.019576670601963997
],
"l_ring_tip": [
0.001376880332827568,
-0.08838454633951187,
-0.034851063042879105
],
"l_pinky_mcp": [
0.026060042902827263,
0.008575499057769775,
-0.021132731810212135
],
"l_pinky_pip": [
0.039131976664066315,
-0.017666812986135483,
-0.020545708015561104
],
"l_pinky_dip": [
0.04436628520488739,
-0.04182697832584381,
-0.02494017221033573
],
"l_pinky_tip": [
0.04347977414727211,
-0.06362997740507126,
-0.031202422454953194
],
"r_hand_position": [
0.21835601329803467,
0.42643308639526367,
-0.5000007139492482
],
"r_wrist": null,
"r_thumb_cmc": null,
"r_thumb_mcp": null,
"r_thumb_ip": null,
"r_thumb_tip": null,
"r_index_mcp": null,
"r_index_pip": null,
"r_index_dip": null,
"r_index_tip": null,
"r_middle_mcp": null,
"r_middle_pip": null,
"r_middle_dip": null,
"r_middle_tip": null,
"r_ring_mcp": null,
"r_ring_pip": null,
"r_ring_dip": null,
"r_ring_tip": null,
"r_pinky_mcp": null,
"r_pinky_pip": null,
"r_pinky_dip": null,
"r_pinky_tip": null,
"l_hand_velocity": null,
"r_hand_velocity": null,
"m_nose_point": null,
"m_top_nose": null,
"m_eyebrows": null,
"m_forehead": null,
"m_top_chin": null,
"m_bot_up_lip": null,
"m_top_low_lip": null,
"m_bot_nose": null,
"m_chin": null,
"m_nose": null,
"l_eye_exterior": null,
"l_temple": null,
"l_mid_chin": null,
"l_up_lip": null,
"l_ext_nostril": null,
"l_mid_cheek": null,
"l_mid_eyebrow": null,
"l_ext_eyebrow": null,
"l_ext_lips": null,
"l_jaw_angle": null,
"l_mid_ext_face": null,
"l_int_eyebrow": null,
"l_mid_jaw": null,
"l_mid_bot_eyelid": null,
"l_ext_mouth": null,
"l_top_eyelid": null,
"l_eye_int": null,
"l_pupil": null,
"r_eye_exterior": null,
"r_temple": null,
"r_mid_chin": null,
"r_up_lip": null,
"r_ext_nostril": null,
"r_mid_cheek": null,
"r_mid_eyebrow": null,
"r_ext_eyebrow": null,
"r_ext_lips": null,
"r_jaw_angle": null,
"r_mid_ext_face": null,
"r_int_eyebrow": null,
"r_mid_jaw": null,
"r_mid_bot_eyelid": null,
"r_ext_mouth": null,
"r_top_eyelid": null,
"r_eye_int": null,
"r_pupil": null,
"l_shoudler": null,
"l_elbow": null,
"l_hip": null,
"l_knee": null,
"l_ankle": null,
"r_shoudler": null,
"r_elbow": null,
"r_hip": null,
"r_knee": null,
"r_ankle": null
}
],
"framerate": 30,
"mirrorable": true,
"invalid": false
}