{
"label": "t",
"gestures": [
{
"l_hand_position": [
0.5445218682289124,
0.6445902585983276,
-2.490144765943114e-07
],
"l_wrist": [
-0.007268503308296204,
0.09064164012670517,
-0.0003272546164225787
],
"l_thumb_cmc": [
-0.02873421646654606,
0.06685078889131546,
0.014910535886883736
],
"l_thumb_mcp": [
-0.033702507615089417,
0.036999814212322235,
0.024187583476305008
],
"l_thumb_ip": [
-0.04037897288799286,
0.008578723296523094,
0.0408746562898159
],
"l_thumb_tip": [
-0.05313718318939209,
-0.015889350324869156,
0.06108952313661575
],
"l_index_mcp": [
-0.012752401642501354,
-0.00382166332565248,
0.022871578112244606
],
"l_index_pip": [
-0.020019803196191788,
-0.03030037134885788,
0.014702083542943
],
"l_index_dip": [
-0.03146645799279213,
-0.04809458926320076,
0.010453172959387302
],
"l_index_tip": [
-0.045208778232336044,
-0.06608355045318604,
-0.010263288393616676
],
"l_middle_mcp": [
-0.000490552862174809,
-0.0037537047173827887,
0.007661748677492142
],
"l_middle_pip": [
-0.012419279664754868,
-0.03901436924934387,
-0.0014442126266658306
],
"l_middle_dip": [
-0.034744635224342346,
-0.060045115649700165,
-0.01526222750544548
],
"l_middle_tip": [
-0.050906963646411896,
-0.07791067659854889,
-0.027600787580013275
],
"l_ring_mcp": [
0.00806356780230999,
-0.0008159463759511709,
-0.015017326921224594
],
"l_ring_pip": [
0.006619736552238464,
-0.03029903955757618,
-0.018983902409672737
],
"l_ring_dip": [
-0.002908831462264061,
-0.06017438322305679,
-0.03139186650514603
],
"l_ring_tip": [
-0.006661757826805115,
-0.08454634249210358,
-0.03830455616116524
],
"l_pinky_mcp": [
0.004571754019707441,
0.013898154720664024,
-0.031158488243818283
],
"l_pinky_pip": [
0.01545960083603859,
-0.0031304419972002506,
-0.034349825233221054
],
"l_pinky_dip": [
0.021194472908973694,
-0.029844429343938828,
-0.039633240550756454
],
"l_pinky_tip": [
0.024824971333146095,
-0.05193399265408516,
-0.03976169601082802
],
"r_hand_position": null,
"r_wrist": null,
"r_thumb_cmc": null,
"r_thumb_mcp": null,
"r_thumb_ip": null,
"r_thumb_tip": null,
"r_index_mcp": null,
"r_index_pip": null,
"r_index_dip": null,
"r_index_tip": null,
"r_middle_mcp": null,
"r_middle_pip": null,
"r_middle_dip": null,
"r_middle_tip": null,
"r_ring_mcp": null,
"r_ring_pip": null,
"r_ring_dip": null,
"r_ring_tip": null,
"r_pinky_mcp": null,
"r_pinky_pip": null,
"r_pinky_dip": null,
"r_pinky_tip": null
}
],
"framerate": 30,
"mirrorable": true
}