{
"label": "t",
"gestures": [
{
"l_hand_position": null,
"l_wrist": null,
"l_thumb_cmc": null,
"l_thumb_mcp": null,
"l_thumb_ip": null,
"l_thumb_tip": null,
"l_index_mcp": null,
"l_index_pip": null,
"l_index_dip": null,
"l_index_tip": null,
"l_middle_mcp": null,
"l_middle_pip": null,
"l_middle_dip": null,
"l_middle_tip": null,
"l_ring_mcp": null,
"l_ring_pip": null,
"l_ring_dip": null,
"l_ring_tip": null,
"l_pinky_mcp": null,
"l_pinky_pip": null,
"l_pinky_dip": null,
"l_pinky_tip": null,
"r_hand_position": [
-0.23794662952423096,
0.22335487604141235,
-0.499999429611762
],
"r_wrist": [
0.01864681951701641,
0.08601725101470947,
-0.017944926396012306
],
"r_thumb_cmc": [
0.0351128950715065,
0.05881236493587494,
9.106563084060326e-06
],
"r_thumb_mcp": [
0.043759964406490326,
0.027347935363650322,
0.007919465191662312
],
"r_thumb_ip": [
0.05277613550424576,
-0.002243691124022007,
0.015695668756961823
],
"r_thumb_tip": [
0.06092013418674469,
-0.028669185936450958,
0.029157590121030807
],
"r_index_mcp": [
0.012062761932611465,
-0.0044993991032242775,
0.020413996651768684
],
"r_index_pip": [
0.02395046129822731,
-0.024640478193759918,
0.010397378355264664
],
"r_index_dip": [
0.039550598710775375,
-0.03494977205991745,
0.006407495122402906
],
"r_index_tip": [
0.059016406536102295,
-0.034664321690797806,
-0.012232920154929161
],
"r_middle_mcp": [
-0.003817619290202856,
-0.004579625092446804,
0.006864331662654877
],
"r_middle_pip": [
0.006647301372140646,
-0.04105384647846222,
-0.000743062817491591
],
"r_middle_dip": [
0.019854744896292686,
-0.06270889192819595,
-0.014153232797980309
],
"r_middle_tip": [
0.037725239992141724,
-0.0870654433965683,
-0.02943362481892109
],
"r_ring_mcp": [
-0.008544890210032463,
0.0011257418664172292,
-0.013578268699347973
],
"r_ring_pip": [
-0.013010830618441105,
-0.03442051634192467,
-0.02155361883342266
],
"r_ring_dip": [
-0.014283583499491215,
-0.06082991883158684,
-0.029763340950012207
],
"r_ring_tip": [
-0.0128422100096941,
-0.08496512472629547,
-0.03881744295358658
],
"r_pinky_mcp": [
-0.008210450410842896,
0.014586998149752617,
-0.03145629167556763
],
"r_pinky_pip": [
-0.017012469470500946,
-0.009396407753229141,
-0.034111037850379944
],
"r_pinky_dip": [
-0.02076319232583046,
-0.03837376460433006,
-0.03781381994485855
],
"r_pinky_tip": [
-0.024092217907309532,
-0.0604516863822937,
-0.04265695810317993
]
}
],
"framerate": 30,
"mirrorable": true
}