{
    "label": "T",
    "label_id": 20,
    "gestures": [
        {
            "wrist": [
                -0.01131081860512495,
                0.08789266645908356,
                -0.0227605439722538
            ],
            "thumb_cmc": [
                -0.029200317338109016,
                0.06419342756271362,
                -0.011448431760072708
            ],
            "thumb_mcp": [
                -0.030461575835943222,
                0.039010852575302124,
                -0.0006400938727892935
            ],
            "thumb_ip": [
                -0.03383835405111313,
                0.004367475397884846,
                0.013987591490149498
            ],
            "thumb_tip": [
                -0.032480377703905106,
                -0.021887032315135002,
                0.03250780701637268
            ],
            "index_mcp": [
                -0.019134335219860077,
                0.006260288879275322,
                0.018831832334399223
            ],
            "index_pip": [
                -0.022514184936881065,
                -0.017965395003557205,
                0.003291171742603183
            ],
            "index_dip": [
                -0.03181919455528259,
                -0.02444489859044552,
                -0.0071292417123913765
            ],
            "index_tip": [
                -0.04710083454847336,
                -0.021388422697782516,
                -0.028136376291513443
            ],
            "middle_mcp": [
                -0.001873257104307413,
                -0.001616717898286879,
                0.008204356767237186
            ],
            "middle_pip": [
                -0.005928905680775642,
                -0.037229496985673904,
                0.0025402135215699673
            ],
            "middle_dip": [
                -0.022678926587104797,
                -0.05717450752854347,
                -0.013310005888342857
            ],
            "middle_tip": [
                -0.03766355291008949,
                -0.08017285913228989,
                -0.02788509987294674
            ],
            "ring_mcp": [
                0.012012988328933716,
                -0.005685320124030113,
                -0.011556311510503292
            ],
            "ring_pip": [
                0.013450270518660545,
                -0.03503597900271416,
                -0.010541499592363834
            ],
            "ring_dip": [
                0.005723694339394569,
                -0.06151777133345604,
                -0.019887028262019157
            ],
            "ring_tip": [
                0.0014503523707389832,
                -0.08382555097341537,
                -0.02741434797644615
            ],
            "pinky_mcp": [
                0.01417842973023653,
                0.0028053990099579096,
                -0.02999710664153099
            ],
            "pinky_pip": [
                0.02439781278371811,
                -0.01648869551718235,
                -0.026392862200737
            ],
            "pinky_dip": [
                0.03005964308977127,
                -0.0412067249417305,
                -0.025998402386903763
            ],
            "pinky_tip": [
                0.03372890129685402,
                -0.06454214453697205,
                -0.028516946360468864
            ]
        }
    ]
}