{
    "label": "t",
    "label_id": 20,
    "gestures": [
        {
            "wrist": [
                -0.0366666242480278,
                0.07675573974847794,
                -0.0204798374325037
            ],
            "thumb_cmc": [
                -0.048209525644779205,
                0.04796227067708969,
                -0.018545331433415413
            ],
            "thumb_mcp": [
                -0.04692841321229935,
                0.018656505271792412,
                -0.01943669095635414
            ],
            "thumb_ip": [
                -0.04646673798561096,
                -0.01503585185855627,
                -0.01571807451546192
            ],
            "thumb_tip": [
                -0.04588627070188522,
                -0.04177415743470192,
                -0.009303059428930283
            ],
            "index_mcp": [
                -0.024006281048059464,
                -0.005847962573170662,
                0.00813255738466978
            ],
            "index_pip": [
                -0.028617532923817635,
                -0.025728220120072365,
                -0.010918211191892624
            ],
            "index_dip": [
                -0.03672540560364723,
                -0.03302177041769028,
                -0.027993543073534966
            ],
            "index_tip": [
                -0.055825117975473404,
                -0.03401454538106918,
                -0.06054679676890373
            ],
            "middle_mcp": [
                -0.002905905246734619,
                -0.004118279553949833,
                0.008285414427518845
            ],
            "middle_pip": [
                0.008953999727964401,
                -0.038984209299087524,
                0.001527563203126192
            ],
            "middle_dip": [
                0.005333151668310165,
                -0.06959839165210724,
                -0.01499529555439949
            ],
            "middle_tip": [
                0.0011912733316421509,
                -0.09994093328714371,
                -0.036972787231206894
            ],
            "ring_mcp": [
                0.01744723878800869,
                0.0026450855657458305,
                -0.005634045694023371
            ],
            "ring_pip": [
                0.031634703278541565,
                -0.025509636849164963,
                -0.005222564097493887
            ],
            "ring_dip": [
                0.03906630352139473,
                -0.05399280786514282,
                -0.012586556375026703
            ],
            "ring_tip": [
                0.04434606432914734,
                -0.0765703096985817,
                -0.027812454849481583
            ],
            "pinky_mcp": [
                0.01938282698392868,
                0.014179118908941746,
                -0.018559491261839867
            ],
            "pinky_pip": [
                0.0453362800180912,
                0.0028932560235261917,
                -0.01628286950290203
            ],
            "pinky_dip": [
                0.06433895975351334,
                -0.014337696135044098,
                -0.018038256093859673
            ],
            "pinky_tip": [
                0.07852783799171448,
                -0.03200485557317734,
                -0.025281883776187897
            ]
        }
    ]
}