{
"label": "t",
"gestures": [
{
"l_hand_position": null,
"l_wrist": null,
"l_thumb_cmc": null,
"l_thumb_mcp": null,
"l_thumb_ip": null,
"l_thumb_tip": null,
"l_index_mcp": null,
"l_index_pip": null,
"l_index_dip": null,
"l_index_tip": null,
"l_middle_mcp": null,
"l_middle_pip": null,
"l_middle_dip": null,
"l_middle_tip": null,
"l_ring_mcp": null,
"l_ring_pip": null,
"l_ring_dip": null,
"l_ring_tip": null,
"l_pinky_mcp": null,
"l_pinky_pip": null,
"l_pinky_dip": null,
"l_pinky_tip": null,
"r_hand_position": null,
"r_wrist": [
0.016401076689362526,
0.08071520924568241,
-0.04649222642183346
],
"r_thumb_cmc": [
0.03779249265789986,
0.05679199844598834,
-0.021547578275204
],
"r_thumb_mcp": [
0.044567517936229706,
0.031045727431774514,
-0.005671795923262884
],
"r_thumb_ip": [
0.051190923899412155,
0.00455654878169304,
0.015121162869036356
],
"r_thumb_tip": [
0.05087411031126976,
-0.019893394783139336,
0.03759004920721089
],
"r_index_mcp": [
0.016383402049541473,
0.00011435663327577847,
0.01978358067572137
],
"r_index_pip": [
0.025880025699734688,
-0.019716549664735933,
0.00945071876049049
],
"r_index_dip": [
0.03850019350647926,
-0.028885822743177757,
0.006021065637469388
],
"r_index_tip": [
0.05495374649763107,
-0.033105373382568686,
-0.012762166559696296
],
"r_middle_mcp": [
-0.0029025026597082615,
-0.004835729952901641,
0.006031528580933865
],
"r_middle_pip": [
0.01605558581650257,
-0.028185553848743793,
-0.0034305411390960663
],
"r_middle_dip": [
0.036848511546850204,
-0.03921366110444104,
-0.027073606848716993
],
"r_middle_tip": [
0.06083744019269943,
-0.05021265149116575,
-0.05047366395592738
],
"r_ring_mcp": [
-0.012284127995371819,
-0.001274899812415261,
-0.012744247913360747
],
"r_ring_pip": [
-0.014942274428904057,
-0.034427825361490604,
-0.022428905591368824
],
"r_ring_dip": [
-0.01608399860560894,
-0.05659949034452505,
-0.031261663883924894
],
"r_ring_tip": [
-0.010601704940199852,
-0.0802829414606104,
-0.04522700980305716
],
"r_pinky_mcp": [
-0.01615167409181595,
0.005813949741423179,
-0.031498622149229306
],
"r_pinky_pip": [
-0.02845970168709755,
-0.016198229044676018,
-0.029158478602767244
],
"r_pinky_dip": [
-0.0348435640335083,
-0.04678580909967466,
-0.028954576700926167
],
"r_pinky_tip": [
-0.0313059464097023,
-0.06962634623050765,
-0.03757068514823932
]
}
],
"framerate": 30,
"mirrorable": true
}