{
"label": "t",
"gestures": [
{
"l_hand_position": null,
"l_wrist": [
-0.006290998309850693,
0.0866767913103112,
-0.020147062838077656
],
"l_thumb_cmc": [
-0.02670799195766449,
0.06625168770551729,
-0.006752035580575637
],
"l_thumb_mcp": [
-0.035283591598272324,
0.03848939016461414,
0.00038784483331254726
],
"l_thumb_ip": [
-0.04744049906730652,
0.007873177528381445,
0.012635882012546179
],
"l_thumb_tip": [
-0.05720449984073639,
-0.016385614871978874,
0.027169823646545715
],
"l_index_mcp": [
-0.0193156935274601,
0.006005763076245909,
0.018142798915505638
],
"l_index_pip": [
-0.03196831792593002,
-0.015018958598375489,
0.003857084549963516
],
"l_index_dip": [
-0.047740064561367035,
-0.020635461434722197,
-0.004862720146775289
],
"l_index_tip": [
-0.06955333054065704,
-0.0182523056864741,
-0.03128706291317973
],
"l_middle_mcp": [
-0.002394788432866335,
-0.0022814581170678416,
0.008290871977806168
],
"l_middle_pip": [
-0.00835599284619093,
-0.03674168139696169,
0.0026653395034372993
],
"l_middle_dip": [
-0.024958305060863495,
-0.059193931519985865,
-0.012083423323929391
],
"l_middle_tip": [
-0.04284004122018814,
-0.08142847567796803,
-0.027163241058588108
],
"l_ring_mcp": [
0.012775775045156479,
-0.0058152535930276385,
-0.011795926839113333
],
"l_ring_pip": [
0.014467773959040642,
-0.034428540617228026,
-0.008632850833237298
],
"l_ring_dip": [
0.0038038529455661774,
-0.06187018007040081,
-0.016486721113324228
],
"l_ring_tip": [
-0.003266584128141403,
-0.08189028501510716,
-0.023640474304557072
],
"l_pinky_mcp": [
0.013835558667778969,
0.0020563062280416424,
-0.027972701936960533
],
"l_pinky_pip": [
0.02531774900853634,
-0.017126135528087776,
-0.025095129385590807
],
"l_pinky_dip": [
0.029025167226791382,
-0.042651027441025224,
-0.025298835709691193
],
"l_pinky_tip": [
0.029500870034098625,
-0.0651794821023948,
-0.02726969867944728
],
"r_hand_position": null,
"r_wrist": null,
"r_thumb_cmc": null,
"r_thumb_mcp": null,
"r_thumb_ip": null,
"r_thumb_tip": null,
"r_index_mcp": null,
"r_index_pip": null,
"r_index_dip": null,
"r_index_tip": null,
"r_middle_mcp": null,
"r_middle_pip": null,
"r_middle_dip": null,
"r_middle_tip": null,
"r_ring_mcp": null,
"r_ring_pip": null,
"r_ring_dip": null,
"r_ring_tip": null,
"r_pinky_mcp": null,
"r_pinky_pip": null,
"r_pinky_dip": null,
"r_pinky_tip": null
}
],
"framerate": 30,
"mirrorable": true
}