{
    "label": "T",
    "label_id": 20,
    "gestures": [
        {
            "wrist": [
                -0.009451940655708313,
                0.0860980823636055,
                -0.021967053413391113
            ],
            "thumb_cmc": [
                -0.02876732312142849,
                0.06558480858802795,
                -0.009260144084692001
            ],
            "thumb_mcp": [
                -0.038074105978012085,
                0.0378735177218914,
                -0.0004377953882794827
            ],
            "thumb_ip": [
                -0.05321847274899483,
                0.007921446114778519,
                0.014088712632656097
            ],
            "thumb_tip": [
                -0.06586788594722748,
                -0.015533913858234882,
                0.03206052631139755
            ],
            "index_mcp": [
                -0.019717499613761902,
                0.007324998266994953,
                0.01875874400138855
            ],
            "index_pip": [
                -0.03348112478852272,
                -0.013487768359482288,
                0.0023480053059756756
            ],
            "index_dip": [
                -0.05041968822479248,
                -0.01869836263358593,
                -0.007114034611731768
            ],
            "index_tip": [
                -0.07208120822906494,
                -0.01426011323928833,
                -0.0351453460752964
            ],
            "middle_mcp": [
                -0.002969398396089673,
                -0.0025070011615753174,
                0.008635064586997032
            ],
            "middle_pip": [
                -0.008905511349439621,
                -0.03632762283086777,
                0.003231951268389821
            ],
            "middle_dip": [
                -0.025333087891340256,
                -0.05946561321616173,
                -0.013819077983498573
            ],
            "middle_tip": [
                -0.04380068928003311,
                -0.08159177750349045,
                -0.02968897484242916
            ],
            "ring_mcp": [
                0.013803217560052872,
                -0.005782398395240307,
                -0.01147376000881195
            ],
            "ring_pip": [
                0.01570846140384674,
                -0.03615918383002281,
                -0.007035794202238321
            ],
            "ring_dip": [
                0.006094601936638355,
                -0.06393711268901825,
                -0.014497079886496067
            ],
            "ring_tip": [
                -0.003336619585752487,
                -0.08554001897573471,
                -0.023276492953300476
            ],
            "pinky_mcp": [
                0.015020362101495266,
                0.0010928453411906958,
                -0.028665293008089066
            ],
            "pinky_pip": [
                0.02700100466609001,
                -0.01837478019297123,
                -0.024610452353954315
            ],
            "pinky_dip": [
                0.031997229903936386,
                -0.04377913847565651,
                -0.02493945136666298
            ],
            "pinky_tip": [
                0.03158007934689522,
                -0.06815560907125473,
                -0.02855929546058178
            ]
        }
    ]
}