{
"label": "t",
"gestures": [
{
"l_hand_position": null,
"l_wrist": [
-0.009451940655708313,
0.08609808236360639,
-0.0219670534133915
],
"l_thumb_cmc": [
-0.02876732312142849,
0.06558480858802854,
-0.009260144084692223
],
"l_thumb_mcp": [
-0.038074105978012085,
0.03787351772189187,
-0.0004377953882794776
],
"l_thumb_ip": [
-0.05321847274899483,
0.007921446114778623,
0.014088712632656299
],
"l_thumb_tip": [
-0.06586788594722748,
-0.015533913858235007,
0.032060526311397934
],
"l_index_mcp": [
-0.019717499613761902,
0.007324998266995053,
0.018758744001388758
],
"l_index_pip": [
-0.03348112478852272,
-0.01348776835948248,
0.0023480053059756856
],
"l_index_dip": [
-0.05041968822479248,
-0.018698362633586124,
-0.0071140346117318535
],
"l_index_tip": [
-0.07208120822906494,
-0.01426011323928852,
-0.035145346075296825
],
"l_middle_mcp": [
-0.002969398396089673,
-0.0025070011615753425,
0.008635064586997119
],
"l_middle_pip": [
-0.008905511349439621,
-0.036327622830868024,
0.003231951268389854
],
"l_middle_dip": [
-0.025333087891340256,
-0.059465613216162436,
-0.013819077983498717
],
"l_middle_tip": [
-0.04380068928003311,
-0.08159177750349134,
-0.029688974842429293
],
"l_ring_mcp": [
0.013803217560052872,
-0.005782398395240396,
-0.011473760008812091
],
"l_ring_pip": [
0.01570846140384674,
-0.036159183830023256,
-0.007035794202238417
],
"l_ring_dip": [
0.006094601936638355,
-0.06393711268901903,
-0.014497079886496171
],
"l_ring_tip": [
-0.003336619585752487,
-0.08554001897573552,
-0.023276492953300653
],
"l_pinky_mcp": [
0.015020362101495266,
0.0010928453411907305,
-0.028665293008089364
],
"l_pinky_pip": [
0.02700100466609001,
-0.018374780192971486,
-0.024610452353954582
],
"l_pinky_dip": [
0.031997229903936386,
-0.04377913847565702,
-0.024939451366663187
],
"l_pinky_tip": [
0.03158007934689522,
-0.06815560907125537,
-0.028559295460582147
],
"r_hand_position": null,
"r_wrist": null,
"r_thumb_cmc": null,
"r_thumb_mcp": null,
"r_thumb_ip": null,
"r_thumb_tip": null,
"r_index_mcp": null,
"r_index_pip": null,
"r_index_dip": null,
"r_index_tip": null,
"r_middle_mcp": null,
"r_middle_pip": null,
"r_middle_dip": null,
"r_middle_tip": null,
"r_ring_mcp": null,
"r_ring_pip": null,
"r_ring_dip": null,
"r_ring_tip": null,
"r_pinky_mcp": null,
"r_pinky_pip": null,
"r_pinky_dip": null,
"r_pinky_tip": null
}
],
"framerate": 30,
"mirrorable": true
}