{
    "label": "t",
    "label_id": 20,
    "gestures": [
        {
            "wrist": [
                -0.007660599425435066,
                0.08567407727241516,
                -0.02695770189166069
            ],
            "thumb_cmc": [
                -0.027198534458875656,
                0.06427211314439774,
                -0.012861495837569237
            ],
            "thumb_mcp": [
                -0.0356631800532341,
                0.038403626531362534,
                -0.0030864898581057787
            ],
            "thumb_ip": [
                -0.046286605298519135,
                0.006300655193626881,
                0.012119196355342865
            ],
            "thumb_tip": [
                -0.05461392179131508,
                -0.017719052731990814,
                0.029708385467529297
            ],
            "index_mcp": [
                -0.01985349878668785,
                0.006833274848759174,
                0.018957333639264107
            ],
            "index_pip": [
                -0.03159830719232559,
                -0.01681460253894329,
                0.006153301801532507
            ],
            "index_dip": [
                -0.0490090474486351,
                -0.023704893887043,
                -0.002487264107912779
            ],
            "index_tip": [
                -0.07119293510913849,
                -0.020038586109876633,
                -0.028303584083914757
            ],
            "middle_mcp": [
                -0.0027352734468877316,
                -0.00219860696233809,
                0.008702023886144161
            ],
            "middle_pip": [
                -0.008363798260688782,
                -0.036326415836811066,
                0.004021759144961834
            ],
            "middle_dip": [
                -0.025298628956079483,
                -0.0568823479115963,
                -0.010804801248013973
            ],
            "middle_tip": [
                -0.04372384026646614,
                -0.07661746442317963,
                -0.025753604248166084
            ],
            "ring_mcp": [
                0.013111814856529236,
                -0.00585094653069973,
                -0.011843516491353512
            ],
            "ring_pip": [
                0.013186701573431492,
                -0.03533787280321121,
                -0.007263579871505499
            ],
            "ring_dip": [
                0.003225862979888916,
                -0.06231426075100899,
                -0.013928661122918129
            ],
            "ring_tip": [
                -0.004622407257556915,
                -0.08184440433979034,
                -0.022736497223377228
            ],
            "pinky_mcp": [
                0.014542149379849434,
                0.0010493937879800797,
                -0.029213806614279747
            ],
            "pinky_pip": [
                0.024705201387405396,
                -0.018551453948020935,
                -0.02464102767407894
            ],
            "pinky_dip": [
                0.028300177305936813,
                -0.0450388640165329,
                -0.022678017616271973
            ],
            "pinky_tip": [
                0.029225969687104225,
                -0.06709683686494827,
                -0.024963190779089928
            ]
        }
    ]
}