{
"label": "t",
"gestures": [
{
"l_hand_position": null,
"l_wrist": [
-0.007660599425435066,
0.08567407727241612,
-0.02695770189166129
],
"l_thumb_cmc": [
-0.027198534458875656,
0.06427211314439833,
-0.012861495837569441
],
"l_thumb_mcp": [
-0.0356631800532341,
0.038403626531363026,
-0.0030864898581058203
],
"l_thumb_ip": [
-0.046286605298519135,
0.006300655193626958,
0.012119196355342999
],
"l_thumb_tip": [
-0.05461392179131508,
-0.017719052731991085,
0.02970838546752964
],
"l_index_mcp": [
-0.01985349878668785,
0.006833274848759234,
0.018957333639264305
],
"l_index_pip": [
-0.03159830719232559,
-0.016814602538943468,
0.006153301801532596
],
"l_index_dip": [
-0.0490090474486351,
-0.02370489388704321,
-0.0024872641079128157
],
"l_index_tip": [
-0.07119293510913849,
-0.020038586109876876,
-0.028303584083915
],
"l_middle_mcp": [
-0.0027352734468877316,
-0.00219860696233811,
0.008702023886144257
],
"l_middle_pip": [
-0.008363798260688782,
-0.03632641583681146,
0.00402175914496182
],
"l_middle_dip": [
-0.025298628956079483,
-0.05688234791159689,
-0.010804801248014001
],
"l_middle_tip": [
-0.04372384026646614,
-0.0766174644231804,
-0.02575360424816629
],
"l_ring_mcp": [
0.013111814856529236,
-0.005850946530699808,
-0.011843516491353637
],
"l_ring_pip": [
0.013186701573431492,
-0.03533787280321164,
-0.00726357987150556
],
"l_ring_dip": [
0.003225862979888916,
-0.06231426075100964,
-0.013928661122918158
],
"l_ring_tip": [
-0.004622407257556915,
-0.08184440433979114,
-0.022736497223377356
],
"l_pinky_mcp": [
0.014542149379849434,
0.0010493937879800718,
-0.02921380661428008
],
"l_pinky_pip": [
0.024705201387405396,
-0.018551453948021185,
-0.02464102767407923
],
"l_pinky_dip": [
0.028300177305936813,
-0.04503886401653352,
-0.022678017616272257
],
"l_pinky_tip": [
0.029225969687104225,
-0.06709683686494904,
-0.02496319077909022
],
"r_hand_position": null,
"r_wrist": null,
"r_thumb_cmc": null,
"r_thumb_mcp": null,
"r_thumb_ip": null,
"r_thumb_tip": null,
"r_index_mcp": null,
"r_index_pip": null,
"r_index_dip": null,
"r_index_tip": null,
"r_middle_mcp": null,
"r_middle_pip": null,
"r_middle_dip": null,
"r_middle_tip": null,
"r_ring_mcp": null,
"r_ring_pip": null,
"r_ring_dip": null,
"r_ring_tip": null,
"r_pinky_mcp": null,
"r_pinky_pip": null,
"r_pinky_dip": null,
"r_pinky_tip": null
}
],
"framerate": 30,
"mirrorable": true
}