{
    "label": "T",
    "label_id": 20,
    "gestures": [
        {
            "wrist": [
                -0.008540112525224686,
                0.08563009649515152,
                -0.027958756312727928
            ],
            "thumb_cmc": [
                -0.027039024978876114,
                0.06473447382450104,
                -0.015035104006528854
            ],
            "thumb_mcp": [
                -0.03446032851934433,
                0.038773223757743835,
                -0.0059124319814145565
            ],
            "thumb_ip": [
                -0.04344501346349716,
                0.006788036786019802,
                0.00846417061984539
            ],
            "thumb_tip": [
                -0.05188441649079323,
                -0.0179828442633152,
                0.025432350113987923
            ],
            "index_mcp": [
                -0.01934150606393814,
                0.006390978582203388,
                0.0178426094353199
            ],
            "index_pip": [
                -0.029940947890281677,
                -0.016379011794924736,
                0.0046960050240159035
            ],
            "index_dip": [
                -0.044944532215595245,
                -0.02231152169406414,
                -0.0050150686874985695
            ],
            "index_tip": [
                -0.06491917371749878,
                -0.019417066127061844,
                -0.028981445357203484
            ],
            "middle_mcp": [
                -0.0028073852881789207,
                -0.0020046578720211983,
                0.008453327231109142
            ],
            "middle_pip": [
                -0.008042787201702595,
                -0.03646187484264374,
                0.003589421743527055
            ],
            "middle_dip": [
                -0.025403551757335663,
                -0.05520417541265488,
                -0.012544892728328705
            ],
            "middle_tip": [
                -0.04303459823131561,
                -0.07510589063167572,
                -0.027843980118632317
            ],
            "ring_mcp": [
                0.012963290326297283,
                -0.006292250007390976,
                -0.011184957809746265
            ],
            "ring_pip": [
                0.012094473466277122,
                -0.0354543998837471,
                -0.00729005690664053
            ],
            "ring_dip": [
                0.001557372510433197,
                -0.062248583883047104,
                -0.014819114468991756
            ],
            "ring_tip": [
                -0.006901510059833527,
                -0.08223746716976166,
                -0.023805981501936913
            ],
            "pinky_mcp": [
                0.01509297825396061,
                0.0007335790432989597,
                -0.0283067487180233
            ],
            "pinky_pip": [
                0.025562981143593788,
                -0.01846681535243988,
                -0.023991644382476807
            ],
            "pinky_dip": [
                0.028753940016031265,
                -0.044739894568920135,
                -0.022392449900507927
            ],
            "pinky_tip": [
                0.028864212334156036,
                -0.06607743352651596,
                -0.027011027559638023
            ]
        }
    ]
}