{
"label": "t",
"gestures": [
{
"l_hand_position": null,
"l_wrist": null,
"l_thumb_cmc": null,
"l_thumb_mcp": null,
"l_thumb_ip": null,
"l_thumb_tip": null,
"l_index_mcp": null,
"l_index_pip": null,
"l_index_dip": null,
"l_index_tip": null,
"l_middle_mcp": null,
"l_middle_pip": null,
"l_middle_dip": null,
"l_middle_tip": null,
"l_ring_mcp": null,
"l_ring_pip": null,
"l_ring_dip": null,
"l_ring_tip": null,
"l_pinky_mcp": null,
"l_pinky_pip": null,
"l_pinky_dip": null,
"l_pinky_tip": null,
"r_hand_position": null,
"r_wrist": [
0.011648593470454216,
0.0832795649766933,
-0.05917430296540332
],
"r_thumb_cmc": [
0.03397679328918457,
0.05971058830618924,
-0.03156283497810399
],
"r_thumb_mcp": [
0.042421963065862656,
0.03158806264400514,
-0.013650286011397977
],
"r_thumb_ip": [
0.0459376685321331,
0.00617220066487797,
0.014093689620494954
],
"r_thumb_tip": [
0.041775576770305634,
-0.016935676336288733,
0.03715660795569472
],
"r_index_mcp": [
0.01784762553870678,
0.0009019840508699497,
0.018571533262729863
],
"r_index_pip": [
0.030944662168622017,
-0.013107884675264485,
0.005446173716336552
],
"r_index_dip": [
0.04870636761188507,
-0.011002086102962567,
0.002157450886443288
],
"r_index_tip": [
0.06554505228996277,
0.002437539398670208,
-0.020210724323988155
],
"r_middle_mcp": [
-0.002885169815272093,
-0.003957320004701632,
0.00829089805483825
],
"r_middle_pip": [
0.018083715811371803,
-0.030436633154750262,
-0.0007695083622820567
],
"r_middle_dip": [
0.03612523153424263,
-0.04343210533261349,
-0.022209700196981676
],
"r_middle_tip": [
0.06320340186357498,
-0.05693167820572909,
-0.04685902595520054
],
"r_ring_mcp": [
-0.013135706074535847,
-0.0034698587842286006,
-0.012784159742295855
],
"r_ring_pip": [
-0.016190506517887115,
-0.04036701470613521,
-0.01567122526466858
],
"r_ring_dip": [
-0.01757812686264515,
-0.06519835442304683,
-0.023669766262173937
],
"r_ring_tip": [
-0.008772872388362885,
-0.08840162307024108,
-0.03989122062921573
],
"r_pinky_mcp": [
-0.017649665474891663,
0.0034095840528606974,
-0.03261500224471124
],
"r_pinky_pip": [
-0.032028645277023315,
-0.019584609195590238,
-0.027784220874309786
],
"r_pinky_dip": [
-0.03797106444835663,
-0.050937999039888944,
-0.023407202214002894
],
"r_pinky_tip": [
-0.03583601862192154,
-0.07261397689581005,
-0.031168898567557557
]
}
],
"framerate": 30,
"mirrorable": true
}