{
"label": "t",
"gestures": [
{
"l_hand_position": null,
"l_wrist": [
-0.011777062900364399,
0.08792357146740068,
-0.02100995928049133
],
"l_thumb_cmc": [
-0.028883127495646477,
0.06597885489463884,
-0.009293642826378542
],
"l_thumb_mcp": [
-0.03515756130218506,
0.040984235703945666,
0.001519925426691732
],
"l_thumb_ip": [
-0.04199111461639404,
0.008112204261124249,
0.019247710704803685
],
"l_thumb_tip": [
-0.04707828909158707,
-0.017880758270621428,
0.03840252384543459
],
"l_index_mcp": [
-0.0181235671043396,
0.005740050226450052,
0.019826320931315578
],
"l_index_pip": [
-0.024004047736525536,
-0.017379079014063124,
0.005796047858893964
],
"l_index_dip": [
-0.03610372170805931,
-0.023115403950214594,
-0.0032871817238629085
],
"l_index_tip": [
-0.05427636578679085,
-0.02145020850002795,
-0.025685593485832547
],
"l_middle_mcp": [
-0.002114774426445365,
-0.0023511066101491607,
0.00857513956725604
],
"l_middle_pip": [
-0.008190181106328964,
-0.036207702010870445,
0.003401072695851445
],
"l_middle_dip": [
-0.026937365531921387,
-0.053526386618614724,
-0.01362281572073712
],
"l_middle_tip": [
-0.04417659342288971,
-0.0740035176277171,
-0.026962302625179648
],
"l_ring_mcp": [
0.011818449012935162,
-0.006181996315717774,
-0.012414096854627282
],
"l_ring_pip": [
0.010010717436671257,
-0.035201914608478935,
-0.009443287737667606
],
"l_ring_dip": [
-0.0012576226145029068,
-0.05999607220292155,
-0.018073717132210843
],
"l_ring_tip": [
-0.009515266865491867,
-0.07987194508314206,
-0.027399780228734287
],
"l_pinky_mcp": [
0.012811857275664806,
0.002431308152154059,
-0.03001394122839006
],
"l_pinky_pip": [
0.022635746747255325,
-0.017022669315338385,
-0.026185387745499937
],
"l_pinky_dip": [
0.02636377513408661,
-0.043042864650488406,
-0.024297500029206567
],
"l_pinky_tip": [
0.02720903605222702,
-0.06484740227460918,
-0.028306931257248244
],
"r_hand_position": null,
"r_wrist": null,
"r_thumb_cmc": null,
"r_thumb_mcp": null,
"r_thumb_ip": null,
"r_thumb_tip": null,
"r_index_mcp": null,
"r_index_pip": null,
"r_index_dip": null,
"r_index_tip": null,
"r_middle_mcp": null,
"r_middle_pip": null,
"r_middle_dip": null,
"r_middle_tip": null,
"r_ring_mcp": null,
"r_ring_pip": null,
"r_ring_dip": null,
"r_ring_tip": null,
"r_pinky_mcp": null,
"r_pinky_pip": null,
"r_pinky_dip": null,
"r_pinky_tip": null
}
],
"framerate": 30,
"mirrorable": true
}