{
"label": "t",
"gestures": [
{
"l_hand_position": null,
"l_wrist": [
-0.0076847076416015625,
0.08612521737814062,
-0.0244264733046298
],
"l_thumb_cmc": [
-0.02572805806994438,
0.06323189288377828,
-0.01415899116545935
],
"l_thumb_mcp": [
-0.028148721903562546,
0.03904690966010139,
-0.003925926052034007
],
"l_thumb_ip": [
-0.03127319738268852,
0.00427906215190892,
0.00822674017399556
],
"l_thumb_tip": [
-0.03150845319032669,
-0.02109790965914746,
0.02834529615938699
],
"l_index_mcp": [
-0.01895628310739994,
0.007853384129703139,
0.017910931259393907
],
"l_index_pip": [
-0.02683783322572708,
-0.016383500769734542,
0.003542762016877566
],
"l_index_dip": [
-0.04067740961909294,
-0.023358345031738562,
-0.005826918408274713
],
"l_index_tip": [
-0.05751129984855652,
-0.02060745283961312,
-0.027503831312060554
],
"l_middle_mcp": [
-0.0025121693033725023,
-0.0016010012477636604,
0.008169176988303776
],
"l_middle_pip": [
-0.008422289043664932,
-0.03700134530663535,
0.00321118999272588
],
"l_middle_dip": [
-0.02630661055445671,
-0.05523486435413421,
-0.013272289186716161
],
"l_middle_tip": [
-0.043153271079063416,
-0.07673193514347157,
-0.026927974075079183
],
"l_ring_mcp": [
0.012702985666692257,
-0.006333670578897087,
-0.011323141865432372
],
"l_ring_pip": [
0.012296621687710285,
-0.03604320809245152,
-0.009604907594621261
],
"l_ring_dip": [
0.0018757982179522514,
-0.0618454255163676,
-0.019543794915080202
],
"l_ring_tip": [
-0.00463462620973587,
-0.08166369050741303,
-0.029478209093213338
],
"l_pinky_mcp": [
0.015973933041095734,
0.0006794468499719926,
-0.028822658583522207
],
"l_pinky_pip": [
0.023617781698703766,
-0.02017586864531061,
-0.02439657412469407
],
"l_pinky_dip": [
0.027061548084020615,
-0.04517836123704954,
-0.023365890607238062
],
"l_pinky_tip": [
0.02871229127049446,
-0.0684247538447387,
-0.027770951390266647
],
"r_hand_position": null,
"r_wrist": null,
"r_thumb_cmc": null,
"r_thumb_mcp": null,
"r_thumb_ip": null,
"r_thumb_tip": null,
"r_index_mcp": null,
"r_index_pip": null,
"r_index_dip": null,
"r_index_tip": null,
"r_middle_mcp": null,
"r_middle_pip": null,
"r_middle_dip": null,
"r_middle_tip": null,
"r_ring_mcp": null,
"r_ring_pip": null,
"r_ring_dip": null,
"r_ring_tip": null,
"r_pinky_mcp": null,
"r_pinky_pip": null,
"r_pinky_dip": null,
"r_pinky_tip": null
}
],
"framerate": 30,
"mirrorable": true
}