{
    "label": "t",
    "label_id": 20,
    "gestures": [
        {
            "wrist": [
                -0.010330607183277607,
                0.08492675423622131,
                -0.02066001296043396
            ],
            "thumb_cmc": [
                -0.02739565260708332,
                0.0635908991098404,
                -0.010443395003676414
            ],
            "thumb_mcp": [
                -0.028291713446378708,
                0.03818265721201897,
                -0.0017917773220688105
            ],
            "thumb_ip": [
                -0.030040154233574867,
                0.005343443714082241,
                0.00954889040440321
            ],
            "thumb_tip": [
                -0.028999220579862595,
                -0.021183360368013382,
                0.02607983537018299
            ],
            "index_mcp": [
                -0.017899300903081894,
                0.006655562669038773,
                0.017535213381052017
            ],
            "index_pip": [
                -0.025659732520580292,
                -0.016437463462352753,
                0.0016920777270570397
            ],
            "index_dip": [
                -0.038651324808597565,
                -0.021220505237579346,
                -0.006124664098024368
            ],
            "index_tip": [
                -0.056896813213825226,
                -0.018723582848906517,
                -0.026568057015538216
            ],
            "middle_mcp": [
                -0.0019704883452504873,
                -0.001719683175906539,
                0.007766674272716045
            ],
            "middle_pip": [
                -0.009174979291856289,
                -0.035636283457279205,
                0.0029391900170594454
            ],
            "middle_dip": [
                -0.02791275829076767,
                -0.05383271723985672,
                -0.013393854722380638
            ],
            "middle_tip": [
                -0.044146712869405746,
                -0.07518856227397919,
                -0.02704460732638836
            ],
            "ring_mcp": [
                0.012078565545380116,
                -0.006518445443361998,
                -0.011197304353117943
            ],
            "ring_pip": [
                0.009914597496390343,
                -0.035943422466516495,
                -0.00881713442504406
            ],
            "ring_dip": [
                -0.0015445277094841003,
                -0.06140098720788956,
                -0.018552161753177643
            ],
            "ring_tip": [
                -0.008732352405786514,
                -0.08324737101793289,
                -0.026051269844174385
            ],
            "pinky_mcp": [
                0.014591837301850319,
                0.0006004893220961094,
                -0.028020864352583885
            ],
            "pinky_pip": [
                0.022484134882688522,
                -0.019744999706745148,
                -0.023736964911222458
            ],
            "pinky_dip": [
                0.02676120400428772,
                -0.044836245477199554,
                -0.0226699598133564
            ],
            "pinky_tip": [
                0.02729848399758339,
                -0.06698933988809586,
                -0.028117969632148743
            ]
        }
    ]
}