{
"label": "t",
"gestures": [
{
"l_hand_position": null,
"l_wrist": null,
"l_thumb_cmc": null,
"l_thumb_mcp": null,
"l_thumb_ip": null,
"l_thumb_tip": null,
"l_index_mcp": null,
"l_index_pip": null,
"l_index_dip": null,
"l_index_tip": null,
"l_middle_mcp": null,
"l_middle_pip": null,
"l_middle_dip": null,
"l_middle_tip": null,
"l_ring_mcp": null,
"l_ring_pip": null,
"l_ring_dip": null,
"l_ring_tip": null,
"l_pinky_mcp": null,
"l_pinky_pip": null,
"l_pinky_dip": null,
"l_pinky_tip": null,
"r_hand_position": null,
"r_wrist": [
-0.008072473108768463,
0.09086073189973913,
-0.04457163810730013
],
"r_thumb_cmc": [
0.020027166232466698,
0.06820189952850417,
-0.0397413633763795
],
"r_thumb_mcp": [
0.0352025143802166,
0.03716796636581465,
-0.04219351708889057
],
"r_thumb_ip": [
0.03992566466331482,
0.0006109159439801553,
-0.03968882188200973
],
"r_thumb_tip": [
0.04033087193965912,
-0.0248733758926395,
-0.03521823510527642
],
"r_index_mcp": [
0.023874498903751373,
0.0038780793547630657,
0.0051251202821732
],
"r_index_pip": [
0.04124739393591881,
-0.012718166224658626,
-0.008629321120679465
],
"r_index_dip": [
0.05628585070371628,
-0.014994440600276132,
-0.018579764291644287
],
"r_index_tip": [
0.06798943877220154,
-0.010480789467692552,
-0.04592925682663967
],
"r_middle_mcp": [
0.0012845189776271582,
-0.003396215382963466,
0.008575272746384267
],
"r_middle_pip": [
0.01929144188761711,
-0.037984892725944935,
-0.000834422127809394
],
"r_middle_dip": [
0.031472161412239075,
-0.05329799279570645,
-0.012759264558553767
],
"r_middle_tip": [
0.04913126677274704,
-0.07329709082841933,
-0.031329270452261124
],
"r_ring_mcp": [
-0.01753075048327446,
-0.0039679440669715986,
-0.0025888979434967405
],
"r_ring_pip": [
-0.014569872058928013,
-0.03897002711892176,
-0.008924255147576393
],
"r_ring_dip": [
-0.008440002799034119,
-0.06040337309241373,
-0.016597576439380948
],
"r_ring_tip": [
0.004374673590064049,
-0.0767528638243687,
-0.02943310514092474
],
"r_pinky_mcp": [
-0.0336468406021595,
0.0024821953848004506,
-0.017128510400653104
],
"r_pinky_pip": [
-0.04001738876104355,
-0.02098951674997835,
-0.014334656298160742
],
"r_pinky_dip": [
-0.04295865073800087,
-0.04461466521024742,
-0.013876973651349616
],
"r_pinky_tip": [
-0.039234086871147156,
-0.06321385502815319,
-0.021415792405605615
]
}
],
"framerate": 30,
"mirrorable": true
}