{
"label": "t",
"gestures": [
{
"l_hand_position": null,
"l_wrist": null,
"l_thumb_cmc": null,
"l_thumb_mcp": null,
"l_thumb_ip": null,
"l_thumb_tip": null,
"l_index_mcp": null,
"l_index_pip": null,
"l_index_dip": null,
"l_index_tip": null,
"l_middle_mcp": null,
"l_middle_pip": null,
"l_middle_dip": null,
"l_middle_tip": null,
"l_ring_mcp": null,
"l_ring_pip": null,
"l_ring_dip": null,
"l_ring_tip": null,
"l_pinky_mcp": null,
"l_pinky_pip": null,
"l_pinky_dip": null,
"l_pinky_tip": null,
"r_hand_position": null,
"r_wrist": [
-0.007000278681516647,
0.09081926941871746,
-0.04517608880996794
],
"r_thumb_cmc": [
0.02148927003145218,
0.06698440760374143,
-0.04030781984329293
],
"r_thumb_mcp": [
0.036703526973724365,
0.036083143204450926,
-0.04103234037756965
],
"r_thumb_ip": [
0.042229972779750824,
-8.450634777546222e-05,
-0.03802356496453321
],
"r_thumb_tip": [
0.0432770699262619,
-0.025093024596572158,
-0.03269474580884009
],
"r_index_mcp": [
0.023934200406074524,
0.0037589725106955017,
0.005793814547359999
],
"r_index_pip": [
0.04005374014377594,
-0.013968350365758143,
-0.00813237205147752
],
"r_index_dip": [
0.053933825343847275,
-0.01639393158257033,
-0.01894964650273347
],
"r_index_tip": [
0.06523106247186661,
-0.010869296267628833,
-0.045484062284231686
],
"r_middle_mcp": [
0.0012020943686366081,
-0.0033542471937835464,
0.008404687978327368
],
"r_middle_pip": [
0.018476272001862526,
-0.03758806362748192,
-0.0006905595655553518
],
"r_middle_dip": [
0.031014028936624527,
-0.053047668188810904,
-0.01336919702589521
],
"r_middle_tip": [
0.0496937558054924,
-0.07341077923774815,
-0.031751651316881645
],
"r_ring_mcp": [
-0.017231952399015427,
-0.0030402038246393546,
-0.002751178806647687
],
"r_ring_pip": [
-0.014793265610933304,
-0.03888211399316829,
-0.008640687912702616
],
"r_ring_dip": [
-0.0078694187104702,
-0.05982732027769151,
-0.015543775632977614
],
"r_ring_tip": [
0.004552643746137619,
-0.07758797705173569,
-0.028907407075166827
],
"r_pinky_mcp": [
-0.03303803130984306,
0.0032691247761250214,
-0.018296197056770512
],
"r_pinky_pip": [
-0.03986401483416557,
-0.02086006663739704,
-0.014529840089380894
],
"r_pinky_dip": [
-0.04253281280398369,
-0.04425556212663703,
-0.013365811668336487
],
"r_pinky_tip": [
-0.03869052976369858,
-0.06326249241829002,
-0.02121396176517037
]
}
],
"framerate": 30,
"mirrorable": true
}