{
"label": "t",
"gestures": [
{
"l_hand_position": null,
"l_wrist": null,
"l_thumb_cmc": null,
"l_thumb_mcp": null,
"l_thumb_ip": null,
"l_thumb_tip": null,
"l_index_mcp": null,
"l_index_pip": null,
"l_index_dip": null,
"l_index_tip": null,
"l_middle_mcp": null,
"l_middle_pip": null,
"l_middle_dip": null,
"l_middle_tip": null,
"l_ring_mcp": null,
"l_ring_pip": null,
"l_ring_dip": null,
"l_ring_tip": null,
"l_pinky_mcp": null,
"l_pinky_pip": null,
"l_pinky_dip": null,
"l_pinky_tip": null,
"r_hand_position": null,
"r_wrist": [
0.007319793105125427,
0.0921703353524218,
-0.040458030998707296
],
"r_thumb_cmc": [
0.031078962609171867,
0.06796467304229825,
-0.032460600137711036
],
"r_thumb_mcp": [
0.04418787360191345,
0.03519238904118594,
-0.0338707715272908
],
"r_thumb_ip": [
0.04928943142294884,
-0.00023025460541250506,
-0.026998374611139592
],
"r_thumb_tip": [
0.050704941153526306,
-0.030276626348495858,
-0.02260464429855373
],
"r_index_mcp": [
0.023001428693532944,
-0.000258386135101315,
0.008955647237598967
],
"r_index_pip": [
0.03695894777774811,
-0.015979381278157342,
-0.005664803553372652
],
"r_index_dip": [
0.05184819921851158,
-0.02369252219796204,
-0.014739680103957839
],
"r_index_tip": [
0.0629684329032898,
-0.027253856882453298,
-0.042247176170349524
],
"r_middle_mcp": [
-2.271845005452633e-06,
-0.004052485805004891,
0.009111183695495252
],
"r_middle_pip": [
0.010754408314824104,
-0.04147171229124116,
0.0030945986509323315
],
"r_middle_dip": [
0.020820749923586845,
-0.06308983266353685,
-0.008193938992917656
],
"r_middle_tip": [
0.03028269298374653,
-0.08946326375007733,
-0.024956194683909704
],
"r_ring_mcp": [
-0.01743808388710022,
-0.0022730389609933116,
-0.004852195270359554
],
"r_ring_pip": [
-0.020060857757925987,
-0.03910329192876868,
-0.00849377084523446
],
"r_ring_dip": [
-0.020231720060110092,
-0.06360627710819312,
-0.010964072309434459
],
"r_ring_tip": [
-0.01626759208738804,
-0.08571556210517964,
-0.01879565045237546
],
"r_pinky_mcp": [
-0.03054371103644371,
0.007143238559365384,
-0.020846012979746132
],
"r_pinky_pip": [
-0.04126840829849243,
-0.015428328886628335,
-0.01774786598980444
],
"r_pinky_dip": [
-0.05008769780397415,
-0.04002622514963208,
-0.015435527078807604
],
"r_pinky_tip": [
-0.052637793123722076,
-0.05832868441939413,
-0.017681688070297408
]
}
],
"framerate": 30,
"mirrorable": true
}