{
"label": "t",
"gestures": [
{
"l_hand_position": null,
"l_wrist": null,
"l_thumb_cmc": null,
"l_thumb_mcp": null,
"l_thumb_ip": null,
"l_thumb_tip": null,
"l_index_mcp": null,
"l_index_pip": null,
"l_index_dip": null,
"l_index_tip": null,
"l_middle_mcp": null,
"l_middle_pip": null,
"l_middle_dip": null,
"l_middle_tip": null,
"l_ring_mcp": null,
"l_ring_pip": null,
"l_ring_dip": null,
"l_ring_tip": null,
"l_pinky_mcp": null,
"l_pinky_pip": null,
"l_pinky_dip": null,
"l_pinky_tip": null,
"r_hand_position": null,
"r_wrist": [
-0.007019072771072388,
0.09355746954679584,
-0.05228896439075529
],
"r_thumb_cmc": [
0.022998446598649025,
0.06890631467104018,
-0.045181185007095774
],
"r_thumb_mcp": [
0.038659632205963135,
0.037316597998142596,
-0.04319386929273652
],
"r_thumb_ip": [
0.049314431846141815,
0.0015036687254905675,
-0.035421375185251625
],
"r_thumb_tip": [
0.05725952982902527,
-0.024765744805336328,
-0.025649445131421356
],
"r_index_mcp": [
0.024212241172790527,
0.003092989325523412,
0.0059319613501430295
],
"r_index_pip": [
0.038009047508239746,
-0.01529407966882006,
-0.007056610658764919
],
"r_index_dip": [
0.05142755061388016,
-0.019042696803808466,
-0.01695585623383537
],
"r_index_tip": [
0.06093068793416023,
-0.014828309416771027,
-0.04436820372939158
],
"r_middle_mcp": [
0.0010343228932470083,
-0.003417994827032137,
0.008977754041552667
],
"r_middle_pip": [
0.017499668523669243,
-0.03807472810149231,
0.0018653456354514376
],
"r_middle_dip": [
0.0306511539965868,
-0.05356508493423521,
-0.010930274613201696
],
"r_middle_tip": [
0.050565775483846664,
-0.07364891469478724,
-0.028602665290236928
],
"r_ring_mcp": [
-0.016981521621346474,
-0.0032628732733428843,
-0.003240630961954625
],
"r_ring_pip": [
-0.014567526057362556,
-0.03989405557513263,
-0.00648429943248626
],
"r_ring_dip": [
-0.008270448073744774,
-0.061553124338389234,
-0.011494460515678024
],
"r_ring_tip": [
0.004440370947122574,
-0.07907997071743081,
-0.024207716807723212
],
"r_pinky_mcp": [
-0.03269688040018082,
0.0032026870176196237,
-0.0201848000288012
],
"r_pinky_pip": [
-0.03916466608643532,
-0.0212964415550234,
-0.014290600083768498
],
"r_pinky_dip": [
-0.042649272829294205,
-0.04579732567071965,
-0.011403154581785334
],
"r_pinky_tip": [
-0.03845300152897835,
-0.0652660876512536,
-0.01839632727205767
]
}
],
"framerate": 30,
"mirrorable": true
}