{
    "label": "T",
    "label_id": 20,
    "gestures": [
        {
            "wrist": [
                -0.0050304122269153595,
                0.09295739233493805,
                -0.05388511344790459
            ],
            "thumb_cmc": [
                0.02316376194357872,
                0.06937745213508606,
                -0.044704243540763855
            ],
            "thumb_mcp": [
                0.04048382490873337,
                0.038895346224308014,
                -0.03835871070623398
            ],
            "thumb_ip": [
                0.053645674139261246,
                0.004889275878667831,
                -0.02424328774213791
            ],
            "thumb_tip": [
                0.06578865647315979,
                -0.020898718386888504,
                -0.010449985042214394
            ],
            "index_mcp": [
                0.022501876577734947,
                0.0029590418562293053,
                0.008888834156095982
            ],
            "index_pip": [
                0.03870005905628204,
                -0.012802180834114552,
                -0.003476356156170368
            ],
            "index_dip": [
                0.053938016295433044,
                -0.01937486045062542,
                -0.014901593327522278
            ],
            "index_tip": [
                0.065305694937706,
                -0.018646515905857086,
                -0.044184938073158264
            ],
            "middle_mcp": [
                0.000730839092284441,
                -0.003963728900998831,
                0.009458320215344429
            ],
            "middle_pip": [
                0.018342118710279465,
                -0.038198620080947876,
                0.001943121082149446
            ],
            "middle_dip": [
                0.0330328643321991,
                -0.054795555770397186,
                -0.013956025242805481
            ],
            "middle_tip": [
                0.05130700021982193,
                -0.0752527043223381,
                -0.03269454836845398
            ],
            "ring_mcp": [
                -0.016826339066028595,
                -0.00360551243647933,
                -0.00473006023094058
            ],
            "ring_pip": [
                -0.014795196242630482,
                -0.03989005088806152,
                -0.01008934248238802
            ],
            "ring_dip": [
                -0.007378030568361282,
                -0.060762401670217514,
                -0.014698592945933342
            ],
            "ring_tip": [
                0.004927091300487518,
                -0.07943881303071976,
                -0.028744567185640335
            ],
            "pinky_mcp": [
                -0.031378522515296936,
                0.0033584292978048325,
                -0.022967135533690453
            ],
            "pinky_pip": [
                -0.037168994545936584,
                -0.02041877619922161,
                -0.01910286955535412
            ],
            "pinky_dip": [
                -0.040993887931108475,
                -0.04573221877217293,
                -0.017640138044953346
            ],
            "pinky_tip": [
                -0.037342801690101624,
                -0.06554995477199554,
                -0.025072189047932625
            ]
        }
    ]
}