{
"label": "t",
"gestures": [
{
"l_hand_position": null,
"l_wrist": null,
"l_thumb_cmc": null,
"l_thumb_mcp": null,
"l_thumb_ip": null,
"l_thumb_tip": null,
"l_index_mcp": null,
"l_index_pip": null,
"l_index_dip": null,
"l_index_tip": null,
"l_middle_mcp": null,
"l_middle_pip": null,
"l_middle_dip": null,
"l_middle_tip": null,
"l_ring_mcp": null,
"l_ring_pip": null,
"l_ring_dip": null,
"l_ring_tip": null,
"l_pinky_mcp": null,
"l_pinky_pip": null,
"l_pinky_dip": null,
"l_pinky_tip": null,
"r_hand_position": null,
"r_wrist": [
-0.006910465657711029,
0.09413637965917689,
-0.05392464995384293
],
"r_thumb_cmc": [
0.022407272830605507,
0.06988309323787747,
-0.045907009392977344
],
"r_thumb_mcp": [
0.03899691253900528,
0.037791229784489073,
-0.04163036122918165
],
"r_thumb_ip": [
0.05038288235664368,
0.002748485654592523,
-0.033655766397714976
],
"r_thumb_tip": [
0.05923693627119064,
-0.022780584171414597,
-0.02240419760346433
],
"r_index_mcp": [
0.023195447400212288,
0.002719178795814544,
0.00748677225783473
],
"r_index_pip": [
0.03795268386602402,
-0.014165920205414463,
-0.006314376369118789
],
"r_index_dip": [
0.05120944231748581,
-0.016096906736493298,
-0.017311519011855306
],
"r_index_tip": [
0.06084815412759781,
-0.008990284055471474,
-0.04432208463549658
],
"r_middle_mcp": [
0.000550693366676569,
-0.003619099501520428,
0.009595531970262663
],
"r_middle_pip": [
0.018013639375567436,
-0.03753522783517868,
0.0003902953467332138
],
"r_middle_dip": [
0.031948309391736984,
-0.051591590046883136,
-0.014094904996454837
],
"r_middle_tip": [
0.052420586347579956,
-0.06969141960144115,
-0.033776551485062
],
"r_ring_mcp": [
-0.01645081117749214,
-0.003242705017328306,
-0.004157537128776351
],
"r_ring_pip": [
-0.012782051227986813,
-0.038808643817902076,
-0.008795405738055822
],
"r_ring_dip": [
-0.0053898002952337265,
-0.059595607221127014,
-0.015139974653720906
],
"r_ring_tip": [
0.007907215505838394,
-0.07772016525268648,
-0.030746016651392198
],
"r_pinky_mcp": [
-0.03096162900328636,
0.004292848519980952,
-0.022219201549887893
],
"r_pinky_pip": [
-0.03666742891073227,
-0.02034535631537462,
-0.01757204160094281
],
"r_pinky_dip": [
-0.039837390184402466,
-0.0450816676020627,
-0.01661384850740448
],
"r_pinky_tip": [
-0.036298684775829315,
-0.06383775174617823,
-0.02571029402315638
]
}
],
"framerate": 30,
"mirrorable": true
}