{
"label": "t",
"gestures": [
{
"l_hand_position": null,
"l_wrist": null,
"l_thumb_cmc": null,
"l_thumb_mcp": null,
"l_thumb_ip": null,
"l_thumb_tip": null,
"l_index_mcp": null,
"l_index_pip": null,
"l_index_dip": null,
"l_index_tip": null,
"l_middle_mcp": null,
"l_middle_pip": null,
"l_middle_dip": null,
"l_middle_tip": null,
"l_ring_mcp": null,
"l_ring_pip": null,
"l_ring_dip": null,
"l_ring_tip": null,
"l_pinky_mcp": null,
"l_pinky_pip": null,
"l_pinky_dip": null,
"l_pinky_tip": null,
"r_hand_position": null,
"r_wrist": [
-0.012328041717410088,
0.08843821287155237,
-0.009726472198963334
],
"r_thumb_cmc": [
0.021002300083637238,
0.0677908882498749,
-0.019119763746857952
],
"r_thumb_mcp": [
0.037284694612026215,
0.04165223985910483,
-0.02846312150359199
],
"r_thumb_ip": [
0.040288738906383514,
0.006604778580367618,
-0.03797400370240252
],
"r_thumb_tip": [
0.0360177643597126,
-0.022448945790529654,
-0.03686796501278935
],
"r_index_mcp": [
0.026444777846336365,
0.0003336733207106671,
0.0028213264886290113
],
"r_index_pip": [
0.04112161695957184,
-0.018125792965293066,
-0.014547360129654538
],
"r_index_dip": [
0.052778229117393494,
-0.0270722862333063,
-0.026437181979418106
],
"r_index_tip": [
0.06266462057828903,
-0.025568852201104445,
-0.05851267650723517
],
"r_middle_mcp": [
0.0020674944389611483,
-0.004428014624863906,
0.007506211753934722
],
"r_middle_pip": [
0.013588139787316322,
-0.04207890853285829,
-0.0019541564397514244
],
"r_middle_dip": [
0.019016288220882416,
-0.06284573674202026,
-0.02436243183910865
],
"r_middle_tip": [
0.028591100126504898,
-0.0818874686956415,
-0.04694611579179811
],
"r_ring_mcp": [
-0.01891665905714035,
-0.0025248071178794198,
-0.0007736419793218428
],
"r_ring_pip": [
-0.017481423914432526,
-0.03797092661261611,
-0.010264978744089688
],
"r_ring_dip": [
-0.012364095076918602,
-0.057161323726177805,
-0.025964109227061535
],
"r_ring_tip": [
-0.006818439811468124,
-0.07712458074092968,
-0.04591545090079366
],
"r_pinky_mcp": [
-0.0374620258808136,
0.008056893944740387,
-0.010534729808569109
],
"r_pinky_pip": [
-0.039664119482040405,
-0.014777380041778285,
-0.014004285447299666
],
"r_pinky_dip": [
-0.03982609510421753,
-0.03585158288478885,
-0.01981006935238855
],
"r_pinky_tip": [
-0.037317536771297455,
-0.05161695927381573,
-0.03220449388027227
]
}
],
"framerate": 30,
"mirrorable": true
}