{
"label": "t",
"gestures": [
{
"l_hand_position": null,
"l_wrist": null,
"l_thumb_cmc": null,
"l_thumb_mcp": null,
"l_thumb_ip": null,
"l_thumb_tip": null,
"l_index_mcp": null,
"l_index_pip": null,
"l_index_dip": null,
"l_index_tip": null,
"l_middle_mcp": null,
"l_middle_pip": null,
"l_middle_dip": null,
"l_middle_tip": null,
"l_ring_mcp": null,
"l_ring_pip": null,
"l_ring_dip": null,
"l_ring_tip": null,
"l_pinky_mcp": null,
"l_pinky_pip": null,
"l_pinky_dip": null,
"l_pinky_tip": null,
"r_hand_position": null,
"r_wrist": [
0.005772341042757034,
0.09293636679649471,
-0.04428995400667259
],
"r_thumb_cmc": [
0.031133927404880524,
0.06838684529066144,
-0.03575582057237651
],
"r_thumb_mcp": [
0.04538005217909813,
0.03574401140213049,
-0.03399362415075337
],
"r_thumb_ip": [
0.05326945334672928,
0.0014752466231584443,
-0.02537196129560502
],
"r_thumb_tip": [
0.06007867306470871,
-0.02873836643993905,
-0.016995783895254298
],
"r_index_mcp": [
0.02327733114361763,
0.00025526061654091564,
0.009749586693942639
],
"r_index_pip": [
0.036701928824186325,
-0.01587020978331585,
-0.0045602070167661025
],
"r_index_dip": [
0.051058679819107056,
-0.02440187335014375,
-0.01373159699141996
],
"r_index_tip": [
0.06368567049503326,
-0.026551863178611135,
-0.04247728362679523
],
"r_middle_mcp": [
-3.2411771826446056e-05,
-0.004330945666879457,
0.009298892691731573
],
"r_middle_pip": [
0.010411005467176437,
-0.04155811667442375,
0.0028769858181477187
],
"r_middle_dip": [
0.020794637501239777,
-0.06325323134660771,
-0.009663614444434717
],
"r_middle_tip": [
0.031981151551008224,
-0.08868303894996751,
-0.02675445936620254
],
"r_ring_mcp": [
-0.01738075539469719,
-0.0020516719669103956,
-0.004992337431758702
],
"r_ring_pip": [
-0.01980568654835224,
-0.04001850634813357,
-0.008186140097677763
],
"r_ring_dip": [
-0.018309786915779114,
-0.06419649720192018,
-0.01020823232829579
],
"r_ring_tip": [
-0.013588512316346169,
-0.08806879818439572,
-0.01913955993950384
],
"r_pinky_mcp": [
-0.03018028661608696,
0.007255748845636939,
-0.022805247455835606
],
"r_pinky_pip": [
-0.040884558111429214,
-0.016754655167460566,
-0.020011099055409605
],
"r_pinky_dip": [
-0.04846816509962082,
-0.04004167020320932,
-0.017812896519899545
],
"r_pinky_tip": [
-0.051207035779953,
-0.05810812860727372,
-0.02148818783462055
]
}
],
"framerate": 30,
"mirrorable": true
}