{
"label": "t",
"gestures": [
{
"l_hand_position": null,
"l_wrist": null,
"l_thumb_cmc": null,
"l_thumb_mcp": null,
"l_thumb_ip": null,
"l_thumb_tip": null,
"l_index_mcp": null,
"l_index_pip": null,
"l_index_dip": null,
"l_index_tip": null,
"l_middle_mcp": null,
"l_middle_pip": null,
"l_middle_dip": null,
"l_middle_tip": null,
"l_ring_mcp": null,
"l_ring_pip": null,
"l_ring_dip": null,
"l_ring_tip": null,
"l_pinky_mcp": null,
"l_pinky_pip": null,
"l_pinky_dip": null,
"l_pinky_tip": null,
"r_hand_position": null,
"r_wrist": [
-0.0019150115549564362,
0.0926482528448115,
-0.04396108537912413
],
"r_thumb_cmc": [
0.02552185021340847,
0.06779232621192997,
-0.04302076995372809
],
"r_thumb_mcp": [
0.03968772664666176,
0.035726685076952404,
-0.04585453122854287
],
"r_thumb_ip": [
0.045001763850450516,
-0.0016172621399164872,
-0.043482400476932956
],
"r_thumb_tip": [
0.04906657338142395,
-0.03004068508744279,
-0.0373532809317116
],
"r_index_mcp": [
0.025626402348279953,
0.0011315178126096784,
0.0022911040578037713
],
"r_index_pip": [
0.03865542262792587,
-0.017530258744955226,
-0.010830019600689512
],
"r_index_dip": [
0.05152903497219086,
-0.023658012971282307,
-0.02234083600342297
],
"r_index_tip": [
0.06035551428794861,
-0.02137490734457989,
-0.04979888722300579
],
"r_middle_mcp": [
0.0013320425059646368,
-0.0031158793717622974,
0.008273505605757299
],
"r_middle_pip": [
0.014688403345644474,
-0.04072526469826756,
0.00028945572557857204
],
"r_middle_dip": [
0.0258699469268322,
-0.058516420423985395,
-0.014809587039053586
],
"r_middle_tip": [
0.041686952114105225,
-0.0802985802292834,
-0.035220120102167504
],
"r_ring_mcp": [
-0.018182093277573586,
-0.002897446509450713,
-0.0003060654271394046
],
"r_ring_pip": [
-0.01637786440551281,
-0.03806884586811102,
-0.005552351009100745
],
"r_ring_dip": [
-0.010812925174832344,
-0.060196131467819915,
-0.013078678399324615
],
"r_ring_tip": [
-0.0016024038195610046,
-0.07902461290359591,
-0.027721842750907267
],
"r_pinky_mcp": [
-0.03419168293476105,
0.005749087780714086,
-0.013823262415826492
],
"r_pinky_pip": [
-0.040460214018821716,
-0.01640527881681941,
-0.01130149792879829
],
"r_pinky_dip": [
-0.04408210515975952,
-0.03968634828925174,
-0.011435730382800238
],
"r_pinky_tip": [
-0.04265536367893219,
-0.05709787458181445,
-0.01986486837267892
]
}
],
"framerate": 30,
"mirrorable": true
}