{
"label": "t",
"gestures": [
{
"l_hand_position": null,
"l_wrist": null,
"l_thumb_cmc": null,
"l_thumb_mcp": null,
"l_thumb_ip": null,
"l_thumb_tip": null,
"l_index_mcp": null,
"l_index_pip": null,
"l_index_dip": null,
"l_index_tip": null,
"l_middle_mcp": null,
"l_middle_pip": null,
"l_middle_dip": null,
"l_middle_tip": null,
"l_ring_mcp": null,
"l_ring_pip": null,
"l_ring_dip": null,
"l_ring_tip": null,
"l_pinky_mcp": null,
"l_pinky_pip": null,
"l_pinky_dip": null,
"l_pinky_tip": null,
"r_hand_position": null,
"r_wrist": [
-0.028447484597563744,
0.09066568315029239,
0.0034137705806641877
],
"r_thumb_cmc": [
0.006776131689548492,
0.07391244173050018,
-0.007076661568135277
],
"r_thumb_mcp": [
0.02643737569451332,
0.05106803029775673,
-0.02037689834833173
],
"r_thumb_ip": [
0.03286810219287872,
0.01822996139526383,
-0.03528998047113458
],
"r_thumb_tip": [
0.02525634691119194,
-0.00871213804930449,
-0.04290713369846386
],
"r_index_mcp": [
0.025789007544517517,
0.002647328190505537,
0.0032488910946995297
],
"r_index_pip": [
0.0383191853761673,
-0.01824238151311886,
-0.014412221498787495
],
"r_index_dip": [
0.04377566650509834,
-0.025631826370954843,
-0.03083689510822322
],
"r_index_tip": [
0.04452948644757271,
-0.01991237699985528,
-0.06227760389447279
],
"r_middle_mcp": [
0.0021239416673779488,
-0.004529756959527735,
0.007089655846357381
],
"r_middle_pip": [
0.015681203454732895,
-0.04046396166086239,
-0.006129013840109136
],
"r_middle_dip": [
0.020409656688570976,
-0.0626935064792642,
-0.02819843590259584
],
"r_middle_tip": [
0.0277017243206501,
-0.07931183278560694,
-0.05433781072497404
],
"r_ring_mcp": [
-0.017756924033164978,
-0.004870127420872516,
-0.0010599977103993336
],
"r_ring_pip": [
-0.009962868876755238,
-0.0362672135233883,
-0.012035754509270299
],
"r_ring_dip": [
-0.0029888078570365906,
-0.056840986013413364,
-0.028807165101170876
],
"r_ring_tip": [
0.0031815096735954285,
-0.07541923224926098,
-0.05041344463825285
],
"r_pinky_mcp": [
-0.03836118057370186,
0.006168749183416415,
-0.00976202823221697
],
"r_pinky_pip": [
-0.03402170166373253,
-0.016709957271814554,
-0.015438771806657479
],
"r_pinky_dip": [
-0.028416112065315247,
-0.036592409014702273,
-0.025399640202522514
],
"r_pinky_tip": [
-0.02372988685965538,
-0.05190773308277182,
-0.041198305785656454
]
}
],
"framerate": 30,
"mirrorable": true
}