{
    "label": "t",
    "label_id": 20,
    "gestures": [
        {
            "wrist": [
                0.021233201026916504,
                0.09018819034099579,
                0.017487524077296257
            ],
            "thumb_cmc": [
                -0.008889840915799141,
                0.0718546137213707,
                0.004692576359957457
            ],
            "thumb_mcp": [
                -0.02079961821436882,
                0.04695942625403404,
                -0.006190648302435875
            ],
            "thumb_ip": [
                -0.02909913845360279,
                0.019786274060606956,
                -0.02878597006201744
            ],
            "thumb_tip": [
                -0.03382118418812752,
                -0.0070913429372012615,
                -0.0405571386218071
            ],
            "index_mcp": [
                -0.02538752742111683,
                0.00587290758267045,
                0.007351123262196779
            ],
            "index_pip": [
                -0.04149063676595688,
                -0.006241093389689922,
                -0.013750542886555195
            ],
            "index_dip": [
                -0.05216319113969803,
                -0.006772050634026527,
                -0.030414646491408348
            ],
            "index_tip": [
                -0.06378362327814102,
                0.0033302241936326027,
                -0.05744539573788643
            ],
            "middle_mcp": [
                -0.005136419087648392,
                -0.004810582846403122,
                0.005861693527549505
            ],
            "middle_pip": [
                -0.013221481814980507,
                -0.04121880605816841,
                0.0008991848444566131
            ],
            "middle_dip": [
                -0.026913778856396675,
                -0.06555753201246262,
                -0.018130090087652206
            ],
            "middle_tip": [
                -0.036612436175346375,
                -0.09479393810033798,
                -0.039702292531728745
            ],
            "ring_mcp": [
                0.01736467517912388,
                -0.0055283671244978905,
                -0.00486184423789382
            ],
            "ring_pip": [
                0.02143116667866707,
                -0.03715864568948746,
                -0.0035225891042500734
            ],
            "ring_dip": [
                0.021478835493326187,
                -0.06868985295295715,
                -0.009577516466379166
            ],
            "ring_tip": [
                0.02236652374267578,
                -0.09948980063199997,
                -0.021590255200862885
            ],
            "pinky_mcp": [
                0.027199693024158478,
                0.009131558239459991,
                -0.014644427224993706
            ],
            "pinky_pip": [
                0.040334366261959076,
                -0.014956125989556313,
                -0.014115819707512856
            ],
            "pinky_dip": [
                0.044599782675504684,
                -0.041265618056058884,
                -0.018100855872035027
            ],
            "pinky_tip": [
                0.051077306270599365,
                -0.06613385677337646,
                -0.02719654142856598
            ]
        }
    ]
}