{
"label": "i",
"gestures": [
{
"l_hand_position": null,
"l_wrist": null,
"l_thumb_cmc": null,
"l_thumb_mcp": null,
"l_thumb_ip": null,
"l_thumb_tip": null,
"l_index_mcp": null,
"l_index_pip": null,
"l_index_dip": null,
"l_index_tip": null,
"l_middle_mcp": null,
"l_middle_pip": null,
"l_middle_dip": null,
"l_middle_tip": null,
"l_ring_mcp": null,
"l_ring_pip": null,
"l_ring_dip": null,
"l_ring_tip": null,
"l_pinky_mcp": null,
"l_pinky_pip": null,
"l_pinky_dip": null,
"l_pinky_tip": null,
"r_hand_position": null,
"r_wrist": [
-0.05551774054765701,
0.07394092530012131,
-0.0031285560689866543
],
"r_thumb_cmc": [
-0.015565792098641396,
0.07235271483659744,
-0.018231568858027458
],
"r_thumb_mcp": [
0.014881161972880363,
0.056107696145772934,
-0.023683924227952957
],
"r_thumb_ip": [
0.02787352353334427,
0.020639628171920776,
-0.02814905345439911
],
"r_thumb_tip": [
0.009180978871881962,
-0.009424563497304916,
-0.021693112328648567
],
"r_index_mcp": [
0.029946785420179367,
0.01407222356647253,
-0.002087961882352829
],
"r_index_pip": [
0.03199669346213341,
-0.0006533712148666382,
-0.028837265446782112
],
"r_index_dip": [
0.018927421420812607,
0.00995792169123888,
-0.03804071992635727
],
"r_index_tip": [
0.006643272470682859,
0.028278253972530365,
-0.029532894492149353
],
"r_middle_mcp": [
0.004595013801008463,
-0.004527366254478693,
0.006161138880997896
],
"r_middle_pip": [
0.013955377042293549,
-0.01728188619017601,
-0.027469636872410774
],
"r_middle_dip": [
8.629588410258293e-05,
0.006419923156499863,
-0.03764482960104942
],
"r_middle_tip": [
0.00391702726483345,
0.025925306603312492,
-0.01444693747907877
],
"r_ring_mcp": [
-0.018214629963040352,
-0.010714877396821976,
0.0028832622338086367
],
"r_ring_pip": [
-0.01130705140531063,
-0.025096265599131584,
-0.027747737243771553
],
"r_ring_dip": [
-0.014237290248274803,
-0.0017339009791612625,
-0.03848563879728317
],
"r_ring_tip": [
-0.012991049326956272,
0.024346256628632545,
-0.03290870040655136
],
"r_pinky_mcp": [
-0.04489170014858246,
-0.009068563580513,
-0.004372304771095514
],
"r_pinky_pip": [
-0.03969995677471161,
-0.03458964824676514,
-0.0060719093307852745
],
"r_pinky_dip": [
-0.0288911834359169,
-0.056051693856716156,
-0.015412261709570885
],
"r_pinky_tip": [
-0.022392496466636658,
-0.06873474270105362,
-0.02955467812716961
]
}
],
"framerate": 30,
"mirrorable": true
}