{
"label": "i",
"gestures": [
{
"l_hand_position": null,
"l_wrist": null,
"l_thumb_cmc": null,
"l_thumb_mcp": null,
"l_thumb_ip": null,
"l_thumb_tip": null,
"l_index_mcp": null,
"l_index_pip": null,
"l_index_dip": null,
"l_index_tip": null,
"l_middle_mcp": null,
"l_middle_pip": null,
"l_middle_dip": null,
"l_middle_tip": null,
"l_ring_mcp": null,
"l_ring_pip": null,
"l_ring_dip": null,
"l_ring_tip": null,
"l_pinky_mcp": null,
"l_pinky_pip": null,
"l_pinky_dip": null,
"l_pinky_tip": null,
"r_hand_position": null,
"r_wrist": [
0.018343329429626465,
0.08942617475986481,
-0.034174948930740356
],
"r_thumb_cmc": [
-0.006882091052830219,
0.06453274935483932,
-0.04477398097515106
],
"r_thumb_mcp": [
-0.009283110499382019,
0.03148325905203819,
-0.04914109781384468
],
"r_thumb_ip": [
-0.007194903213530779,
-0.005575633607804775,
-0.049142733216285706
],
"r_thumb_tip": [
0.014626137912273407,
-0.028860051184892654,
-0.04178282245993614
],
"r_index_mcp": [
-0.02574879303574562,
0.0029524103738367558,
-0.0031407864298671484
],
"r_index_pip": [
-0.03029731661081314,
-0.016566773876547813,
-0.01858174242079258
],
"r_index_dip": [
-0.024600697681307793,
-0.010130729526281357,
-0.02448195405304432
],
"r_index_tip": [
-0.024701202288269997,
0.006161395460367203,
-0.021775830537080765
],
"r_middle_mcp": [
-0.006263954099267721,
-0.001725535374134779,
0.0066830008290708065
],
"r_middle_pip": [
-0.008071206510066986,
-0.028063027188181877,
-0.015692152082920074
],
"r_middle_dip": [
-0.010186510160565376,
-0.009899180382490158,
-0.030087469145655632
],
"r_middle_tip": [
-0.0047144959680736065,
-0.001276594353839755,
-0.0162835530936718
],
"r_ring_mcp": [
0.017366325482726097,
-0.005138197913765907,
0.002859083004295826
],
"r_ring_pip": [
0.01637137681245804,
-0.024515395984053612,
-0.0151118915528059
],
"r_ring_dip": [
0.013222672045230865,
-0.010233807377517223,
-0.028291435912251472
],
"r_ring_tip": [
0.015248740091919899,
0.007387545891106129,
-0.027351688593626022
],
"r_pinky_mcp": [
0.03107566572725773,
0.00393260084092617,
-0.004940220154821873
],
"r_pinky_pip": [
0.029515249654650688,
-0.01935010775923729,
-0.004200434777885675
],
"r_pinky_dip": [
0.030103091150522232,
-0.04408341646194458,
-0.008288604207336903
],
"r_pinky_tip": [
0.033083535730838776,
-0.063225157558918,
-0.015871794894337654
]
}
],
"framerate": 30,
"mirrorable": true
}