{
"label": "i",
"gestures": [
{
"l_hand_position": null,
"l_wrist": null,
"l_thumb_cmc": null,
"l_thumb_mcp": null,
"l_thumb_ip": null,
"l_thumb_tip": null,
"l_index_mcp": null,
"l_index_pip": null,
"l_index_dip": null,
"l_index_tip": null,
"l_middle_mcp": null,
"l_middle_pip": null,
"l_middle_dip": null,
"l_middle_tip": null,
"l_ring_mcp": null,
"l_ring_pip": null,
"l_ring_dip": null,
"l_ring_tip": null,
"l_pinky_mcp": null,
"l_pinky_pip": null,
"l_pinky_dip": null,
"l_pinky_tip": null,
"r_hand_position": null,
"r_wrist": [
-0.027425630018115044,
0.0865062028169632,
-0.03468555212020874
],
"r_thumb_cmc": [
0.006749914959073067,
0.06569226086139679,
-0.04120919480919838
],
"r_thumb_mcp": [
0.024231955409049988,
0.03381286561489105,
-0.047662705183029175
],
"r_thumb_ip": [
0.019549518823623657,
-0.0069036041386425495,
-0.04671822115778923
],
"r_thumb_tip": [
0.0008030608296394348,
-0.03278080001473427,
-0.03575289621949196
],
"r_index_mcp": [
0.029920242726802826,
0.004510573111474514,
-0.0008821018855087459
],
"r_index_pip": [
0.03668719902634621,
-0.018615445122122765,
-0.019020048901438713
],
"r_index_dip": [
0.033469028770923615,
-0.012850664556026459,
-0.03212851658463478
],
"r_index_tip": [
0.026601821184158325,
0.005833031609654427,
-0.0393170528113842
],
"r_middle_mcp": [
0.0025968279223889112,
-0.004713581409305334,
0.008027728646993637
],
"r_middle_pip": [
0.011215317994356155,
-0.026872411370277405,
-0.01820734143257141
],
"r_middle_dip": [
0.010139650665223598,
-0.009898054413497448,
-0.03144955635070801
],
"r_middle_tip": [
0.016577202826738358,
0.0054117306135594845,
-0.02888752892613411
],
"r_ring_mcp": [
-0.01891680248081684,
-0.002769661135971546,
0.0027159079909324646
],
"r_ring_pip": [
-0.012288511730730534,
-0.022672003135085106,
-0.02003995142877102
],
"r_ring_dip": [
-0.007362846750766039,
-0.010447626933455467,
-0.033651746809482574
],
"r_ring_tip": [
0.0015027301851660013,
0.008116336539387703,
-0.03819010779261589
],
"r_pinky_mcp": [
-0.0406368151307106,
0.004582388326525688,
-0.007210047449916601
],
"r_pinky_pip": [
-0.040801793336868286,
-0.02165817841887474,
-0.009551381692290306
],
"r_pinky_dip": [
-0.03494095802307129,
-0.04273988679051399,
-0.017838068306446075
],
"r_pinky_tip": [
-0.029446208849549294,
-0.05953221023082733,
-0.030776862055063248
]
}
],
"framerate": 30,
"mirrorable": true
}