{
"label": "x",
"gestures": [
{
"l_hand_position": [
0.7577698230743408,
0.6492069363594055,
-1.769335113976922e-07
],
"l_wrist": [
-0.0077153705060482025,
0.08136355131864548,
0.0004973764880560338
],
"l_thumb_cmc": [
-0.030661368742585182,
0.05415043979883194,
-0.007493874989449978
],
"l_thumb_mcp": [
-0.04134313389658928,
0.022748615592718124,
-0.011939018033444881
],
"l_thumb_ip": [
-0.03985971212387085,
-0.008054633624851704,
-0.020902270451188087
],
"l_thumb_tip": [
-0.013672731816768646,
-0.01856265962123871,
-0.023554325103759766
],
"l_index_mcp": [
-0.026752907782793045,
-0.009189708158373833,
0.007498828694224358
],
"l_index_pip": [
-0.030673250555992126,
-0.023788075894117355,
-0.015672169625759125
],
"l_index_dip": [
-0.03471064195036888,
-0.018336478620767593,
-0.027231045067310333
],
"l_index_tip": [
-0.036331214010715485,
-0.004337737336754799,
-0.03597048670053482
],
"l_middle_mcp": [
-0.004646308720111847,
-0.003189370036125183,
0.006949183065444231
],
"l_middle_pip": [
-0.001575356349349022,
-0.038605451583862305,
-0.009807842783629894
],
"l_middle_dip": [
-0.01601470820605755,
-0.05664357915520668,
-0.03209398314356804
],
"l_middle_tip": [
-0.02742292732000351,
-0.0644342452287674,
-0.04399850592017174
],
"l_ring_mcp": [
0.01864558458328247,
0.0024583041667938232,
-0.0034679013770073652
],
"l_ring_pip": [
0.011764349415898323,
-0.020532328635454178,
-0.027760839089751244
],
"l_ring_dip": [
-0.005088906269520521,
-0.009982381947338581,
-0.041159845888614655
],
"l_ring_tip": [
-0.011751579120755196,
0.009733319282531738,
-0.039576251059770584
],
"l_pinky_mcp": [
0.02640325203537941,
0.018869468942284584,
-0.015300853177905083
],
"l_pinky_pip": [
0.02131495624780655,
0.00898275151848793,
-0.03268761187791824
],
"l_pinky_dip": [
0.003714132122695446,
0.01371254026889801,
-0.04286657273769379
],
"l_pinky_tip": [
-0.00609601940959692,
0.025488590821623802,
-0.03665553778409958
],
"r_hand_position": null,
"r_wrist": null,
"r_thumb_cmc": null,
"r_thumb_mcp": null,
"r_thumb_ip": null,
"r_thumb_tip": null,
"r_index_mcp": null,
"r_index_pip": null,
"r_index_dip": null,
"r_index_tip": null,
"r_middle_mcp": null,
"r_middle_pip": null,
"r_middle_dip": null,
"r_middle_tip": null,
"r_ring_mcp": null,
"r_ring_pip": null,
"r_ring_dip": null,
"r_ring_tip": null,
"r_pinky_mcp": null,
"r_pinky_pip": null,
"r_pinky_dip": null,
"r_pinky_tip": null
}
],
"framerate": 30,
"mirrorable": true
}