{
"label": "0",
"gestures": [
{
"l_hand_position": null,
"l_wrist": [
0.007613241672515869,
0.10503508150577634,
-0.010009801015257959
],
"l_thumb_cmc": [
-0.015284360386431217,
0.07512520253658353,
-0.02522593736648597
],
"l_thumb_mcp": [
-0.015894895419478416,
0.0445397086441522,
-0.035354077816009855
],
"l_thumb_ip": [
-0.012437159195542336,
0.00915491301566377,
-0.04916294664144565
],
"l_thumb_tip": [
0.0003876294940710068,
-0.022632468491792918,
-0.04408985376358067
],
"l_index_mcp": [
-0.024750974029302597,
-0.007950742729008274,
-0.0011249671224504787
],
"l_index_pip": [
-0.021168101578950882,
-0.03371457383036651,
-0.012924088165164101
],
"l_index_dip": [
-0.017086178064346313,
-0.03773267939686815,
-0.02181988209486028
],
"l_index_tip": [
-0.01627359166741371,
-0.030442047864199052,
-0.04087322205305135
],
"l_middle_mcp": [
-0.005590619053691626,
-0.003423437010496887,
0.004920423962175894
],
"l_middle_pip": [
0.00015523936599493027,
-0.050414383411408026,
0.005242306273430725
],
"l_middle_dip": [
-0.0010024793446063995,
-0.07080942392349304,
-0.0052796122618018575
],
"l_middle_tip": [
0.00014919787645339966,
-0.09043702483177293,
-0.022641377523541614
],
"l_ring_mcp": [
0.017441973090171814,
-0.0004264507442712823,
0.0015095772687345956
],
"l_ring_pip": [
0.02225301042199135,
-0.030629957094788905,
-0.008509490638971436
],
"l_ring_dip": [
0.020992446690797806,
-0.04555473849177409,
-0.03042774274945298
],
"l_ring_tip": [
0.01617635041475296,
-0.05888066813349801,
-0.05672332644462627
],
"l_pinky_mcp": [
0.03195355832576752,
0.0195421725511553,
-0.0051745087839664
],
"l_pinky_pip": [
0.040987271815538406,
-0.005818090401589932,
-0.014787619002163566
],
"l_pinky_dip": [
0.042318444699048996,
-0.019383423030376566,
-0.03153729066252725
],
"l_pinky_tip": [
0.03985665738582611,
-0.02186389826238179,
-0.053148277103901576
],
"r_hand_position": null,
"r_wrist": null,
"r_thumb_cmc": null,
"r_thumb_mcp": null,
"r_thumb_ip": null,
"r_thumb_tip": null,
"r_index_mcp": null,
"r_index_pip": null,
"r_index_dip": null,
"r_index_tip": null,
"r_middle_mcp": null,
"r_middle_pip": null,
"r_middle_dip": null,
"r_middle_tip": null,
"r_ring_mcp": null,
"r_ring_pip": null,
"r_ring_dip": null,
"r_ring_tip": null,
"r_pinky_mcp": null,
"r_pinky_pip": null,
"r_pinky_dip": null,
"r_pinky_tip": null
}
],
"framerate": 30,
"mirrorable": true
}