{
"label": "f",
"gestures": [
{
"l_hand_position": null,
"l_wrist": null,
"l_thumb_cmc": null,
"l_thumb_mcp": null,
"l_thumb_ip": null,
"l_thumb_tip": null,
"l_index_mcp": null,
"l_index_pip": null,
"l_index_dip": null,
"l_index_tip": null,
"l_middle_mcp": null,
"l_middle_pip": null,
"l_middle_dip": null,
"l_middle_tip": null,
"l_ring_mcp": null,
"l_ring_pip": null,
"l_ring_dip": null,
"l_ring_tip": null,
"l_pinky_mcp": null,
"l_pinky_pip": null,
"l_pinky_dip": null,
"l_pinky_tip": null,
"r_hand_position": [
-0.20571675896644592,
0.2963055968284607,
-0.4999996998952554
],
"r_wrist": [
-0.0014961399137973785,
0.09109899401664734,
-0.015842042863368988
],
"r_thumb_cmc": [
0.027470702305436134,
0.06947296112775803,
-0.024497732520103455
],
"r_thumb_mcp": [
0.03952178731560707,
0.0395357608795166,
-0.03816435858607292
],
"r_thumb_ip": [
0.03581336513161659,
0.005317007191479206,
-0.051220908761024475
],
"r_thumb_tip": [
0.026569120585918427,
-0.02558489330112934,
-0.052760399878025055
],
"r_index_mcp": [
0.02763884887099266,
0.0014131367206573486,
0.0009765065042302012
],
"r_index_pip": [
0.03570426627993584,
-0.0180643443018198,
-0.020267367362976074
],
"r_index_dip": [
0.0417986735701561,
-0.022965606302022934,
-0.03815687820315361
],
"r_index_tip": [
0.04448476433753967,
-0.012416140176355839,
-0.07481210678815842
],
"r_middle_mcp": [
0.0018230864079669118,
-0.004214244894683361,
0.007566223386675119
],
"r_middle_pip": [
0.008315802551805973,
-0.04389223828911781,
-0.0034827496856451035
],
"r_middle_dip": [
0.01266796700656414,
-0.0639403834939003,
-0.02532714605331421
],
"r_middle_tip": [
0.022678149864077568,
-0.08477968722581863,
-0.05096377804875374
],
"r_ring_mcp": [
-0.01874387450516224,
-0.0016463804058730602,
0.0006223217933438718
],
"r_ring_pip": [
-0.019274353981018066,
-0.038110531866550446,
-0.007285939063876867
],
"r_ring_dip": [
-0.015135986730456352,
-0.059112299233675,
-0.020140627399086952
],
"r_ring_tip": [
-0.008182737976312637,
-0.08165590465068817,
-0.0404738150537014
],
"r_pinky_mcp": [
-0.03820808231830597,
0.009989402256906033,
-0.009485026821494102
],
"r_pinky_pip": [
-0.042892035096883774,
-0.012959552928805351,
-0.010266701690852642
],
"r_pinky_dip": [
-0.042238812893629074,
-0.034305304288864136,
-0.01816249080002308
],
"r_pinky_tip": [
-0.037329480051994324,
-0.0527389757335186,
-0.03373109549283981
],
"l_hand_velocity": null,
"r_hand_velocity": null
}
],
"framerate": 30,
"mirrorable": true,
"invalid": false
}