{
"label": "t",
"gestures": [
{
"l_hand_position": null,
"l_wrist": null,
"l_thumb_cmc": null,
"l_thumb_mcp": null,
"l_thumb_ip": null,
"l_thumb_tip": null,
"l_index_mcp": null,
"l_index_pip": null,
"l_index_dip": null,
"l_index_tip": null,
"l_middle_mcp": null,
"l_middle_pip": null,
"l_middle_dip": null,
"l_middle_tip": null,
"l_ring_mcp": null,
"l_ring_pip": null,
"l_ring_dip": null,
"l_ring_tip": null,
"l_pinky_mcp": null,
"l_pinky_pip": null,
"l_pinky_dip": null,
"l_pinky_tip": null,
"r_hand_position": null,
"r_wrist": [
-0.004332933574914932,
0.0924157202243805,
-0.04053826630115509
],
"r_thumb_cmc": [
0.02272038534283638,
0.07122576236724854,
-0.02693701907992363
],
"r_thumb_mcp": [
0.04015999287366867,
0.04143223166465759,
-0.02105337753891945
],
"r_thumb_ip": [
0.0507035031914711,
0.008725586347281933,
-0.01270231418311596
],
"r_thumb_tip": [
0.059456609189510345,
-0.018916599452495575,
-0.00011357592302374542
],
"r_index_mcp": [
0.019913243129849434,
0.0030955374240875244,
0.014187243767082691
],
"r_index_pip": [
0.03144202008843422,
-0.01334830280393362,
9.061112359631807e-05
],
"r_index_dip": [
0.04639402776956558,
-0.016899358481168747,
-0.007333212532103062
],
"r_index_tip": [
0.060009539127349854,
-0.013472560793161392,
-0.031810157001018524
],
"r_middle_mcp": [
-0.001107352552935481,
-0.003937427885830402,
0.0094797657802701
],
"r_middle_pip": [
0.016781382262706757,
-0.03964518755674362,
0.002883810317143798
],
"r_middle_dip": [
0.03466935455799103,
-0.055556945502758026,
-0.0071372683160007
],
"r_middle_tip": [
0.05526765063405037,
-0.07611501961946487,
-0.02004663646221161
],
"r_ring_mcp": [
-0.014185267500579357,
-0.004638468846678734,
-0.008463127538561821
],
"r_ring_pip": [
-0.00907140038907528,
-0.040895674377679825,
-0.007964123040437698
],
"r_ring_dip": [
-0.00040207989513874054,
-0.06546831876039505,
-0.008449837565422058
],
"r_ring_tip": [
0.011479049921035767,
-0.08864785730838776,
-0.01569472998380661
],
"r_pinky_mcp": [
-0.023821432143449783,
0.004606474190950394,
-0.027387870475649834
],
"r_pinky_pip": [
-0.02947579137980938,
-0.020902466028928757,
-0.022560788318514824
],
"r_pinky_dip": [
-0.03039201721549034,
-0.048030540347099304,
-0.016859540715813637
],
"r_pinky_tip": [
-0.02934355102479458,
-0.06917008757591248,
-0.020168038085103035
]
}
],
"framerate": 30,
"mirrorable": true
}