{
"label": "t",
"gestures": [
{
"l_hand_position": null,
"l_wrist": null,
"l_thumb_cmc": null,
"l_thumb_mcp": null,
"l_thumb_ip": null,
"l_thumb_tip": null,
"l_index_mcp": null,
"l_index_pip": null,
"l_index_dip": null,
"l_index_tip": null,
"l_middle_mcp": null,
"l_middle_pip": null,
"l_middle_dip": null,
"l_middle_tip": null,
"l_ring_mcp": null,
"l_ring_pip": null,
"l_ring_dip": null,
"l_ring_tip": null,
"l_pinky_mcp": null,
"l_pinky_pip": null,
"l_pinky_dip": null,
"l_pinky_tip": null,
"r_hand_position": null,
"r_wrist": [
-0.012371234595775604,
0.08584396541118622,
-0.02523157373070717
],
"r_thumb_cmc": [
-0.029031503945589066,
0.06312413513660431,
-0.014180593192577362
],
"r_thumb_mcp": [
-0.03206874057650566,
0.03950825333595276,
-0.002608729060739279
],
"r_thumb_ip": [
-0.036561597138643265,
0.004594016820192337,
0.014454700984060764
],
"r_thumb_tip": [
-0.03841260448098183,
-0.0211429875344038,
0.03720083087682724
],
"r_index_mcp": [
-0.018718238919973373,
0.007460814900696278,
0.01847044751048088
],
"r_index_pip": [
-0.024377696216106415,
-0.017338640987873077,
0.0048266807571053505
],
"r_index_dip": [
-0.03641699254512787,
-0.024498339742422104,
-0.004521663300693035
],
"r_index_tip": [
-0.05313995108008385,
-0.022712847217917442,
-0.026445675641298294
],
"r_middle_mcp": [
-0.002294946927577257,
-0.0014634646940976381,
0.008584916591644287
],
"r_middle_pip": [
-0.007617422379553318,
-0.03671941161155701,
0.003566201077774167
],
"r_middle_dip": [
-0.02595912478864193,
-0.054488133639097214,
-0.012638002634048462
],
"r_middle_tip": [
-0.042718492448329926,
-0.075647734105587,
-0.026312679052352905
],
"r_ring_mcp": [
0.012483369559049606,
-0.006441372446715832,
-0.011399561539292336
],
"r_ring_pip": [
0.011546850204467773,
-0.035875752568244934,
-0.008872545324265957
],
"r_ring_dip": [
0.0007345974445343018,
-0.0611584447324276,
-0.017123062163591385
],
"r_ring_tip": [
-0.006511911749839783,
-0.08153647184371948,
-0.0267898328602314
],
"r_pinky_mcp": [
0.01472414843738079,
0.0008199454750865698,
-0.029495155438780785
],
"r_pinky_pip": [
0.02320076897740364,
-0.019430149346590042,
-0.024658218026161194
],
"r_pinky_dip": [
0.027142422273755074,
-0.04449979588389397,
-0.022874968126416206
],
"r_pinky_tip": [
0.027884313836693764,
-0.06782027333974838,
-0.026640288531780243
]
}
],
"framerate": 30,
"mirrorable": true
}