{
"label": "t",
"gestures": [
{
"l_hand_position": null,
"l_wrist": null,
"l_thumb_cmc": null,
"l_thumb_mcp": null,
"l_thumb_ip": null,
"l_thumb_tip": null,
"l_index_mcp": null,
"l_index_pip": null,
"l_index_dip": null,
"l_index_tip": null,
"l_middle_mcp": null,
"l_middle_pip": null,
"l_middle_dip": null,
"l_middle_tip": null,
"l_ring_mcp": null,
"l_ring_pip": null,
"l_ring_dip": null,
"l_ring_tip": null,
"l_pinky_mcp": null,
"l_pinky_pip": null,
"l_pinky_dip": null,
"l_pinky_tip": null,
"r_hand_position": null,
"r_wrist": [
-0.0019623711705207825,
0.09269601851701736,
-0.04536133632063866
],
"r_thumb_cmc": [
0.02581642009317875,
0.06747731566429138,
-0.042453452944755554
],
"r_thumb_mcp": [
0.039303459227085114,
0.03573477268218994,
-0.04379543662071228
],
"r_thumb_ip": [
0.04362263157963753,
-0.001191427931189537,
-0.042138490825891495
],
"r_thumb_tip": [
0.04336673021316528,
-0.029042180627584457,
-0.03744446486234665
],
"r_index_mcp": [
0.02472306229174137,
0.0009563025087118149,
0.004210552666336298
],
"r_index_pip": [
0.03904222697019577,
-0.01685199700295925,
-0.009522336535155773
],
"r_index_dip": [
0.0529867447912693,
-0.021931767463684082,
-0.0209951251745224
],
"r_index_tip": [
0.06289729475975037,
-0.016693951562047005,
-0.047166403383016586
],
"r_middle_mcp": [
0.0011917522642761469,
-0.003418766660615802,
0.008819601498544216
],
"r_middle_pip": [
0.01447862945497036,
-0.0402953065931797,
0.0005786307156085968
],
"r_middle_dip": [
0.026621082797646523,
-0.05865819752216339,
-0.014185803011059761
],
"r_middle_tip": [
0.043488483875989914,
-0.07965768873691559,
-0.03382663056254387
],
"r_ring_mcp": [
-0.01799478381872177,
-0.002540497574955225,
-0.001987216994166374
],
"r_ring_pip": [
-0.017234455794095993,
-0.03854866325855255,
-0.006026396062225103
],
"r_ring_dip": [
-0.010890791192650795,
-0.058911316096782684,
-0.01149819977581501
],
"r_ring_tip": [
-0.0018065422773361206,
-0.07855020463466644,
-0.02610163390636444
],
"r_pinky_mcp": [
-0.03377552703022957,
0.006243495270609856,
-0.017199644818902016
],
"r_pinky_pip": [
-0.0404227040708065,
-0.01636802777647972,
-0.014515671879053116
],
"r_pinky_dip": [
-0.044891007244586945,
-0.039581120014190674,
-0.013704839162528515
],
"r_pinky_tip": [
-0.043122246861457825,
-0.0570889413356781,
-0.021179357543587685
]
}
],
"framerate": 30,
"mirrorable": true
}