{
"label": "r",
"gestures": [
{
"l_hand_position": null,
"l_wrist": [
-0.006305743008852005,
0.10054567456245521,
-0.0071674385108056035
],
"l_thumb_cmc": [
-0.023770198225975037,
0.07125629484653544,
-0.020050611346960415
],
"l_thumb_mcp": [
-0.018861759454011917,
0.04143615067005201,
-0.03239561989903499
],
"l_thumb_ip": [
-0.006529947742819786,
0.009186661802232274,
-0.042544443160295896
],
"l_thumb_tip": [
0.016622811555862427,
-0.010926533490419478,
-0.03803457319736515
],
"l_index_mcp": [
-0.022824054583907127,
-0.007615583017468548,
-0.0019710459746420466
],
"l_index_pip": [
-0.018062103539705276,
-0.03919952362775862,
-0.0024994069244712895
],
"l_index_dip": [
-0.013555867597460747,
-0.06333668529987399,
0.0012965411879122916
],
"l_index_tip": [
-0.00834064930677414,
-0.08776953816413986,
-0.00978811178356415
],
"l_middle_mcp": [
-0.0053255497477948666,
-0.004440576303750328,
0.005587039515376161
],
"l_middle_pip": [
-0.001830385997891426,
-0.04485014453530358,
0.0020477059297264576
],
"l_middle_dip": [
-0.006739821285009384,
-0.06780132651329097,
-0.007303179241716954
],
"l_middle_tip": [
-0.00916522741317749,
-0.09047770500183228,
-0.016645789146423503
],
"l_ring_mcp": [
0.015408755280077457,
0.00250362744554881,
0.002768862526863843
],
"l_ring_pip": [
0.024761822074651718,
-0.018414614722132867,
-0.018157940357923723
],
"l_ring_dip": [
0.0177357979118824,
-0.004173338413238584,
-0.034330990165472426
],
"l_ring_tip": [
0.009030785411596298,
0.014971740543842366,
-0.03525818139314669
],
"l_pinky_mcp": [
0.02712090127170086,
0.018937822431326183,
-0.002645418280735657
],
"l_pinky_pip": [
0.032319746911525726,
0.001384513452649098,
-0.019973060116172132
],
"l_pinky_dip": [
0.02732270397245884,
0.007878180593252258,
-0.036356892436743116
],
"l_pinky_tip": [
0.01914970949292183,
0.024543378502130758,
-0.03667524829506917
],
"r_hand_position": null,
"r_wrist": null,
"r_thumb_cmc": null,
"r_thumb_mcp": null,
"r_thumb_ip": null,
"r_thumb_tip": null,
"r_index_mcp": null,
"r_index_pip": null,
"r_index_dip": null,
"r_index_tip": null,
"r_middle_mcp": null,
"r_middle_pip": null,
"r_middle_dip": null,
"r_middle_tip": null,
"r_ring_mcp": null,
"r_ring_pip": null,
"r_ring_dip": null,
"r_ring_tip": null,
"r_pinky_mcp": null,
"r_pinky_pip": null,
"r_pinky_dip": null,
"r_pinky_tip": null
}
],
"framerate": 30,
"mirrorable": true
}