{
"label": "r",
"gestures": [
{
"l_hand_position": null,
"l_wrist": [
-0.006174467504024506,
0.10181577503681322,
0.008560112677514635
],
"l_thumb_cmc": [
-0.02670830674469471,
0.07307471334934346,
-0.005774748977273743
],
"l_thumb_mcp": [
-0.023620346561074257,
0.04513850435614637,
-0.023561963811517043
],
"l_thumb_ip": [
-0.014874856919050217,
0.015493018552661168,
-0.04189820587635092
],
"l_thumb_tip": [
0.003913918975740671,
-0.007421696092933548,
-0.045806318521500106
],
"l_index_mcp": [
-0.024538589641451836,
-0.007824374362826446,
0.0005988565389998244
],
"l_index_pip": [
-0.021772224456071854,
-0.03773742914199882,
-0.0010188480373472294
],
"l_index_dip": [
-0.014702966436743736,
-0.06033402681350768,
0.003001281525939822
],
"l_index_tip": [
-0.008959434926509857,
-0.08536842465400793,
-0.011675781570375028
],
"l_middle_mcp": [
-0.0049570780247449875,
-0.004455169662833255,
0.005370623897761161
],
"l_middle_pip": [
-0.0031421463936567307,
-0.04730384796857888,
0.0029403627850116106
],
"l_middle_dip": [
-0.005303161218762398,
-0.07025916874408808,
-0.006755110342055584
],
"l_middle_tip": [
-0.002958454191684723,
-0.09154986590147154,
-0.02231360599398631
],
"l_ring_mcp": [
0.017156247049570084,
0.0021856399253010962,
0.0007230925257317755
],
"l_ring_pip": [
0.023268338292837143,
-0.01884642802178881,
-0.02214095555245901
],
"l_ring_dip": [
0.017081070691347122,
-0.0036791153252125706,
-0.03795932605862659
],
"l_ring_tip": [
0.010294253006577492,
0.013197680935263752,
-0.04176840186119122
],
"l_pinky_mcp": [
0.028907816857099533,
0.020033463835716477,
-0.006056129001081065
],
"l_pinky_pip": [
0.03512059152126312,
0.0034853005781769805,
-0.022649364545941554
],
"l_pinky_dip": [
0.0330103263258934,
0.009582921862602335,
-0.03879458457231557
],
"l_pinky_tip": [
0.023636845871806145,
0.026128176599741277,
-0.041605588048696955
],
"r_hand_position": null,
"r_wrist": null,
"r_thumb_cmc": null,
"r_thumb_mcp": null,
"r_thumb_ip": null,
"r_thumb_tip": null,
"r_index_mcp": null,
"r_index_pip": null,
"r_index_dip": null,
"r_index_tip": null,
"r_middle_mcp": null,
"r_middle_pip": null,
"r_middle_dip": null,
"r_middle_tip": null,
"r_ring_mcp": null,
"r_ring_pip": null,
"r_ring_dip": null,
"r_ring_tip": null,
"r_pinky_mcp": null,
"r_pinky_pip": null,
"r_pinky_dip": null,
"r_pinky_tip": null
}
],
"framerate": 30,
"mirrorable": true
}