{
"label": "r",
"gestures": [
{
"l_hand_position": null,
"l_wrist": [
0.015699781477451324,
0.08976241201162338,
0.037089552730321884
],
"l_thumb_cmc": [
-0.014145651832222939,
0.07601375877857208,
0.007951325736939907
],
"l_thumb_mcp": [
-0.0177171491086483,
0.060262735933065414,
-0.015925060957670212
],
"l_thumb_ip": [
-0.010338363237679005,
0.036495279520750046,
-0.04363628476858139
],
"l_thumb_tip": [
0.011775819584727287,
0.016155853867530823,
-0.05645202845335007
],
"l_index_mcp": [
-0.02794376201927662,
0.005390608683228493,
-0.006820396054536104
],
"l_index_pip": [
-0.026288136839866638,
-0.0226973295211792,
-0.013553714379668236
],
"l_index_dip": [
-0.024465303868055344,
-0.045788753777742386,
-0.018045777454972267
],
"l_index_tip": [
-0.02491876296699047,
-0.0643492341041565,
-0.03387771546840668
],
"l_middle_mcp": [
-0.006510091479867697,
-0.004178152419626713,
0.00309637188911438
],
"l_middle_pip": [
-0.015416709706187248,
-0.03911438584327698,
-0.008677882142364979
],
"l_middle_dip": [
-0.02903996780514717,
-0.059437718242406845,
-0.028055734932422638
],
"l_middle_tip": [
-0.037147536873817444,
-0.07847263664007187,
-0.0439641959965229
],
"l_ring_mcp": [
0.017796939238905907,
-0.004847940523177385,
0.0056450203992426395
],
"l_ring_pip": [
0.012167878448963165,
-0.024317637085914612,
-0.01994977705180645
],
"l_ring_dip": [
0.010365098714828491,
-0.009597298689186573,
-0.04045930504798889
],
"l_ring_tip": [
0.012537066824734211,
0.007982172071933746,
-0.04785696789622307
],
"l_pinky_mcp": [
0.03204578906297684,
0.0071418629959225655,
0.007769805379211903
],
"l_pinky_pip": [
0.03145180642604828,
-0.013183746486902237,
-0.010460388846695423
],
"l_pinky_dip": [
0.02903675101697445,
-0.0050769466906785965,
-0.03197827190160751
],
"l_pinky_tip": [
0.027622966095805168,
0.009050763212144375,
-0.0381028838455677
],
"r_hand_position": [
0.2113434076309204,
0.34328126907348633,
-0.500000050832675
],
"r_wrist": null,
"r_thumb_cmc": null,
"r_thumb_mcp": null,
"r_thumb_ip": null,
"r_thumb_tip": null,
"r_index_mcp": null,
"r_index_pip": null,
"r_index_dip": null,
"r_index_tip": null,
"r_middle_mcp": null,
"r_middle_pip": null,
"r_middle_dip": null,
"r_middle_tip": null,
"r_ring_mcp": null,
"r_ring_pip": null,
"r_ring_dip": null,
"r_ring_tip": null,
"r_pinky_mcp": null,
"r_pinky_pip": null,
"r_pinky_dip": null,
"r_pinky_tip": null,
"l_hand_velocity": null,
"r_hand_velocity": null,
"m_nose_point": null,
"m_top_nose": null,
"m_eyebrows": null,
"m_forehead": null,
"m_top_chin": null,
"m_bot_up_lip": null,
"m_top_low_lip": null,
"m_bot_nose": null,
"m_chin": null,
"m_nose": null,
"l_eye_exterior": null,
"l_temple": null,
"l_mid_chin": null,
"l_up_lip": null,
"l_ext_nostril": null,
"l_mid_cheek": null,
"l_mid_eyebrow": null,
"l_ext_eyebrow": null,
"l_ext_lips": null,
"l_jaw_angle": null,
"l_mid_ext_face": null,
"l_int_eyebrow": null,
"l_mid_jaw": null,
"l_mid_bot_eyelid": null,
"l_ext_mouth": null,
"l_top_eyelid": null,
"l_eye_int": null,
"l_pupil": null,
"r_eye_exterior": null,
"r_temple": null,
"r_mid_chin": null,
"r_up_lip": null,
"r_ext_nostril": null,
"r_mid_cheek": null,
"r_mid_eyebrow": null,
"r_ext_eyebrow": null,
"r_ext_lips": null,
"r_jaw_angle": null,
"r_mid_ext_face": null,
"r_int_eyebrow": null,
"r_mid_jaw": null,
"r_mid_bot_eyelid": null,
"r_ext_mouth": null,
"r_top_eyelid": null,
"r_eye_int": null,
"r_pupil": null,
"l_shoudler": null,
"l_elbow": null,
"l_hip": null,
"l_knee": null,
"l_ankle": null,
"r_shoudler": null,
"r_elbow": null,
"r_hip": null,
"r_knee": null,
"r_ankle": null
}
],
"framerate": 30,
"mirrorable": true,
"invalid": false
}