{
"label": "r",
"gestures": [
{
"l_hand_position": [
0.7004430294036865,
0.9536901712417603,
4.5055980280039876e-08
],
"l_wrist": [
-0.013873811811208725,
0.09206090867519379,
0.025391338393092155
],
"l_thumb_cmc": [
-0.040040433406829834,
0.06539490073919296,
0.007895871065557003
],
"l_thumb_mcp": [
-0.04048575833439827,
0.040426723659038544,
-0.012850633822381496
],
"l_thumb_ip": [
-0.028731131926178932,
0.015173811465501785,
-0.034682996571063995
],
"l_thumb_tip": [
-0.0015163430944085121,
0.0033002893906086683,
-0.043556783348321915
],
"l_index_mcp": [
-0.02931234799325466,
-0.011622045189142227,
0.0031469326931983232
],
"l_index_pip": [
-0.021506603807210922,
-0.03837817162275314,
-0.00254058837890625
],
"l_index_dip": [
-0.014941040426492691,
-0.061717696487903595,
-0.008137959986925125
],
"l_index_tip": [
-0.005133301019668579,
-0.08345125615596771,
-0.03115648403763771
],
"l_middle_mcp": [
-0.004115906544029713,
-0.007199419662356377,
0.006264062598347664
],
"l_middle_pip": [
-0.004974057897925377,
-0.04278656467795372,
-0.012171201407909393
],
"l_middle_dip": [
-0.011875597760081291,
-0.06997887790203094,
-0.02963031455874443
],
"l_middle_tip": [
-0.013581179082393646,
-0.09475702047348022,
-0.04814159870147705
],
"l_ring_mcp": [
0.01953045092523098,
0.005469673313200474,
-0.0007747042109258473
],
"l_ring_pip": [
0.012800084426999092,
-0.0003925412893295288,
-0.032695624977350235
],
"l_ring_dip": [
-0.004479242023080587,
0.017211493104696274,
-0.03977164626121521
],
"l_ring_tip": [
-0.011651997454464436,
0.04027236998081207,
-0.02670137956738472
],
"l_pinky_mcp": [
0.02938043884932995,
0.0279528871178627,
-0.008318121545016766
],
"l_pinky_pip": [
0.022126801311969757,
0.02500464767217636,
-0.03317021578550339
],
"l_pinky_dip": [
0.004197081550955772,
0.03726513683795929,
-0.042869195342063904
],
"l_pinky_tip": [
0.00010445155203342438,
0.051893215626478195,
-0.02114044316112995
],
"r_hand_position": null,
"r_wrist": null,
"r_thumb_cmc": null,
"r_thumb_mcp": null,
"r_thumb_ip": null,
"r_thumb_tip": null,
"r_index_mcp": null,
"r_index_pip": null,
"r_index_dip": null,
"r_index_tip": null,
"r_middle_mcp": null,
"r_middle_pip": null,
"r_middle_dip": null,
"r_middle_tip": null,
"r_ring_mcp": null,
"r_ring_pip": null,
"r_ring_dip": null,
"r_ring_tip": null,
"r_pinky_mcp": null,
"r_pinky_pip": null,
"r_pinky_dip": null,
"r_pinky_tip": null
}
],
"framerate": 30,
"mirrorable": true
}