{
"label": "r",
"gestures": [
{
"l_hand_position": null,
"l_wrist": null,
"l_thumb_cmc": null,
"l_thumb_mcp": null,
"l_thumb_ip": null,
"l_thumb_tip": null,
"l_index_mcp": null,
"l_index_pip": null,
"l_index_dip": null,
"l_index_tip": null,
"l_middle_mcp": null,
"l_middle_pip": null,
"l_middle_dip": null,
"l_middle_tip": null,
"l_ring_mcp": null,
"l_ring_pip": null,
"l_ring_dip": null,
"l_ring_tip": null,
"l_pinky_mcp": null,
"l_pinky_pip": null,
"l_pinky_dip": null,
"l_pinky_tip": null,
"r_hand_position": [
-0.35940369963645935,
0.35081857442855835,
-0.49999941060713127
],
"r_wrist": [
-0.006292605772614479,
0.09638936817646027,
0.008346500806510448
],
"r_thumb_cmc": [
0.018297547474503517,
0.06923934817314148,
-0.014560362324118614
],
"r_thumb_mcp": [
0.021255193278193474,
0.04140937700867653,
-0.03685261681675911
],
"r_thumb_ip": [
0.004025166854262352,
0.013238164596259594,
-0.05558960512280464
],
"r_thumb_tip": [
-0.02018963173031807,
-0.01220148615539074,
-0.05595972016453743
],
"r_index_mcp": [
0.02319517359137535,
-0.007239478640258312,
-0.004668010864406824
],
"r_index_pip": [
0.022917253896594048,
-0.037178970873355865,
-0.008529135026037693
],
"r_index_dip": [
0.018601099029183388,
-0.06243709474802017,
-0.010461341589689255
],
"r_index_tip": [
0.00866522453725338,
-0.08234772086143494,
-0.02896391972899437
],
"r_middle_mcp": [
0.002591861644759774,
-0.005693632178008556,
0.005920506548136473
],
"r_middle_pip": [
0.011592189781367779,
-0.043941862881183624,
-0.003696833271533251
],
"r_middle_dip": [
0.01435493677854538,
-0.0661044791340828,
-0.016885338351130486
],
"r_middle_tip": [
0.019163142889738083,
-0.0908912792801857,
-0.027566082775592804
],
"r_ring_mcp": [
-0.014225736260414124,
0.0025687427259981632,
0.004621970467269421
],
"r_ring_pip": [
-0.016053523868322372,
-0.011618014425039291,
-0.027582302689552307
],
"r_ring_dip": [
-0.009744574315845966,
0.009363737888634205,
-0.0404336042702198
],
"r_ring_tip": [
-0.0020634643733501434,
0.029109260067343712,
-0.0319686196744442
],
"r_pinky_mcp": [
-0.03371734544634819,
0.02070656046271324,
-0.0006321308319456875
],
"r_pinky_pip": [
-0.03131841868162155,
0.00992052536457777,
-0.022499263286590576
],
"r_pinky_dip": [
-0.018368542194366455,
0.02189381793141365,
-0.03515150770545006
],
"r_pinky_tip": [
-0.013652111403644085,
0.04090447351336479,
-0.026033444330096245
]
}
],
"framerate": 30,
"mirrorable": true
}