{
"label": "r",
"gestures": [
{
"l_hand_position": null,
"l_wrist": [
0.021421091631054878,
0.0911816731095314,
0.032405197620391846
],
"l_thumb_cmc": [
-0.010554758831858635,
0.07485828548669815,
0.016932398080825806
],
"l_thumb_mcp": [
-0.022944223135709763,
0.056384239345788956,
-0.005628304090350866
],
"l_thumb_ip": [
-0.026770787313580513,
0.03323278948664665,
-0.03636746481060982
],
"l_thumb_tip": [
-0.0063519226387143135,
0.014970212243497372,
-0.055411409586668015
],
"l_index_mcp": [
-0.02702576108276844,
0.0010725818574428558,
0.004029124975204468
],
"l_index_pip": [
-0.024401992559432983,
-0.027737587690353394,
-0.0022693213541060686
],
"l_index_dip": [
-0.022972913458943367,
-0.05078139901161194,
-0.005760115571320057
],
"l_index_tip": [
-0.018786128610372543,
-0.07631224393844604,
-0.023730289191007614
],
"l_middle_mcp": [
-0.005084450356662273,
-0.004406279418617487,
0.005490655545145273
],
"l_middle_pip": [
-0.012550530955195427,
-0.0428144708275795,
-0.008848375640809536
],
"l_middle_dip": [
-0.027244411408901215,
-0.0637940987944603,
-0.026925787329673767
],
"l_middle_tip": [
-0.032076481729745865,
-0.08497536182403564,
-0.050329651683568954
],
"l_ring_mcp": [
0.017583923414349556,
-0.0026827603578567505,
-0.0024246303364634514
],
"l_ring_pip": [
0.008493640460073948,
-0.02497553825378418,
-0.02486385591328144
],
"l_ring_dip": [
0.0014469892485067248,
-0.007696461398154497,
-0.04533551260828972
],
"l_ring_tip": [
0.0038661379367113113,
0.01613888330757618,
-0.055264800786972046
],
"l_pinky_mcp": [
0.029967306181788445,
0.012323010712862015,
-0.007038195617496967
],
"l_pinky_pip": [
0.028815576806664467,
-0.00770086795091629,
-0.023795034736394882
],
"l_pinky_dip": [
0.021349376067519188,
0.001132346922531724,
-0.041321512311697006
],
"l_pinky_tip": [
0.01898595690727234,
0.020873460918664932,
-0.04615835100412369
],
"r_hand_position": [
0.1505531668663025,
0.35555028915405273,
-0.4999998311499496
],
"r_wrist": null,
"r_thumb_cmc": null,
"r_thumb_mcp": null,
"r_thumb_ip": null,
"r_thumb_tip": null,
"r_index_mcp": null,
"r_index_pip": null,
"r_index_dip": null,
"r_index_tip": null,
"r_middle_mcp": null,
"r_middle_pip": null,
"r_middle_dip": null,
"r_middle_tip": null,
"r_ring_mcp": null,
"r_ring_pip": null,
"r_ring_dip": null,
"r_ring_tip": null,
"r_pinky_mcp": null,
"r_pinky_pip": null,
"r_pinky_dip": null,
"r_pinky_tip": null,
"l_hand_velocity": null,
"r_hand_velocity": null,
"m_nose_point": null,
"m_top_nose": null,
"m_eyebrows": null,
"m_forehead": null,
"m_top_chin": null,
"m_bot_up_lip": null,
"m_top_low_lip": null,
"m_bot_nose": null,
"m_chin": null,
"m_nose": null,
"l_eye_exterior": null,
"l_temple": null,
"l_mid_chin": null,
"l_up_lip": null,
"l_ext_nostril": null,
"l_mid_cheek": null,
"l_mid_eyebrow": null,
"l_ext_eyebrow": null,
"l_ext_lips": null,
"l_jaw_angle": null,
"l_mid_ext_face": null,
"l_int_eyebrow": null,
"l_mid_jaw": null,
"l_mid_bot_eyelid": null,
"l_ext_mouth": null,
"l_top_eyelid": null,
"l_eye_int": null,
"l_pupil": null,
"r_eye_exterior": null,
"r_temple": null,
"r_mid_chin": null,
"r_up_lip": null,
"r_ext_nostril": null,
"r_mid_cheek": null,
"r_mid_eyebrow": null,
"r_ext_eyebrow": null,
"r_ext_lips": null,
"r_jaw_angle": null,
"r_mid_ext_face": null,
"r_int_eyebrow": null,
"r_mid_jaw": null,
"r_mid_bot_eyelid": null,
"r_ext_mouth": null,
"r_top_eyelid": null,
"r_eye_int": null,
"r_pupil": null,
"l_shoudler": null,
"l_elbow": null,
"l_hip": null,
"l_knee": null,
"l_ankle": null,
"r_shoudler": null,
"r_elbow": null,
"r_hip": null,
"r_knee": null,
"r_ankle": null
}
],
"framerate": 30,
"mirrorable": true,
"invalid": false
}