{
"label": "r",
"gestures": [
{
"l_hand_position": null,
"l_wrist": [
-0.003391783684492111,
0.10086192190647235,
-0.009804606437683366
],
"l_thumb_cmc": [
-0.02386505901813507,
0.06736083328723988,
-0.01670985482633141
],
"l_thumb_mcp": [
-0.01710669696331024,
0.03749155253171971,
-0.027838325127959553
],
"l_thumb_ip": [
-0.007481927052140236,
0.007246186956763338,
-0.03971787169575732
],
"l_thumb_tip": [
0.01094147190451622,
-0.016760466620326167,
-0.04191981256008174
],
"l_index_mcp": [
-0.02225186675786972,
-0.011821963824331871,
0.005550278816372224
],
"l_index_pip": [
-0.01817413792014122,
-0.04249304905533832,
0.008811380714178169
],
"l_index_dip": [
-0.012730836868286133,
-0.06818351894617147,
0.014945582486689252
],
"l_index_tip": [
-0.0039040930569171906,
-0.09463725239038591,
0.003352153347805277
],
"l_middle_mcp": [
-0.005811477079987526,
-0.0035971109755337646,
0.007821430452168075
],
"l_middle_pip": [
-0.005179334431886673,
-0.04661848023533861,
0.0033591345418245273
],
"l_middle_dip": [
-0.012943549081683159,
-0.07154718786478123,
-0.0032706356141715973
],
"l_middle_tip": [
-0.014473650604486465,
-0.09916467964649328,
-0.01139639876782892
],
"l_ring_mcp": [
0.01616758108139038,
0.004982535727322153,
-0.0016408259980380683
],
"l_ring_pip": [
0.020430175587534904,
-0.01492972113192099,
-0.027011843398213657
],
"l_ring_dip": [
0.010960136540234089,
0.0021811483893543183,
-0.03983761742711101
],
"l_ring_tip": [
0.0029918253421783447,
0.02203135751187826,
-0.03750910982489639
],
"l_pinky_mcp": [
0.027011968195438385,
0.02503967285156284,
-0.013376152142882564
],
"l_pinky_pip": [
0.02985314652323723,
0.010789915919304012,
-0.037193000316620366
],
"l_pinky_dip": [
0.022517047822475433,
0.02248087897896798,
-0.05462144315242839
],
"l_pinky_tip": [
0.014484585262835026,
0.04232744872570099,
-0.04732656106352875
],
"r_hand_position": null,
"r_wrist": null,
"r_thumb_cmc": null,
"r_thumb_mcp": null,
"r_thumb_ip": null,
"r_thumb_tip": null,
"r_index_mcp": null,
"r_index_pip": null,
"r_index_dip": null,
"r_index_tip": null,
"r_middle_mcp": null,
"r_middle_pip": null,
"r_middle_dip": null,
"r_middle_tip": null,
"r_ring_mcp": null,
"r_ring_pip": null,
"r_ring_dip": null,
"r_ring_tip": null,
"r_pinky_mcp": null,
"r_pinky_pip": null,
"r_pinky_dip": null,
"r_pinky_tip": null
}
],
"framerate": 30,
"mirrorable": true
}