{
"label": "r",
"gestures": [
{
"l_hand_position": null,
"l_wrist": null,
"l_thumb_cmc": null,
"l_thumb_mcp": null,
"l_thumb_ip": null,
"l_thumb_tip": null,
"l_index_mcp": null,
"l_index_pip": null,
"l_index_dip": null,
"l_index_tip": null,
"l_middle_mcp": null,
"l_middle_pip": null,
"l_middle_dip": null,
"l_middle_tip": null,
"l_ring_mcp": null,
"l_ring_pip": null,
"l_ring_dip": null,
"l_ring_tip": null,
"l_pinky_mcp": null,
"l_pinky_pip": null,
"l_pinky_dip": null,
"l_pinky_tip": null,
"r_hand_position": null,
"r_wrist": [
-0.014418262988328934,
0.09495993703603856,
-0.02788656763732477
],
"r_thumb_cmc": [
0.01464281789958477,
0.069818921387196,
-0.024937784299254626
],
"r_thumb_mcp": [
0.031155884265899658,
0.038286525756121084,
-0.029653217643499763
],
"r_thumb_ip": [
0.02940986678004265,
-0.0024252943694592797,
-0.03389114886522326
],
"r_thumb_tip": [
0.01085550244897604,
-0.028706897050142652,
-0.03805942460894618
],
"r_index_mcp": [
0.020464785397052765,
-0.002576797269284738,
0.009452679194510077
],
"r_index_pip": [
0.022634783759713173,
-0.03503747656941438,
0.009029180742800307
],
"r_index_dip": [
0.02487362176179886,
-0.06100953370332777,
0.0068760365247727264
],
"r_index_tip": [
0.022730495780706406,
-0.09016431123018356,
-0.00579810841009015
],
"r_middle_mcp": [
-0.0004705640021711588,
-0.005233591422438669,
0.00961109437048444
],
"r_middle_pip": [
0.008539838716387749,
-0.04167132079601334,
0.0027778951916844347
],
"r_middle_dip": [
0.013863295316696167,
-0.07271860539913264,
-0.011476248502731401
],
"r_middle_tip": [
0.02328125759959221,
-0.10002998262643896,
-0.02284193038940445
],
"r_ring_mcp": [
-0.013762515038251877,
0.0004358491860330053,
-0.005133742932230283
],
"r_ring_pip": [
-0.0010822433978319168,
-0.02025757357478166,
-0.02491830848157432
],
"r_ring_dip": [
0.010602908208966255,
-0.00037485873326661555,
-0.03810884803533594
],
"r_ring_tip": [
0.016881264746189117,
0.023693954572081868,
-0.042471952736378334
],
"r_pinky_mcp": [
-0.027813918888568878,
0.013065000995993779,
-0.021793406456709186
],
"r_pinky_pip": [
-0.01220548152923584,
-0.0016070515848696626,
-0.03250408545136494
],
"r_pinky_dip": [
0.003624239005148411,
0.007606330327689755,
-0.04489522799849578
],
"r_pinky_tip": [
0.009688442572951317,
0.03036601468920743,
-0.041483238339424584
]
}
],
"framerate": 30,
"mirrorable": true
}