{
    "label": "R",
    "label_id": 18,
    "gestures": [
        {
            "wrist": [
                0.005259070545434952,
                0.09917823225259781,
                -0.016315873712301254
            ],
            "thumb_cmc": [
                -0.018361318856477737,
                0.06941305845975876,
                -0.02566024847328663
            ],
            "thumb_mcp": [
                -0.014598642475903034,
                0.03923920914530754,
                -0.03706108778715134
            ],
            "thumb_ip": [
                -0.0064470525830984116,
                0.006233787164092064,
                -0.04504803568124771
            ],
            "thumb_tip": [
                0.011921150609850883,
                -0.019120415672659874,
                -0.045082829892635345
            ],
            "index_mcp": [
                -0.02435169368982315,
                -0.007328987121582031,
                0.003156697377562523
            ],
            "index_pip": [
                -0.023158546537160873,
                -0.038770802319049835,
                0.003086918266490102
            ],
            "index_dip": [
                -0.02072516269981861,
                -0.06484828144311905,
                0.006123492959886789
            ],
            "index_tip": [
                -0.0148597601801157,
                -0.09280136972665787,
                -0.003810854395851493
            ],
            "middle_mcp": [
                -0.00577551918104291,
                -0.003075291868299246,
                0.007690871134400368
            ],
            "middle_pip": [
                -0.00919872336089611,
                -0.046531401574611664,
                0.004659221041947603
            ],
            "middle_dip": [
                -0.017228957265615463,
                -0.07248454540967941,
                -0.0024582073092460632
            ],
            "middle_tip": [
                -0.020922886207699776,
                -0.09786780178546906,
                -0.01255599595606327
            ],
            "ring_mcp": [
                0.01588706485927105,
                0.0022940326016396284,
                0.0004902214277535677
            ],
            "ring_pip": [
                0.019524987787008286,
                -0.020696287974715233,
                -0.02471030130982399
            ],
            "ring_dip": [
                0.011627808213233948,
                -0.004593769088387489,
                -0.03916358947753906
            ],
            "ring_tip": [
                0.005921312142163515,
                0.01667885296046734,
                -0.04004320502281189
            ],
            "pinky_mcp": [
                0.028294295072555542,
                0.018920429050922394,
                -0.009934966452419758
            ],
            "pinky_pip": [
                0.02939125895500183,
                0.0007553612813353539,
                -0.03233744949102402
            ],
            "pinky_dip": [
                0.022139547392725945,
                0.008649866096675396,
                -0.05057425796985626
            ],
            "pinky_tip": [
                0.01626783423125744,
                0.0269712433218956,
                -0.04472151771187782
            ]
        }
    ]
}