{
"label": "r",
"gestures": [
{
"l_hand_position": null,
"l_wrist": [
0.005259070545434952,
0.0991782322525991,
-0.0163158737123016
],
"l_thumb_cmc": [
-0.018361318856477737,
0.0694130584597596,
-0.025660248473287076
],
"l_thumb_mcp": [
-0.014598642475903034,
0.039239209145307936,
-0.037061087787151725
],
"l_thumb_ip": [
-0.0064470525830984116,
0.006233787164092193,
-0.04504803568124815
],
"l_thumb_tip": [
0.011921150609850883,
-0.019120415672660214,
-0.04508282989263583
],
"l_index_mcp": [
-0.02435169368982315,
-0.007328987121582106,
0.0031566973775625624
],
"l_index_pip": [
-0.023158546537160873,
-0.038770802319050196,
0.003086918266490139
],
"l_index_dip": [
-0.02072516269981861,
-0.0648482814431197,
0.006123492959886883
],
"l_index_tip": [
-0.0148597601801157,
-0.09280136972665887,
-0.003810854395851569
],
"l_middle_mcp": [
-0.00577551918104291,
-0.0030752918682992575,
0.007690871134400463
],
"l_middle_pip": [
-0.00919872336089611,
-0.046531401574612226,
0.0046592210419477064
],
"l_middle_dip": [
-0.017228957265615463,
-0.07248454540967982,
-0.0024582073092460394
],
"l_middle_tip": [
-0.020922886207699776,
-0.09786780178547008,
-0.01255599595606343
],
"l_ring_mcp": [
0.01588706485927105,
0.002294032601639657,
0.0004902214277535732
],
"l_ring_pip": [
0.019524987787008286,
-0.020696287974715392,
-0.02471030130982414
],
"l_ring_dip": [
0.011627808213233948,
-0.004593769088387561,
-0.03916358947753951
],
"l_ring_tip": [
0.005921312142163515,
0.016678852960467463,
-0.04004320502281233
],
"l_pinky_mcp": [
0.028294295072555542,
0.018920429050922637,
-0.009934966452419848
],
"l_pinky_pip": [
0.02939125895500183,
0.0007553612813353339,
-0.0323374494910243
],
"l_pinky_dip": [
0.022139547392725945,
0.008649866096675448,
-0.050574257969856845
],
"l_pinky_tip": [
0.01626783423125744,
0.026971243321895818,
-0.044721517711878336
],
"r_hand_position": null,
"r_wrist": null,
"r_thumb_cmc": null,
"r_thumb_mcp": null,
"r_thumb_ip": null,
"r_thumb_tip": null,
"r_index_mcp": null,
"r_index_pip": null,
"r_index_dip": null,
"r_index_tip": null,
"r_middle_mcp": null,
"r_middle_pip": null,
"r_middle_dip": null,
"r_middle_tip": null,
"r_ring_mcp": null,
"r_ring_pip": null,
"r_ring_dip": null,
"r_ring_tip": null,
"r_pinky_mcp": null,
"r_pinky_pip": null,
"r_pinky_dip": null,
"r_pinky_tip": null
}
],
"framerate": 30,
"mirrorable": true
}