{
"label": "r",
"gestures": [
{
"l_hand_position": null,
"l_wrist": [
0.009976565837860107,
0.09348062425851959,
-0.011816136538982624
],
"l_thumb_cmc": [
-0.01842222921550274,
0.06840150803327624,
-0.014549778774380875
],
"l_thumb_mcp": [
-0.025768227875232697,
0.039394594728947,
-0.021281464025378397
],
"l_thumb_ip": [
-0.026314927265048027,
0.004896521568298433,
-0.034654043614864585
],
"l_thumb_tip": [
-0.0007822280749678612,
-0.01642681844532505,
-0.04704477265477234
],
"l_index_mcp": [
-0.025790471583604813,
-0.0018293438479304557,
0.010220422409474966
],
"l_index_pip": [
-0.024519268423318863,
-0.02935728803277051,
0.005363050848245716
],
"l_index_dip": [
-0.019554276019334793,
-0.05204273760318818,
0.0022712701465934957
],
"l_index_tip": [
-0.016097567975521088,
-0.07940222322940922,
-0.004840356763452305
],
"l_middle_mcp": [
-0.004257301799952984,
-0.0030523475725204165,
0.007940548472106547
],
"l_middle_pip": [
-0.011634157970547676,
-0.0432199276983744,
-0.0010645744623616125
],
"l_middle_dip": [
-0.025518599897623062,
-0.06376706808805511,
-0.016370067372918212
],
"l_middle_tip": [
-0.0322568342089653,
-0.08590533584356405,
-0.03153100982308413
],
"l_ring_mcp": [
0.015493388287723064,
-0.00102930422872307,
-0.005362500902265367
],
"l_ring_pip": [
0.003835368901491165,
-0.024681448936462767,
-0.02689109556376966
],
"l_ring_dip": [
-0.00522161740809679,
-0.011376603506505597,
-0.04140790551900915
],
"l_ring_tip": [
-0.006394750438630581,
0.0134746786206962,
-0.04460427910089531
],
"l_pinky_mcp": [
0.02613171562552452,
0.011629397049546403,
-0.01973752863705186
],
"l_pinky_pip": [
0.015786655247211456,
-0.00014008954167363838,
-0.037693310528993926
],
"l_pinky_dip": [
-0.000596921774558723,
0.0070364605635403945,
-0.04795839264988969
],
"l_pinky_tip": [
0.00015596067532896996,
0.02746007777750512,
-0.04473563283681914
],
"r_hand_position": null,
"r_wrist": null,
"r_thumb_cmc": null,
"r_thumb_mcp": null,
"r_thumb_ip": null,
"r_thumb_tip": null,
"r_index_mcp": null,
"r_index_pip": null,
"r_index_dip": null,
"r_index_tip": null,
"r_middle_mcp": null,
"r_middle_pip": null,
"r_middle_dip": null,
"r_middle_tip": null,
"r_ring_mcp": null,
"r_ring_pip": null,
"r_ring_dip": null,
"r_ring_tip": null,
"r_pinky_mcp": null,
"r_pinky_pip": null,
"r_pinky_dip": null,
"r_pinky_tip": null
}
],
"framerate": 30,
"mirrorable": true
}