{
"label": "r",
"gestures": [
{
"l_hand_position": null,
"l_wrist": [
0.013871904462575912,
0.08924511075019957,
-0.011640678159892845
],
"l_thumb_cmc": [
-0.0159522145986557,
0.06956608593463967,
-0.016303284093737793
],
"l_thumb_mcp": [
-0.02144741639494896,
0.04046672582626394,
-0.026264237239957237
],
"l_thumb_ip": [
-0.020781580358743668,
0.008285974152386268,
-0.03974104672670393
],
"l_thumb_tip": [
0.0024441618006676435,
-0.017757320776581948,
-0.049569893628359375
],
"l_index_mcp": [
-0.028024185448884964,
0.0030248770490289025,
0.009111774154007511
],
"l_index_pip": [
-0.02917121909558773,
-0.025468058884144093,
0.005499298218637793
],
"l_index_dip": [
-0.029002510011196136,
-0.050276760011911906,
0.0061580082401634165
],
"l_index_tip": [
-0.029758069664239883,
-0.08111003786325538,
0.0017672973917797778
],
"l_middle_mcp": [
-0.0047797514125704765,
-0.0019421442411839992,
0.008237625472247696
],
"l_middle_pip": [
-0.01605568826198578,
-0.03973058611154597,
-0.0005778421764261483
],
"l_middle_dip": [
-0.03335261344909668,
-0.06057566404342718,
-0.009921189397573592
],
"l_middle_tip": [
-0.04447726160287857,
-0.08542393147945516,
-0.021355010569096094
],
"l_ring_mcp": [
0.01778145134449005,
-0.002802348928526076,
-0.003588435938581869
],
"l_ring_pip": [
0.0026110645849257708,
-0.020529899746179837,
-0.0283429771661763
],
"l_ring_dip": [
-0.0049674175679683685,
-0.0035720437299460233,
-0.040279880166054174
],
"l_ring_tip": [
-0.001738280989229679,
0.018055690452456738,
-0.03874277323484478
],
"l_pinky_mcp": [
0.029460076242685318,
0.007804060354828871,
-0.01818868145346661
],
"l_pinky_pip": [
0.019227303564548492,
-0.001917507965117705,
-0.0385206863284113
],
"l_pinky_dip": [
0.006498428992927074,
0.012042630463838598,
-0.05063946172595085
],
"l_pinky_tip": [
0.008933315984904766,
0.03060581535100972,
-0.04481335356831617
],
"r_hand_position": null,
"r_wrist": null,
"r_thumb_cmc": null,
"r_thumb_mcp": null,
"r_thumb_ip": null,
"r_thumb_tip": null,
"r_index_mcp": null,
"r_index_pip": null,
"r_index_dip": null,
"r_index_tip": null,
"r_middle_mcp": null,
"r_middle_pip": null,
"r_middle_dip": null,
"r_middle_tip": null,
"r_ring_mcp": null,
"r_ring_pip": null,
"r_ring_dip": null,
"r_ring_tip": null,
"r_pinky_mcp": null,
"r_pinky_pip": null,
"r_pinky_dip": null,
"r_pinky_tip": null
}
],
"framerate": 30,
"mirrorable": true
}