{
"label": "r",
"gestures": [
{
"l_hand_position": null,
"l_wrist": [
0.01687220111489296,
0.08818189799785697,
0.03312039747834234
],
"l_thumb_cmc": [
-0.01583213545382023,
0.07215227186679915,
0.010897471569478618
],
"l_thumb_mcp": [
-0.0250324048101902,
0.05081886798143451,
-0.014749639667570834
],
"l_thumb_ip": [
-0.016532503068447113,
0.0239276085048916,
-0.04116987809538887
],
"l_thumb_tip": [
0.008077721111476421,
0.005869914777576964,
-0.05044009163975779
],
"l_index_mcp": [
-0.029525702819228172,
0.000973077490925803,
-0.002162768039852413
],
"l_index_pip": [
-0.025097990408539772,
-0.028429366648197382,
-0.008356498554349038
],
"l_index_dip": [
-0.021330783143639565,
-0.053360085934401204,
-0.012147917412221576
],
"l_index_tip": [
-0.01704712025821209,
-0.0807164832949645,
-0.02952588163316277
],
"l_middle_mcp": [
-0.005616032052785158,
-0.0038498770445585745,
0.004415146075189174
],
"l_middle_pip": [
-0.015221268869936466,
-0.042368009686470434,
-0.007528380025178195
],
"l_middle_dip": [
-0.027491087093949318,
-0.06802661716938081,
-0.02405928634107124
],
"l_middle_tip": [
-0.03385058417916298,
-0.09194271266460516,
-0.04593306034803432
],
"l_ring_mcp": [
0.020100466907024384,
-0.0022435425780713714,
0.0020676120184362125
],
"l_ring_pip": [
0.0169183649122715,
-0.022702788934111866,
-0.02367877587676071
],
"l_ring_dip": [
0.01162062305957079,
-0.008840557187795816,
-0.04610773175954863
],
"l_ring_tip": [
0.009764323942363262,
0.012275261804461547,
-0.05598215758800571
],
"l_pinky_mcp": [
0.03433090075850487,
0.01285540312528625,
0.00020661404414567674
],
"l_pinky_pip": [
0.03812876716256142,
-0.006615884602069947,
-0.017223434522748236
],
"l_pinky_dip": [
0.03512420877814293,
0.002347505185753097,
-0.03750771284103425
],
"l_pinky_tip": [
0.03013458661735058,
0.017609365284443013,
-0.03927173838019408
],
"r_hand_position": null,
"r_wrist": null,
"r_thumb_cmc": null,
"r_thumb_mcp": null,
"r_thumb_ip": null,
"r_thumb_tip": null,
"r_index_mcp": null,
"r_index_pip": null,
"r_index_dip": null,
"r_index_tip": null,
"r_middle_mcp": null,
"r_middle_pip": null,
"r_middle_dip": null,
"r_middle_tip": null,
"r_ring_mcp": null,
"r_ring_pip": null,
"r_ring_dip": null,
"r_ring_tip": null,
"r_pinky_mcp": null,
"r_pinky_pip": null,
"r_pinky_dip": null,
"r_pinky_tip": null
}
],
"framerate": 30,
"mirrorable": true
}