{
    "label": "r",
    "label_id": 18,
    "gestures": [
        {
            "wrist": [
                -0.03268629312515259,
                0.08869946002960205,
                0.0005551184876821935
            ],
            "thumb_cmc": [
                0.0014783591032028198,
                0.0685461163520813,
                -0.004667392000555992
            ],
            "thumb_mcp": [
                0.025353169068694115,
                0.04206959530711174,
                -0.013357289135456085
            ],
            "thumb_ip": [
                0.024722162634134293,
                0.00975068099796772,
                -0.025296121835708618
            ],
            "thumb_tip": [
                0.004496149253100157,
                -0.018698647618293762,
                -0.029185738414525986
            ],
            "index_mcp": [
                0.02276168391108513,
                -0.0036853160709142685,
                0.010236485861241817
            ],
            "index_pip": [
                0.030745141208171844,
                -0.03108600154519081,
                0.0083930604159832
            ],
            "index_dip": [
                0.035324063152074814,
                -0.058270785957574844,
                0.003119549248367548
            ],
            "index_tip": [
                0.03599296510219574,
                -0.08186420798301697,
                -0.015391401946544647
            ],
            "middle_mcp": [
                0.0005553795490413904,
                -0.006020791828632355,
                0.008325130678713322
            ],
            "middle_pip": [
                0.01629837229847908,
                -0.040373362600803375,
                -0.0017063190462067723
            ],
            "middle_dip": [
                0.026085272431373596,
                -0.06896059215068817,
                -0.011679631657898426
            ],
            "middle_tip": [
                0.03873806819319725,
                -0.09551994502544403,
                -0.0268048495054245
            ],
            "ring_mcp": [
                -0.013469131663441658,
                0.0017130980268120766,
                -0.004695580806583166
            ],
            "ring_pip": [
                0.0008650003001093864,
                -0.008589646779000759,
                -0.0325002484023571
            ],
            "ring_dip": [
                0.009210405871272087,
                0.013154037296772003,
                -0.040868762880563736
            ],
            "ring_tip": [
                0.00921829603612423,
                0.03397250920534134,
                -0.0353705957531929
            ],
            "pinky_mcp": [
                -0.032468244433403015,
                0.015082511119544506,
                -0.02080344967544079
            ],
            "pinky_pip": [
                -0.015014865435659885,
                0.00882598478347063,
                -0.03690814599394798
            ],
            "pinky_dip": [
                -0.00021020136773586273,
                0.027741169556975365,
                -0.045691341161727905
            ],
            "pinky_tip": [
                -0.0007005482912063599,
                0.046933189034461975,
                -0.03603023290634155
            ]
        }
    ]
}