{
"label": "r",
"gestures": [
{
"l_hand_position": null,
"l_wrist": [
0.009365880861878395,
0.09450519084930525,
0.013108411803841855
],
"l_thumb_cmc": [
-0.019401108846068382,
0.0696502923965464,
0.007073794957250549
],
"l_thumb_mcp": [
-0.027444075793027878,
0.04178954288363502,
-0.0067149829119444344
],
"l_thumb_ip": [
-0.02617146261036396,
0.012297457084059816,
-0.027868375182152117
],
"l_thumb_tip": [
-0.0029775791335850954,
-0.004094654694199762,
-0.04673407599330002
],
"l_index_mcp": [
-0.027527637779712677,
-0.003275757655501385,
0.011388405226171136
],
"l_index_pip": [
-0.023148223757743835,
-0.031566265970468854,
0.0046792379580439395
],
"l_index_dip": [
-0.021035853773355484,
-0.05301800370216428,
0.0011495458893477856
],
"l_index_tip": [
-0.01979885995388031,
-0.07752801477909174,
-0.00826136209070693
],
"l_middle_mcp": [
-0.004646979738026857,
-0.00472583994269375,
0.006801882758736688
],
"l_middle_pip": [
-0.00897329393774271,
-0.045735210180283106,
-0.0008421241655014013
],
"l_middle_dip": [
-0.023411612957715988,
-0.0702541619539266,
-0.009569990448653632
],
"l_middle_tip": [
-0.032466091215610504,
-0.09654273092746848,
-0.01646322757005717
],
"l_ring_mcp": [
0.018035709857940674,
0.0011497489176690709,
-0.006195672787725992
],
"l_ring_pip": [
0.006879289634525776,
-0.016124974936247014,
-0.029898241162300356
],
"l_ring_dip": [
-0.004609112162142992,
0.0014733554562553401,
-0.03744720667600661
],
"l_ring_tip": [
-0.003573380643501878,
0.023202890530228885,
-0.028126034885645267
],
"l_pinky_mcp": [
0.028241455554962158,
0.017615685239434346,
-0.01734766550362127
],
"l_pinky_pip": [
0.022643446922302246,
0.006445515900850334,
-0.03476206958293953
],
"l_pinky_dip": [
0.009411558508872986,
0.018780428916216042,
-0.04085915163159412
],
"l_pinky_tip": [
0.00990303885191679,
0.037212394177914034,
-0.030856812372803966
],
"r_hand_position": null,
"r_wrist": null,
"r_thumb_cmc": null,
"r_thumb_mcp": null,
"r_thumb_ip": null,
"r_thumb_tip": null,
"r_index_mcp": null,
"r_index_pip": null,
"r_index_dip": null,
"r_index_tip": null,
"r_middle_mcp": null,
"r_middle_pip": null,
"r_middle_dip": null,
"r_middle_tip": null,
"r_ring_mcp": null,
"r_ring_pip": null,
"r_ring_dip": null,
"r_ring_tip": null,
"r_pinky_mcp": null,
"r_pinky_pip": null,
"r_pinky_dip": null,
"r_pinky_tip": null
}
],
"framerate": 30,
"mirrorable": true
}