{
"label": "f",
"gestures": [
{
"l_hand_position": null,
"l_wrist": null,
"l_thumb_cmc": null,
"l_thumb_mcp": null,
"l_thumb_ip": null,
"l_thumb_tip": null,
"l_index_mcp": null,
"l_index_pip": null,
"l_index_dip": null,
"l_index_tip": null,
"l_middle_mcp": null,
"l_middle_pip": null,
"l_middle_dip": null,
"l_middle_tip": null,
"l_ring_mcp": null,
"l_ring_pip": null,
"l_ring_dip": null,
"l_ring_tip": null,
"l_pinky_mcp": null,
"l_pinky_pip": null,
"l_pinky_dip": null,
"l_pinky_tip": null,
"r_hand_position": null,
"r_wrist": [
-0.0001615658402442932,
0.08656927198171616,
-0.05980353057384491
],
"r_thumb_cmc": [
0.026563048362731934,
0.06737139821052551,
-0.041043832898139954
],
"r_thumb_mcp": [
0.04297441616654396,
0.038171861320734024,
-0.026720372959971428
],
"r_thumb_ip": [
0.055079225450754166,
0.009099412709474564,
0.0006261852686293423
],
"r_thumb_tip": [
0.06533167511224747,
-0.01586497388780117,
0.023550862446427345
],
"r_index_mcp": [
0.022500382736325264,
0.004898767918348312,
0.013409123755991459
],
"r_index_pip": [
0.0387483574450016,
-0.008328190073370934,
0.0003741542750503868
],
"r_index_dip": [
0.05536886304616928,
-0.012913139536976814,
-0.008065987378358841
],
"r_index_tip": [
0.07243136316537857,
-0.008941145613789558,
-0.03372731804847717
],
"r_middle_mcp": [
-6.0524907894432545e-05,
-0.004139955621212721,
0.008774100802838802
],
"r_middle_pip": [
0.01990824192762375,
-0.03720932826399803,
0.0019172345055267215
],
"r_middle_dip": [
0.03833829239010811,
-0.05272353067994118,
-0.010403737425804138
],
"r_middle_tip": [
0.057320788502693176,
-0.07098289579153061,
-0.02545703947544098
],
"r_ring_mcp": [
-0.015929052606225014,
-0.005765058100223541,
-0.008383176289498806
],
"r_ring_pip": [
-0.010149728506803513,
-0.04241517558693886,
-0.008804081939160824
],
"r_ring_dip": [
-0.003238517791032791,
-0.066205695271492,
-0.013429157435894012
],
"r_ring_tip": [
0.008825831115245819,
-0.08360736817121506,
-0.021756507456302643
],
"r_pinky_mcp": [
-0.027028590440750122,
-0.0013744048774242401,
-0.02509533241391182
],
"r_pinky_pip": [
-0.0347309410572052,
-0.02601202204823494,
-0.020008189603686333
],
"r_pinky_dip": [
-0.03681308776140213,
-0.05430951714515686,
-0.014832391403615475
],
"r_pinky_tip": [
-0.0328899547457695,
-0.07340245693922043,
-0.01656360551714897
]
}
],
"framerate": 30,
"mirrorable": true
}