{
"label": "f",
"gestures": [
{
"l_hand_position": null,
"l_wrist": null,
"l_thumb_cmc": null,
"l_thumb_mcp": null,
"l_thumb_ip": null,
"l_thumb_tip": null,
"l_index_mcp": null,
"l_index_pip": null,
"l_index_dip": null,
"l_index_tip": null,
"l_middle_mcp": null,
"l_middle_pip": null,
"l_middle_dip": null,
"l_middle_tip": null,
"l_ring_mcp": null,
"l_ring_pip": null,
"l_ring_dip": null,
"l_ring_tip": null,
"l_pinky_mcp": null,
"l_pinky_pip": null,
"l_pinky_dip": null,
"l_pinky_tip": null,
"r_hand_position": null,
"r_wrist": [
-0.013156257569789886,
0.08170615881681442,
-0.026868119835853577
],
"r_thumb_cmc": [
-0.030511589720845222,
0.0652124360203743,
-0.008376277051866055
],
"r_thumb_mcp": [
-0.038187239319086075,
0.041437845677137375,
0.007074417546391487
],
"r_thumb_ip": [
-0.05332963541150093,
0.0161726176738739,
0.0309018362313509
],
"r_thumb_tip": [
-0.06218385323882103,
-0.0051125530153512955,
0.05621420592069626
],
"r_index_mcp": [
-0.016091080382466316,
0.009248588234186172,
0.022141598165035248
],
"r_index_pip": [
-0.03120972402393818,
-0.010527223348617554,
0.011443937197327614
],
"r_index_dip": [
-0.051645874977111816,
-0.01765141822397709,
0.005678513087332249
],
"r_index_tip": [
-0.07430989295244217,
-0.006517777219414711,
-0.012810020707547665
],
"r_middle_mcp": [
-0.0018298330251127481,
-0.0022468017414212227,
0.009226271882653236
],
"r_middle_pip": [
-0.01339004561305046,
-0.03169720619916916,
0.005111092235893011
],
"r_middle_dip": [
-0.034747883677482605,
-0.04676321893930435,
-0.009326867759227753
],
"r_middle_tip": [
-0.051529496908187866,
-0.055759549140930176,
-0.02166321873664856
],
"r_ring_mcp": [
0.012294922024011612,
-0.0072807567194104195,
-0.013629826717078686
],
"r_ring_pip": [
0.006445757113397121,
-0.03415102884173393,
-0.00969761423766613
],
"r_ring_dip": [
-0.008036760613322258,
-0.05465814471244812,
-0.018921256065368652
],
"r_ring_tip": [
-0.02371465042233467,
-0.06769206374883652,
-0.03026631660759449
],
"r_pinky_mcp": [
0.010739902034401894,
-0.0034960254561156034,
-0.032311372458934784
],
"r_pinky_pip": [
0.01881685107946396,
-0.02572297677397728,
-0.025766480714082718
],
"r_pinky_dip": [
0.01812676154077053,
-0.05175075680017471,
-0.023895669728517532
],
"r_pinky_tip": [
0.011759577319025993,
-0.07295393198728561,
-0.02918924391269684
]
}
],
"framerate": 30,
"mirrorable": true
}