{
"label": "f",
"gestures": [
{
"l_hand_position": null,
"l_wrist": null,
"l_thumb_cmc": null,
"l_thumb_mcp": null,
"l_thumb_ip": null,
"l_thumb_tip": null,
"l_index_mcp": null,
"l_index_pip": null,
"l_index_dip": null,
"l_index_tip": null,
"l_middle_mcp": null,
"l_middle_pip": null,
"l_middle_dip": null,
"l_middle_tip": null,
"l_ring_mcp": null,
"l_ring_pip": null,
"l_ring_dip": null,
"l_ring_tip": null,
"l_pinky_mcp": null,
"l_pinky_pip": null,
"l_pinky_dip": null,
"l_pinky_tip": null,
"r_hand_position": null,
"r_wrist": [
-0.010758910328149796,
0.08024593442678452,
-0.02784833125770092
],
"r_thumb_cmc": [
-0.029588814824819565,
0.06326010078191757,
-0.009329479187726974
],
"r_thumb_mcp": [
-0.03858819231390953,
0.041746482253074646,
0.010102910920977592
],
"r_thumb_ip": [
-0.053407635539770126,
0.022826777771115303,
0.03780660778284073
],
"r_thumb_tip": [
-0.06084198132157326,
0.006194239482283592,
0.06660766899585724
],
"r_index_mcp": [
-0.017456797882914543,
0.00952584482729435,
0.02168426290154457
],
"r_index_pip": [
-0.03423427790403366,
-0.007930253632366657,
0.011239233426749706
],
"r_index_dip": [
-0.052852876484394073,
-0.009459134191274643,
0.0063025010749697685
],
"r_index_tip": [
-0.07174573093652725,
0.011846734210848808,
-0.00561588816344738
],
"r_middle_mcp": [
-0.0024356022477149963,
-0.002094750292599201,
0.008887328207492828
],
"r_middle_pip": [
-0.014634847640991211,
-0.028975483030080795,
0.004118585493415594
],
"r_middle_dip": [
-0.037726372480392456,
-0.04118729382753372,
-0.010599490255117416
],
"r_middle_tip": [
-0.055566176772117615,
-0.046342551708221436,
-0.022693296894431114
],
"r_ring_mcp": [
0.012856194749474525,
-0.0076014334335923195,
-0.013055284507572651
],
"r_ring_pip": [
0.00590605940669775,
-0.030979372560977936,
-0.009448491036891937
],
"r_ring_dip": [
-0.006441529840230942,
-0.05172276496887207,
-0.020211899653077126
],
"r_ring_tip": [
-0.020212339237332344,
-0.06416024267673492,
-0.03512001782655716
],
"r_pinky_mcp": [
0.012932904064655304,
-0.0033226804807782173,
-0.03301066532731056
],
"r_pinky_pip": [
0.020237166434526443,
-0.026580700650811195,
-0.025067554786801338
],
"r_pinky_dip": [
0.01605144515633583,
-0.05192146450281143,
-0.02203080803155899
],
"r_pinky_tip": [
0.008491747081279755,
-0.073873370885849,
-0.02866940200328827
]
}
],
"framerate": 30,
"mirrorable": true
}