{
"label": "f",
"gestures": [
{
"l_hand_position": null,
"l_wrist": null,
"l_thumb_cmc": null,
"l_thumb_mcp": null,
"l_thumb_ip": null,
"l_thumb_tip": null,
"l_index_mcp": null,
"l_index_pip": null,
"l_index_dip": null,
"l_index_tip": null,
"l_middle_mcp": null,
"l_middle_pip": null,
"l_middle_dip": null,
"l_middle_tip": null,
"l_ring_mcp": null,
"l_ring_pip": null,
"l_ring_dip": null,
"l_ring_tip": null,
"l_pinky_mcp": null,
"l_pinky_pip": null,
"l_pinky_dip": null,
"l_pinky_tip": null,
"r_hand_position": null,
"r_wrist": [
-0.0010592937469482422,
0.08639107644557953,
-0.029151184484362602
],
"r_thumb_cmc": [
0.0216227974742651,
0.06920564919710159,
-0.006729388143867254
],
"r_thumb_mcp": [
0.034246839582920074,
0.04201209545135498,
0.0034494511783123016
],
"r_thumb_ip": [
0.04077829420566559,
0.014562755823135376,
0.02335367351770401
],
"r_thumb_tip": [
0.037559874355793,
-0.009881777688860893,
0.03740754723548889
],
"r_index_mcp": [
0.019004227593541145,
0.0036669960245490074,
0.01949198916554451
],
"r_index_pip": [
0.037745311856269836,
-0.005093079060316086,
0.0012899661669507623
],
"r_index_dip": [
0.05755184590816498,
-0.0015759281814098358,
-0.003745054127648473
],
"r_index_tip": [
0.07813385128974915,
0.009214820340275764,
-0.02216055430471897
],
"r_middle_mcp": [
-0.0013504800153896213,
-0.0048272497951984406,
0.0068130455911159515
],
"r_middle_pip": [
0.022190263494849205,
-0.0312633253633976,
-0.0057485392317175865
],
"r_middle_dip": [
0.03956003114581108,
-0.042473141103982925,
-0.02118818834424019
],
"r_middle_tip": [
0.06205082684755325,
-0.05741719529032707,
-0.043244656175374985
],
"r_ring_mcp": [
-0.014146712608635426,
-0.0061264801770448685,
-0.012967939488589764
],
"r_ring_pip": [
-0.009863636456429958,
-0.04097448289394379,
-0.021050944924354553
],
"r_ring_dip": [
-0.005725441500544548,
-0.0663103237748146,
-0.026943190023303032
],
"r_ring_tip": [
0.0063208527863025665,
-0.08865487575531006,
-0.03749049827456474
],
"r_pinky_mcp": [
-0.021133095026016235,
0.001535608433187008,
-0.02775224670767784
],
"r_pinky_pip": [
-0.027754399925470352,
-0.02342033199965954,
-0.027270793914794922
],
"r_pinky_dip": [
-0.027291394770145416,
-0.05232571065425873,
-0.024929679930210114
],
"r_pinky_tip": [
-0.021421555429697037,
-0.07397174835205078,
-0.0312587209045887
]
}
],
"framerate": 30,
"mirrorable": true
}