{
"label": "m",
"gestures": [
{
"l_hand_position": null,
"l_wrist": null,
"l_thumb_cmc": null,
"l_thumb_mcp": null,
"l_thumb_ip": null,
"l_thumb_tip": null,
"l_index_mcp": null,
"l_index_pip": null,
"l_index_dip": null,
"l_index_tip": null,
"l_middle_mcp": null,
"l_middle_pip": null,
"l_middle_dip": null,
"l_middle_tip": null,
"l_ring_mcp": null,
"l_ring_pip": null,
"l_ring_dip": null,
"l_ring_tip": null,
"l_pinky_mcp": null,
"l_pinky_pip": null,
"l_pinky_dip": null,
"l_pinky_tip": null,
"r_hand_position": [
-0.19684258103370667,
0.18666261434555054,
-0.5685807913541794
],
"r_wrist": [
-0.776413542996313,
0.4819663679371522,
0.4060670270157156
],
"r_thumb_cmc": [
-0.5085339478026655,
-0.12193458551409012,
0.437442939882274
],
"r_thumb_mcp": [
-0.05969890541467669,
-0.279372370320032,
0.38801444083062053
],
"r_thumb_ip": [
0.2984449420924144,
-0.06228720612945955,
0.37098916162198253
],
"r_thumb_tip": [
0.4394723921646928,
0.13362746515442087,
0.34107169223895883
],
"r_index_mcp": [
-0.003692757639641457,
-0.38503778830606444,
0.04068880013077485
],
"r_index_pip": [
0.5568275135289299,
-0.5465510703378466,
-0.06694347406211254
],
"r_index_dip": [
0.8912226255779455,
-0.6415777747914098,
-0.11131034162019549
],
"r_index_tip": [
1.1538349194124256,
-0.7082845732103739,
-0.1426011556115211
],
"r_middle_mcp": [
0.0,
0.0,
0.0
],
"r_middle_pip": [
0.5631343348983773,
-0.27117196734638943,
-0.17291941578572606
],
"r_middle_dip": [
0.9017074668563043,
-0.4337655314190702,
-0.2551312260029027
],
"r_middle_tip": [
1.1385131602929899,
-0.5359889400144185,
-0.3060014902642391
],
"r_ring_mcp": [
-0.029468124793195605,
0.39539840244349017,
0.004515585989316428
],
"r_ring_pip": [
0.5622077486525819,
0.31449900609093023,
-0.18315875847058602
],
"r_ring_dip": [
0.9202889532121855,
0.2644700542602528,
-0.27057932977135546
],
"r_ring_tip": [
1.1818029661870522,
0.24142627253517138,
-0.30950684843843884
],
"r_pinky_mcp": [
-0.04573870399330934,
0.7294416552325332,
0.04524146456893869
],
"r_pinky_pip": [
0.35772387507041375,
0.45415678135081805,
-0.038198654738639794
],
"r_pinky_dip": [
0.3282321047702792,
0.22549555338255367,
0.008638815376552157
],
"r_pinky_tip": [
0.25055784968879136,
0.12405244651619156,
0.0485807307027928
],
"l_hand_velocity": null,
"r_hand_velocity": null,
"m_nose_point": null,
"m_top_nose": null,
"m_eyebrows": null,
"m_forehead": null,
"m_top_chin": null,
"m_bot_up_lip": null,
"m_top_low_lip": null,
"m_bot_nose": null,
"m_chin": null,
"m_nose": null,
"l_eye_exterior": null,
"l_temple": null,
"l_mid_chin": null,
"l_up_lip": null,
"l_ext_nostril": null,
"l_mid_cheek": null,
"l_mid_eyebrow": null,
"l_ext_eyebrow": null,
"l_ext_lips": null,
"l_jaw_angle": null,
"l_mid_ext_face": null,
"l_int_eyebrow": null,
"l_mid_jaw": null,
"l_mid_bot_eyelid": null,
"l_ext_mouth": null,
"l_top_eyelid": null,
"l_eye_int": null,
"l_pupil": null,
"r_eye_exterior": null,
"r_temple": null,
"r_mid_chin": null,
"r_up_lip": null,
"r_ext_nostril": null,
"r_mid_cheek": null,
"r_mid_eyebrow": null,
"r_ext_eyebrow": null,
"r_ext_lips": null,
"r_jaw_angle": null,
"r_mid_ext_face": null,
"r_int_eyebrow": null,
"r_mid_jaw": null,
"r_mid_bot_eyelid": null,
"r_ext_mouth": null,
"r_top_eyelid": null,
"r_eye_int": null,
"r_pupil": null,
"l_shoulder": null,
"l_elbow": null,
"l_hip": null,
"l_knee": null,
"l_ankle": null,
"l_body_wrist": null,
"r_shoulder": null,
"r_elbow": null,
"r_hip": null,
"r_knee": null,
"r_ankle": null,
"r_body_wrist": null,
"m_face_position": null,
"m_body_position": null,
"m_face_scale": null,
"m_body_scale": null,
"l_hand_scale": null,
"r_hand_scale": [
0.1688909106604284,
0.1688909106604284,
0.1688909106604284
]
}
],
"framerate": 30,
"mirrorable": true,
"invalid": false
}