{
"label": "m",
"gestures": [
{
"l_hand_position": [
0.09091413021087646,
-0.01023036241531372,
-0.5452345199882984
],
"l_wrist": [
0.8374256352435295,
0.4549956384279779,
0.30281557827907035
],
"l_thumb_cmc": [
0.6220896554059249,
-0.10509716540758042,
0.32534707929943124
],
"l_thumb_mcp": [
0.3284634306247593,
-0.48278791526798104,
0.29254322929425186
],
"l_thumb_ip": [
-0.019509617332949796,
-0.6700267742602165,
0.2724026641735269
],
"l_thumb_tip": [
-0.3009564462766891,
-0.6571325511510451,
0.24578402677892117
],
"l_index_mcp": [
0.05946413255981542,
-0.3367373119012916,
0.05247686057032876
],
"l_index_pip": [
-0.5248168859711532,
-0.4839274891937997,
-0.04328061669706305
],
"l_index_dip": [
-0.8293955493691945,
-0.5381244839357686,
-0.06942445656073254
],
"l_index_tip": [
-1.0511304602461389,
-0.5897646195332537,
-0.08135092963127219
],
"l_middle_mcp": [
0.0,
0.0,
0.0
],
"l_middle_pip": [
-0.598528884687528,
-0.20535333618806167,
-0.18104374749280552
],
"l_middle_dip": [
-0.953234037433897,
-0.35136822811694973,
-0.2802551093360472
],
"l_middle_tip": [
-1.2169205109812373,
-0.46431752072557564,
-0.33440861193588933
],
"l_ring_mcp": [
0.00038464610101162906,
0.35993977121023996,
-0.020430109568066512
],
"l_ring_pip": [
-0.5413949733205631,
0.46503953018592886,
-0.18576359256345276
],
"l_ring_dip": [
-0.8728439998486621,
0.5379694683649772,
-0.24456606599774688
],
"l_ring_tip": [
-1.1109636774983151,
0.5816555295842294,
-0.2540294972624959
],
"l_pinky_mcp": [
0.05405793959030654,
0.7027599978521148,
-0.020684528624246534
],
"l_pinky_pip": [
-0.3879427255827474,
0.6695415775186915,
-0.11776407723493647
],
"l_pinky_dip": [
-0.6041309918018467,
0.6460135256595092,
-0.12460785508119045
],
"l_pinky_tip": [
-0.7858886438546665,
0.6073853212622728,
-0.11205919998431917
],
"r_hand_position": null,
"r_wrist": null,
"r_thumb_cmc": null,
"r_thumb_mcp": null,
"r_thumb_ip": null,
"r_thumb_tip": null,
"r_index_mcp": null,
"r_index_pip": null,
"r_index_dip": null,
"r_index_tip": null,
"r_middle_mcp": null,
"r_middle_pip": null,
"r_middle_dip": null,
"r_middle_tip": null,
"r_ring_mcp": null,
"r_ring_pip": null,
"r_ring_dip": null,
"r_ring_tip": null,
"r_pinky_mcp": null,
"r_pinky_pip": null,
"r_pinky_dip": null,
"r_pinky_tip": null,
"l_hand_velocity": null,
"r_hand_velocity": null,
"m_nose_point": null,
"m_top_nose": null,
"m_eyebrows": null,
"m_forehead": null,
"m_top_chin": null,
"m_bot_up_lip": null,
"m_top_low_lip": null,
"m_bot_nose": null,
"m_chin": null,
"m_nose": null,
"l_eye_exterior": null,
"l_temple": null,
"l_mid_chin": null,
"l_up_lip": null,
"l_ext_nostril": null,
"l_mid_cheek": null,
"l_mid_eyebrow": null,
"l_ext_eyebrow": null,
"l_ext_lips": null,
"l_jaw_angle": null,
"l_mid_ext_face": null,
"l_int_eyebrow": null,
"l_mid_jaw": null,
"l_mid_bot_eyelid": null,
"l_ext_mouth": null,
"l_top_eyelid": null,
"l_eye_int": null,
"l_pupil": null,
"r_eye_exterior": null,
"r_temple": null,
"r_mid_chin": null,
"r_up_lip": null,
"r_ext_nostril": null,
"r_mid_cheek": null,
"r_mid_eyebrow": null,
"r_ext_eyebrow": null,
"r_ext_lips": null,
"r_jaw_angle": null,
"r_mid_ext_face": null,
"r_int_eyebrow": null,
"r_mid_jaw": null,
"r_mid_bot_eyelid": null,
"r_ext_mouth": null,
"r_top_eyelid": null,
"r_eye_int": null,
"r_pupil": null,
"l_shoulder": null,
"l_elbow": null,
"l_hip": null,
"l_knee": null,
"l_ankle": null,
"l_body_wrist": null,
"r_shoulder": null,
"r_elbow": null,
"r_hip": null,
"r_knee": null,
"r_ankle": null,
"r_body_wrist": null,
"m_face_position": null,
"m_body_position": null,
"m_face_scale": null,
"m_body_scale": null,
"l_hand_scale": [
0.14938115169335722,
0.14938115169335722,
0.14938115169335722
],
"r_hand_scale": null
}
],
"framerate": 30,
"mirrorable": true,
"invalid": false
}