{
"label": "m",
"gestures": [
{
"l_hand_position": [
0.10972791910171509,
0.026644110679626465,
-0.5253844186663628
],
"l_wrist": [
0.8669623108336277,
0.47089971209563025,
0.1631864355339278
],
"l_thumb_cmc": [
0.6295320459998819,
-0.06529505666883828,
0.24890031399171808
],
"l_thumb_mcp": [
0.330096996383684,
-0.300774991480259,
0.2581946279977896
],
"l_thumb_ip": [
0.015924502107629447,
-0.15258975935571178,
0.25609949602949206
],
"l_thumb_tip": [
-0.17776664241601034,
0.09647964590203198,
0.24084928747875847
],
"l_index_mcp": [
0.0666790629636592,
-0.27500343018918466,
0.08257174408630381
],
"l_index_pip": [
-0.45061244817381724,
-0.4795189063367291,
0.025811374941149417
],
"l_index_dip": [
-0.7465416933618689,
-0.5802185836141792,
0.017169262406443373
],
"l_index_tip": [
-0.9637810612680286,
-0.6819832790246456,
0.012210409425932506
],
"l_middle_mcp": [
0.0,
0.0,
0.0
],
"l_middle_pip": [
-0.5370756742107015,
-0.24914488954348013,
-0.10982384031583226
],
"l_middle_dip": [
-0.8556933116280122,
-0.3989493937062093,
-0.17985280583576466
],
"l_middle_tip": [
-1.0884090655394223,
-0.5274330356690857,
-0.2199535931526024
],
"l_ring_mcp": [
0.0036684596529943294,
0.29869400084150693,
-0.06049931392631926
],
"l_ring_pip": [
-0.5249364982898206,
0.3783996590446531,
-0.18222220296345165
],
"l_ring_dip": [
-0.8248223461911394,
0.47388344881151356,
-0.2548758519327555
],
"l_ring_tip": [
-1.0349196362090614,
0.5295843378125719,
-0.27971861165720585
],
"l_pinky_mcp": [
0.056121225353610554,
0.6239944881447457,
-0.10001782810756255
],
"l_pinky_pip": [
-0.37638610614341167,
0.6472911611029716,
-0.19153900419804679
],
"l_pinky_dip": [
-0.6078140291697463,
0.6803103633316256,
-0.22520401376599403
],
"l_pinky_tip": [
-0.7972234521149042,
0.6832745584303893,
-0.23431620277427842
],
"r_hand_position": null,
"r_wrist": null,
"r_thumb_cmc": null,
"r_thumb_mcp": null,
"r_thumb_ip": null,
"r_thumb_tip": null,
"r_index_mcp": null,
"r_index_pip": null,
"r_index_dip": null,
"r_index_tip": null,
"r_middle_mcp": null,
"r_middle_pip": null,
"r_middle_dip": null,
"r_middle_tip": null,
"r_ring_mcp": null,
"r_ring_pip": null,
"r_ring_dip": null,
"r_ring_tip": null,
"r_pinky_mcp": null,
"r_pinky_pip": null,
"r_pinky_dip": null,
"r_pinky_tip": null,
"l_hand_velocity": null,
"r_hand_velocity": null,
"m_nose_point": null,
"m_top_nose": null,
"m_eyebrows": null,
"m_forehead": null,
"m_top_chin": null,
"m_bot_up_lip": null,
"m_top_low_lip": null,
"m_bot_nose": null,
"m_chin": null,
"m_nose": null,
"l_eye_exterior": null,
"l_temple": null,
"l_mid_chin": null,
"l_up_lip": null,
"l_ext_nostril": null,
"l_mid_cheek": null,
"l_mid_eyebrow": null,
"l_ext_eyebrow": null,
"l_ext_lips": null,
"l_jaw_angle": null,
"l_mid_ext_face": null,
"l_int_eyebrow": null,
"l_mid_jaw": null,
"l_mid_bot_eyelid": null,
"l_ext_mouth": null,
"l_top_eyelid": null,
"l_eye_int": null,
"l_pupil": null,
"r_eye_exterior": null,
"r_temple": null,
"r_mid_chin": null,
"r_up_lip": null,
"r_ext_nostril": null,
"r_mid_cheek": null,
"r_mid_eyebrow": null,
"r_ext_eyebrow": null,
"r_ext_lips": null,
"r_jaw_angle": null,
"r_mid_ext_face": null,
"r_int_eyebrow": null,
"r_mid_jaw": null,
"r_mid_bot_eyelid": null,
"r_ext_mouth": null,
"r_top_eyelid": null,
"r_eye_int": null,
"r_pupil": null,
"l_shoulder": null,
"l_elbow": null,
"l_hip": null,
"l_knee": null,
"l_ankle": null,
"l_body_wrist": null,
"r_shoulder": null,
"r_elbow": null,
"r_hip": null,
"r_knee": null,
"r_ankle": null,
"r_body_wrist": null,
"m_face_position": null,
"m_body_position": null,
"m_face_scale": null,
"m_body_scale": null,
"l_hand_scale": [
0.1555570792808913,
0.1555570792808913,
0.1555570792808913
],
"r_hand_scale": null
}
],
"framerate": 30,
"mirrorable": true,
"invalid": false
}