{
"label": "m",
"gestures": [
{
"l_hand_position": [
0.04928183555603027,
-0.04030892252922058,
-0.533449225127697
],
"l_wrist": [
0.6997476582415109,
0.6904639785445648,
0.18333769148195522
],
"l_thumb_cmc": [
0.4543035870124325,
0.15975139354851478,
0.20011722829052941
],
"l_thumb_mcp": [
0.03090225674711666,
-0.13781787738804374,
0.17432909882088912
],
"l_thumb_ip": [
-0.3591795610894291,
-0.2418031594917914,
0.14957255752194026
],
"l_thumb_tip": [
-0.6392176027029648,
-0.20154257202417702,
0.10198714209753702
],
"l_index_mcp": [
-0.06277775375313932,
-0.23931435643964438,
0.05250692861483677
],
"l_index_pip": [
-0.5486615006806073,
-0.005720849336590511,
0.027818154661563392
],
"l_index_dip": [
-0.8063506266743906,
0.11595786879999759,
0.03270637759966574
],
"l_index_tip": [
-0.9823734931047259,
0.17991011021032627,
0.02501906797870271
],
"l_middle_mcp": [
0.0,
0.0,
0.0
],
"l_middle_pip": [
-0.5300064222502878,
0.2134238459804591,
-0.011887501681168075
],
"l_middle_dip": [
-0.7994285002542159,
0.3122348483861358,
-0.02795292875372748
],
"l_middle_tip": [
-0.9871336801448031,
0.4115474991360724,
-0.0683857893848277
],
"l_ring_mcp": [
0.06272450160067149,
0.28987482495543926,
-0.03540263535621199
],
"l_ring_pip": [
-0.443238573810389,
0.4606309554966091,
-0.06603497638113835
],
"l_ring_dip": [
-0.686898371231473,
0.5322992051093017,
-0.08550819409254717
],
"l_ring_tip": [
-0.8581752620857332,
0.5914077875473107,
-0.11956235345139403
],
"l_pinky_mcp": [
0.11713742031217622,
0.6425514161376766,
-0.061794283690404184
],
"l_pinky_pip": [
-0.3002929715201434,
0.7321666212329951,
-0.1292636786723345
],
"l_pinky_dip": [
-0.5104542247360625,
0.7813588688007208,
-0.1485306055492408
],
"l_pinky_tip": [
-0.6723538362511554,
0.8185285445229475,
-0.1610802471077965
],
"r_hand_position": null,
"r_wrist": null,
"r_thumb_cmc": null,
"r_thumb_mcp": null,
"r_thumb_ip": null,
"r_thumb_tip": null,
"r_index_mcp": null,
"r_index_pip": null,
"r_index_dip": null,
"r_index_tip": null,
"r_middle_mcp": null,
"r_middle_pip": null,
"r_middle_dip": null,
"r_middle_tip": null,
"r_ring_mcp": null,
"r_ring_pip": null,
"r_ring_dip": null,
"r_ring_tip": null,
"r_pinky_mcp": null,
"r_pinky_pip": null,
"r_pinky_dip": null,
"r_pinky_tip": null,
"l_hand_velocity": null,
"r_hand_velocity": null,
"m_nose_point": null,
"m_top_nose": null,
"m_eyebrows": null,
"m_forehead": null,
"m_top_chin": null,
"m_bot_up_lip": null,
"m_top_low_lip": null,
"m_bot_nose": null,
"m_chin": null,
"m_nose": null,
"l_eye_exterior": null,
"l_temple": null,
"l_mid_chin": null,
"l_up_lip": null,
"l_ext_nostril": null,
"l_mid_cheek": null,
"l_mid_eyebrow": null,
"l_ext_eyebrow": null,
"l_ext_lips": null,
"l_jaw_angle": null,
"l_mid_ext_face": null,
"l_int_eyebrow": null,
"l_mid_jaw": null,
"l_mid_bot_eyelid": null,
"l_ext_mouth": null,
"l_top_eyelid": null,
"l_eye_int": null,
"l_pupil": null,
"r_eye_exterior": null,
"r_temple": null,
"r_mid_chin": null,
"r_up_lip": null,
"r_ext_nostril": null,
"r_mid_cheek": null,
"r_mid_eyebrow": null,
"r_ext_eyebrow": null,
"r_ext_lips": null,
"r_jaw_angle": null,
"r_mid_ext_face": null,
"r_int_eyebrow": null,
"r_mid_jaw": null,
"r_mid_bot_eyelid": null,
"r_ext_mouth": null,
"r_top_eyelid": null,
"r_eye_int": null,
"r_pupil": null,
"l_shoulder": null,
"l_elbow": null,
"l_hip": null,
"l_knee": null,
"l_ankle": null,
"l_body_wrist": null,
"r_shoulder": null,
"r_elbow": null,
"r_hip": null,
"r_knee": null,
"r_ankle": null,
"r_body_wrist": null,
"m_face_position": null,
"m_body_position": null,
"m_face_scale": null,
"m_body_scale": null,
"l_hand_scale": [
0.1824444017405128,
0.1824444017405128,
0.1824444017405128
],
"r_hand_scale": null
}
],
"framerate": 30,
"mirrorable": true,
"invalid": false
}