{
"label": "m",
"gestures": [
{
"l_hand_position": [
-0.07568073272705078,
0.13503497838974,
-0.5341727882623672
],
"l_wrist": [
0.884934562036271,
0.4364215095227089,
0.16256410101739416
],
"l_thumb_cmc": [
0.6825778662051074,
-0.21858375975161023,
0.20901083779227508
],
"l_thumb_mcp": [
0.35170188275071257,
-0.6822490944178009,
0.21417514841438445
],
"l_thumb_ip": [
-0.09640924306297291,
-0.8211478732408063,
0.2306914028485849
],
"l_thumb_tip": [
-0.4083579523938,
-0.7247944887738655,
0.2252415656609228
],
"l_index_mcp": [
0.039361737928400774,
-0.4078910936203632,
0.04190969269757167
],
"l_index_pip": [
-0.5655368112010657,
-0.3844120527856013,
0.00752955089580399
],
"l_index_dip": [
-0.8842471043404327,
-0.31495203039262043,
-0.000899674284507545
],
"l_index_tip": [
-1.1207965622572642,
-0.2573232556039059,
-0.00399518329571701
],
"l_middle_mcp": [
0.0,
0.0,
0.0
],
"l_middle_pip": [
-0.6289879231010779,
-0.02857436555912237,
-0.039960764661611796
],
"l_middle_dip": [
-0.9807938672971905,
0.0018317082759804566,
-0.052555336284563374
],
"l_middle_tip": [
-1.2114945474221153,
0.0324770950808863,
-0.06546531758143039
],
"l_ring_mcp": [
0.011735125451703276,
0.3915228237058858,
-0.022040274389308844
],
"l_ring_pip": [
-0.5454498332309408,
0.3081667704786557,
-0.0559393358049126
],
"l_ring_dip": [
-0.8562211879659567,
0.27101740156315546,
-0.057096399127736126
],
"l_ring_tip": [
-1.0697337244178904,
0.24272232898419419,
-0.05660682121720753
],
"l_pinky_mcp": [
0.06568375446426451,
0.7704218882546624,
-0.029841515683517016
],
"l_pinky_pip": [
-0.40294236226731567,
0.6247009885152345,
-0.043684984145992305
],
"l_pinky_dip": [
-0.6348559111461887,
0.5575121709660003,
-0.01588459330866918
],
"l_pinky_tip": [
-0.8163472947630219,
0.4778405167075147,
0.009783512587920151
],
"r_hand_position": null,
"r_wrist": null,
"r_thumb_cmc": null,
"r_thumb_mcp": null,
"r_thumb_ip": null,
"r_thumb_tip": null,
"r_index_mcp": null,
"r_index_pip": null,
"r_index_dip": null,
"r_index_tip": null,
"r_middle_mcp": null,
"r_middle_pip": null,
"r_middle_dip": null,
"r_middle_tip": null,
"r_ring_mcp": null,
"r_ring_pip": null,
"r_ring_dip": null,
"r_ring_tip": null,
"r_pinky_mcp": null,
"r_pinky_pip": null,
"r_pinky_dip": null,
"r_pinky_tip": null,
"l_hand_velocity": null,
"r_hand_velocity": null,
"m_nose_point": null,
"m_top_nose": null,
"m_eyebrows": null,
"m_forehead": null,
"m_top_chin": null,
"m_bot_up_lip": null,
"m_top_low_lip": null,
"m_bot_nose": null,
"m_chin": null,
"m_nose": null,
"l_eye_exterior": null,
"l_temple": null,
"l_mid_chin": null,
"l_up_lip": null,
"l_ext_nostril": null,
"l_mid_cheek": null,
"l_mid_eyebrow": null,
"l_ext_eyebrow": null,
"l_ext_lips": null,
"l_jaw_angle": null,
"l_mid_ext_face": null,
"l_int_eyebrow": null,
"l_mid_jaw": null,
"l_mid_bot_eyelid": null,
"l_ext_mouth": null,
"l_top_eyelid": null,
"l_eye_int": null,
"l_pupil": null,
"r_eye_exterior": null,
"r_temple": null,
"r_mid_chin": null,
"r_up_lip": null,
"r_ext_nostril": null,
"r_mid_cheek": null,
"r_mid_eyebrow": null,
"r_ext_eyebrow": null,
"r_ext_lips": null,
"r_jaw_angle": null,
"r_mid_ext_face": null,
"r_int_eyebrow": null,
"r_mid_jaw": null,
"r_mid_bot_eyelid": null,
"r_ext_mouth": null,
"r_top_eyelid": null,
"r_eye_int": null,
"r_pupil": null,
"l_shoulder": null,
"l_elbow": null,
"l_hip": null,
"l_knee": null,
"l_ankle": null,
"l_body_wrist": null,
"r_shoulder": null,
"r_elbow": null,
"r_hip": null,
"r_knee": null,
"r_ankle": null,
"r_body_wrist": null,
"m_face_position": null,
"m_body_position": null,
"m_face_scale": null,
"m_body_scale": null,
"l_hand_scale": [
0.21021142411059984,
0.21021142411059984,
0.21021142411059984
],
"r_hand_scale": null
}
],
"framerate": 30,
"mirrorable": true,
"invalid": false
}