{
"label": "m",
"gestures": [
{
"l_hand_position": null,
"l_wrist": null,
"l_thumb_cmc": null,
"l_thumb_mcp": null,
"l_thumb_ip": null,
"l_thumb_tip": null,
"l_index_mcp": null,
"l_index_pip": null,
"l_index_dip": null,
"l_index_tip": null,
"l_middle_mcp": null,
"l_middle_pip": null,
"l_middle_dip": null,
"l_middle_tip": null,
"l_ring_mcp": null,
"l_ring_pip": null,
"l_ring_dip": null,
"l_ring_tip": null,
"l_pinky_mcp": null,
"l_pinky_pip": null,
"l_pinky_dip": null,
"l_pinky_tip": null,
"r_hand_position": [
-0.09059193730354309,
-0.11527955532073975,
-0.5342099778354168
],
"r_wrist": [
-0.7096201136488969,
0.6301385769874636,
0.3152216174331023
],
"r_thumb_cmc": [
-0.5141386300464178,
0.08104157041560472,
0.315812014670158
],
"r_thumb_mcp": [
-0.14426042110810022,
-0.20330581765592115,
0.25816438591385826
],
"r_thumb_ip": [
0.2209250547154428,
-0.14575427494064594,
0.20223881230387095
],
"r_thumb_tip": [
0.4670910216967135,
0.0011335714376376263,
0.14024876108198503
],
"r_index_mcp": [
-0.04341320476997221,
-0.3357719332294923,
0.06561299860408554
],
"r_index_pip": [
0.5507048216802329,
-0.3421957793149228,
-0.07333586593121774
],
"r_index_dip": [
0.908112371777117,
-0.3079195228115486,
-0.13204723923353082
],
"r_index_tip": [
1.177877659441319,
-0.2810554175302468,
-0.153917609463992
],
"r_middle_mcp": [
0.0,
0.0,
0.0
],
"r_middle_pip": [
0.6344064954186079,
-0.04805541047570478,
-0.12074684598752425
],
"r_middle_dip": [
1.0345050378627445,
-0.057339821887169934,
-0.1703431021592112
],
"r_middle_tip": [
1.3356341162678242,
-0.07746950228072337,
-0.1926983913485964
],
"r_ring_mcp": [
0.028072644016050606,
0.38130124785858166,
-0.05131106444173489
],
"r_ring_pip": [
0.6124836412150317,
0.2838451346414292,
-0.14095094446722103
],
"r_ring_dip": [
0.9864501765980075,
0.23865688002337324,
-0.18095910988790856
],
"r_ring_tip": [
1.256368694122239,
0.18681603295177826,
-0.19819053535275877
],
"r_pinky_mcp": [
0.03891022404458902,
0.7638928668861215,
-0.09532582684992777
],
"r_pinky_pip": [
0.506591098320771,
0.634892821730637,
-0.16172680589013277
],
"r_pinky_dip": [
0.7820506052996177,
0.5476742755596493,
-0.16712349016294611
],
"r_pinky_tip": [
1.0025563374411088,
0.47282862867781833,
-0.15516600031959527
],
"l_hand_velocity": null,
"r_hand_velocity": null,
"m_nose_point": null,
"m_top_nose": null,
"m_eyebrows": null,
"m_forehead": null,
"m_top_chin": null,
"m_bot_up_lip": null,
"m_top_low_lip": null,
"m_bot_nose": null,
"m_chin": null,
"m_nose": null,
"l_eye_exterior": null,
"l_temple": null,
"l_mid_chin": null,
"l_up_lip": null,
"l_ext_nostril": null,
"l_mid_cheek": null,
"l_mid_eyebrow": null,
"l_ext_eyebrow": null,
"l_ext_lips": null,
"l_jaw_angle": null,
"l_mid_ext_face": null,
"l_int_eyebrow": null,
"l_mid_jaw": null,
"l_mid_bot_eyelid": null,
"l_ext_mouth": null,
"l_top_eyelid": null,
"l_eye_int": null,
"l_pupil": null,
"r_eye_exterior": null,
"r_temple": null,
"r_mid_chin": null,
"r_up_lip": null,
"r_ext_nostril": null,
"r_mid_cheek": null,
"r_mid_eyebrow": null,
"r_ext_eyebrow": null,
"r_ext_lips": null,
"r_jaw_angle": null,
"r_mid_ext_face": null,
"r_int_eyebrow": null,
"r_mid_jaw": null,
"r_mid_bot_eyelid": null,
"r_ext_mouth": null,
"r_top_eyelid": null,
"r_eye_int": null,
"r_pupil": null,
"l_shoulder": null,
"l_elbow": null,
"l_hip": null,
"l_knee": null,
"l_ankle": null,
"l_body_wrist": null,
"r_shoulder": null,
"r_elbow": null,
"r_hip": null,
"r_knee": null,
"r_ankle": null,
"r_body_wrist": null,
"m_face_position": null,
"m_body_position": null,
"m_face_scale": null,
"m_body_scale": null,
"l_hand_scale": null,
"r_hand_scale": [
0.10852777578163879,
0.10852777578163879,
0.10852777578163879
]
}
],
"framerate": 30,
"mirrorable": true,
"invalid": false
}