{
    "label": "E",
    "label_id": 5,
    "gestures": [
        {
            "wrist": [
                -0.029580386355519295,
                0.0816812664270401,
                -0.00846155360341072
            ],
            "thumb_cmc": [
                0.008740482851862907,
                0.07032602280378342,
                -0.016146142035722733
            ],
            "thumb_mcp": [
                0.03952167183160782,
                0.05628589540719986,
                -0.01213833037763834
            ],
            "thumb_ip": [
                0.05509653687477112,
                0.03434731438755989,
                -0.013848168775439262
            ],
            "thumb_tip": [
                0.041229985654354095,
                0.014651439152657986,
                -0.015032419003546238
            ],
            "index_mcp": [
                0.02674292027950287,
                0.0015914291143417358,
                0.003177207661792636
            ],
            "index_pip": [
                0.029362346976995468,
                -0.022005580365657806,
                -0.0033093427773565054
            ],
            "index_dip": [
                0.033781394362449646,
                -0.026777375489473343,
                -0.012468953616917133
            ],
            "index_tip": [
                0.029121287167072296,
                -0.014257462695240974,
                -0.030197734013199806
            ],
            "middle_mcp": [
                0.0010595197090879083,
                -0.0033144443295896053,
                0.006001611240208149
            ],
            "middle_pip": [
                0.010147281922399998,
                -0.03891237825155258,
                -0.0020173178054392338
            ],
            "middle_dip": [
                0.00997620914131403,
                -0.03963711857795715,
                -0.021071098744869232
            ],
            "middle_tip": [
                0.013429230079054832,
                -0.0230595413595438,
                -0.03183182701468468
            ],
            "ring_mcp": [
                -0.015210650861263275,
                -0.005953620187938213,
                -0.002426612889394164
            ],
            "ring_pip": [
                -0.01044179406017065,
                -0.03170815482735634,
                -0.007433479651808739
            ],
            "ring_dip": [
                -0.005518447607755661,
                -0.02778630144894123,
                -0.02446036972105503
            ],
            "ring_tip": [
                -0.0043398430570960045,
                -0.007192594930529594,
                -0.033878713846206665
            ],
            "pinky_mcp": [
                -0.03766448050737381,
                0.004497939720749855,
                -0.010376309975981712
            ],
            "pinky_pip": [
                -0.032757408916950226,
                -0.021015875041484833,
                -0.010412732139229774
            ],
            "pinky_dip": [
                -0.023084241896867752,
                -0.024757150560617447,
                -0.02231125719845295
            ],
            "pinky_tip": [
                -0.02386324480175972,
                -0.007445761933922768,
                -0.03100362978875637
            ]
        }
    ]
}