{
    "label": "E",
    "label_id": 5,
    "gestures": [
        {
            "wrist": [
                -0.02896278165280819,
                0.08214741945266724,
                0.01894022524356842
            ],
            "thumb_cmc": [
                0.0027727633714675903,
                0.07250024378299713,
                0.0056452034041285515
            ],
            "thumb_mcp": [
                0.031760819256305695,
                0.059166036546230316,
                -0.008553917519748211
            ],
            "thumb_ip": [
                0.048285551369190216,
                0.038323890417814255,
                -0.02472953498363495
            ],
            "thumb_tip": [
                0.04352576285600662,
                0.014327263459563255,
                -0.03511306270956993
            ],
            "index_mcp": [
                0.02741866186261177,
                0.003773086704313755,
                0.002856008941307664
            ],
            "index_pip": [
                0.031710367649793625,
                -0.01956912688910961,
                -0.006078204605728388
            ],
            "index_dip": [
                0.034436021000146866,
                -0.03447123244404793,
                -0.0241071917116642
            ],
            "index_tip": [
                0.031477104872465134,
                -0.03098350577056408,
                -0.055158939212560654
            ],
            "middle_mcp": [
                0.0019777293782681227,
                -0.004910648334771395,
                0.006135433446615934
            ],
            "middle_pip": [
                0.010188428685069084,
                -0.03785858675837517,
                -0.009828561916947365
            ],
            "middle_dip": [
                0.011179368942975998,
                -0.04493708908557892,
                -0.036033790558576584
            ],
            "middle_tip": [
                0.011883003637194633,
                -0.042634300887584686,
                -0.0636734738945961
            ],
            "ring_mcp": [
                -0.016833459958434105,
                -0.0046463655307888985,
                -0.0008894869242794812
            ],
            "ring_pip": [
                -0.011130744591355324,
                -0.03338334709405899,
                -0.0161404050886631
            ],
            "ring_dip": [
                -0.006635228171944618,
                -0.040190719068050385,
                -0.03692413866519928
            ],
            "ring_tip": [
                -0.008969295769929886,
                -0.03687712550163269,
                -0.06442955136299133
            ],
            "pinky_mcp": [
                -0.04118356481194496,
                0.005135936662554741,
                -0.006612860132008791
            ],
            "pinky_pip": [
                -0.037529829889535904,
                -0.017461467534303665,
                -0.010613045655190945
            ],
            "pinky_dip": [
                -0.03113524615764618,
                -0.0332740880548954,
                -0.02626921981573105
            ],
            "pinky_tip": [
                -0.027423279359936714,
                -0.03703323379158974,
                -0.045006163418293
            ]
        }
    ]
}