{
"label": "e",
"gestures": [
{
"l_hand_position": null,
"l_wrist": null,
"l_thumb_cmc": null,
"l_thumb_mcp": null,
"l_thumb_ip": null,
"l_thumb_tip": null,
"l_index_mcp": null,
"l_index_pip": null,
"l_index_dip": null,
"l_index_tip": null,
"l_middle_mcp": null,
"l_middle_pip": null,
"l_middle_dip": null,
"l_middle_tip": null,
"l_ring_mcp": null,
"l_ring_pip": null,
"l_ring_dip": null,
"l_ring_tip": null,
"l_pinky_mcp": null,
"l_pinky_pip": null,
"l_pinky_dip": null,
"l_pinky_tip": null,
"r_hand_position": [
-0.2989483028650284,
0.16748428344726562,
-0.5000000007199561
],
"r_wrist": [
-0.023979153484106064,
0.086800716817379,
-0.04014015942811966
],
"r_thumb_cmc": [
0.012896182015538216,
0.06738297641277313,
-0.04386698827147484
],
"r_thumb_mcp": [
0.03972975164651871,
0.03970106691122055,
-0.038530170917510986
],
"r_thumb_ip": [
0.0440707728266716,
0.0015617627650499344,
-0.03305700048804283
],
"r_thumb_tip": [
0.017303312197327614,
-0.014688943512737751,
-0.021804803982377052
],
"r_index_mcp": [
0.027150090783834457,
0.002407968044281006,
0.0026804644148796797
],
"r_index_pip": [
0.030783146619796753,
-0.02254905179142952,
-0.00375925051048398
],
"r_index_dip": [
0.03194312006235123,
-0.030729953199625015,
-0.016464725136756897
],
"r_index_tip": [
0.02743295580148697,
-0.01614520512521267,
-0.029388966038823128
],
"r_middle_mcp": [
0.0010961086954921484,
-0.0041258325800299644,
0.00862219836562872
],
"r_middle_pip": [
0.008800426498055458,
-0.03735319525003433,
-0.005514547228813171
],
"r_middle_dip": [
0.009260311722755432,
-0.03346795588731766,
-0.025535618886351585
],
"r_middle_tip": [
0.01098338421434164,
-0.01624155230820179,
-0.03165331110358238
],
"r_ring_mcp": [
-0.017210273072123528,
-0.0025003738701343536,
9.011217480292544e-05
],
"r_ring_pip": [
-0.010772967711091042,
-0.03138608857989311,
-0.011488589458167553
],
"r_ring_dip": [
-0.004387685097754002,
-0.02669099159538746,
-0.028672242537140846
],
"r_ring_tip": [
-0.0047228457406163216,
-0.006559773813933134,
-0.037927817553281784
],
"r_pinky_mcp": [
-0.036628250032663345,
0.00678781233727932,
-0.012220758944749832
],
"r_pinky_pip": [
-0.032898567616939545,
-0.01780378259718418,
-0.012614951469004154
],
"r_pinky_dip": [
-0.02262975461781025,
-0.02233744040131569,
-0.0263059101998806
],
"r_pinky_tip": [
-0.020591923967003822,
-0.005157396197319031,
-0.037472765892744064
]
}
],
"framerate": 30,
"mirrorable": true
}