{
"label": "e",
"gestures": [
{
"l_hand_position": [
0.7301899194717407,
0.6596426963806152,
-2.318544858326277e-07
],
"l_wrist": [
0.0031731389462947845,
0.09621109813451767,
0.010640178807079792
],
"l_thumb_cmc": [
-0.02672266587615013,
0.07319197058677673,
-0.003811857895925641
],
"l_thumb_mcp": [
-0.04609791934490204,
0.05153205990791321,
-0.009565869346261024
],
"l_thumb_ip": [
-0.05451725795865059,
0.024312512949109077,
-0.02426709420979023
],
"l_thumb_tip": [
-0.033178940415382385,
0.015637505799531937,
-0.031484100967645645
],
"l_index_mcp": [
-0.03070211596786976,
-0.0002484982833266258,
0.0017148253973573446
],
"l_index_pip": [
-0.027549006044864655,
-0.02876652590930462,
-0.006268058437854052
],
"l_index_dip": [
-0.02835531160235405,
-0.03155960515141487,
-0.021374238654971123
],
"l_index_tip": [
-0.03234126418828964,
-0.00887821801006794,
-0.041229497641325
],
"l_middle_mcp": [
-0.004974963143467903,
-0.004884413443505764,
0.00586002878844738
],
"l_middle_pip": [
0.001319083385169506,
-0.04335233196616173,
-0.011581209488213062
],
"l_middle_dip": [
-0.009127318859100342,
-0.037475377321243286,
-0.039702728390693665
],
"l_middle_tip": [
-0.01106058619916439,
-0.01775302365422249,
-0.04428586736321449
],
"l_ring_mcp": [
0.02131798304617405,
-0.0020617316477000713,
-0.0015677429037168622
],
"l_ring_pip": [
0.01887551322579384,
-0.032249566167593,
-0.01861652545630932
],
"l_ring_dip": [
0.008733309805393219,
-0.02478940598666668,
-0.040953751653432846
],
"l_ring_tip": [
0.005164365749806166,
-0.004776259884238243,
-0.04723534360527992
],
"l_pinky_mcp": [
0.03281666710972786,
0.013095428235828876,
-0.008157256059348583
],
"l_pinky_pip": [
0.03657608479261398,
-0.011432196013629436,
-0.014758937992155552
],
"l_pinky_dip": [
0.026825617998838425,
-0.015440274961292744,
-0.03381695970892906
],
"l_pinky_tip": [
0.022670038044452667,
0.0029530280735343695,
-0.04487168788909912
],
"r_hand_position": null,
"r_wrist": null,
"r_thumb_cmc": null,
"r_thumb_mcp": null,
"r_thumb_ip": null,
"r_thumb_tip": null,
"r_index_mcp": null,
"r_index_pip": null,
"r_index_dip": null,
"r_index_tip": null,
"r_middle_mcp": null,
"r_middle_pip": null,
"r_middle_dip": null,
"r_middle_tip": null,
"r_ring_mcp": null,
"r_ring_pip": null,
"r_ring_dip": null,
"r_ring_tip": null,
"r_pinky_mcp": null,
"r_pinky_pip": null,
"r_pinky_dip": null,
"r_pinky_tip": null
}
],
"framerate": 30,
"mirrorable": true
}