{
"label": "e",
"gestures": [
{
"l_hand_position": null,
"l_wrist": [
0.02260866016149521,
0.09242606163024902,
0.007263952400535345
],
"l_thumb_cmc": [
-0.00999959371984005,
0.0770847350358963,
0.007659199181944132
],
"l_thumb_mcp": [
-0.031415004283189774,
0.06046944111585617,
0.013224007561802864
],
"l_thumb_ip": [
-0.048862677067518234,
0.037380822002887726,
0.011472928337752819
],
"l_thumb_tip": [
-0.038086313754320145,
0.022428352385759354,
0.011045070365071297
],
"l_index_mcp": [
-0.02519919164478779,
0.004352930001914501,
0.016969943419098854
],
"l_index_pip": [
-0.03242874890565872,
-0.02438623644411564,
0.00901781301945448
],
"l_index_dip": [
-0.043948374688625336,
-0.025486817583441734,
-0.004481513984501362
],
"l_index_tip": [
-0.0481155626475811,
-0.000485218595713377,
-0.021894924342632294
],
"l_middle_mcp": [
-0.004282596055418253,
-0.003689597826451063,
0.008055186830461025
],
"l_middle_pip": [
-0.012311482802033424,
-0.042679112404584885,
-0.004514588043093681
],
"l_middle_dip": [
-0.03212540224194527,
-0.03551400080323219,
-0.024648573249578476
],
"l_middle_tip": [
-0.03429648280143738,
-0.015573503449559212,
-0.03131136670708656
],
"l_ring_mcp": [
0.015800844877958298,
-0.0048456620424985886,
-0.0109690111130476
],
"l_ring_pip": [
0.004538414068520069,
-0.03736913204193115,
-0.02185310609638691
],
"l_ring_dip": [
-0.011209062300622463,
-0.02889789082109928,
-0.03863952308893204
],
"l_ring_tip": [
-0.013129348866641521,
-0.008268598467111588,
-0.04684830829501152
],
"l_pinky_mcp": [
0.02555369958281517,
0.009852541610598564,
-0.026315990835428238
],
"l_pinky_pip": [
0.025387251749634743,
-0.01820172742009163,
-0.030310697853565216
],
"l_pinky_dip": [
0.00688337255269289,
-0.020311467349529266,
-0.04222431406378746
],
"l_pinky_tip": [
0.0006866363110020757,
-0.002993648871779442,
-0.04957627132534981
],
"r_hand_position": [
0.14956247806549072,
0.08276468515396118,
-0.5000003305520693
],
"r_wrist": null,
"r_thumb_cmc": null,
"r_thumb_mcp": null,
"r_thumb_ip": null,
"r_thumb_tip": null,
"r_index_mcp": null,
"r_index_pip": null,
"r_index_dip": null,
"r_index_tip": null,
"r_middle_mcp": null,
"r_middle_pip": null,
"r_middle_dip": null,
"r_middle_tip": null,
"r_ring_mcp": null,
"r_ring_pip": null,
"r_ring_dip": null,
"r_ring_tip": null,
"r_pinky_mcp": null,
"r_pinky_pip": null,
"r_pinky_dip": null,
"r_pinky_tip": null,
"l_hand_velocity": null,
"r_hand_velocity": null,
"m_nose_point": null,
"m_top_nose": null,
"m_eyebrows": null,
"m_forehead": null,
"m_top_chin": null,
"m_bot_up_lip": null,
"m_top_low_lip": null,
"m_bot_nose": null,
"m_chin": null,
"m_nose": null,
"l_eye_exterior": null,
"l_temple": null,
"l_mid_chin": null,
"l_up_lip": null,
"l_ext_nostril": null,
"l_mid_cheek": null,
"l_mid_eyebrow": null,
"l_ext_eyebrow": null,
"l_ext_lips": null,
"l_jaw_angle": null,
"l_mid_ext_face": null,
"l_int_eyebrow": null,
"l_mid_jaw": null,
"l_mid_bot_eyelid": null,
"l_ext_mouth": null,
"l_top_eyelid": null,
"l_eye_int": null,
"l_pupil": null,
"r_eye_exterior": null,
"r_temple": null,
"r_mid_chin": null,
"r_up_lip": null,
"r_ext_nostril": null,
"r_mid_cheek": null,
"r_mid_eyebrow": null,
"r_ext_eyebrow": null,
"r_ext_lips": null,
"r_jaw_angle": null,
"r_mid_ext_face": null,
"r_int_eyebrow": null,
"r_mid_jaw": null,
"r_mid_bot_eyelid": null,
"r_ext_mouth": null,
"r_top_eyelid": null,
"r_eye_int": null,
"r_pupil": null,
"l_shoudler": null,
"l_elbow": null,
"l_hip": null,
"l_knee": null,
"l_ankle": null,
"r_shoudler": null,
"r_elbow": null,
"r_hip": null,
"r_knee": null,
"r_ankle": null
}
],
"framerate": 30,
"mirrorable": true,
"invalid": false
}