{
"label": "e",
"gestures": [
{
"l_hand_position": null,
"l_wrist": [
0.0320921391248703,
0.08433155715465546,
0.030627503991127014
],
"l_thumb_cmc": [
-0.002426333725452423,
0.0735384002327919,
0.019703539088368416
],
"l_thumb_mcp": [
-0.026156499981880188,
0.05751631036400795,
0.014258257113397121
],
"l_thumb_ip": [
-0.04524899274110794,
0.039024218916893005,
-0.0074418759904801846
],
"l_thumb_tip": [
-0.04138455167412758,
0.026689797639846802,
-0.020469630137085915
],
"l_index_mcp": [
-0.024779006838798523,
0.005807482637465,
0.010073929093778133
],
"l_index_pip": [
-0.03383655101060867,
-0.021541373804211617,
0.0028734388761222363
],
"l_index_dip": [
-0.045409128069877625,
-0.022155901417136192,
-0.01063408050686121
],
"l_index_tip": [
-0.04642811417579651,
-0.00011796783655881882,
-0.03220745548605919
],
"l_middle_mcp": [
-0.004685318563133478,
-0.003981815651059151,
0.0061904252506792545
],
"l_middle_pip": [
-0.015413487330079079,
-0.041438452899456024,
-0.009225072339177132
],
"l_middle_dip": [
-0.030126240104436874,
-0.0359734445810318,
-0.030299322679638863
],
"l_middle_tip": [
-0.030316587537527084,
-0.01936652883887291,
-0.0411125086247921
],
"l_ring_mcp": [
0.016427025198936462,
-0.005574109964072704,
-0.006975225172936916
],
"l_ring_pip": [
0.0069207120686769485,
-0.03599812090396881,
-0.02065371535718441
],
"l_ring_dip": [
-0.006732076406478882,
-0.031377118080854416,
-0.04254993423819542
],
"l_ring_tip": [
-0.009772785007953644,
-0.014942907728254795,
-0.05564500391483307
],
"l_pinky_mcp": [
0.030909044668078423,
0.009343074634671211,
-0.016519438475370407
],
"l_pinky_pip": [
0.029461508616805077,
-0.018364399671554565,
-0.02286929078400135
],
"l_pinky_dip": [
0.015577645972371101,
-0.024225672706961632,
-0.0415794774889946
],
"l_pinky_tip": [
0.010797074995934963,
-0.011262748390436172,
-0.053937312215566635
],
"r_hand_position": [
0.1250256896018982,
0.06237417459487915,
-0.5000001601560626
],
"r_wrist": null,
"r_thumb_cmc": null,
"r_thumb_mcp": null,
"r_thumb_ip": null,
"r_thumb_tip": null,
"r_index_mcp": null,
"r_index_pip": null,
"r_index_dip": null,
"r_index_tip": null,
"r_middle_mcp": null,
"r_middle_pip": null,
"r_middle_dip": null,
"r_middle_tip": null,
"r_ring_mcp": null,
"r_ring_pip": null,
"r_ring_dip": null,
"r_ring_tip": null,
"r_pinky_mcp": null,
"r_pinky_pip": null,
"r_pinky_dip": null,
"r_pinky_tip": null,
"l_hand_velocity": null,
"r_hand_velocity": null,
"m_nose_point": null,
"m_top_nose": null,
"m_eyebrows": null,
"m_forehead": null,
"m_top_chin": null,
"m_bot_up_lip": null,
"m_top_low_lip": null,
"m_bot_nose": null,
"m_chin": null,
"m_nose": null,
"l_eye_exterior": null,
"l_temple": null,
"l_mid_chin": null,
"l_up_lip": null,
"l_ext_nostril": null,
"l_mid_cheek": null,
"l_mid_eyebrow": null,
"l_ext_eyebrow": null,
"l_ext_lips": null,
"l_jaw_angle": null,
"l_mid_ext_face": null,
"l_int_eyebrow": null,
"l_mid_jaw": null,
"l_mid_bot_eyelid": null,
"l_ext_mouth": null,
"l_top_eyelid": null,
"l_eye_int": null,
"l_pupil": null,
"r_eye_exterior": null,
"r_temple": null,
"r_mid_chin": null,
"r_up_lip": null,
"r_ext_nostril": null,
"r_mid_cheek": null,
"r_mid_eyebrow": null,
"r_ext_eyebrow": null,
"r_ext_lips": null,
"r_jaw_angle": null,
"r_mid_ext_face": null,
"r_int_eyebrow": null,
"r_mid_jaw": null,
"r_mid_bot_eyelid": null,
"r_ext_mouth": null,
"r_top_eyelid": null,
"r_eye_int": null,
"r_pupil": null,
"l_shoudler": null,
"l_elbow": null,
"l_hip": null,
"l_knee": null,
"l_ankle": null,
"r_shoudler": null,
"r_elbow": null,
"r_hip": null,
"r_knee": null,
"r_ankle": null
}
],
"framerate": 30,
"mirrorable": true,
"invalid": false
}