{
"label": "e",
"gestures": [
{
"l_hand_position": [
0.7786168456077576,
0.6516445875167847,
-3.77084489855406e-07
],
"l_wrist": [
-0.011158691719174385,
0.091062992811203,
0.030633090063929558
],
"l_thumb_cmc": [
-0.03482508659362793,
0.06764283031225204,
0.010182354599237442
],
"l_thumb_mcp": [
-0.04949507117271423,
0.04808666184544563,
-0.000750337669160217
],
"l_thumb_ip": [
-0.05306333675980568,
0.02506326138973236,
-0.019987914711236954
],
"l_thumb_tip": [
-0.03209371492266655,
0.01683894917368889,
-0.03135252371430397
],
"l_index_mcp": [
-0.02767726220190525,
-0.005660749040544033,
0.0020455624908208847
],
"l_index_pip": [
-0.022733675315976143,
-0.028594695031642914,
-0.014405254274606705
],
"l_index_dip": [
-0.02751017175614834,
-0.02561454474925995,
-0.02908271737396717
],
"l_index_tip": [
-0.0345437191426754,
-0.0013759136199951172,
-0.04041995853185654
],
"l_middle_mcp": [
-0.004220396280288696,
-0.005362770054489374,
0.004859238862991333
],
"l_middle_pip": [
0.003916471265256405,
-0.040318772196769714,
-0.01719650812447071
],
"l_middle_dip": [
-0.007170259952545166,
-0.030019329860806465,
-0.04205288365483284
],
"l_middle_tip": [
-0.010450070723891258,
-0.011759181506931782,
-0.04119415581226349
],
"l_ring_mcp": [
0.017390070483088493,
-6.9446861743927e-05,
-0.001531423768028617
],
"l_ring_pip": [
0.019191497936844826,
-0.030473042279481888,
-0.019058819860219955
],
"l_ring_dip": [
0.009980502538383007,
-0.022820737212896347,
-0.042151447385549545
],
"l_ring_tip": [
0.0036832261830568314,
-0.0033064496237784624,
-0.049841154366731644
],
"l_pinky_mcp": [
0.027051780372858047,
0.016891533508896828,
-0.004537875298410654
],
"l_pinky_pip": [
0.035061586648225784,
-0.007162550464272499,
-0.01217719353735447
],
"l_pinky_dip": [
0.0274798683822155,
-0.012937324121594429,
-0.03251531720161438
],
"l_pinky_tip": [
0.01706782355904579,
0.003882855176925659,
-0.04323872923851013
],
"r_hand_position": null,
"r_wrist": null,
"r_thumb_cmc": null,
"r_thumb_mcp": null,
"r_thumb_ip": null,
"r_thumb_tip": null,
"r_index_mcp": null,
"r_index_pip": null,
"r_index_dip": null,
"r_index_tip": null,
"r_middle_mcp": null,
"r_middle_pip": null,
"r_middle_dip": null,
"r_middle_tip": null,
"r_ring_mcp": null,
"r_ring_pip": null,
"r_ring_dip": null,
"r_ring_tip": null,
"r_pinky_mcp": null,
"r_pinky_pip": null,
"r_pinky_dip": null,
"r_pinky_tip": null
}
],
"framerate": 30,
"mirrorable": true
}