{
"label": "e",
"gestures": [
{
"l_hand_position": null,
"l_wrist": [
0.03354652225971222,
0.07844734936952591,
0.032241467386484146
],
"l_thumb_cmc": [
-0.002980003133416176,
0.07005345076322556,
0.014424792490899563
],
"l_thumb_mcp": [
-0.024909108877182007,
0.05762675404548645,
0.0046246787533164024
],
"l_thumb_ip": [
-0.04313017427921295,
0.04145270213484764,
-0.01775330863893032
],
"l_thumb_tip": [
-0.038021355867385864,
0.026404744014143944,
-0.031016802415251732
],
"l_index_mcp": [
-0.02844015322625637,
0.007525954395532608,
0.0027004233561456203
],
"l_index_pip": [
-0.033584851771593094,
-0.01813177950680256,
-0.0045716180466115475
],
"l_index_dip": [
-0.0350567102432251,
-0.03102644346654415,
-0.017502836883068085
],
"l_index_tip": [
-0.032868772745132446,
-0.023533537983894348,
-0.04906761646270752
],
"l_middle_mcp": [
-0.006194283254444599,
-0.00342705100774765,
0.005476664286106825
],
"l_middle_pip": [
-0.016230463981628418,
-0.038394730538129807,
-0.009207053110003471
],
"l_middle_dip": [
-0.022525526583194733,
-0.04264014959335327,
-0.035561371594667435
],
"l_middle_tip": [
-0.019040830433368683,
-0.034004028886556625,
-0.057428766041994095
],
"l_ring_mcp": [
0.017689697444438934,
-0.006910575553774834,
-0.0027020382694900036
],
"l_ring_pip": [
0.00963613111525774,
-0.0372600331902504,
-0.015943463891744614
],
"l_ring_dip": [
0.0032591386698186398,
-0.03845607861876488,
-0.04198142886161804
],
"l_ring_tip": [
0.0016743785236030817,
-0.025962727144360542,
-0.062216345220804214
],
"l_pinky_mcp": [
0.034276366233825684,
0.00569071713835001,
-0.006667887791991234
],
"l_pinky_pip": [
0.03558648005127907,
-0.020540643483400345,
-0.01322486624121666
],
"l_pinky_dip": [
0.029219526797533035,
-0.02999154105782509,
-0.03638680279254913
],
"l_pinky_tip": [
0.026273230090737343,
-0.02211322821676731,
-0.053144004195928574
],
"r_hand_position": [
0.14994710683822632,
0.07688891887664795,
-0.4999999929441947
],
"r_wrist": null,
"r_thumb_cmc": null,
"r_thumb_mcp": null,
"r_thumb_ip": null,
"r_thumb_tip": null,
"r_index_mcp": null,
"r_index_pip": null,
"r_index_dip": null,
"r_index_tip": null,
"r_middle_mcp": null,
"r_middle_pip": null,
"r_middle_dip": null,
"r_middle_tip": null,
"r_ring_mcp": null,
"r_ring_pip": null,
"r_ring_dip": null,
"r_ring_tip": null,
"r_pinky_mcp": null,
"r_pinky_pip": null,
"r_pinky_dip": null,
"r_pinky_tip": null,
"l_hand_velocity": null,
"r_hand_velocity": null,
"m_nose_point": null,
"m_top_nose": null,
"m_eyebrows": null,
"m_forehead": null,
"m_top_chin": null,
"m_bot_up_lip": null,
"m_top_low_lip": null,
"m_bot_nose": null,
"m_chin": null,
"m_nose": null,
"l_eye_exterior": null,
"l_temple": null,
"l_mid_chin": null,
"l_up_lip": null,
"l_ext_nostril": null,
"l_mid_cheek": null,
"l_mid_eyebrow": null,
"l_ext_eyebrow": null,
"l_ext_lips": null,
"l_jaw_angle": null,
"l_mid_ext_face": null,
"l_int_eyebrow": null,
"l_mid_jaw": null,
"l_mid_bot_eyelid": null,
"l_ext_mouth": null,
"l_top_eyelid": null,
"l_eye_int": null,
"l_pupil": null,
"r_eye_exterior": null,
"r_temple": null,
"r_mid_chin": null,
"r_up_lip": null,
"r_ext_nostril": null,
"r_mid_cheek": null,
"r_mid_eyebrow": null,
"r_ext_eyebrow": null,
"r_ext_lips": null,
"r_jaw_angle": null,
"r_mid_ext_face": null,
"r_int_eyebrow": null,
"r_mid_jaw": null,
"r_mid_bot_eyelid": null,
"r_ext_mouth": null,
"r_top_eyelid": null,
"r_eye_int": null,
"r_pupil": null,
"l_shoudler": null,
"l_elbow": null,
"l_hip": null,
"l_knee": null,
"l_ankle": null,
"r_shoudler": null,
"r_elbow": null,
"r_hip": null,
"r_knee": null,
"r_ankle": null
}
],
"framerate": 30,
"mirrorable": true,
"invalid": false
}