{
"label": "e",
"gestures": [
{
"l_hand_position": null,
"l_wrist": null,
"l_thumb_cmc": null,
"l_thumb_mcp": null,
"l_thumb_ip": null,
"l_thumb_tip": null,
"l_index_mcp": null,
"l_index_pip": null,
"l_index_dip": null,
"l_index_tip": null,
"l_middle_mcp": null,
"l_middle_pip": null,
"l_middle_dip": null,
"l_middle_tip": null,
"l_ring_mcp": null,
"l_ring_pip": null,
"l_ring_dip": null,
"l_ring_tip": null,
"l_pinky_mcp": null,
"l_pinky_pip": null,
"l_pinky_dip": null,
"l_pinky_tip": null,
"r_hand_position": null,
"r_wrist": [
-0.024940315634012222,
0.08514109253883465,
-0.02098132483661206
],
"r_thumb_cmc": [
0.013065434992313385,
0.06925639510154787,
-0.025690993294120213
],
"r_thumb_mcp": [
0.045631419867277145,
0.0523830465972429,
-0.020291686058044715
],
"r_thumb_ip": [
0.06365605443716049,
0.027750110253691965,
-0.019220154732465917
],
"r_thumb_tip": [
0.04637235030531883,
0.005484642460942334,
-0.016952412202954487
],
"r_index_mcp": [
0.026268141344189644,
0.0011279657483101023,
0.005618646740913462
],
"r_index_pip": [
0.029146304354071617,
-0.021789943799376654,
-0.001115790451876817
],
"r_index_dip": [
0.03422032296657562,
-0.026873635128140814,
-0.011676316149532948
],
"r_index_tip": [
0.028552206233143806,
-0.011516821570694528,
-0.029859662055969478
],
"r_middle_mcp": [
-8.66129994392395e-06,
-0.00325327925384047,
0.007935496978461805
],
"r_middle_pip": [
0.00621010921895504,
-0.03934748470783275,
-0.003831673413515135
],
"r_middle_dip": [
0.009250064380466938,
-0.03839557245373763,
-0.024173114448785976
],
"r_middle_tip": [
0.012218964286148548,
-0.02299108356237444,
-0.03701130300760307
],
"r_ring_mcp": [
-0.01544040348380804,
-0.004869042430073075,
-0.003330652834847604
],
"r_ring_pip": [
-0.01103059109300375,
-0.031431291252374996,
-0.01090232376009236
],
"r_ring_dip": [
-0.0034920554608106613,
-0.03133857250213657,
-0.03157173469662704
],
"r_ring_tip": [
-0.003434856655076146,
-0.010551631450653229,
-0.04545523971319249
],
"r_pinky_mcp": [
-0.03580177575349808,
0.006522213108837662,
-0.014419169165194198
],
"r_pinky_pip": [
-0.032567039132118225,
-0.02067981474101564,
-0.014384665526449788
],
"r_pinky_dip": [
-0.022583289071917534,
-0.028383791446686058,
-0.028288913890719716
],
"r_pinky_tip": [
-0.021307826042175293,
-0.014185167849064125,
-0.03842609003186272
]
}
],
"framerate": 30,
"mirrorable": true
}