{
"label": "u",
"gestures": [
{
"l_hand_position": null,
"l_wrist": [
0.01356290653347969,
0.09216329455375785,
0.020366458222270095
],
"l_thumb_cmc": [
-0.017511971294879913,
0.07195018976926894,
-0.0013093440793454966
],
"l_thumb_mcp": [
-0.017755253240466118,
0.048399381339550435,
-0.014224550686776721
],
"l_thumb_ip": [
-0.007037468254566193,
0.018092928454280087,
-0.03388838469982184
],
"l_thumb_tip": [
0.012859315611422062,
-0.0011261380277574433,
-0.03312743827700649
],
"l_index_mcp": [
-0.0306050106883049,
-0.003789413254708104,
-0.002588531700894264
],
"l_index_pip": [
-0.029966101050376892,
-0.031131651252508472,
-0.007977494038641529
],
"l_index_dip": [
-0.030441824346780777,
-0.05802720412612032,
-0.01297629158943907
],
"l_index_tip": [
-0.032458070665597916,
-0.08200542628765183,
-0.0323273986577993
],
"l_middle_mcp": [
-0.005542122293263674,
-0.005125162191689064,
0.003933297935873319
],
"l_middle_pip": [
-0.01160861924290657,
-0.04387541860342094,
-0.0046046469360589894
],
"l_middle_dip": [
-0.016860980540513992,
-0.07148469984531473,
-0.019174640998244525
],
"l_middle_tip": [
-0.017537157982587814,
-0.0984175726771366,
-0.03547729551792167
],
"l_ring_mcp": [
0.017895210534334183,
0.00030757440254092775,
0.0017014860641211386
],
"l_ring_pip": [
0.01692122593522072,
-0.017874153330922373,
-0.01973818987607978
],
"l_ring_dip": [
0.012323816306889057,
-0.00179886142723264,
-0.032726440578699445
],
"l_ring_tip": [
0.010424947366118431,
0.017865823581814905,
-0.03577352315187494
],
"l_pinky_mcp": [
0.03470875695347786,
0.017587373033166157,
-0.0008891545003280279
],
"l_pinky_pip": [
0.0395868681371212,
-0.0008907560259103784,
-0.017944207414984887
],
"l_pinky_dip": [
0.0330083966255188,
0.006928112357854887,
-0.032132774591446325
],
"l_pinky_tip": [
0.03063078224658966,
0.02196893841028238,
-0.027660094201565143
],
"r_hand_position": null,
"r_wrist": null,
"r_thumb_cmc": null,
"r_thumb_mcp": null,
"r_thumb_ip": null,
"r_thumb_tip": null,
"r_index_mcp": null,
"r_index_pip": null,
"r_index_dip": null,
"r_index_tip": null,
"r_middle_mcp": null,
"r_middle_pip": null,
"r_middle_dip": null,
"r_middle_tip": null,
"r_ring_mcp": null,
"r_ring_pip": null,
"r_ring_dip": null,
"r_ring_tip": null,
"r_pinky_mcp": null,
"r_pinky_pip": null,
"r_pinky_dip": null,
"r_pinky_tip": null
}
],
"framerate": 30,
"mirrorable": true
}