{
"label": "u",
"gestures": [
{
"l_hand_position": null,
"l_wrist": null,
"l_thumb_cmc": null,
"l_thumb_mcp": null,
"l_thumb_ip": null,
"l_thumb_tip": null,
"l_index_mcp": null,
"l_index_pip": null,
"l_index_dip": null,
"l_index_tip": null,
"l_middle_mcp": null,
"l_middle_pip": null,
"l_middle_dip": null,
"l_middle_tip": null,
"l_ring_mcp": null,
"l_ring_pip": null,
"l_ring_dip": null,
"l_ring_tip": null,
"l_pinky_mcp": null,
"l_pinky_pip": null,
"l_pinky_dip": null,
"l_pinky_tip": null,
"r_hand_position": null,
"r_wrist": [
-0.020693339407444,
0.08324983716011146,
-0.03542580083012629
],
"r_thumb_cmc": [
0.01557961106300354,
0.06190691143274373,
-0.038171660155058414
],
"r_thumb_mcp": [
0.033778659999370575,
0.030393069609999983,
-0.039265256375074734
],
"r_thumb_ip": [
0.026431718841195107,
-0.006172165274620098,
-0.03784841299057042
],
"r_thumb_tip": [
-0.0066476790234446526,
-0.02315446734428436,
-0.0202045906335118
],
"r_index_mcp": [
0.030321035534143448,
-0.0015323022380471412,
0.0012226287508383575
],
"r_index_pip": [
0.038504548370838165,
-0.03214875236153633,
-0.0013032228453084419
],
"r_index_dip": [
0.04164411500096321,
-0.05526635795831752,
-0.0051266592927277504
],
"r_index_tip": [
0.0431443452835083,
-0.07144214212894509,
-0.02149802818894406
],
"r_middle_mcp": [
0.003118673339486122,
-0.0037612600717693897,
0.007830009795725444
],
"r_middle_pip": [
0.01594379171729088,
-0.04173259809613266,
-0.0013174314517528088
],
"r_middle_dip": [
0.022054973989725113,
-0.06147887930274098,
-0.012741887010634088
],
"r_middle_tip": [
0.027994362637400627,
-0.08209601789713028,
-0.027324499562383173
],
"r_ring_mcp": [
-0.02007330395281315,
0.0004040114581584979,
-0.00021749634470325232
],
"r_ring_pip": [
-0.010767518542706966,
-0.024213783442974358,
-0.016417725011706505
],
"r_ring_dip": [
-0.0038704583421349525,
-0.01671138778328915,
-0.02928093448281316
],
"r_ring_tip": [
-0.0012386242160573602,
0.0010000659385696095,
-0.037456907331944005
],
"r_pinky_mcp": [
-0.04262610524892807,
0.010216828435659481,
-0.009864186868071636
],
"r_pinky_pip": [
-0.03805363178253174,
-0.010338094085455054,
-0.019870068877935635
],
"r_pinky_dip": [
-0.02598710171878338,
-0.009143864735961096,
-0.03342878445982968
],
"r_pinky_tip": [
-0.019074391573667526,
0.005973410792648782,
-0.03829475119710016
]
}
],
"framerate": 30,
"mirrorable": true
}