{
"label": "u",
"gestures": [
{
"l_hand_position": null,
"l_wrist": null,
"l_thumb_cmc": null,
"l_thumb_mcp": null,
"l_thumb_ip": null,
"l_thumb_tip": null,
"l_index_mcp": null,
"l_index_pip": null,
"l_index_dip": null,
"l_index_tip": null,
"l_middle_mcp": null,
"l_middle_pip": null,
"l_middle_dip": null,
"l_middle_tip": null,
"l_ring_mcp": null,
"l_ring_pip": null,
"l_ring_dip": null,
"l_ring_tip": null,
"l_pinky_mcp": null,
"l_pinky_pip": null,
"l_pinky_dip": null,
"l_pinky_tip": null,
"r_hand_position": null,
"r_wrist": [
-0.0011100172996520996,
0.09614092111587597,
-0.012893017381429709
],
"r_thumb_cmc": [
0.024885019287467003,
0.06723764538765023,
-0.02022212557494664
],
"r_thumb_mcp": [
0.030490420758724213,
0.034265134483576244,
-0.03416885808110275
],
"r_thumb_ip": [
0.01783793978393078,
0.002020006068050838,
-0.048903807997704114
],
"r_thumb_tip": [
-0.009570637717843056,
-0.018694268539548167,
-0.052540376782417866
],
"r_index_mcp": [
0.022788096219301224,
-0.006737263873219554,
0.003698761342093398
],
"r_index_pip": [
0.027359411120414734,
-0.036535542458296114,
0.002301461994648042
],
"r_index_dip": [
0.02827373705804348,
-0.0619340538978582,
-0.00015984075434964998
],
"r_index_tip": [
0.02367968112230301,
-0.08556567132473097,
-0.016442002728581654
],
"r_middle_mcp": [
0.001167386886663735,
-0.00468743965029721,
0.0076827737502754385
],
"r_middle_pip": [
0.005249434150755405,
-0.04406988620758103,
0.00045013954513710907
],
"r_middle_dip": [
0.006182538345456123,
-0.06972877681255385,
-0.015292411670088825
],
"r_middle_tip": [
0.010943803936243057,
-0.09517312049865846,
-0.030657520517707447
],
"r_ring_mcp": [
-0.015601378865540028,
0.0024861721321940743,
-0.0016375420382246598
],
"r_ring_pip": [
-0.012048754841089249,
-0.01397676393389718,
-0.026779137551784796
],
"r_ring_dip": [
-0.0018355768406763673,
0.0038768148515373486,
-0.04048300907015831
],
"r_ring_tip": [
0.007242054678499699,
0.023052547127008757,
-0.03972600400447896
],
"r_pinky_mcp": [
-0.031718648970127106,
0.018946528434753602,
-0.014470738358795818
],
"r_pinky_pip": [
-0.023437630385160446,
0.004262901376932881,
-0.029649859294295578
],
"r_pinky_dip": [
-0.008641444146633148,
0.011625706218183082,
-0.043042518198490656
],
"r_pinky_tip": [
-0.002440002281218767,
0.030427157878876065,
-0.04076870903372817
]
}
],
"framerate": 30,
"mirrorable": true
}