{
    "label": "U",
    "label_id": 21,
    "gestures": [
        {
            "wrist": [
                -0.0011100172996520996,
                0.09614092111587524,
                -0.012893017381429672
            ],
            "thumb_cmc": [
                0.024885019287467003,
                0.06723764538764954,
                -0.020222125574946404
            ],
            "thumb_mcp": [
                0.030490420758724213,
                0.03426513448357582,
                -0.03416885808110237
            ],
            "thumb_ip": [
                0.01783793978393078,
                0.0020200060680508614,
                -0.04890380799770355
            ],
            "thumb_tip": [
                -0.009570637717843056,
                -0.01869426853954792,
                -0.0525403767824173
            ],
            "index_mcp": [
                0.022788096219301224,
                -0.00673726387321949,
                0.0036987613420933485
            ],
            "index_pip": [
                0.027359411120414734,
                -0.03653554245829582,
                0.0023014619946479797
            ],
            "index_dip": [
                0.02827373705804348,
                -0.061934053897857666,
                -0.000159840754349716
            ],
            "index_tip": [
                0.02367968112230301,
                -0.08556567132472992,
                -0.01644200272858143
            ],
            "middle_mcp": [
                0.001167386886663735,
                -0.004687439650297165,
                0.0076827737502753735
            ],
            "middle_pip": [
                0.005249434150755405,
                -0.044069886207580566,
                0.00045013954513706267
            ],
            "middle_dip": [
                0.006182538345456123,
                -0.0697287768125534,
                -0.015292411670088768
            ],
            "middle_tip": [
                0.010943803936243057,
                -0.09517312049865723,
                -0.03065752051770687
            ],
            "ring_mcp": [
                -0.015601378865540028,
                0.002486172132194042,
                -0.0016375420382246375
            ],
            "ring_pip": [
                -0.012048754841089249,
                -0.013976763933897018,
                -0.026779137551784515
            ],
            "ring_dip": [
                -0.0018355768406763673,
                0.003876814851537347,
                -0.040483009070158005
            ],
            "ring_tip": [
                0.007242054678499699,
                0.023052547127008438,
                -0.039726004004478455
            ],
            "pinky_mcp": [
                -0.031718648970127106,
                0.018946528434753418,
                -0.014470738358795643
            ],
            "pinky_pip": [
                -0.023437630385160446,
                0.004262901376932859,
                -0.02964985929429531
            ],
            "pinky_dip": [
                -0.008641444146633148,
                0.01162570621818304,
                -0.04304251819849014
            ],
            "pinky_tip": [
                -0.002440002281218767,
                0.030427157878875732,
                -0.040768709033727646
            ]
        }
    ]
}