{
"label": "u",
"gestures": [
{
"l_hand_position": null,
"l_wrist": [
0.01227271743118763,
0.09008989483118184,
-0.0014192775124686426
],
"l_thumb_cmc": [
-0.01587384194135666,
0.06725069880485625,
-0.008276253938675093
],
"l_thumb_mcp": [
-0.02540035918354988,
0.03947343304753343,
-0.01977938041090989
],
"l_thumb_ip": [
-0.02602965012192726,
0.008074043318629364,
-0.03708972409367597
],
"l_thumb_tip": [
-0.0031866589561104774,
-0.013443022966385085,
-0.04724165052175577
],
"l_index_mcp": [
-0.026094108819961548,
-0.001731536816805615,
0.008185823448002437
],
"l_index_pip": [
-0.027918914332985878,
-0.029739789664745667,
0.002287542214617201
],
"l_index_dip": [
-0.026158470660448074,
-0.05263824015855846,
-0.000697456009220255
],
"l_index_tip": [
-0.023780914023518562,
-0.07689899206161548,
-0.010955056175589614
],
"l_middle_mcp": [
-0.004706118255853653,
-0.0033334330655634694,
0.007034236099571068
],
"l_middle_pip": [
-0.006952841766178608,
-0.04575905948877379,
0.002066549379378585
],
"l_middle_dip": [
-0.01554226502776146,
-0.07081065326929183,
-0.009283980354666863
],
"l_middle_tip": [
-0.019838735461235046,
-0.09621106088161589,
-0.02383188158273731
],
"l_ring_mcp": [
0.01609843224287033,
-0.0007245875895023387,
-0.004068318288773349
],
"l_ring_pip": [
0.004875058773905039,
-0.021857844665646737,
-0.0271445922553542
],
"l_ring_dip": [
-0.004125514999032021,
-0.00542466295883071,
-0.039742138236761565
],
"l_ring_tip": [
-0.005369048565626144,
0.018512055277824593,
-0.039125747978687696
],
"l_pinky_mcp": [
0.02742362953722477,
0.01293857302516711,
-0.01655589230358615
],
"l_pinky_pip": [
0.016254667192697525,
0.0019008680246770447,
-0.03539657592773472
],
"l_pinky_dip": [
0.0010733413510024548,
0.012050556018948753,
-0.0440070778131491
],
"l_pinky_tip": [
-0.000333201140165329,
0.03170461580157304,
-0.03921405598521271
],
"r_hand_position": null,
"r_wrist": null,
"r_thumb_cmc": null,
"r_thumb_mcp": null,
"r_thumb_ip": null,
"r_thumb_tip": null,
"r_index_mcp": null,
"r_index_pip": null,
"r_index_dip": null,
"r_index_tip": null,
"r_middle_mcp": null,
"r_middle_pip": null,
"r_middle_dip": null,
"r_middle_tip": null,
"r_ring_mcp": null,
"r_ring_pip": null,
"r_ring_dip": null,
"r_ring_tip": null,
"r_pinky_mcp": null,
"r_pinky_pip": null,
"r_pinky_dip": null,
"r_pinky_tip": null
}
],
"framerate": 30,
"mirrorable": true
}