{
    "label": "U",
    "label_id": 21,
    "gestures": [
        {
            "wrist": [
                0.01227271743118763,
                0.09008989483118057,
                -0.0014192775124683976
            ],
            "thumb_cmc": [
                -0.01587384194135666,
                0.06725069880485535,
                -0.008276253938674927
            ],
            "thumb_mcp": [
                -0.02540035918354988,
                0.039473433047533035,
                -0.019779380410909653
            ],
            "thumb_ip": [
                -0.02602965012192726,
                0.008074043318629265,
                -0.03708972409367561
            ],
            "thumb_tip": [
                -0.0031866589561104774,
                -0.013443022966384888,
                -0.04724165052175522
            ],
            "index_mcp": [
                -0.026094108819961548,
                -0.0017315368168056011,
                0.008185823448002338
            ],
            "index_pip": [
                -0.027918914332985878,
                -0.02973978966474533,
                0.002287542214617133
            ],
            "index_dip": [
                -0.026158470660448074,
                -0.05263824015855789,
                -0.0006974560092203319
            ],
            "index_tip": [
                -0.023780914023518562,
                -0.07689899206161499,
                -0.010955056175589561
            ],
            "middle_mcp": [
                -0.004706118255853653,
                -0.0033334330655634403,
                0.00703423609957099
            ],
            "middle_pip": [
                -0.006952841766178608,
                -0.045759059488773346,
                0.002066549379378557
            ],
            "middle_dip": [
                -0.01554226502776146,
                -0.07081065326929092,
                -0.00928398035466671
            ],
            "middle_tip": [
                -0.019838735461235046,
                -0.09621106088161469,
                -0.02383188158273697
            ],
            "ring_mcp": [
                0.01609843224287033,
                -0.0007245875895023346,
                -0.004068318288773298
            ],
            "ring_pip": [
                0.004875058773905039,
                -0.021857844665646553,
                -0.027144592255353928
            ],
            "ring_dip": [
                -0.004125514999032021,
                -0.005424662958830595,
                -0.03974213823676109
            ],
            "ring_tip": [
                -0.005369048565626144,
                0.018512055277824402,
                -0.039125747978687286
            ],
            "pinky_mcp": [
                0.02742362953722477,
                0.012938573025166988,
                -0.016555892303586006
            ],
            "pinky_pip": [
                0.016254667192697525,
                0.0019008680246770382,
                -0.035396575927734375
            ],
            "pinky_dip": [
                0.0010733413510024548,
                0.012050556018948555,
                -0.0440070778131485
            ],
            "pinky_tip": [
                -0.000333201140165329,
                0.0317046158015728,
                -0.039214055985212326
            ]
        }
    ]
}