{
"label": "u",
"gestures": [
{
"l_hand_position": null,
"l_wrist": null,
"l_thumb_cmc": null,
"l_thumb_mcp": null,
"l_thumb_ip": null,
"l_thumb_tip": null,
"l_index_mcp": null,
"l_index_pip": null,
"l_index_dip": null,
"l_index_tip": null,
"l_middle_mcp": null,
"l_middle_pip": null,
"l_middle_dip": null,
"l_middle_tip": null,
"l_ring_mcp": null,
"l_ring_pip": null,
"l_ring_dip": null,
"l_ring_tip": null,
"l_pinky_mcp": null,
"l_pinky_pip": null,
"l_pinky_dip": null,
"l_pinky_tip": null,
"r_hand_position": null,
"r_wrist": [
-0.008649369701743126,
0.09209285676479428,
-0.043832987546921186
],
"r_thumb_cmc": [
0.01988811232149601,
0.06490586698055334,
-0.04925834015011826
],
"r_thumb_mcp": [
0.026397705078125,
0.02967558614909668,
-0.056388229131699004
],
"r_thumb_ip": [
0.0152237918227911,
-0.008785587735474262,
-0.05529176071286249
],
"r_thumb_tip": [
-0.013089887797832489,
-0.03225357085466424,
-0.04857556149363566
],
"r_index_mcp": [
0.02512943372130394,
-0.003618987277150202,
-0.0004984093829989472
],
"r_index_pip": [
0.03116455487906933,
-0.03277473151683847,
-0.0006685387925244603
],
"r_index_dip": [
0.033763013780117035,
-0.05671073496341761,
-0.0044776680879295835
],
"r_index_tip": [
0.030433105304837227,
-0.07824335247278315,
-0.021187305450439696
],
"r_middle_mcp": [
0.0015564742498099804,
-0.0037578116171062275,
0.009505533613264668
],
"r_middle_pip": [
0.0073636677116155624,
-0.04332286119461087,
0.002018995117396112
],
"r_middle_dip": [
0.010966758243739605,
-0.06589401513338147,
-0.01333258114755157
],
"r_middle_tip": [
0.015245715156197548,
-0.08943066000938524,
-0.02756020613014725
],
"r_ring_mcp": [
-0.01807638630270958,
0.0006110076792538259,
0.0011598529526963945
],
"r_ring_pip": [
-0.015825096517801285,
-0.02145156636834171,
-0.02240081690251853
],
"r_ring_dip": [
-0.007417383603751659,
-0.004660798702389103,
-0.03591680526733438
],
"r_ring_tip": [
-0.000430544838309288,
0.016808312386274515,
-0.03549065440893217
],
"r_pinky_mcp": [
-0.036222219467163086,
0.012514030560851267,
-0.012172282673418707
],
"r_pinky_pip": [
-0.027405494824051857,
-0.002373611088842191,
-0.02792298421263724
],
"r_pinky_dip": [
-0.015362280420958996,
0.004939941689372104,
-0.04180006682872824
],
"r_pinky_tip": [
-0.011587363667786121,
0.025547780096531213,
-0.03796498849988037
]
}
],
"framerate": 30,
"mirrorable": true
}