{
    "label": "U",
    "label_id": 21,
    "gestures": [
        {
            "wrist": [
                -0.008649369701743126,
                0.0920928567647934,
                -0.043832987546920776
            ],
            "thumb_cmc": [
                0.01988811232149601,
                0.06490586698055267,
                -0.049258340150117874
            ],
            "thumb_mcp": [
                0.026397705078125,
                0.02967558614909649,
                -0.05638822913169861
            ],
            "thumb_ip": [
                0.0152237918227911,
                -0.00878558773547411,
                -0.055291760712862015
            ],
            "thumb_tip": [
                -0.013089887797832489,
                -0.03225357085466385,
                -0.04857556149363518
            ],
            "index_mcp": [
                0.02512943372130394,
                -0.003618987277150154,
                -0.0004984093829989433
            ],
            "index_pip": [
                0.03116455487906933,
                -0.032774731516838074,
                -0.0006685387925244868
            ],
            "index_dip": [
                0.033763013780117035,
                -0.05671073496341705,
                -0.004477668087929487
            ],
            "index_tip": [
                0.030433105304837227,
                -0.07824335247278214,
                -0.021187305450439453
            ],
            "middle_mcp": [
                0.0015564742498099804,
                -0.0037578116171061993,
                0.00950553361326456
            ],
            "middle_pip": [
                0.0073636677116155624,
                -0.043322861194610596,
                0.0020189951173961163
            ],
            "middle_dip": [
                0.010966758243739605,
                -0.06589401513338089,
                -0.013332581147551537
            ],
            "middle_tip": [
                0.015245715156197548,
                -0.08943066000938416,
                -0.02756020613014698
            ],
            "ring_mcp": [
                -0.01807638630270958,
                0.0006110076792538166,
                0.001159852952696383
            ],
            "ring_pip": [
                -0.015825096517801285,
                -0.021451566368341446,
                -0.022400816902518272
            ],
            "ring_dip": [
                -0.007417383603751659,
                -0.004660798702389002,
                -0.035916805267333984
            ],
            "ring_tip": [
                -0.000430544838309288,
                0.016808312386274338,
                -0.03549065440893173
            ],
            "pinky_mcp": [
                -0.036222219467163086,
                0.012514030560851097,
                -0.012172282673418522
            ],
            "pinky_pip": [
                -0.027405494824051857,
                -0.0023736110888421535,
                -0.027922984212636948
            ],
            "pinky_dip": [
                -0.015362280420958996,
                0.004939941689372063,
                -0.04180006682872772
            ],
            "pinky_tip": [
                -0.011587363667786121,
                0.025547780096530914,
                -0.03796498849987984
            ]
        }
    ]
}