{
"label": "u",
"gestures": [
{
"l_hand_position": [
0.6781212687492371,
0.7272682189941406,
5.995810070658081e-09
],
"l_wrist": [
-0.012424912303686142,
0.09147518873214722,
0.02491333708167076
],
"l_thumb_cmc": [
-0.03708292543888092,
0.06349894404411316,
0.006408973131328821
],
"l_thumb_mcp": [
-0.03446582332253456,
0.03724673390388489,
-0.014881649054586887
],
"l_thumb_ip": [
-0.020903289318084717,
0.012129995971918106,
-0.035814519971609116
],
"l_thumb_tip": [
0.006061275955289602,
-0.0015176765155047178,
-0.04464098438620567
],
"l_index_mcp": [
-0.028789345175027847,
-0.011543399654328823,
0.001324201817624271
],
"l_index_pip": [
-0.024287153035402298,
-0.03981205075979233,
-0.004655484110116959
],
"l_index_dip": [
-0.019409338012337685,
-0.06160083785653114,
-0.008417312987148762
],
"l_index_tip": [
-0.01664327085018158,
-0.08388606458902359,
-0.026688480749726295
],
"l_middle_mcp": [
-0.004321415442973375,
-0.006554609164595604,
0.005617717280983925
],
"l_middle_pip": [
0.00031519681215286255,
-0.04249310493469238,
-0.006215354893356562
],
"l_middle_dip": [
-0.00503825768828392,
-0.07051479071378708,
-0.020092179998755455
],
"l_middle_tip": [
-0.00691402330994606,
-0.094655841588974,
-0.03654072433710098
],
"l_ring_mcp": [
0.01839601621031761,
0.005277696531265974,
-0.0007111115264706314
],
"l_ring_pip": [
0.01080457866191864,
0.00015668757259845734,
-0.03147043287754059
],
"l_ring_dip": [
-0.0043787225149571896,
0.01830235868692398,
-0.041462019085884094
],
"l_ring_tip": [
-0.012853256426751614,
0.03980092704296112,
-0.03218071907758713
],
"l_pinky_mcp": [
0.026576202362775803,
0.025453535839915276,
-0.005837882403284311
],
"l_pinky_pip": [
0.020584654062986374,
0.02144555188715458,
-0.030875053256750107
],
"l_pinky_dip": [
0.002642248757183552,
0.03310229629278183,
-0.03974701464176178
],
"l_pinky_tip": [
-0.003946568816900253,
0.04672065004706383,
-0.027156252413988113
],
"r_hand_position": null,
"r_wrist": null,
"r_thumb_cmc": null,
"r_thumb_mcp": null,
"r_thumb_ip": null,
"r_thumb_tip": null,
"r_index_mcp": null,
"r_index_pip": null,
"r_index_dip": null,
"r_index_tip": null,
"r_middle_mcp": null,
"r_middle_pip": null,
"r_middle_dip": null,
"r_middle_tip": null,
"r_ring_mcp": null,
"r_ring_pip": null,
"r_ring_dip": null,
"r_ring_tip": null,
"r_pinky_mcp": null,
"r_pinky_pip": null,
"r_pinky_dip": null,
"r_pinky_tip": null
}
],
"framerate": 30,
"mirrorable": true
}