{
"label": "u",
"gestures": [
{
"l_hand_position": [
0.7141554355621338,
0.7215445041656494,
-1.2714893671272876e-07
],
"l_wrist": [
-0.012817379087209702,
0.0889919251203537,
0.002299908548593521
],
"l_thumb_cmc": [
-0.03496894985437393,
0.061138007789850235,
-0.009700234048068523
],
"l_thumb_mcp": [
-0.032505765557289124,
0.03362637758255005,
-0.028312979266047478
],
"l_thumb_ip": [
-0.022121811285614967,
0.005015835165977478,
-0.042842987924814224
],
"l_thumb_tip": [
0.0029242257587611675,
-0.015622672624886036,
-0.05031367391347885
],
"l_index_mcp": [
-0.026432232931256294,
-0.009127255529165268,
0.005106028169393539
],
"l_index_pip": [
-0.02466343529522419,
-0.03952459245920181,
-0.001478804275393486
],
"l_index_dip": [
-0.021798329427838326,
-0.06300437450408936,
-0.004659689497202635
],
"l_index_tip": [
-0.0162343867123127,
-0.08374686539173126,
-0.021255990490317345
],
"l_middle_mcp": [
-0.005335207097232342,
-0.005827031098306179,
0.006467725615948439
],
"l_middle_pip": [
-0.00143427774310112,
-0.04460357874631882,
-0.0024500798899680376
],
"l_middle_dip": [
-0.006054271012544632,
-0.0724739208817482,
-0.015711946412920952
],
"l_middle_tip": [
-0.008661817759275436,
-0.09362423419952393,
-0.03352045267820358
],
"l_ring_mcp": [
0.01729360781610012,
0.004216383211314678,
-0.0012639331398531795
],
"l_ring_pip": [
0.01819612644612789,
-0.013965786434710026,
-0.028589218854904175
],
"l_ring_dip": [
0.0035801874473690987,
0.0005065292352810502,
-0.042154472321271896
],
"l_ring_tip": [
-0.008472596295177937,
0.020826179534196854,
-0.04395062103867531
],
"l_pinky_mcp": [
0.027368051931262016,
0.02136857993900776,
-0.010724427178502083
],
"l_pinky_pip": [
0.02690502442419529,
0.00993877649307251,
-0.03393052890896797
],
"l_pinky_dip": [
0.013220947235822678,
0.01831803284585476,
-0.04683949053287506
],
"l_pinky_tip": [
-0.00025202706456184387,
0.03214127942919731,
-0.04113075137138367
],
"r_hand_position": null,
"r_wrist": null,
"r_thumb_cmc": null,
"r_thumb_mcp": null,
"r_thumb_ip": null,
"r_thumb_tip": null,
"r_index_mcp": null,
"r_index_pip": null,
"r_index_dip": null,
"r_index_tip": null,
"r_middle_mcp": null,
"r_middle_pip": null,
"r_middle_dip": null,
"r_middle_tip": null,
"r_ring_mcp": null,
"r_ring_pip": null,
"r_ring_dip": null,
"r_ring_tip": null,
"r_pinky_mcp": null,
"r_pinky_pip": null,
"r_pinky_dip": null,
"r_pinky_tip": null
}
],
"framerate": 30,
"mirrorable": true
}