{
"label": "u",
"gestures": [
{
"l_hand_position": null,
"l_wrist": null,
"l_thumb_cmc": null,
"l_thumb_mcp": null,
"l_thumb_ip": null,
"l_thumb_tip": null,
"l_index_mcp": null,
"l_index_pip": null,
"l_index_dip": null,
"l_index_tip": null,
"l_middle_mcp": null,
"l_middle_pip": null,
"l_middle_dip": null,
"l_middle_tip": null,
"l_ring_mcp": null,
"l_ring_pip": null,
"l_ring_dip": null,
"l_ring_tip": null,
"l_pinky_mcp": null,
"l_pinky_pip": null,
"l_pinky_dip": null,
"l_pinky_tip": null,
"r_hand_position": [
-0.2652049660682678,
0.2979135513305664,
-0.49999945732884044
],
"r_wrist": [
0.00552021712064743,
0.09053948521614075,
0.022624772042036057
],
"r_thumb_cmc": [
0.026940010488033295,
0.0634869858622551,
0.018925251439213753
],
"r_thumb_mcp": [
0.03717024251818657,
0.03480738401412964,
0.004029245115816593
],
"r_thumb_ip": [
0.033760637044906616,
0.009738758206367493,
-0.020849766209721565
],
"r_thumb_tip": [
0.015935465693473816,
-0.0065218377858400345,
-0.0383940115571022
],
"r_index_mcp": [
0.017426982522010803,
-0.01014704816043377,
0.014173611998558044
],
"r_index_pip": [
0.021657882258296013,
-0.038727257400751114,
0.00768623361364007
],
"r_index_dip": [
0.022489281371235847,
-0.061368606984615326,
0.0008042124682106078
],
"r_index_tip": [
0.019293978810310364,
-0.08160420507192612,
-0.021350547671318054
],
"r_middle_mcp": [
-0.0010925757233053446,
-0.005158096551895142,
0.0062423874624073505
],
"r_middle_pip": [
0.005553775001317263,
-0.041036467999219894,
-0.004193305037915707
],
"r_middle_dip": [
0.006015626713633537,
-0.06774865835905075,
-0.021736638620495796
],
"r_middle_tip": [
0.013636622577905655,
-0.09379623085260391,
-0.04158672317862511
],
"r_ring_mcp": [
-0.012378199957311153,
0.004440549295395613,
-0.009874149225652218
],
"r_ring_pip": [
0.0018781713442876935,
-0.0059991078451275826,
-0.03090442344546318
],
"r_ring_dip": [
0.014848708175122738,
0.015041898936033249,
-0.03241146728396416
],
"r_ring_tip": [
0.01965334638953209,
0.03616638481616974,
-0.0218251571059227
],
"r_pinky_mcp": [
-0.02499813586473465,
0.024858934804797173,
-0.02199026569724083
],
"r_pinky_pip": [
-0.005238582380115986,
0.024232657626271248,
-0.03546495735645294
],
"r_pinky_dip": [
0.01199354138225317,
0.03666519746184349,
-0.03765412047505379
],
"r_pinky_tip": [
0.016697362065315247,
0.05175009369850159,
-0.01959635503590107
]
}
],
"framerate": 30,
"mirrorable": true
}