{
"label": "u",
"gestures": [
{
"l_hand_position": null,
"l_wrist": null,
"l_thumb_cmc": null,
"l_thumb_mcp": null,
"l_thumb_ip": null,
"l_thumb_tip": null,
"l_index_mcp": null,
"l_index_pip": null,
"l_index_dip": null,
"l_index_tip": null,
"l_middle_mcp": null,
"l_middle_pip": null,
"l_middle_dip": null,
"l_middle_tip": null,
"l_ring_mcp": null,
"l_ring_pip": null,
"l_ring_dip": null,
"l_ring_tip": null,
"l_pinky_mcp": null,
"l_pinky_pip": null,
"l_pinky_dip": null,
"l_pinky_tip": null,
"r_hand_position": [
-0.2822965085506439,
0.29284220933914185,
-0.4999993985007336
],
"r_wrist": [
0.0024193935096263885,
0.09182940423488617,
0.01707722805440426
],
"r_thumb_cmc": [
0.027263252064585686,
0.06523013114929199,
-0.002127209445461631
],
"r_thumb_mcp": [
0.028143446892499924,
0.036456719040870667,
-0.022448761388659477
],
"r_thumb_ip": [
0.010507111437618732,
0.009476825594902039,
-0.043806951493024826
],
"r_thumb_tip": [
-0.014375359751284122,
-0.010567931458353996,
-0.04866190254688263
],
"r_index_mcp": [
0.021780239418148994,
-0.010588652454316616,
-0.0007077840273268521
],
"r_index_pip": [
0.02515263669192791,
-0.0406387597322464,
-0.0040076784789562225
],
"r_index_dip": [
0.025135010480880737,
-0.06553447246551514,
-0.004753055050969124
],
"r_index_tip": [
0.01984846591949463,
-0.08560673892498016,
-0.022030631080269814
],
"r_middle_mcp": [
0.0004649613983929157,
-0.006199398078024387,
0.006453758105635643
],
"r_middle_pip": [
0.002542206086218357,
-0.04591530188918114,
-0.005148802883923054
],
"r_middle_dip": [
0.003364263102412224,
-0.06979352235794067,
-0.0216887928545475
],
"r_middle_tip": [
0.007855061441659927,
-0.09466015547513962,
-0.03677034750580788
],
"r_ring_mcp": [
-0.015166155993938446,
0.004711736924946308,
0.001433044672012329
],
"r_ring_pip": [
-0.014877215027809143,
-0.006884419359266758,
-0.02972910739481449
],
"r_ring_dip": [
-0.003753258381038904,
0.01568295620381832,
-0.03890153393149376
],
"r_ring_tip": [
0.005554771050810814,
0.037438422441482544,
-0.030721250921487808
],
"r_pinky_mcp": [
-0.031748250126838684,
0.02531587705016136,
-0.005283722188323736
],
"r_pinky_pip": [
-0.026893258094787598,
0.01811533421278,
-0.024967575445771217
],
"r_pinky_dip": [
-0.01125391386449337,
0.030816759914159775,
-0.03424863889813423
],
"r_pinky_tip": [
-0.002875734120607376,
0.0499880313873291,
-0.022730713710188866
]
}
],
"framerate": 30,
"mirrorable": true
}