{
"label": "u",
"gestures": [
{
"l_hand_position": null,
"l_wrist": [
0.008998261764645576,
0.09111854434013367,
0.03918670862913132
],
"l_thumb_cmc": [
-0.021542584523558617,
0.06917397677898407,
0.021668996661901474
],
"l_thumb_mcp": [
-0.03277919441461563,
0.047333862632513046,
0.0010442679049447179
],
"l_thumb_ip": [
-0.034556977450847626,
0.023103520274162292,
-0.027823032811284065
],
"l_thumb_tip": [
-0.01780310645699501,
0.0057216668501496315,
-0.04796628654003143
],
"l_index_mcp": [
-0.028585419058799744,
-0.007464244496077299,
0.0044010658748447895
],
"l_index_pip": [
-0.027962354943156242,
-0.03614135831594467,
-0.004877406172454357
],
"l_index_dip": [
-0.026191674172878265,
-0.05776030570268631,
-0.010127509944140911
],
"l_index_tip": [
-0.02926286682486534,
-0.07855789363384247,
-0.030361123383045197
],
"l_middle_mcp": [
-0.004522997885942459,
-0.005800805985927582,
0.004539388697594404
],
"l_middle_pip": [
-0.002486121840775013,
-0.04435960203409195,
-0.006987255532294512
],
"l_middle_dip": [
-0.012305622920393944,
-0.06790965795516968,
-0.025149431079626083
],
"l_middle_tip": [
-0.016037890687584877,
-0.09153307229280472,
-0.04322510212659836
],
"l_ring_mcp": [
0.018441883847117424,
0.0021990120876580477,
-0.0029349601827561855
],
"l_ring_pip": [
0.012455441057682037,
-0.015873393043875694,
-0.026412347331643105
],
"l_ring_dip": [
0.0003172599244862795,
0.0013808754738420248,
-0.04140618443489075
],
"l_ring_tip": [
-0.0029792580753564835,
0.022480105981230736,
-0.042899224907159805
],
"l_pinky_mcp": [
0.032167911529541016,
0.02173321507871151,
-0.0072317905724048615
],
"l_pinky_pip": [
0.02920266054570675,
0.007690934464335442,
-0.025931576266884804
],
"l_pinky_dip": [
0.017625870183110237,
0.01653474010527134,
-0.041133154183626175
],
"l_pinky_tip": [
0.010719411075115204,
0.03389204666018486,
-0.039698533713817596
],
"r_hand_position": [
0.1425458788871765,
0.1767924427986145,
-0.49999978504553155
],
"r_wrist": null,
"r_thumb_cmc": null,
"r_thumb_mcp": null,
"r_thumb_ip": null,
"r_thumb_tip": null,
"r_index_mcp": null,
"r_index_pip": null,
"r_index_dip": null,
"r_index_tip": null,
"r_middle_mcp": null,
"r_middle_pip": null,
"r_middle_dip": null,
"r_middle_tip": null,
"r_ring_mcp": null,
"r_ring_pip": null,
"r_ring_dip": null,
"r_ring_tip": null,
"r_pinky_mcp": null,
"r_pinky_pip": null,
"r_pinky_dip": null,
"r_pinky_tip": null,
"l_hand_velocity": null,
"r_hand_velocity": null,
"m_nose_point": null,
"m_top_nose": null,
"m_eyebrows": null,
"m_forehead": null,
"m_top_chin": null,
"m_bot_up_lip": null,
"m_top_low_lip": null,
"m_bot_nose": null,
"m_chin": null,
"m_nose": null,
"l_eye_exterior": null,
"l_temple": null,
"l_mid_chin": null,
"l_up_lip": null,
"l_ext_nostril": null,
"l_mid_cheek": null,
"l_mid_eyebrow": null,
"l_ext_eyebrow": null,
"l_ext_lips": null,
"l_jaw_angle": null,
"l_mid_ext_face": null,
"l_int_eyebrow": null,
"l_mid_jaw": null,
"l_mid_bot_eyelid": null,
"l_ext_mouth": null,
"l_top_eyelid": null,
"l_eye_int": null,
"l_pupil": null,
"r_eye_exterior": null,
"r_temple": null,
"r_mid_chin": null,
"r_up_lip": null,
"r_ext_nostril": null,
"r_mid_cheek": null,
"r_mid_eyebrow": null,
"r_ext_eyebrow": null,
"r_ext_lips": null,
"r_jaw_angle": null,
"r_mid_ext_face": null,
"r_int_eyebrow": null,
"r_mid_jaw": null,
"r_mid_bot_eyelid": null,
"r_ext_mouth": null,
"r_top_eyelid": null,
"r_eye_int": null,
"r_pupil": null,
"l_shoudler": null,
"l_elbow": null,
"l_hip": null,
"l_knee": null,
"l_ankle": null,
"r_shoudler": null,
"r_elbow": null,
"r_hip": null,
"r_knee": null,
"r_ankle": null
}
],
"framerate": 30,
"mirrorable": true,
"invalid": false
}