{
"label": "u",
"gestures": [
{
"l_hand_position": null,
"l_wrist": [
-0.007360238581895828,
0.08531092852354122,
-0.0340010076761251
],
"l_thumb_cmc": [
-0.03058025799691677,
0.05981619283556996,
-0.0346305258572106
],
"l_thumb_mcp": [
-0.03063434362411499,
0.026896778494119936,
-0.039045829325914765
],
"l_thumb_ip": [
-0.019923560321331024,
-0.0066916858777405375,
-0.034360580146313206
],
"l_thumb_tip": [
0.01092515792697668,
-0.028230335563421548,
-0.030678447335958762
],
"l_index_mcp": [
-0.02487243339419365,
-0.005832720547914555,
0.006801011506468126
],
"l_index_pip": [
-0.02638557180762291,
-0.03255484625697165,
-0.000294757337542205
],
"l_index_dip": [
-0.025820711627602577,
-0.05496384948492102,
-0.0036466806195677047
],
"l_index_tip": [
-0.023850739002227783,
-0.0744458138942727,
-0.02155359461903583
],
"l_middle_mcp": [
-0.004627532325685024,
-0.0027830356266349736,
0.008675381541252218
],
"l_middle_pip": [
-0.004768159240484238,
-0.04485877975821529,
-0.0010922716464847283
],
"l_middle_dip": [
-0.012780075892806053,
-0.06774976849556039,
-0.013705203309655235
],
"l_middle_tip": [
-0.015864405781030655,
-0.08701856434345344,
-0.02852141298353694
],
"l_ring_mcp": [
0.015197699889540672,
0.0007967683486640463,
-0.002597822807729253
],
"l_ring_pip": [
0.013363067060709,
-0.02470552176237135,
-0.024502018466592085
],
"l_ring_dip": [
0.00016081798821687698,
-0.012987563386559719,
-0.04019201174378437
],
"l_ring_tip": [
-0.009425883181393147,
0.01080940105021013,
-0.04344689100980809
],
"l_pinky_mcp": [
0.02534862980246544,
0.012889609672129355,
-0.015235438011586912
],
"l_pinky_pip": [
0.023648515343666077,
-0.002316050231456797,
-0.03388479724526452
],
"l_pinky_dip": [
0.010013636201620102,
-7.600849494336257e-05,
-0.050032135099173265
],
"l_pinky_tip": [
-0.00017844513058662415,
0.020335637032985875,
-0.04900030419230503
],
"r_hand_position": null,
"r_wrist": null,
"r_thumb_cmc": null,
"r_thumb_mcp": null,
"r_thumb_ip": null,
"r_thumb_tip": null,
"r_index_mcp": null,
"r_index_pip": null,
"r_index_dip": null,
"r_index_tip": null,
"r_middle_mcp": null,
"r_middle_pip": null,
"r_middle_dip": null,
"r_middle_tip": null,
"r_ring_mcp": null,
"r_ring_pip": null,
"r_ring_dip": null,
"r_ring_tip": null,
"r_pinky_mcp": null,
"r_pinky_pip": null,
"r_pinky_dip": null,
"r_pinky_tip": null
}
],
"framerate": 30,
"mirrorable": true
}