{
"label": "u",
"gestures": [
{
"l_hand_position": null,
"l_wrist": [
-0.00704033300280571,
0.09590406715869984,
-0.003989712800830561
],
"l_thumb_cmc": [
-0.028865192085504532,
0.06825739145278971,
-0.01577896252274536
],
"l_thumb_mcp": [
-0.01936478167772293,
0.039500519633293554,
-0.031585238873959
],
"l_thumb_ip": [
-0.0031470339745283127,
0.008568469434976576,
-0.03801638260483786
],
"l_thumb_tip": [
0.01681194081902504,
-0.015910610556602634,
-0.03420835733413722
],
"l_index_mcp": [
-0.024464283138513565,
-0.011104270815849445,
0.0003075657295994632
],
"l_index_pip": [
-0.025534693151712418,
-0.04011796042323147,
-0.002648543566465397
],
"l_index_dip": [
-0.024072103202342987,
-0.06343887001276101,
-0.001612762571312491
],
"l_index_tip": [
-0.02257159724831581,
-0.0890658050775538,
-0.015999570488929762
],
"l_middle_mcp": [
-0.005123607814311981,
-0.004907563328743024,
0.005815312732011131
],
"l_middle_pip": [
-0.004008511081337929,
-0.04908343404531554,
0.00430997880175716
],
"l_middle_dip": [
-0.008729387074708939,
-0.07614369690418323,
-0.0015918712597339964
],
"l_middle_tip": [
-0.012048006057739258,
-0.10013599693775291,
-0.011904366314411177
],
"l_ring_mcp": [
0.01667562499642372,
0.0039037098176777853,
0.0014825476100668424
],
"l_ring_pip": [
0.024088693782687187,
-0.017399828881025536,
-0.02308316528797173
],
"l_ring_dip": [
0.015534693375229836,
-0.004978670272976192,
-0.03835553675890006
],
"l_ring_tip": [
0.007918438874185085,
0.011919023469090585,
-0.04077597334981
],
"l_pinky_mcp": [
0.02812202461063862,
0.023686565458774764,
-0.0043710242025555195
],
"l_pinky_pip": [
0.033057183027267456,
0.007754289545118889,
-0.027339143678546292
],
"l_pinky_dip": [
0.025451218709349632,
0.01712883077561874,
-0.04442670941352903
],
"l_pinky_tip": [
0.0139974569901824,
0.03393281623721148,
-0.039231453090906525
],
"r_hand_position": null,
"r_wrist": null,
"r_thumb_cmc": null,
"r_thumb_mcp": null,
"r_thumb_ip": null,
"r_thumb_tip": null,
"r_index_mcp": null,
"r_index_pip": null,
"r_index_dip": null,
"r_index_tip": null,
"r_middle_mcp": null,
"r_middle_pip": null,
"r_middle_dip": null,
"r_middle_tip": null,
"r_ring_mcp": null,
"r_ring_pip": null,
"r_ring_dip": null,
"r_ring_tip": null,
"r_pinky_mcp": null,
"r_pinky_pip": null,
"r_pinky_dip": null,
"r_pinky_tip": null
}
],
"framerate": 30,
"mirrorable": true
}