{
    "label": "U",
    "label_id": 21,
    "gestures": [
        {
            "wrist": [
                -0.000759197399020195,
                0.09483420848846436,
                0.013237890787422657
            ],
            "thumb_cmc": [
                -0.026278246194124222,
                0.06866119801998138,
                0.012143404223024845
            ],
            "thumb_mcp": [
                -0.03390606492757797,
                0.03859006240963936,
                0.0005418800283223391
            ],
            "thumb_ip": [
                -0.036228712648153305,
                0.009321036748588085,
                -0.019064148887991905
            ],
            "thumb_tip": [
                -0.019115827977657318,
                -0.010322801768779755,
                -0.040254805237054825
            ],
            "index_mcp": [
                -0.024487003684043884,
                -0.006835448555648327,
                0.016720259562134743
            ],
            "index_pip": [
                -0.023749757558107376,
                -0.033825647085905075,
                0.011065883561968803
            ],
            "index_dip": [
                -0.022227535024285316,
                -0.0594816729426384,
                0.005310193169862032
            ],
            "index_tip": [
                -0.021245861425995827,
                -0.08142810314893723,
                -0.0077353897504508495
            ],
            "middle_mcp": [
                -0.003023851662874222,
                -0.004671360831707716,
                0.006828616373240948
            ],
            "middle_pip": [
                -0.003071034327149391,
                -0.04401085525751114,
                -0.0031189974397420883
            ],
            "middle_dip": [
                -0.01086672954261303,
                -0.070009745657444,
                -0.016580842435359955
            ],
            "middle_tip": [
                -0.014250965788960457,
                -0.09529785811901093,
                -0.031324807554483414
            ],
            "ring_mcp": [
                0.0160966869443655,
                0.003194657387211919,
                -0.010253566317260265
            ],
            "ring_pip": [
                -0.0017460701055824757,
                -0.015556162223219872,
                -0.02964949421584606
            ],
            "ring_dip": [
                -0.015630222856998444,
                0.003028011880815029,
                -0.032323841005563736
            ],
            "ring_tip": [
                -0.022717393934726715,
                0.02609461173415184,
                -0.026922952383756638
            ],
            "pinky_mcp": [
                0.02065925858914852,
                0.019837241619825363,
                -0.023960983380675316
            ],
            "pinky_pip": [
                0.006978565827012062,
                0.011235646903514862,
                -0.03808973729610443
            ],
            "pinky_dip": [
                -0.01045982912182808,
                0.02316601760685444,
                -0.03964060917496681
            ],
            "pinky_tip": [
                -0.012765776365995407,
                0.041050564497709274,
                -0.031389568001031876
            ]
        }
    ]
}