{
    "label": "U",
    "label_id": 21,
    "gestures": [
        {
            "wrist": [
                -0.007584180682897568,
                0.0931280329823494,
                -0.006076490506529808
            ],
            "thumb_cmc": [
                -0.02865007147192955,
                0.06392071396112442,
                -0.01700570248067379
            ],
            "thumb_mcp": [
                -0.024669110774993896,
                0.0361328087747097,
                -0.031163305044174194
            ],
            "thumb_ip": [
                -0.011333131231367588,
                0.005849412642419338,
                -0.0401960127055645
            ],
            "thumb_tip": [
                0.01696770265698433,
                -0.011026251129806042,
                -0.040243759751319885
            ],
            "index_mcp": [
                -0.026155129075050354,
                -0.011348189786076546,
                0.002423687605187297
            ],
            "index_pip": [
                -0.02146434783935547,
                -0.03942565992474556,
                -0.00154857337474823
            ],
            "index_dip": [
                -0.015727084130048752,
                -0.06367385387420654,
                -0.0016119794454425573
            ],
            "index_tip": [
                -0.011162996292114258,
                -0.08723781257867813,
                -0.015616392716765404
            ],
            "middle_mcp": [
                -0.004962246399372816,
                -0.0051127090118825436,
                0.0066003152169287205
            ],
            "middle_pip": [
                0.0012606233358383179,
                -0.04692232608795166,
                0.0031447841320186853
            ],
            "middle_dip": [
                -0.0013912692666053772,
                -0.0754784643650055,
                -0.007581204641610384
            ],
            "middle_tip": [
                0.0003156326711177826,
                -0.09907137602567673,
                -0.01604487933218479
            ],
            "ring_mcp": [
                0.017159130424261093,
                0.004610253497958183,
                -5.26049334439449e-05
            ],
            "ring_pip": [
                0.020546816289424896,
                -0.018240630626678467,
                -0.024389607831835747
            ],
            "ring_dip": [
                0.011736182495951653,
                -0.0005623446777462959,
                -0.03645327687263489
            ],
            "ring_tip": [
                0.004532370250672102,
                0.018836844712495804,
                -0.033714789897203445
            ],
            "pinky_mcp": [
                0.028105072677135468,
                0.02276761271059513,
                -0.00837732758373022
            ],
            "pinky_pip": [
                0.031312089413404465,
                0.005611647851765156,
                -0.028098559007048607
            ],
            "pinky_dip": [
                0.02262166142463684,
                0.011378935538232327,
                -0.0425051674246788
            ],
            "pinky_tip": [
                0.013749126344919205,
                0.02746133878827095,
                -0.036468446254730225
            ]
        }
    ]
}