{
    "label": "U",
    "label_id": 21,
    "gestures": [
        {
            "wrist": [
                -0.003309424966573715,
                0.09958649426698685,
                -0.011866950429975986
            ],
            "thumb_cmc": [
                -0.027295667678117752,
                0.06755895912647247,
                -0.028363997116684914
            ],
            "thumb_mcp": [
                -0.015835242345929146,
                0.0406765341758728,
                -0.03650796413421631
            ],
            "thumb_ip": [
                0.0007335641421377659,
                0.008660156279802322,
                -0.0453932024538517
            ],
            "thumb_tip": [
                0.01957632601261139,
                -0.014156205579638481,
                -0.0385587178170681
            ],
            "index_mcp": [
                -0.026038946583867073,
                -0.011513384990394115,
                -0.001718814019113779
            ],
            "index_pip": [
                -0.026378188282251358,
                -0.041893407702445984,
                -0.00022137293126434088
            ],
            "index_dip": [
                -0.025128554552793503,
                -0.06771975010633469,
                0.004415951203554869
            ],
            "index_tip": [
                -0.027511082589626312,
                -0.09298703074455261,
                -0.0042292894795536995
            ],
            "middle_mcp": [
                -0.005156164988875389,
                -0.0034730478655546904,
                0.005469146184623241
            ],
            "middle_pip": [
                -0.004021318629384041,
                -0.04675937816500664,
                0.010309550911188126
            ],
            "middle_dip": [
                -0.009775005280971527,
                -0.0755409449338913,
                0.007265730295330286
            ],
            "middle_tip": [
                -0.01667219027876854,
                -0.10852096974849701,
                -0.0022981902584433556
            ],
            "ring_mcp": [
                0.01778768002986908,
                0.003698764368891716,
                0.002505392534658313
            ],
            "ring_pip": [
                0.02530229464173317,
                -0.00978426355868578,
                -0.023491516709327698
            ],
            "ring_dip": [
                0.015405223704874516,
                0.007698100060224533,
                -0.03561513498425484
            ],
            "ring_tip": [
                0.009369523264467716,
                0.026730064302682877,
                -0.037075385451316833
            ],
            "pinky_mcp": [
                0.025311725214123726,
                0.024083327502012253,
                -0.005909890402108431
            ],
            "pinky_pip": [
                0.03135014325380325,
                0.009309290908277035,
                -0.029306452721357346
            ],
            "pinky_dip": [
                0.023701846599578857,
                0.01948125846683979,
                -0.04609132930636406
            ],
            "pinky_tip": [
                0.0184712465852499,
                0.037859901785850525,
                -0.03871101513504982
            ]
        }
    ]
}