{
"label": "u",
"gestures": [
{
"l_hand_position": null,
"l_wrist": null,
"l_thumb_cmc": null,
"l_thumb_mcp": null,
"l_thumb_ip": null,
"l_thumb_tip": null,
"l_index_mcp": null,
"l_index_pip": null,
"l_index_dip": null,
"l_index_tip": null,
"l_middle_mcp": null,
"l_middle_pip": null,
"l_middle_dip": null,
"l_middle_tip": null,
"l_ring_mcp": null,
"l_ring_pip": null,
"l_ring_dip": null,
"l_ring_tip": null,
"l_pinky_mcp": null,
"l_pinky_pip": null,
"l_pinky_dip": null,
"l_pinky_tip": null,
"r_hand_position": null,
"r_wrist": [
-0.0036635957658290863,
0.09334085136652091,
-0.015256706625223356
],
"r_thumb_cmc": [
0.019840868189930916,
0.06689605116844259,
-0.009998998604714943
],
"r_thumb_mcp": [
0.034210145473480225,
0.03549215197563214,
-0.013470700010657423
],
"r_thumb_ip": [
0.03281458094716072,
-0.003033111803233672,
-0.018202453851700034
],
"r_thumb_tip": [
0.015772154554724693,
-0.025863800197840014,
-0.028001949191093705
],
"r_index_mcp": [
0.01406266912817955,
-0.004759328439831804,
0.013815821148455299
],
"r_index_pip": [
0.01745758391916752,
-0.03603611513972335,
0.014712822623551029
],
"r_index_dip": [
0.02289045974612236,
-0.06043791398406102,
0.013001920655369868
],
"r_index_tip": [
0.021544508635997772,
-0.08821301162242998,
0.00414868397638208
],
"r_middle_mcp": [
-0.00246792146936059,
-0.0050587374716997546,
0.00849319342523824
],
"r_middle_pip": [
0.003688136115670204,
-0.041560437530279506,
0.0027359717059881423
],
"r_middle_dip": [
0.006711138412356377,
-0.07201591879129492,
-0.00938807800412189
],
"r_middle_tip": [
0.01071518287062645,
-0.10119938850402949,
-0.02171649411320718
],
"r_ring_mcp": [
-0.010975182056427002,
0.0019616121426224895,
-0.008440500125289066
],
"r_ring_pip": [
0.004207609221339226,
-0.01258753798902049,
-0.030146356672048968
],
"r_ring_dip": [
0.01619310863316059,
0.007606777362525426,
-0.035906683653593334
],
"r_ring_tip": [
0.021140849217772484,
0.029486548155546376,
-0.03309460356831585
],
"r_pinky_mcp": [
-0.01926719769835472,
0.01610124297440066,
-0.024661796167493154
],
"r_pinky_pip": [
-0.001998597988858819,
0.002349945716559894,
-0.03626789525151296
],
"r_pinky_dip": [
0.011576604098081589,
0.010906117968261395,
-0.044263113290072
],
"r_pinky_tip": [
0.016313079744577408,
0.03220126777887381,
-0.03659742698073426
]
}
],
"framerate": 30,
"mirrorable": true
}