{
"label": "u",
"gestures": [
{
"l_hand_position": null,
"l_wrist": null,
"l_thumb_cmc": null,
"l_thumb_mcp": null,
"l_thumb_ip": null,
"l_thumb_tip": null,
"l_index_mcp": null,
"l_index_pip": null,
"l_index_dip": null,
"l_index_tip": null,
"l_middle_mcp": null,
"l_middle_pip": null,
"l_middle_dip": null,
"l_middle_tip": null,
"l_ring_mcp": null,
"l_ring_pip": null,
"l_ring_dip": null,
"l_ring_tip": null,
"l_pinky_mcp": null,
"l_pinky_pip": null,
"l_pinky_dip": null,
"l_pinky_tip": null,
"r_hand_position": null,
"r_wrist": [
-0.006746411323547363,
0.09305338561534965,
-0.02030381001532113
],
"r_thumb_cmc": [
0.019951092079281807,
0.0661244988441476,
-0.014121287502348572
],
"r_thumb_mcp": [
0.03297775238752365,
0.034589607268572256,
-0.020549330860376674
],
"r_thumb_ip": [
0.03168685361742973,
-0.002433886751532555,
-0.0271524079144004
],
"r_thumb_tip": [
0.015106180682778358,
-0.028422931209206845,
-0.04030469432473224
],
"r_index_mcp": [
0.0168333537876606,
-0.006711818743497202,
0.013474499806761884
],
"r_index_pip": [
0.020701471716165543,
-0.0370111428201202,
0.012985540553927585
],
"r_index_dip": [
0.025054428726434708,
-0.06109698116779387,
0.011092012748122416
],
"r_index_tip": [
0.023875713348388672,
-0.089395761489869,
-0.0008619658183304446
],
"r_middle_mcp": [
-0.0013692625798285007,
-0.005379574373364509,
0.008873282000422604
],
"r_middle_pip": [
0.0066045792773365974,
-0.04253791645169313,
0.002435238100588404
],
"r_middle_dip": [
0.010005289688706398,
-0.07221911102533436,
-0.008968637324869754
],
"r_middle_tip": [
0.01708780601620674,
-0.09905894100666157,
-0.01707485318183936
],
"r_ring_mcp": [
-0.012588759884238243,
0.0020123668946326083,
-0.008196280337870227
],
"r_ring_pip": [
0.002178667578846216,
-0.014056624844670417,
-0.028881996870041195
],
"r_ring_dip": [
0.014305640012025833,
0.006126170977950146,
-0.0376247316598895
],
"r_ring_tip": [
0.021738283336162567,
0.028921727091074215,
-0.03617886453866994
],
"r_pinky_mcp": [
-0.022588923573493958,
0.016906915232539385,
-0.025209033861756647
],
"r_pinky_pip": [
-0.005390950944274664,
0.0022575319744646957,
-0.03617217764258416
],
"r_pinky_dip": [
0.008919412270188332,
0.011804643087089124,
-0.04305022954940835
],
"r_pinky_tip": [
0.0128764808177948,
0.03236425668001208,
-0.036650240421295686
]
}
],
"framerate": 30,
"mirrorable": true
}