{
"label": "u",
"gestures": [
{
"l_hand_position": null,
"l_wrist": [
0.004906866699457169,
0.09600116312503904,
0.012342733331024737
],
"l_thumb_cmc": [
-0.022260693833231926,
0.07284811139106848,
-0.007497259415686269
],
"l_thumb_mcp": [
-0.021076230332255363,
0.046590957790613674,
-0.024855365976691583
],
"l_thumb_ip": [
-0.009280676022171974,
0.013550735078752148,
-0.03918738663196605
],
"l_thumb_tip": [
0.009622558951377869,
-0.005782190244645044,
-0.03980492427945194
],
"l_index_mcp": [
-0.028415806591510773,
-0.0043945405632258025,
-0.004073494579643053
],
"l_index_pip": [
-0.03106975182890892,
-0.03473041579127355,
-0.006414790172129911
],
"l_index_dip": [
-0.03245893865823746,
-0.05843985080719056,
-0.008882229216396906
],
"l_index_tip": [
-0.03330763056874275,
-0.0767651349306113,
-0.02291585505008715
],
"l_middle_mcp": [
-0.005656461697071791,
-0.00580135546624666,
0.004233592655509761
],
"l_middle_pip": [
-0.005655424669384956,
-0.04714669659733827,
-0.0023139931727200066
],
"l_middle_dip": [
-0.010938076302409172,
-0.06927148252725693,
-0.014302816241979778
],
"l_middle_tip": [
-0.013088110834360123,
-0.0908055827021613,
-0.026719804853201273
],
"l_ring_mcp": [
0.018737835809588432,
0.0016017379239201695,
0.0036167867947370126
],
"l_ring_pip": [
0.016122641041874886,
-0.012972995638847523,
-0.023889610543847344
],
"l_ring_dip": [
0.00827003363519907,
0.004105076659470805,
-0.03843893855810193
],
"l_ring_tip": [
0.004237262532114983,
0.023955490440130532,
-0.039269577711821
],
"l_pinky_mcp": [
0.03128769248723984,
0.01834182441234606,
0.001642626477405458
],
"l_pinky_pip": [
0.03203148767352104,
0.003987750038504612,
-0.01944308169186142
],
"l_pinky_dip": [
0.024236172437667847,
0.014432152733206879,
-0.03834878653287931
],
"l_pinky_tip": [
0.020662399008870125,
0.02778654173016586,
-0.03857958316803027
],
"r_hand_position": null,
"r_wrist": null,
"r_thumb_cmc": null,
"r_thumb_mcp": null,
"r_thumb_ip": null,
"r_thumb_tip": null,
"r_index_mcp": null,
"r_index_pip": null,
"r_index_dip": null,
"r_index_tip": null,
"r_middle_mcp": null,
"r_middle_pip": null,
"r_middle_dip": null,
"r_middle_tip": null,
"r_ring_mcp": null,
"r_ring_pip": null,
"r_ring_dip": null,
"r_ring_tip": null,
"r_pinky_mcp": null,
"r_pinky_pip": null,
"r_pinky_dip": null,
"r_pinky_tip": null
}
],
"framerate": 30,
"mirrorable": true
}