{
"label": "n",
"gestures": [
{
"l_hand_position": null,
"l_wrist": null,
"l_thumb_cmc": null,
"l_thumb_mcp": null,
"l_thumb_ip": null,
"l_thumb_tip": null,
"l_index_mcp": null,
"l_index_pip": null,
"l_index_dip": null,
"l_index_tip": null,
"l_middle_mcp": null,
"l_middle_pip": null,
"l_middle_dip": null,
"l_middle_tip": null,
"l_ring_mcp": null,
"l_ring_pip": null,
"l_ring_dip": null,
"l_ring_tip": null,
"l_pinky_mcp": null,
"l_pinky_pip": null,
"l_pinky_dip": null,
"l_pinky_tip": null,
"r_hand_position": [
-0.2838307321071625,
0.18414306640625,
-0.49999961047629427
],
"r_wrist": [
-0.08526034653186798,
0.01252772007137537,
0.034177009016275406
],
"r_thumb_cmc": [
-0.05664246156811714,
-0.018251493573188782,
0.030085738748311996
],
"r_thumb_mcp": [
-0.029343781992793083,
-0.027588464319705963,
0.03416568413376808
],
"r_thumb_ip": [
0.0034316107630729675,
-0.03701129928231239,
0.030457617715001106
],
"r_thumb_tip": [
0.021843234077095985,
-0.035321496427059174,
0.022895189002156258
],
"r_index_mcp": [
0.00047718745190650225,
-0.027514729648828506,
0.0022752706427127123
],
"r_index_pip": [
0.032180409878492355,
-0.024011556059122086,
0.006133360788226128
],
"r_index_dip": [
0.05566859990358353,
-0.024837147444486618,
0.017476841807365417
],
"r_index_tip": [
0.07987509667873383,
-0.02390262484550476,
0.027322856709361076
],
"r_middle_mcp": [
0.0009080286254175007,
-0.004059669096022844,
-0.0011486177099868655
],
"r_middle_pip": [
0.037887316197156906,
-0.0038427237886935472,
0.003898394061252475
],
"r_middle_dip": [
0.06355379521846771,
-0.012577403336763382,
0.013026992790400982
],
"r_middle_tip": [
0.09189840406179428,
-0.01763206534087658,
0.021114155650138855
],
"r_ring_mcp": [
0.00021301070228219032,
0.019724180921912193,
-0.00035340251633897424
],
"r_ring_pip": [
0.012218352407217026,
0.014421473257243633,
0.018843287602066994
],
"r_ring_dip": [
0.004641435109078884,
0.006323415786027908,
0.042161814868450165
],
"r_ring_tip": [
-0.003654482075944543,
0.008267305791378021,
0.058104801923036575
],
"r_pinky_mcp": [
-0.013180676847696304,
0.03166057914495468,
0.004665131215006113
],
"r_pinky_pip": [
-0.0023720299359411,
0.02519131265580654,
0.024831268936395645
],
"r_pinky_dip": [
-0.006942342966794968,
0.022465864196419716,
0.05235651507973671
],
"r_pinky_tip": [
-0.01201225258409977,
0.02275850996375084,
0.05840013548731804
]
}
],
"framerate": 30,
"mirrorable": true
}