{
    "label": "f",
    "label_id": 6,
    "gestures": [
        {
            "wrist": [
                -0.009135892614722252,
                0.08218220621347427,
                -0.02773270383477211
            ],
            "thumb_cmc": [
                -0.02730625867843628,
                0.06381449103355408,
                -0.00918810535222292
            ],
            "thumb_mcp": [
                -0.032939691096544266,
                0.03929896652698517,
                0.006548804230988026
            ],
            "thumb_ip": [
                -0.04401397332549095,
                0.015039818361401558,
                0.03146378695964813
            ],
            "thumb_tip": [
                -0.04933449253439903,
                -0.00605454295873642,
                0.054276976734399796
            ],
            "index_mcp": [
                -0.01701398193836212,
                0.009411131031811237,
                0.022399183362722397
            ],
            "index_pip": [
                -0.03302605077624321,
                -0.010282207280397415,
                0.01106351986527443
            ],
            "index_dip": [
                -0.05316482484340668,
                -0.015440446324646473,
                0.003210978349670768
            ],
            "index_tip": [
                -0.07334527373313904,
                0.0012953486293554306,
                -0.014136708341538906
            ],
            "middle_mcp": [
                -0.002313848352059722,
                -0.0022002009209245443,
                0.008909361436963081
            ],
            "middle_pip": [
                -0.012601019814610481,
                -0.030987653881311417,
                0.004378686659038067
            ],
            "middle_dip": [
                -0.033656045794487,
                -0.0450567789375782,
                -0.009243601933121681
            ],
            "middle_tip": [
                -0.052770718932151794,
                -0.05219961702823639,
                -0.02424800582230091
            ],
            "ring_mcp": [
                0.012952903285622597,
                -0.0070093241520226,
                -0.012906334362924099
            ],
            "ring_pip": [
                0.007388056255877018,
                -0.03282548859715462,
                -0.008112379349768162
            ],
            "ring_dip": [
                -0.005668008700013161,
                -0.05372721701860428,
                -0.016653642058372498
            ],
            "ring_tip": [
                -0.021649790927767754,
                -0.0664764940738678,
                -0.030280826613307
            ],
            "pinky_mcp": [
                0.013177678920328617,
                -0.002528540324419737,
                -0.03272927552461624
            ],
            "pinky_pip": [
                0.021160684525966644,
                -0.02627440355718136,
                -0.025438079610466957
            ],
            "pinky_dip": [
                0.020771894603967667,
                -0.05052446573972702,
                -0.020573226734995842
            ],
            "pinky_tip": [
                0.014250602573156357,
                -0.0723825991153717,
                -0.02747763693332672
            ]
        }
    ]
}