{
    "label": "f",
    "label_id": 6,
    "gestures": [
        {
            "wrist": [
                -0.02002997323870659,
                0.08232783526182175,
                -0.032030779868364334
            ],
            "thumb_cmc": [
                -0.0390922948718071,
                0.05734790489077568,
                -0.02145230770111084
            ],
            "thumb_mcp": [
                -0.03498067706823349,
                0.026032909750938416,
                -0.02151290327310562
            ],
            "thumb_ip": [
                -0.030218400061130524,
                -0.0064654117450118065,
                -0.013372675515711308
            ],
            "thumb_tip": [
                -0.023492317646741867,
                -0.034087881445884705,
                -0.007941530086100101
            ],
            "index_mcp": [
                -0.0228866096585989,
                -8.895713835954666e-05,
                0.011637816205620766
            ],
            "index_pip": [
                -0.03209053725004196,
                -0.01944943144917488,
                -0.005813089665025473
            ],
            "index_dip": [
                -0.044541679322719574,
                -0.023838387802243233,
                -0.01782357692718506
            ],
            "index_tip": [
                -0.06438377499580383,
                -0.020441550761461258,
                -0.044450074434280396
            ],
            "middle_mcp": [
                -0.002895872574299574,
                -0.0037067472003400326,
                0.008063815534114838
            ],
            "middle_pip": [
                -0.0027429964393377304,
                -0.038317643105983734,
                0.002977140713483095
            ],
            "middle_dip": [
                -0.008912216871976852,
                -0.0672636479139328,
                -0.009953000582754612
            ],
            "middle_tip": [
                -0.020881637930870056,
                -0.09523308277130127,
                -0.030749550089240074
            ],
            "ring_mcp": [
                0.015107393264770508,
                -0.0013611284084618092,
                -0.007633970119059086
            ],
            "ring_pip": [
                0.025491751730442047,
                -0.03068564273416996,
                -0.004573353100568056
            ],
            "ring_dip": [
                0.025777332484722137,
                -0.06414429098367691,
                -0.007942038588225842
            ],
            "ring_tip": [
                0.027537357062101364,
                -0.09080781042575836,
                -0.013361992314457893
            ],
            "pinky_mcp": [
                0.01818731054663658,
                0.008950598537921906,
                -0.023171870037913322
            ],
            "pinky_pip": [
                0.03724589943885803,
                -0.010166696272790432,
                -0.01937831938266754
            ],
            "pinky_dip": [
                0.04605630785226822,
                -0.033427894115448,
                -0.019417472183704376
            ],
            "pinky_tip": [
                0.05204765498638153,
                -0.058283984661102295,
                -0.018534332513809204
            ]
        }
    ]
}