{
"label": "s",
"gestures": [
{
"l_hand_position": null,
"l_wrist": null,
"l_thumb_cmc": null,
"l_thumb_mcp": null,
"l_thumb_ip": null,
"l_thumb_tip": null,
"l_index_mcp": null,
"l_index_pip": null,
"l_index_dip": null,
"l_index_tip": null,
"l_middle_mcp": null,
"l_middle_pip": null,
"l_middle_dip": null,
"l_middle_tip": null,
"l_ring_mcp": null,
"l_ring_pip": null,
"l_ring_dip": null,
"l_ring_tip": null,
"l_pinky_mcp": null,
"l_pinky_pip": null,
"l_pinky_dip": null,
"l_pinky_tip": null,
"r_hand_position": [
-0.25243404507637024,
0.16055655479431152,
-0.5870295166969299
],
"r_wrist": [
-0.039690611159949235,
0.9017592716633148,
0.4304124433087383
],
"r_thumb_cmc": [
0.29650882714544147,
0.5648127865452404,
0.41061672496461415
],
"r_thumb_mcp": [
0.44096514476945,
0.2877995450774759,
0.27837344959476523
],
"r_thumb_ip": [
0.5466625778639483,
0.12082658652875891,
0.1392386706020675
],
"r_thumb_tip": [
0.5771555298002,
0.04285220288441859,
0.027382246649994668
],
"r_index_mcp": [
0.07614158752798982,
-0.24342509705516688,
0.08663830640351558
],
"r_index_pip": [
0.5082391532428269,
-0.3035299028027372,
-0.056898112647017066
],
"r_index_dip": [
0.530917481126895,
-0.017940619933608036,
-0.07088373985138575
],
"r_index_tip": [
0.42727938275999205,
0.09770903609328557,
-0.07792360774871646
],
"r_middle_mcp": [
0.0,
0.0,
0.0
],
"r_middle_pip": [
0.4570651569104577,
-0.07383124742957453,
-0.15666349881801017
],
"r_middle_dip": [
0.4600698518543999,
0.18618260739762685,
-0.11816206797697891
],
"r_middle_tip": [
0.37450045543357857,
0.27585888206420534,
-0.097017776440235
],
"r_ring_mcp": [
-0.022890643348933603,
0.28762415083714965,
-0.08308988931456196
],
"r_ring_pip": [
0.4175514875870729,
0.1503606183578151,
-0.1914498143467189
],
"r_ring_dip": [
0.42099113076900063,
0.3513556378262898,
-0.08967115285998074
],
"r_ring_tip": [
0.31942533746007024,
0.4495041912512165,
-0.029699845711717576
],
"r_pinky_mcp": [
0.013453917353967853,
0.5706853984036939,
-0.17336162005754224
],
"r_pinky_pip": [
0.30705960134671484,
0.40469111023797383,
-0.28971281619821143
],
"r_pinky_dip": [
0.4766695164951606,
0.2622925060502636,
-0.31024757590229207
],
"r_pinky_tip": [
0.5622328699211472,
0.0839634336959516,
-0.3308163827236125
],
"l_hand_velocity": null,
"r_hand_velocity": null,
"m_nose_point": null,
"m_top_nose": null,
"m_eyebrows": null,
"m_forehead": null,
"m_top_chin": null,
"m_bot_up_lip": null,
"m_top_low_lip": null,
"m_bot_nose": null,
"m_chin": null,
"m_nose": null,
"l_eye_exterior": null,
"l_temple": null,
"l_mid_chin": null,
"l_up_lip": null,
"l_ext_nostril": null,
"l_mid_cheek": null,
"l_mid_eyebrow": null,
"l_ext_eyebrow": null,
"l_ext_lips": null,
"l_jaw_angle": null,
"l_mid_ext_face": null,
"l_int_eyebrow": null,
"l_mid_jaw": null,
"l_mid_bot_eyelid": null,
"l_ext_mouth": null,
"l_top_eyelid": null,
"l_eye_int": null,
"l_pupil": null,
"r_eye_exterior": null,
"r_temple": null,
"r_mid_chin": null,
"r_up_lip": null,
"r_ext_nostril": null,
"r_mid_cheek": null,
"r_mid_eyebrow": null,
"r_ext_eyebrow": null,
"r_ext_lips": null,
"r_jaw_angle": null,
"r_mid_ext_face": null,
"r_int_eyebrow": null,
"r_mid_jaw": null,
"r_mid_bot_eyelid": null,
"r_ext_mouth": null,
"r_top_eyelid": null,
"r_eye_int": null,
"r_pupil": null,
"l_shoulder": null,
"l_elbow": null,
"l_hip": null,
"l_knee": null,
"l_ankle": null,
"l_body_wrist": null,
"r_shoulder": null,
"r_elbow": null,
"r_hip": null,
"r_knee": null,
"r_ankle": null,
"r_body_wrist": null,
"m_face_position": null,
"m_body_position": null,
"m_face_scale": null,
"m_body_scale": null,
"l_hand_scale": null,
"r_hand_scale": [
0.2022002750796529,
0.2022002750796529,
0.2022002750796529
]
}
],
"framerate": 30,
"mirrorable": true,
"invalid": false
}