{
"label": "h",
"gestures": [
{
"l_hand_position": null,
"l_wrist": [
0.022081080824136734,
0.08868340402841683,
-0.03217118605971391
],
"l_thumb_cmc": [
-0.00694043654948473,
0.06386384367942884,
-0.04037934169173288
],
"l_thumb_mcp": [
-0.013079993426799774,
0.030661592260003426,
-0.043103873729706255
],
"l_thumb_ip": [
-0.006610294803977013,
-0.0024360870011151136,
-0.039715692400932756
],
"l_thumb_tip": [
0.01194822322577238,
-0.023558080196380712,
-0.02501168474555031
],
"l_index_mcp": [
-0.030504493042826653,
0.0006714370101690415,
-0.004332070238888328
],
"l_index_pip": [
-0.0389946848154068,
-0.030282942578196942,
-0.001048782956786497
],
"l_index_dip": [
-0.03923097997903824,
-0.05250279605388677,
-0.007132927421480391
],
"l_index_tip": [
-0.04616047441959381,
-0.06988772749900911,
-0.029363308101892843
],
"l_middle_mcp": [
-0.0067056710831820965,
-0.0012910217046737855,
0.007399505004286861
],
"l_middle_pip": [
-0.0032933857291936874,
-0.028819965198636437,
-0.02078520692884943
],
"l_middle_dip": [
-0.003232457907870412,
-0.01123055815696726,
-0.03878907114267384
],
"l_middle_tip": [
-0.007236093748360872,
0.007824514992535137,
-0.03635196015238797
],
"l_ring_mcp": [
0.01896326057612896,
-0.0031786710023880404,
0.0043705087155104195
],
"l_ring_pip": [
0.022677898406982422,
-0.013420954346656935,
-0.023304482921958174
],
"l_ring_dip": [
0.019959263503551483,
0.0018971331883221702,
-0.040328543633223086
],
"l_ring_tip": [
0.015576078556478024,
0.021865380927920557,
-0.03634875267744107
],
"l_pinky_mcp": [
0.034653373062610626,
0.008567183278501101,
-0.004644212312996446
],
"l_pinky_pip": [
0.04358606040477753,
-0.011608248576521991,
-0.008226113393902864
],
"l_pinky_dip": [
0.04665350541472435,
-0.03349582478404074,
-0.015149222686886897
],
"l_pinky_tip": [
0.052177079021930695,
-0.05314126238226963,
-0.019863247871399176
],
"r_hand_position": null,
"r_wrist": null,
"r_thumb_cmc": null,
"r_thumb_mcp": null,
"r_thumb_ip": null,
"r_thumb_tip": null,
"r_index_mcp": null,
"r_index_pip": null,
"r_index_dip": null,
"r_index_tip": null,
"r_middle_mcp": null,
"r_middle_pip": null,
"r_middle_dip": null,
"r_middle_tip": null,
"r_ring_mcp": null,
"r_ring_pip": null,
"r_ring_dip": null,
"r_ring_tip": null,
"r_pinky_mcp": null,
"r_pinky_pip": null,
"r_pinky_dip": null,
"r_pinky_tip": null
}
],
"framerate": 30,
"mirrorable": true
}