{
"label": "h",
"gestures": [
{
"l_hand_position": null,
"l_wrist": [
0.01746811345219612,
0.08813790977001293,
-0.03307721391320269
],
"l_thumb_cmc": [
-0.0116658303886652,
0.06219332665205056,
-0.04210481420159383
],
"l_thumb_mcp": [
-0.016860343515872955,
0.02987108938396003,
-0.04478514939546636
],
"l_thumb_ip": [
-0.008869773708283901,
-0.003690501209348444,
-0.0402000807225709
],
"l_thumb_tip": [
0.011638034135103226,
-0.024095153436065,
-0.02815765887498893
],
"l_index_mcp": [
-0.03129492327570915,
-0.0013216207735240613,
-0.002512564416974815
],
"l_index_pip": [
-0.03690246120095253,
-0.03106353431940115,
-0.0003211143484804824
],
"l_index_dip": [
-0.03583018109202385,
-0.05358800664544164,
-0.005134528502822005
],
"l_index_tip": [
-0.04050610214471817,
-0.07141015678644229,
-0.026455871760845413
],
"l_middle_mcp": [
-0.006849810015410185,
-0.0016043442301452446,
0.007388967555016378
],
"l_middle_pip": [
-0.00523932883515954,
-0.029297765344381683,
-0.020145894959569248
],
"l_middle_dip": [
-0.0072692688554525375,
-0.012361625209450902,
-0.04032186046242746
],
"l_middle_tip": [
-0.00958777405321598,
0.006219375412911182,
-0.038123577833176124
],
"l_ring_mcp": [
0.019550807774066925,
-0.001917184796184325,
0.0037122988142073623
],
"l_ring_pip": [
0.02251875400543213,
-0.01785088703036326,
-0.023899421095848302
],
"l_ring_dip": [
0.018354831263422966,
-0.002098995260894379,
-0.040072575211525414
],
"l_ring_tip": [
0.013010721653699875,
0.019161740317940847,
-0.03880863636732154
],
"l_pinky_mcp": [
0.03553391620516777,
0.0092999981716276,
-0.004936807323247226
],
"l_pinky_pip": [
0.045525774359703064,
-0.011509184725582714,
-0.006879581138491706
],
"l_pinky_dip": [
0.05036146566271782,
-0.035279229283333276,
-0.012467995285988017
],
"l_pinky_tip": [
0.05673699080944061,
-0.05383772030472827,
-0.018633754923939892
],
"r_hand_position": null,
"r_wrist": null,
"r_thumb_cmc": null,
"r_thumb_mcp": null,
"r_thumb_ip": null,
"r_thumb_tip": null,
"r_index_mcp": null,
"r_index_pip": null,
"r_index_dip": null,
"r_index_tip": null,
"r_middle_mcp": null,
"r_middle_pip": null,
"r_middle_dip": null,
"r_middle_tip": null,
"r_ring_mcp": null,
"r_ring_pip": null,
"r_ring_dip": null,
"r_ring_tip": null,
"r_pinky_mcp": null,
"r_pinky_pip": null,
"r_pinky_dip": null,
"r_pinky_tip": null
}
],
"framerate": 30,
"mirrorable": true
}