{
    "label": "h",
    "label_id": 8,
    "gestures": [
        {
            "wrist": [
                0.03147299960255623,
                0.08579497784376144,
                -0.03693848103284836
            ],
            "thumb_cmc": [
                -0.0010238264221698046,
                0.06493275612592697,
                -0.04616647586226463
            ],
            "thumb_mcp": [
                -0.010459322482347488,
                0.03315921500325203,
                -0.049152545630931854
            ],
            "thumb_ip": [
                -0.009426350705325603,
                -0.0021370251197367907,
                -0.04766377806663513
            ],
            "thumb_tip": [
                0.00810588151216507,
                -0.024640005081892014,
                -0.03130757808685303
            ],
            "index_mcp": [
                -0.031413525342941284,
                0.004000181332230568,
                -0.004919978324323893
            ],
            "index_pip": [
                -0.04230429604649544,
                -0.026265649124979973,
                -0.0007202446577139199
            ],
            "index_dip": [
                -0.043150462210178375,
                -0.048596009612083435,
                -0.005313917063176632
            ],
            "index_tip": [
                -0.04971548542380333,
                -0.06393344700336456,
                -0.02665814384818077
            ],
            "middle_mcp": [
                -0.007008790969848633,
                -0.0005634065601043403,
                0.007208895869553089
            ],
            "middle_pip": [
                -0.008320407010614872,
                -0.03129935637116432,
                -0.019035734236240387
            ],
            "middle_dip": [
                -0.008028007112443447,
                -0.01704363524913788,
                -0.03909783437848091
            ],
            "middle_tip": [
                -0.007937709800899029,
                0.001985270995646715,
                -0.03830251097679138
            ],
            "ring_mcp": [
                0.019885588437318802,
                -0.005166749935597181,
                0.005260011181235313
            ],
            "ring_pip": [
                0.021415822207927704,
                -0.022317884489893913,
                -0.021842526271939278
            ],
            "ring_dip": [
                0.021093083545565605,
                -0.005205010529607534,
                -0.037757955491542816
            ],
            "ring_tip": [
                0.017744874581694603,
                0.015718072652816772,
                -0.03543390706181526
            ],
            "pinky_mcp": [
                0.037984222173690796,
                0.003711992409080267,
                -0.003280714387074113
            ],
            "pinky_pip": [
                0.043144531548023224,
                -0.018748389557003975,
                -0.00534611102193594
            ],
            "pinky_dip": [
                0.04566410183906555,
                -0.04090545326471329,
                -0.010152407921850681
            ],
            "pinky_tip": [
                0.051240965723991394,
                -0.062077008187770844,
                -0.015774160623550415
            ]
        }
    ]
}