{
"label": "h",
"gestures": [
{
"l_hand_position": null,
"l_wrist": [
0.03147299960255623,
0.08579497784376225,
-0.03693848103284876
],
"l_thumb_cmc": [
-0.0010238264221698046,
0.06493275612592762,
-0.04616647586226523
],
"l_thumb_mcp": [
-0.010459322482347488,
0.03315921500325237,
-0.049152545630932444
],
"l_thumb_ip": [
-0.009426350705325603,
-0.0021370251197367603,
-0.047663778066635736
],
"l_thumb_tip": [
0.00810588151216507,
-0.024640005081892385,
-0.03130757808685343
],
"l_index_mcp": [
-0.031413525342941284,
0.004000181332230593,
-0.004919978324323951
],
"l_index_pip": [
-0.04230429604649544,
-0.02626564912498027,
-0.0007202446577139138
],
"l_index_dip": [
-0.043150462210178375,
-0.048596009612084046,
-0.005313917063176597
],
"l_index_tip": [
-0.04971548542380333,
-0.06393344700336497,
-0.026658143848180882
],
"l_middle_mcp": [
-0.007008790969848633,
-0.0005634065601043373,
0.007208895869553164
],
"l_middle_pip": [
-0.008320407010614872,
-0.031299356371164586,
-0.01903573423624049
],
"l_middle_dip": [
-0.008028007112443447,
-0.017043635249138024,
-0.03909783437848131
],
"l_middle_tip": [
-0.007937709800899029,
0.001985270995646627,
-0.03830251097679166
],
"l_ring_mcp": [
0.019885588437318802,
-0.005166749935597221,
0.005260011181235362
],
"l_ring_pip": [
0.021415822207927704,
-0.022317884489894114,
-0.021842526271939527
],
"l_ring_dip": [
0.021093083545565605,
-0.005205010529607608,
-0.03775795549154318
],
"l_ring_tip": [
0.017744874581694603,
0.015718072652816925,
-0.035433907061815643
],
"l_pinky_mcp": [
0.037984222173690796,
0.003711992409080307,
-0.003280714387074158
],
"l_pinky_pip": [
0.043144531548023224,
-0.01874838955700421,
-0.005346111021936025
],
"l_pinky_dip": [
0.04566410183906555,
-0.0409054532647137,
-0.01015240792185079
],
"l_pinky_tip": [
0.051240965723991394,
-0.062077008187771586,
-0.015774160623550644
],
"r_hand_position": null,
"r_wrist": null,
"r_thumb_cmc": null,
"r_thumb_mcp": null,
"r_thumb_ip": null,
"r_thumb_tip": null,
"r_index_mcp": null,
"r_index_pip": null,
"r_index_dip": null,
"r_index_tip": null,
"r_middle_mcp": null,
"r_middle_pip": null,
"r_middle_dip": null,
"r_middle_tip": null,
"r_ring_mcp": null,
"r_ring_pip": null,
"r_ring_dip": null,
"r_ring_tip": null,
"r_pinky_mcp": null,
"r_pinky_pip": null,
"r_pinky_dip": null,
"r_pinky_tip": null
}
],
"framerate": 30,
"mirrorable": true
}