{
"label": "h",
"gestures": [
{
"l_hand_position": [
0.6427202820777893,
0.6668254137039185,
-2.8111884375903173e-07
],
"l_wrist": [
0.014220146462321281,
0.0910097062587738,
0.012985181994736195
],
"l_thumb_cmc": [
-0.014919945038855076,
0.07018543779850006,
-0.000611145980656147
],
"l_thumb_mcp": [
-0.024791575968265533,
0.041678451001644135,
-0.011622833088040352
],
"l_thumb_ip": [
-0.03137924149632454,
0.010841324925422668,
-0.02690085582435131
],
"l_thumb_tip": [
-0.011856005527079105,
-0.006130604073405266,
-0.04179026931524277
],
"l_index_mcp": [
-0.02739756740629673,
-0.0010980297811329365,
0.006940013263374567
],
"l_index_pip": [
-0.03637566417455673,
-0.027921166270971298,
0.002624560846015811
],
"l_index_dip": [
-0.044308681041002274,
-0.049488797783851624,
-0.002776419511064887
],
"l_index_tip": [
-0.05706096440553665,
-0.06962166726589203,
-0.023990154266357422
],
"l_middle_mcp": [
-0.0049032955430448055,
-0.004394172690808773,
0.006328166928142309
],
"l_middle_pip": [
-0.01485340017825365,
-0.025409750640392303,
-0.022888217121362686
],
"l_middle_dip": [
-0.02127479389309883,
-0.005628382787108421,
-0.03749769926071167
],
"l_middle_tip": [
-0.021219419315457344,
0.01100226305425167,
-0.032036423683166504
],
"l_ring_mcp": [
0.017359154298901558,
-0.002040234860032797,
-0.0030908212065696716
],
"l_ring_pip": [
0.006039607338607311,
-0.01158848125487566,
-0.032182298600673676
],
"l_ring_dip": [
-0.0031190968584269285,
0.010948803275823593,
-0.04152601957321167
],
"l_ring_tip": [
-0.005855773575603962,
0.03125830367207527,
-0.03445237874984741
],
"l_pinky_mcp": [
0.027643563225865364,
0.012877088040113449,
-0.01184733398258686
],
"l_pinky_pip": [
0.03501420468091965,
-0.006886030547320843,
-0.016397366300225258
],
"l_pinky_dip": [
0.03862025588750839,
-0.03226858377456665,
-0.025272635743021965
],
"l_pinky_tip": [
0.03834852576255798,
-0.05423637479543686,
-0.03476278856396675
],
"r_hand_position": null,
"r_wrist": null,
"r_thumb_cmc": null,
"r_thumb_mcp": null,
"r_thumb_ip": null,
"r_thumb_tip": null,
"r_index_mcp": null,
"r_index_pip": null,
"r_index_dip": null,
"r_index_tip": null,
"r_middle_mcp": null,
"r_middle_pip": null,
"r_middle_dip": null,
"r_middle_tip": null,
"r_ring_mcp": null,
"r_ring_pip": null,
"r_ring_dip": null,
"r_ring_tip": null,
"r_pinky_mcp": null,
"r_pinky_pip": null,
"r_pinky_dip": null,
"r_pinky_tip": null
}
],
"framerate": 30,
"mirrorable": true
}