{
"label": "h",
"gestures": [
{
"l_hand_position": null,
"l_wrist": null,
"l_thumb_cmc": null,
"l_thumb_mcp": null,
"l_thumb_ip": null,
"l_thumb_tip": null,
"l_index_mcp": null,
"l_index_pip": null,
"l_index_dip": null,
"l_index_tip": null,
"l_middle_mcp": null,
"l_middle_pip": null,
"l_middle_dip": null,
"l_middle_tip": null,
"l_ring_mcp": null,
"l_ring_pip": null,
"l_ring_dip": null,
"l_ring_tip": null,
"l_pinky_mcp": null,
"l_pinky_pip": null,
"l_pinky_dip": null,
"l_pinky_tip": null,
"r_hand_position": null,
"r_wrist": [
-0.01601269096136093,
0.0943472906947146,
-0.04961953312158659
],
"r_thumb_cmc": [
0.01599249430000782,
0.07146185636520475,
-0.04992960765957888
],
"r_thumb_mcp": [
0.031544893980026245,
0.03828606754541438,
-0.052368748933077545
],
"r_thumb_ip": [
0.029794398695230484,
-0.0003283079713583809,
-0.052424278110266155
],
"r_thumb_tip": [
0.011821206659078598,
-0.031117014586925746,
-0.03678131848573713
],
"r_index_mcp": [
0.027817701920866966,
0.0034895325079560683,
0.001306620892137306
],
"r_index_pip": [
0.0343337245285511,
-0.02385650202631978,
0.0018090860685334117
],
"r_index_dip": [
0.039386264979839325,
-0.04386030137538961,
-0.0025772254448383665
],
"r_index_tip": [
0.04213499650359154,
-0.06345003843307592,
-0.02528464421629941
],
"r_middle_mcp": [
0.0017702345503494143,
-0.0038497683126479595,
0.0087944520637394
],
"r_middle_pip": [
0.01095521729439497,
-0.0325744971632961,
-0.007354371715337092
],
"r_middle_dip": [
0.01568041928112507,
-0.021584326401353153,
-0.02807024680078066
],
"r_middle_tip": [
0.02129700407385826,
-0.006396126002073393,
-0.03542237728834197
],
"r_ring_mcp": [
-0.018291618674993515,
-0.0032310578972101593,
0.0012688209535554253
],
"r_ring_pip": [
-0.008341495878994465,
-0.0245210845023396,
-0.019212394952774214
],
"r_ring_dip": [
0.0011183510068804026,
-0.008818122558295912,
-0.03372878953814551
],
"r_ring_tip": [
0.011866746470332146,
0.008468927815556575,
-0.04264670982956942
],
"r_pinky_mcp": [
-0.03758884221315384,
0.004037823528051417,
-0.01371225435286778
],
"r_pinky_pip": [
-0.037544138729572296,
-0.02227215468883541,
-0.015047985129058519
],
"r_pinky_dip": [
-0.031101930886507034,
-0.0449932664632803,
-0.02279152162373092
],
"r_pinky_tip": [
-0.025572054088115692,
-0.06398186087608435,
-0.03489726781845149
]
}
],
"framerate": 30,
"mirrorable": true
}