{
"label": "h",
"gestures": [
{
"l_hand_position": null,
"l_wrist": [
0.01645001396536827,
0.0877752378582965,
-0.03452055528759996
],
"l_thumb_cmc": [
-0.010654742829501629,
0.06561141461134033,
-0.03668960928916967
],
"l_thumb_mcp": [
-0.02067471854388714,
0.03411606326699293,
-0.03838704898953483
],
"l_thumb_ip": [
-0.02218610793352127,
0.0022510713897645235,
-0.03598656505346344
],
"l_thumb_tip": [
-0.002620653947815299,
-0.019554685801267752,
-0.034901119768619815
],
"l_index_mcp": [
-0.0252780020236969,
0.0033896674867719867,
0.005086292512714928
],
"l_index_pip": [
-0.031513113528490067,
-0.024983545765280994,
0.004993493203073807
],
"l_index_dip": [
-0.03398788347840309,
-0.04628545418381741,
0.0012377098901196514
],
"l_index_tip": [
-0.039042238146066666,
-0.06294349581003254,
-0.01580068282783044
],
"l_middle_mcp": [
-0.005057667847722769,
-0.0016475031152367822,
0.008416986092925146
],
"l_middle_pip": [
-0.011736655607819557,
-0.02437447942793396,
-0.019364535808563406
],
"l_middle_dip": [
-0.017211953178048134,
-0.007947120815515744,
-0.037685740739107645
],
"l_middle_tip": [
-0.016429612413048744,
0.010564551688730842,
-0.035497304052114875
],
"l_ring_mcp": [
0.016090985387563705,
-0.004146497696638149,
-0.0011444947449490556
],
"l_ring_pip": [
0.009198231622576714,
-0.022363722324371695,
-0.0272559802979235
],
"l_ring_dip": [
0.0025692451745271683,
-0.0026606228202583,
-0.041549362242222325
],
"l_ring_tip": [
-0.0012772418558597565,
0.018663508817553687,
-0.043322212994098976
],
"l_pinky_mcp": [
0.026929311454296112,
0.004478374496102348,
-0.014109564013779316
],
"l_pinky_pip": [
0.03643133491277695,
-0.01646043546497836,
-0.015376923605799795
],
"l_pinky_dip": [
0.03986160457134247,
-0.04250275343656587,
-0.02056213095784209
],
"l_pinky_tip": [
0.04279892146587372,
-0.06643776595592549,
-0.028487270697951438
],
"r_hand_position": null,
"r_wrist": null,
"r_thumb_cmc": null,
"r_thumb_mcp": null,
"r_thumb_ip": null,
"r_thumb_tip": null,
"r_index_mcp": null,
"r_index_pip": null,
"r_index_dip": null,
"r_index_tip": null,
"r_middle_mcp": null,
"r_middle_pip": null,
"r_middle_dip": null,
"r_middle_tip": null,
"r_ring_mcp": null,
"r_ring_pip": null,
"r_ring_dip": null,
"r_ring_tip": null,
"r_pinky_mcp": null,
"r_pinky_pip": null,
"r_pinky_dip": null,
"r_pinky_tip": null
}
],
"framerate": 30,
"mirrorable": true
}