{
    "label": "h",
    "label_id": 8,
    "gestures": [
        {
            "wrist": [
                0.013979066163301468,
                0.09013663977384567,
                -0.023758411407470703
            ],
            "thumb_cmc": [
                -0.012591466307640076,
                0.06333916634321213,
                -0.03364759683609009
            ],
            "thumb_mcp": [
                -0.015857048332691193,
                0.031505830585956573,
                -0.03806162253022194
            ],
            "thumb_ip": [
                -0.006706301122903824,
                0.001515812473371625,
                -0.03670649603009224
            ],
            "thumb_tip": [
                0.01453431323170662,
                -0.018600858747959137,
                -0.02708658017218113
            ],
            "index_mcp": [
                -0.0293487086892128,
                -0.002125694416463375,
                -0.0027051393408328295
            ],
            "index_pip": [
                -0.036182865500450134,
                -0.03220047056674957,
                -0.001071335980668664
            ],
            "index_dip": [
                -0.03521952033042908,
                -0.055531758815050125,
                -0.0056050019338727
            ],
            "index_tip": [
                -0.041019417345523834,
                -0.07452600449323654,
                -0.026158243417739868
            ],
            "middle_mcp": [
                -0.006392714101821184,
                -0.0023788101971149445,
                0.007126872427761555
            ],
            "middle_pip": [
                -0.0035406509414315224,
                -0.027402792125940323,
                -0.020785490050911903
            ],
            "middle_dip": [
                -0.004581669345498085,
                -0.010299170389771461,
                -0.038218528032302856
            ],
            "middle_tip": [
                -0.008046656847000122,
                0.006860088557004929,
                -0.0340612567961216
            ],
            "ring_mcp": [
                0.0185497235506773,
                -0.0017214328981935978,
                0.0034735638182610273
            ],
            "ring_pip": [
                0.020050829276442528,
                -0.011330301873385906,
                -0.024548867717385292
            ],
            "ring_dip": [
                0.01659528911113739,
                0.0054346052929759026,
                -0.03831035643815994
            ],
            "ring_tip": [
                0.010139403864741325,
                0.02364208735525608,
                -0.03202449157834053
            ],
            "pinky_mcp": [
                0.03248424455523491,
                0.01141224056482315,
                -0.004232948180288076
            ],
            "pinky_pip": [
                0.04300474748015404,
                -0.00767145399004221,
                -0.008104177191853523
            ],
            "pinky_dip": [
                0.04918036237359047,
                -0.031181640923023224,
                -0.01417933963239193
            ],
            "pinky_tip": [
                0.05539688095450401,
                -0.048045527189970016,
                -0.018386146053671837
            ]
        }
    ]
}