{
"label": "h",
"gestures": [
{
"l_hand_position": null,
"l_wrist": [
-0.0008788034319877625,
0.10063747316599002,
-0.00035435872268867424
],
"l_thumb_cmc": [
-0.013846887275576591,
0.07957240939140402,
-0.027662007138133445
],
"l_thumb_mcp": [
-0.005001243203878403,
0.05272933095693626,
-0.03862409666180647
],
"l_thumb_ip": [
0.008660023100674152,
0.024869000539183953,
-0.050909336656332564
],
"l_thumb_tip": [
0.021216722205281258,
0.0026828064583241267,
-0.04870973899960556
],
"l_index_mcp": [
-0.022069448605179787,
0.001195648685097713,
-0.013260604813695101
],
"l_index_pip": [
-0.025256801396608353,
-0.0327317938208583,
-0.018531028181314652
],
"l_index_dip": [
-0.024099452421069145,
-0.05541607737541252,
-0.022249527275562467
],
"l_index_tip": [
-0.028307514265179634,
-0.07544277608394703,
-0.03798963502049471
],
"l_middle_mcp": [
-0.0054678479209542274,
-0.0037848572246730735,
0.0029372444842011196
],
"l_middle_pip": [
0.00602962588891387,
-0.02249730564653896,
-0.01795557886362094
],
"l_middle_dip": [
0.001902636606246233,
0.00019272282952440011,
-0.03566442430019412
],
"l_middle_tip": [
-0.00558968260884285,
0.01641025394201292,
-0.02907375805079973
],
"l_ring_mcp": [
0.016270404681563377,
-0.0033211470581591424,
0.010235268622636892
],
"l_ring_pip": [
0.02708728425204754,
-0.009577207267284508,
-0.013114145956933646
],
"l_ring_dip": [
0.0236661396920681,
0.01337296608835475,
-0.026040097698569638
],
"l_ring_tip": [
0.013251296244561672,
0.030946355313062984,
-0.030659111216664613
],
"l_pinky_mcp": [
0.024924445897340775,
0.010919450782239569,
0.013857194222510054
],
"l_pinky_pip": [
0.035210393369197845,
-0.009426144883036742,
0.0063306521624327495
],
"l_pinky_dip": [
0.044031959027051926,
-0.020793464034796066,
-0.009171281941235135
],
"l_pinky_tip": [
0.04487644135951996,
-0.030285127460956934,
-0.0259122699499133
],
"r_hand_position": null,
"r_wrist": null,
"r_thumb_cmc": null,
"r_thumb_mcp": null,
"r_thumb_ip": null,
"r_thumb_tip": null,
"r_index_mcp": null,
"r_index_pip": null,
"r_index_dip": null,
"r_index_tip": null,
"r_middle_mcp": null,
"r_middle_pip": null,
"r_middle_dip": null,
"r_middle_tip": null,
"r_ring_mcp": null,
"r_ring_pip": null,
"r_ring_dip": null,
"r_ring_tip": null,
"r_pinky_mcp": null,
"r_pinky_pip": null,
"r_pinky_dip": null,
"r_pinky_tip": null
}
],
"framerate": 30,
"mirrorable": true
}