{
"label": "q",
"gestures": [
{
"l_hand_position": null,
"l_wrist": null,
"l_thumb_cmc": null,
"l_thumb_mcp": null,
"l_thumb_ip": null,
"l_thumb_tip": null,
"l_index_mcp": null,
"l_index_pip": null,
"l_index_dip": null,
"l_index_tip": null,
"l_middle_mcp": null,
"l_middle_pip": null,
"l_middle_dip": null,
"l_middle_tip": null,
"l_ring_mcp": null,
"l_ring_pip": null,
"l_ring_dip": null,
"l_ring_tip": null,
"l_pinky_mcp": null,
"l_pinky_pip": null,
"l_pinky_dip": null,
"l_pinky_tip": null,
"r_hand_position": null,
"r_wrist": [
0.02952277474105358,
-0.02704867348074913,
0.07280157506465912
],
"r_thumb_cmc": [
-0.0022072766441851854,
-0.013875503093004227,
0.0515679270029068
],
"r_thumb_mcp": [
-0.02125503681600094,
-0.0033977176062762737,
0.046570587903261185
],
"r_thumb_ip": [
-0.027820413932204247,
0.014107540249824524,
0.022399453446269035
],
"r_thumb_tip": [
-0.0339551717042923,
0.03206899017095566,
0.002743026940152049
],
"r_index_mcp": [
-0.01058367732912302,
0.0020237809512764215,
0.0034599604550749063
],
"r_index_pip": [
-0.012076483108103275,
0.020729633048176765,
0.00044065446127206087
],
"r_index_dip": [
-0.018598053604364395,
0.04741236940026283,
0.015959039330482483
],
"r_index_tip": [
-0.014383919537067413,
0.0717112123966217,
0.0318089984357357
],
"r_middle_mcp": [
-0.0016358460998162627,
0.002233997220173478,
-0.0019733747467398643
],
"r_middle_pip": [
-0.00822163000702858,
0.015368206426501274,
0.004628567490726709
],
"r_middle_dip": [
-0.007307670544832945,
0.024005450308322906,
0.019690698012709618
],
"r_middle_tip": [
-0.011911877430975437,
0.014998026192188263,
0.05339893698692322
],
"r_ring_mcp": [
0.00485200947150588,
-0.0010409582173451781,
-0.0020234922412782907
],
"r_ring_pip": [
-0.0018978649750351906,
0.016644328832626343,
0.00556142209097743
],
"r_ring_dip": [
0.001044879900291562,
0.012422339990735054,
0.028537709265947342
],
"r_ring_tip": [
-0.0013007904635742307,
0.0007493130979128182,
0.05316447094082832
],
"r_pinky_mcp": [
0.017276085913181305,
-0.0021667866967618465,
0.008338874205946922
],
"r_pinky_pip": [
0.014622977003455162,
0.014693106524646282,
0.014235314913094044
],
"r_pinky_dip": [
0.010083667933940887,
0.012216726318001747,
0.03382907807826996
],
"r_pinky_tip": [
0.014536627568304539,
8.927006274461746e-05,
0.04859485104680061
]
}
],
"framerate": 30,
"mirrorable": true
}