{
"label": "q",
"gestures": [
{
"l_hand_position": null,
"l_wrist": null,
"l_thumb_cmc": null,
"l_thumb_mcp": null,
"l_thumb_ip": null,
"l_thumb_tip": null,
"l_index_mcp": null,
"l_index_pip": null,
"l_index_dip": null,
"l_index_tip": null,
"l_middle_mcp": null,
"l_middle_pip": null,
"l_middle_dip": null,
"l_middle_tip": null,
"l_ring_mcp": null,
"l_ring_pip": null,
"l_ring_dip": null,
"l_ring_tip": null,
"l_pinky_mcp": null,
"l_pinky_pip": null,
"l_pinky_dip": null,
"l_pinky_tip": null,
"r_hand_position": null,
"r_wrist": [
0.005074690096080303,
-0.07446248084306717,
0.04942048341035843
],
"r_thumb_cmc": [
0.020351003855466843,
-0.04452449083328247,
0.04603942111134529
],
"r_thumb_mcp": [
0.01565198414027691,
-0.016396019607782364,
0.04506633058190346
],
"r_thumb_ip": [
0.0013060530181974173,
0.008976810611784458,
0.034120112657547
],
"r_thumb_tip": [
-0.01037239097058773,
0.023615140467882156,
0.019825216382741928
],
"r_index_mcp": [
0.02043583057820797,
0.00749916210770607,
0.004716265946626663
],
"r_index_pip": [
0.013109221123158932,
0.03523010015487671,
0.0007070114370435476
],
"r_index_dip": [
0.0116376718506217,
0.059669576585292816,
0.010564390569925308
],
"r_index_tip": [
0.010608118027448654,
0.08841995894908905,
0.015713121742010117
],
"r_middle_mcp": [
0.003574775531888008,
0.0016733340453356504,
-0.0016242503188550472
],
"r_middle_pip": [
-0.010262640193104744,
0.024732889607548714,
0.010261358693242073
],
"r_middle_dip": [
-0.005290021188557148,
0.02122168242931366,
0.035405483096838
],
"r_middle_tip": [
0.001618904760107398,
0.009312288835644722,
0.05893856659531593
],
"r_ring_mcp": [
-0.012797758914530277,
-0.0031516277231276035,
-0.0030594549607485533
],
"r_ring_pip": [
-0.018064286559820175,
0.013582328334450722,
0.015301289036870003
],
"r_ring_dip": [
-0.016849825158715248,
0.006040845066308975,
0.03589200973510742
],
"r_ring_tip": [
-0.01676122099161148,
-0.003956552594900131,
0.05083306133747101
],
"r_pinky_mcp": [
-0.021879471838474274,
-0.013764483854174614,
0.0037356663960963488
],
"r_pinky_pip": [
-0.023823998868465424,
6.454670801758766e-05,
0.01658913865685463
],
"r_pinky_dip": [
-0.023821227252483368,
-0.0019225766882300377,
0.04193339869379997
],
"r_pinky_tip": [
-0.02460826374590397,
-0.011888065375387669,
0.05125102028250694
]
}
],
"framerate": 30,
"mirrorable": true
}