{
"label": "q",
"gestures": [
{
"l_hand_position": null,
"l_wrist": null,
"l_thumb_cmc": null,
"l_thumb_mcp": null,
"l_thumb_ip": null,
"l_thumb_tip": null,
"l_index_mcp": null,
"l_index_pip": null,
"l_index_dip": null,
"l_index_tip": null,
"l_middle_mcp": null,
"l_middle_pip": null,
"l_middle_dip": null,
"l_middle_tip": null,
"l_ring_mcp": null,
"l_ring_pip": null,
"l_ring_dip": null,
"l_ring_tip": null,
"l_pinky_mcp": null,
"l_pinky_pip": null,
"l_pinky_dip": null,
"l_pinky_tip": null,
"r_hand_position": null,
"r_wrist": [
0.04055703058838844,
-0.07254362106323242,
0.04707574471831322
],
"r_thumb_cmc": [
0.013301147148013115,
-0.05370820686221123,
0.030598632991313934
],
"r_thumb_mcp": [
-0.007763620465993881,
-0.035026200115680695,
0.04124339669942856
],
"r_thumb_ip": [
-0.013221850618720055,
-0.01269497349858284,
0.030768990516662598
],
"r_thumb_tip": [
-0.00570850120857358,
0.003203820204362273,
0.0377257838845253
],
"r_index_mcp": [
-0.01818598434329033,
0.0005851984024047852,
-0.0012277981732040644
],
"r_index_pip": [
-0.02787349559366703,
0.030064791440963745,
-0.0034025839995592833
],
"r_index_dip": [
-0.03540534898638725,
0.05204816907644272,
0.0074896542355418205
],
"r_index_tip": [
-0.020551258698105812,
0.07298513501882553,
0.013220401480793953
],
"r_middle_mcp": [
-0.003923448268324137,
0.00080682965926826,
-0.004771527834236622
],
"r_middle_pip": [
-0.01681428775191307,
0.027210494503378868,
0.01834951527416706
],
"r_middle_dip": [
-0.01308443769812584,
0.024420682340860367,
0.04143315553665161
],
"r_middle_tip": [
-0.014099019579589367,
0.016775285825133324,
0.06608501821756363
],
"r_ring_mcp": [
0.009019953198730946,
0.0037870225496590137,
0.0020043011754751205
],
"r_ring_pip": [
0.0028369552455842495,
0.009967941790819168,
0.02527058683335781
],
"r_ring_dip": [
0.0057016536593437195,
0.0012438860721886158,
0.06068497523665428
],
"r_ring_tip": [
0.0012981491163372993,
-0.003898360300809145,
0.07323947548866272
],
"r_pinky_mcp": [
0.039026372134685516,
-0.001006564125418663,
0.006788316648453474
],
"r_pinky_pip": [
0.025385677814483643,
0.0008599031716585159,
0.028721166774630547
],
"r_pinky_dip": [
0.01921597495675087,
-0.004528628196567297,
0.05614333599805832
],
"r_pinky_tip": [
0.015573523007333279,
-0.0179577823728323,
0.058603402227163315
]
}
],
"framerate": 30,
"mirrorable": true
}