{
"label": "0",
"gestures": [
{
"l_hand_position": null,
"l_wrist": null,
"l_thumb_cmc": null,
"l_thumb_mcp": null,
"l_thumb_ip": null,
"l_thumb_tip": null,
"l_index_mcp": null,
"l_index_pip": null,
"l_index_dip": null,
"l_index_tip": null,
"l_middle_mcp": null,
"l_middle_pip": null,
"l_middle_dip": null,
"l_middle_tip": null,
"l_ring_mcp": null,
"l_ring_pip": null,
"l_ring_dip": null,
"l_ring_tip": null,
"l_pinky_mcp": null,
"l_pinky_pip": null,
"l_pinky_dip": null,
"l_pinky_tip": null,
"r_hand_position": null,
"r_wrist": [
0.003512132912874222,
0.08882897347211838,
-0.01716187410056591
],
"r_thumb_cmc": [
-0.024250902235507965,
0.06604163348674774,
-0.01306112576276064
],
"r_thumb_mcp": [
-0.027343902736902237,
0.0357612743973732,
-0.015837226063013077
],
"r_thumb_ip": [
-0.02907564304769039,
0.004709136672317982,
-0.020348966121673584
],
"r_thumb_tip": [
-0.022746572270989418,
-0.019356349483132362,
-0.019566621631383896
],
"r_index_mcp": [
-0.02663780003786087,
0.003309784457087517,
0.01081763207912445
],
"r_index_pip": [
-0.03516143187880516,
-0.01320069283246994,
-0.011046869680285454
],
"r_index_dip": [
-0.05099444091320038,
-0.01054665818810463,
-0.0221224594861269
],
"r_index_tip": [
-0.06559416651725769,
0.0077648404985666275,
-0.03996508568525314
],
"r_middle_mcp": [
-0.004632722120732069,
-0.0032549204770475626,
0.007022451609373093
],
"r_middle_pip": [
-0.007354499772191048,
-0.038141898810863495,
-0.0018132480327039957
],
"r_middle_dip": [
-0.02095036581158638,
-0.06186601519584656,
-0.016386834904551506
],
"r_middle_tip": [
-0.040831997990608215,
-0.08201373368501663,
-0.0368838831782341
],
"r_ring_mcp": [
0.017083168029785156,
-0.0039067817851901054,
-0.006396754179149866
],
"r_ring_pip": [
0.026157228276133537,
-0.03265053406357765,
-0.005488064605742693
],
"r_ring_dip": [
0.02382669411599636,
-0.0638359934091568,
-0.012970075942575932
],
"r_ring_tip": [
0.01746530830860138,
-0.08780977129936218,
-0.022944364696741104
],
"r_pinky_mcp": [
0.0260307714343071,
0.007874555885791779,
-0.02032417617738247
],
"r_pinky_pip": [
0.041377339512109756,
-0.01520355325192213,
-0.018578777089715004
],
"r_pinky_dip": [
0.045425914227962494,
-0.039119649678468704,
-0.021280059590935707
],
"r_pinky_tip": [
0.04349593073129654,
-0.06001807749271393,
-0.02472764067351818
]
}
],
"framerate": 30,
"mirrorable": true
}