{
"label": "0",
"gestures": [
{
"l_hand_position": null,
"l_wrist": null,
"l_thumb_cmc": null,
"l_thumb_mcp": null,
"l_thumb_ip": null,
"l_thumb_tip": null,
"l_index_mcp": null,
"l_index_pip": null,
"l_index_dip": null,
"l_index_tip": null,
"l_middle_mcp": null,
"l_middle_pip": null,
"l_middle_dip": null,
"l_middle_tip": null,
"l_ring_mcp": null,
"l_ring_pip": null,
"l_ring_dip": null,
"l_ring_tip": null,
"l_pinky_mcp": null,
"l_pinky_pip": null,
"l_pinky_dip": null,
"l_pinky_tip": null,
"r_hand_position": null,
"r_wrist": [
-0.005087409168481827,
0.08976494520902634,
0.02718936838209629
],
"r_thumb_cmc": [
-0.033789075911045074,
0.06659127026796341,
0.00957171618938446
],
"r_thumb_mcp": [
-0.04841411113739014,
0.04423186555504799,
-0.0038595455698668957
],
"r_thumb_ip": [
-0.072013258934021,
0.01546671986579895,
-0.009689792059361935
],
"r_thumb_tip": [
-0.0877842977643013,
-0.008267700672149658,
-0.0062279957346618176
],
"r_index_mcp": [
-0.027985500171780586,
-0.006981888320297003,
-0.0005542671424336731
],
"r_index_pip": [
-0.020706547424197197,
-0.030953120440244675,
-0.023047447204589844
],
"r_index_dip": [
-0.023383324965834618,
-0.027438921853899956,
-0.041888512670993805
],
"r_index_tip": [
-0.026323262602090836,
-0.011706162244081497,
-0.0692209005355835
],
"r_middle_mcp": [
-0.003928793128579855,
-0.005630108527839184,
0.004394829273223877
],
"r_middle_pip": [
0.005472415126860142,
-0.04367578774690628,
-0.010765379294753075
],
"r_middle_dip": [
-0.0003831889480352402,
-0.06360876560211182,
-0.029606061056256294
],
"r_middle_tip": [
-0.00032046809792518616,
-0.08255083113908768,
-0.051469214260578156
],
"r_ring_mcp": [
0.019790586084127426,
0.0023301695473492146,
0.0015102742472663522
],
"r_ring_pip": [
0.02594137378036976,
-0.021393559873104095,
-0.020576778799295425
],
"r_ring_dip": [
0.012390078976750374,
-0.011565525084733963,
-0.04232771694660187
],
"r_ring_tip": [
0.00408138707280159,
0.007239595055580139,
-0.05834368243813515
],
"r_pinky_mcp": [
0.028158942237496376,
0.02071775496006012,
4.5858221710659564e-05
],
"r_pinky_pip": [
0.04515915364027023,
-0.0019400008022785187,
-0.004163301549851894
],
"r_pinky_dip": [
0.054684437811374664,
-0.02000616490840912,
-0.01582798920571804
],
"r_pinky_tip": [
0.060600604861974716,
-0.03722066059708595,
-0.03102881647646427
]
}
],
"framerate": 30,
"mirrorable": true
}