{
"label": "0",
"gestures": [
{
"l_hand_position": null,
"l_wrist": null,
"l_thumb_cmc": null,
"l_thumb_mcp": null,
"l_thumb_ip": null,
"l_thumb_tip": null,
"l_index_mcp": null,
"l_index_pip": null,
"l_index_dip": null,
"l_index_tip": null,
"l_middle_mcp": null,
"l_middle_pip": null,
"l_middle_dip": null,
"l_middle_tip": null,
"l_ring_mcp": null,
"l_ring_pip": null,
"l_ring_dip": null,
"l_ring_tip": null,
"l_pinky_mcp": null,
"l_pinky_pip": null,
"l_pinky_dip": null,
"l_pinky_tip": null,
"r_hand_position": null,
"r_wrist": [
0.003181539475917816,
0.09277132153511047,
0.007749715354293585
],
"r_thumb_cmc": [
-0.024827729910612106,
0.07121208310127258,
-0.006346400361508131
],
"r_thumb_mcp": [
-0.03317686915397644,
0.04084665700793266,
-0.015218080952763557
],
"r_thumb_ip": [
-0.027706770226359367,
0.00621203426271677,
-0.028550388291478157
],
"r_thumb_tip": [
-0.010313235223293304,
-0.017948482185602188,
-0.027972126379609108
],
"r_index_mcp": [
-0.02955462969839573,
-0.007412268314510584,
-0.00014172699593473226
],
"r_index_pip": [
-0.035871513187885284,
-0.03444826230406761,
-0.008422407321631908
],
"r_index_dip": [
-0.03719913959503174,
-0.054378442466259,
-0.013018511235713959
],
"r_index_tip": [
-0.04434151202440262,
-0.07304748892784119,
-0.035298313945531845
],
"r_middle_mcp": [
-0.00506509467959404,
-0.006321788765490055,
0.004901408217847347
],
"r_middle_pip": [
-0.0005673691630363464,
-0.049035802483558655,
0.0033408880699425936
],
"r_middle_dip": [
-0.007188059389591217,
-0.07514458894729614,
-0.006698001641780138
],
"r_middle_tip": [
-0.010265123099088669,
-0.09875230491161346,
-0.01740601286292076
],
"r_ring_mcp": [
0.01923823542892933,
0.001364856492727995,
-4.77025423606392e-06
],
"r_ring_pip": [
0.02106117643415928,
-0.02922017313539982,
-0.012045750394463539
],
"r_ring_dip": [
0.018800683319568634,
-0.05220143496990204,
-0.03148365020751953
],
"r_ring_tip": [
0.0155299361795187,
-0.07071273773908615,
-0.05125564709305763
],
"r_pinky_mcp": [
0.031467556953430176,
0.01952248066663742,
-0.003636755747720599
],
"r_pinky_pip": [
0.036055512726306915,
0.007697381544858217,
-0.018629053607583046
],
"r_pinky_dip": [
0.03322843834757805,
0.00851074606180191,
-0.03561609238386154
],
"r_pinky_tip": [
0.027730053290724754,
0.02219303324818611,
-0.05152226984500885
]
}
],
"framerate": 30,
"mirrorable": true
}