{
"label": "0",
"gestures": [
{
"l_hand_position": null,
"l_wrist": null,
"l_thumb_cmc": null,
"l_thumb_mcp": null,
"l_thumb_ip": null,
"l_thumb_tip": null,
"l_index_mcp": null,
"l_index_pip": null,
"l_index_dip": null,
"l_index_tip": null,
"l_middle_mcp": null,
"l_middle_pip": null,
"l_middle_dip": null,
"l_middle_tip": null,
"l_ring_mcp": null,
"l_ring_pip": null,
"l_ring_dip": null,
"l_ring_tip": null,
"l_pinky_mcp": null,
"l_pinky_pip": null,
"l_pinky_dip": null,
"l_pinky_tip": null,
"r_hand_position": null,
"r_wrist": [
-0.003576606512069702,
0.0886443704366684,
-0.0023778348695486784
],
"r_thumb_cmc": [
-0.029491525143384933,
0.0627671480178833,
-0.006526348181068897
],
"r_thumb_mcp": [
-0.031147390604019165,
0.03294384852051735,
-0.022287003695964813
],
"r_thumb_ip": [
-0.022848963737487793,
0.0009156148880720139,
-0.030244601890444756
],
"r_thumb_tip": [
0.0021002241410315037,
-0.018186260014772415,
-0.03932316228747368
],
"r_index_mcp": [
-0.026527635753154755,
-0.00700767058879137,
0.009614571928977966
],
"r_index_pip": [
-0.029879290610551834,
-0.03373371809720993,
0.0033299040514975786
],
"r_index_dip": [
-0.03196970000863075,
-0.057731784880161285,
-0.0024140425957739353
],
"r_index_tip": [
-0.033799126744270325,
-0.07893048226833344,
-0.01829032227396965
],
"r_middle_mcp": [
-0.005008079577237368,
-0.005004599690437317,
0.0073341489769518375
],
"r_middle_pip": [
-0.009080341085791588,
-0.041394881904125214,
-0.0064751943573355675
],
"r_middle_dip": [
-0.01937055215239525,
-0.06693000346422195,
-0.0214825551956892
],
"r_middle_tip": [
-0.028624672442674637,
-0.0890003889799118,
-0.03751413896679878
],
"r_ring_mcp": [
0.01752285659313202,
0.0030979355797171593,
-0.005264245439320803
],
"r_ring_pip": [
0.005112532060593367,
-0.009934977628290653,
-0.03184013441205025
],
"r_ring_dip": [
-0.009449394419789314,
0.006795898545533419,
-0.04150785133242607
],
"r_ring_tip": [
-0.015365766361355782,
0.031582143157720566,
-0.037504035979509354
],
"r_pinky_mcp": [
0.026361960917711258,
0.01832112856209278,
-0.016346188262104988
],
"r_pinky_pip": [
0.015543031506240368,
0.011442082934081554,
-0.03792989253997803
],
"r_pinky_dip": [
-0.00015026051551103592,
0.023532895371317863,
-0.047617584466934204
],
"r_pinky_tip": [
-0.0026323851197957993,
0.040881820023059845,
-0.035919807851314545
]
}
],
"framerate": 30,
"mirrorable": true
}