{
"label": "0",
"gestures": [
{
"l_hand_position": null,
"l_wrist": null,
"l_thumb_cmc": null,
"l_thumb_mcp": null,
"l_thumb_ip": null,
"l_thumb_tip": null,
"l_index_mcp": null,
"l_index_pip": null,
"l_index_dip": null,
"l_index_tip": null,
"l_middle_mcp": null,
"l_middle_pip": null,
"l_middle_dip": null,
"l_middle_tip": null,
"l_ring_mcp": null,
"l_ring_pip": null,
"l_ring_dip": null,
"l_ring_tip": null,
"l_pinky_mcp": null,
"l_pinky_pip": null,
"l_pinky_dip": null,
"l_pinky_tip": null,
"r_hand_position": null,
"r_wrist": [
0.010993264615535736,
0.08387047052383423,
0.04734066501259804
],
"r_thumb_cmc": [
-0.020277202129364014,
0.06751413643360138,
0.020385075360536575
],
"r_thumb_mcp": [
-0.0461508072912693,
0.05430272966623306,
0.013483347371220589
],
"r_thumb_ip": [
-0.08049970865249634,
0.03687146306037903,
0.008867288939654827
],
"r_thumb_tip": [
-0.11167407035827637,
0.016713740304112434,
0.016077350825071335
],
"r_index_mcp": [
-0.030481792986392975,
0.00252461526542902,
-0.0018067446071654558
],
"r_index_pip": [
-0.0247702207416296,
-0.026660170406103134,
-0.012659669853746891
],
"r_index_dip": [
-0.020989103242754936,
-0.03996987268328667,
-0.029543716460466385
],
"r_index_tip": [
-0.010719015263020992,
-0.03629833087325096,
-0.062312617897987366
],
"r_middle_mcp": [
-0.0062745981849730015,
-0.004933081101626158,
0.004074513912200928
],
"r_middle_pip": [
0.005562648177146912,
-0.016916483640670776,
-0.03481524810194969
],
"r_middle_dip": [
-0.0022263596765697002,
0.010003147646784782,
-0.041869647800922394
],
"r_middle_tip": [
-0.006841248832643032,
0.01688556559383869,
-0.013633480295538902
],
"r_ring_mcp": [
0.021865114569664,
-0.0032841425854712725,
0.002557491883635521
],
"r_ring_pip": [
0.025300970301032066,
-0.005164574831724167,
-0.029716486111283302
],
"r_ring_dip": [
0.01744305156171322,
0.015677981078624725,
-0.02994440123438835
],
"r_ring_tip": [
0.009862872771918774,
0.024448268115520477,
-0.009293446317315102
],
"r_pinky_mcp": [
0.037536654621362686,
0.01062537170946598,
0.00254212343133986
],
"r_pinky_pip": [
0.04412810504436493,
0.0026856730692088604,
-0.019995030015707016
],
"r_pinky_dip": [
0.03746199607849121,
0.01668936386704445,
-0.029529426246881485
],
"r_pinky_tip": [
0.02708534337580204,
0.027974948287010193,
-0.014656644314527512
]
}
],
"framerate": 30,
"mirrorable": true
}