{
"label": "0",
"gestures": [
{
"l_hand_position": null,
"l_wrist": null,
"l_thumb_cmc": null,
"l_thumb_mcp": null,
"l_thumb_ip": null,
"l_thumb_tip": null,
"l_index_mcp": null,
"l_index_pip": null,
"l_index_dip": null,
"l_index_tip": null,
"l_middle_mcp": null,
"l_middle_pip": null,
"l_middle_dip": null,
"l_middle_tip": null,
"l_ring_mcp": null,
"l_ring_pip": null,
"l_ring_dip": null,
"l_ring_tip": null,
"l_pinky_mcp": null,
"l_pinky_pip": null,
"l_pinky_dip": null,
"l_pinky_tip": null,
"r_hand_position": null,
"r_wrist": [
0.016050491482019424,
0.08305630087852478,
0.04693060740828514
],
"r_thumb_cmc": [
-0.018428342416882515,
0.06860625743865967,
0.024477524682879448
],
"r_thumb_mcp": [
-0.044005393981933594,
0.05935722962021828,
0.014665799215435982
],
"r_thumb_ip": [
-0.0702524185180664,
0.050521016120910645,
0.0046857367269694805
],
"r_thumb_tip": [
-0.09438616037368774,
0.0419667512178421,
0.009511101990938187
],
"r_index_mcp": [
-0.03308786079287529,
-0.0015536709688603878,
0.0035981382243335247
],
"r_index_pip": [
-0.022911885753273964,
-0.029749490320682526,
-0.0071413260884583
],
"r_index_dip": [
-0.017629042267799377,
-0.05049552768468857,
-0.015736542642116547
],
"r_index_tip": [
-0.010436286218464375,
-0.07228391617536545,
-0.03777725249528885
],
"r_middle_mcp": [
-0.005861194804310799,
-0.005400762893259525,
0.005060968454927206
],
"r_middle_pip": [
-0.00938853994011879,
-0.04294218868017197,
-0.01862827129662037
],
"r_middle_dip": [
-0.025784991681575775,
-0.056373462080955505,
-0.04208405688405037
],
"r_middle_tip": [
-0.03158830851316452,
-0.07459913939237595,
-0.06204373016953468
],
"r_ring_mcp": [
0.022000182420015335,
-0.0016127722337841988,
-0.0018397446256130934
],
"r_ring_pip": [
0.015574021264910698,
-0.01916361227631569,
-0.02939685620367527
],
"r_ring_dip": [
0.006068903487175703,
-0.00014201016165316105,
-0.04443269595503807
],
"r_ring_tip": [
0.006867676042020321,
0.02192922681570053,
-0.045451819896698
],
"r_pinky_mcp": [
0.038240667432546616,
0.013715835288167,
-0.003452708711847663
],
"r_pinky_pip": [
0.038947802037000656,
-0.0024370625615119934,
-0.02378234453499317
],
"r_pinky_dip": [
0.028754856437444687,
0.007655300199985504,
-0.035444747656583786
],
"r_pinky_tip": [
0.02751653641462326,
0.028857292607426643,
-0.030117996037006378
]
}
],
"framerate": 30,
"mirrorable": true
}