{
"label": "0",
"gestures": [
{
"l_hand_position": null,
"l_wrist": null,
"l_thumb_cmc": null,
"l_thumb_mcp": null,
"l_thumb_ip": null,
"l_thumb_tip": null,
"l_index_mcp": null,
"l_index_pip": null,
"l_index_dip": null,
"l_index_tip": null,
"l_middle_mcp": null,
"l_middle_pip": null,
"l_middle_dip": null,
"l_middle_tip": null,
"l_ring_mcp": null,
"l_ring_pip": null,
"l_ring_dip": null,
"l_ring_tip": null,
"l_pinky_mcp": null,
"l_pinky_pip": null,
"l_pinky_dip": null,
"l_pinky_tip": null,
"r_hand_position": null,
"r_wrist": [
0.014535810798406601,
0.07526661455631256,
-0.033153731375932693
],
"r_thumb_cmc": [
-0.01622096821665764,
0.0590268075466156,
-0.03794185072183609
],
"r_thumb_mcp": [
-0.027958810329437256,
0.03152954950928688,
-0.03504805266857147
],
"r_thumb_ip": [
-0.03319841995835304,
0.0009603172075003386,
-0.040278200060129166
],
"r_thumb_tip": [
-0.009621352888643742,
-0.02013092115521431,
-0.03643912822008133
],
"r_index_mcp": [
-0.030555006116628647,
0.0068442197516560555,
0.0064446632750332355
],
"r_index_pip": [
-0.039607107639312744,
-0.006511678919196129,
-0.016179345548152924
],
"r_index_dip": [
-0.04174521565437317,
0.003680169116705656,
-0.019176596775650978
],
"r_index_tip": [
-0.035848334431648254,
0.025051727890968323,
-0.013408463448286057
],
"r_middle_mcp": [
-0.005061198957264423,
-0.0016018388560041785,
0.007168843410909176
],
"r_middle_pip": [
-0.018646402284502983,
-0.020967761054635048,
-0.01853116787970066
],
"r_middle_dip": [
-0.02527298592031002,
0.0009416698012501001,
-0.029893796890974045
],
"r_middle_tip": [
-0.021716773509979248,
0.01727762445807457,
-0.014165145345032215
],
"r_ring_mcp": [
0.019587231799960136,
-0.006532471161335707,
-0.0028588452842086554
],
"r_ring_pip": [
0.00557995680719614,
-0.02257903292775154,
-0.025178605690598488
],
"r_ring_dip": [
-0.006253071594983339,
-0.003489301772788167,
-0.0386979877948761
],
"r_ring_tip": [
-0.009427533484995365,
0.019240470603108406,
-0.033862706273794174
],
"r_pinky_mcp": [
0.03250889107584953,
-0.0021305487025529146,
-0.01774088852107525
],
"r_pinky_pip": [
0.035891544073820114,
-0.0205221027135849,
-0.020103756338357925
],
"r_pinky_dip": [
0.027743926271796227,
-0.03754812851548195,
-0.03457900136709213
],
"r_pinky_tip": [
0.017613742500543594,
-0.03887341544032097,
-0.049230169504880905
]
}
],
"framerate": 30,
"mirrorable": true
}