{
"label": "0",
"gestures": [
{
"l_hand_position": null,
"l_wrist": null,
"l_thumb_cmc": null,
"l_thumb_mcp": null,
"l_thumb_ip": null,
"l_thumb_tip": null,
"l_index_mcp": null,
"l_index_pip": null,
"l_index_dip": null,
"l_index_tip": null,
"l_middle_mcp": null,
"l_middle_pip": null,
"l_middle_dip": null,
"l_middle_tip": null,
"l_ring_mcp": null,
"l_ring_pip": null,
"l_ring_dip": null,
"l_ring_tip": null,
"l_pinky_mcp": null,
"l_pinky_pip": null,
"l_pinky_dip": null,
"l_pinky_tip": null,
"r_hand_position": null,
"r_wrist": [
-0.0044721439480781555,
0.09342214465141296,
-0.05088929086923599
],
"r_thumb_cmc": [
0.02298315055668354,
0.06888211518526077,
-0.049958258867263794
],
"r_thumb_mcp": [
0.030987072736024857,
0.032631613314151764,
-0.05447947233915329
],
"r_thumb_ip": [
0.023172948509454727,
-0.008055169135332108,
-0.05252456292510033
],
"r_thumb_tip": [
-0.003788631409406662,
-0.03151653707027435,
-0.047472380101680756
],
"r_index_mcp": [
0.023799702525138855,
-0.001575215719640255,
0.0027195375878363848
],
"r_index_pip": [
0.03064548969268799,
-0.027971511706709862,
-0.00047263657324947417
],
"r_index_dip": [
0.03427797183394432,
-0.049170490354299545,
-0.006520926486700773
],
"r_index_tip": [
0.032963793724775314,
-0.07105432450771332,
-0.027046237140893936
],
"r_middle_mcp": [
0.0011560025159269571,
-0.0037010314408689737,
0.010363518260419369
],
"r_middle_pip": [
0.009099956601858139,
-0.03969769552350044,
0.0010710419155657291
],
"r_middle_dip": [
0.013824756257236004,
-0.062342043966054916,
-0.015596837736666203
],
"r_middle_tip": [
0.02114550769329071,
-0.08492811024188995,
-0.03229880705475807
],
"r_ring_mcp": [
-0.01770547404885292,
-0.0007165358401834965,
-0.0015680757351219654
],
"r_ring_pip": [
-0.01172458752989769,
-0.023571234196424484,
-0.021516798064112663
],
"r_ring_dip": [
-0.0019244365394115448,
-0.008108367212116718,
-0.038166847079992294
],
"r_ring_tip": [
0.006947060115635395,
0.014647312462329865,
-0.04316409304738045
],
"r_pinky_mcp": [
-0.034151311963796616,
0.010426988825201988,
-0.016571369022130966
],
"r_pinky_pip": [
-0.023217609152197838,
-0.005640361923724413,
-0.030900301411747932
],
"r_pinky_dip": [
-0.010019451379776001,
-0.0001854519359767437,
-0.046133022755384445
],
"r_pinky_tip": [
-0.0033925878815352917,
0.021280694752931595,
-0.046774230897426605
]
}
],
"framerate": 30,
"mirrorable": true
}