{
"label": "0",
"gestures": [
{
"l_hand_position": null,
"l_wrist": null,
"l_thumb_cmc": null,
"l_thumb_mcp": null,
"l_thumb_ip": null,
"l_thumb_tip": null,
"l_index_mcp": null,
"l_index_pip": null,
"l_index_dip": null,
"l_index_tip": null,
"l_middle_mcp": null,
"l_middle_pip": null,
"l_middle_dip": null,
"l_middle_tip": null,
"l_ring_mcp": null,
"l_ring_pip": null,
"l_ring_dip": null,
"l_ring_tip": null,
"l_pinky_mcp": null,
"l_pinky_pip": null,
"l_pinky_dip": null,
"l_pinky_tip": null,
"r_hand_position": null,
"r_wrist": [
0.0101625369861722,
-0.02899191342294216,
0.0840878114104271
],
"r_thumb_cmc": [
0.01461105514317751,
-0.000998993869870901,
0.06123267859220505
],
"r_thumb_mcp": [
0.017670197412371635,
0.014598166570067406,
0.05327916890382767
],
"r_thumb_ip": [
0.02470041811466217,
0.036757610738277435,
0.020281663164496422
],
"r_thumb_tip": [
0.02508021891117096,
0.04887901619076729,
0.0013513118028640747
],
"r_index_mcp": [
0.0030861669220030308,
0.02152494341135025,
0.003516369964927435
],
"r_index_pip": [
0.02399812638759613,
0.0301488246768713,
-0.004459240008145571
],
"r_index_dip": [
0.031132500618696213,
0.02358933538198471,
0.0261088777333498
],
"r_index_tip": [
0.021733496338129044,
0.013657350093126297,
0.0638974979519844
],
"r_middle_mcp": [
-0.0016621712129563093,
0.004242928232997656,
-0.0002910265466198325
],
"r_middle_pip": [
0.015223209746181965,
0.009016440249979496,
-0.010243315249681473
],
"r_middle_dip": [
0.02370871976017952,
0.009664993733167648,
0.015045292675495148
],
"r_middle_tip": [
0.005852644331753254,
-0.0022459537722170353,
0.04685697332024574
],
"r_ring_mcp": [
-0.002766731893643737,
-0.012648345902562141,
-0.0023455703631043434
],
"r_ring_pip": [
0.023051396012306213,
-0.006032509263604879,
-0.004222688265144825
],
"r_ring_dip": [
0.02600349672138691,
-0.006985554005950689,
0.01835518889129162
],
"r_ring_tip": [
0.013286279514431953,
-0.016617972403764725,
0.046900685876607895
],
"r_pinky_mcp": [
0.005499480292201042,
-0.02699381485581398,
0.0033268234692513943
],
"r_pinky_pip": [
0.02320762723684311,
-0.017346475273370743,
0.00020467302238103002
],
"r_pinky_dip": [
0.027424709871411324,
-0.019848357886075974,
0.023507360368967056
],
"r_pinky_tip": [
0.01662592962384224,
-0.025236066430807114,
0.039138466119766235
]
}
],
"framerate": 30,
"mirrorable": true
}