{
"label": "0",
"gestures": [
{
"l_hand_position": null,
"l_wrist": null,
"l_thumb_cmc": null,
"l_thumb_mcp": null,
"l_thumb_ip": null,
"l_thumb_tip": null,
"l_index_mcp": null,
"l_index_pip": null,
"l_index_dip": null,
"l_index_tip": null,
"l_middle_mcp": null,
"l_middle_pip": null,
"l_middle_dip": null,
"l_middle_tip": null,
"l_ring_mcp": null,
"l_ring_pip": null,
"l_ring_dip": null,
"l_ring_tip": null,
"l_pinky_mcp": null,
"l_pinky_pip": null,
"l_pinky_dip": null,
"l_pinky_tip": null,
"r_hand_position": null,
"r_wrist": [
0.026865020394325256,
-0.013056610710918903,
0.08827362954616547
],
"r_thumb_cmc": [
0.015696188434958458,
0.01076270081102848,
0.06737316399812698
],
"r_thumb_mcp": [
0.0027508288621902466,
0.023600608110427856,
0.048100680112838745
],
"r_thumb_ip": [
-0.0037735914811491966,
0.04166378080844879,
0.016054876148700714
],
"r_thumb_tip": [
-0.010818308219313622,
0.05076553300023079,
-0.01423591747879982
],
"r_index_mcp": [
-0.012100666761398315,
0.014128809794783592,
0.006120691541582346
],
"r_index_pip": [
0.003523571416735649,
0.03596983477473259,
-0.004864325746893883
],
"r_index_dip": [
0.0061403680592775345,
0.037313301116228104,
0.016586104407906532
],
"r_index_tip": [
-0.0003787446767091751,
0.025865763425827026,
0.0434025414288044
],
"r_middle_mcp": [
-0.004727684892714024,
0.0022401264868676662,
-0.0015140370232984424
],
"r_middle_pip": [
0.004382794722914696,
0.022036250680685043,
-0.010659621097147465
],
"r_middle_dip": [
0.013479048386216164,
0.024232203140854836,
0.009033679962158203
],
"r_middle_tip": [
0.003103694412857294,
0.009663703851401806,
0.03717692568898201
],
"r_ring_mcp": [
0.0049909381195902824,
-0.008325544185936451,
-0.005152441095560789
],
"r_ring_pip": [
0.02221733331680298,
0.015475913882255554,
-0.011891662143170834
],
"r_ring_dip": [
0.02691187709569931,
0.016155553981661797,
0.012596485204994678
],
"r_ring_tip": [
0.019958745688199997,
0.0030684778466820717,
0.03924642130732536
],
"r_pinky_mcp": [
0.024527622386813164,
-0.01275286078453064,
0.002989749889820814
],
"r_pinky_pip": [
0.03205060213804245,
0.005950650665909052,
-0.004830207210034132
],
"r_pinky_dip": [
0.030588118359446526,
0.006924204993993044,
0.013978312723338604
],
"r_pinky_tip": [
0.025401942431926727,
-0.0012177424505352974,
0.031313780695199966
]
}
],
"framerate": 30,
"mirrorable": true
}