{
"label": "0",
"gestures": [
{
"l_hand_position": null,
"l_wrist": null,
"l_thumb_cmc": null,
"l_thumb_mcp": null,
"l_thumb_ip": null,
"l_thumb_tip": null,
"l_index_mcp": null,
"l_index_pip": null,
"l_index_dip": null,
"l_index_tip": null,
"l_middle_mcp": null,
"l_middle_pip": null,
"l_middle_dip": null,
"l_middle_tip": null,
"l_ring_mcp": null,
"l_ring_pip": null,
"l_ring_dip": null,
"l_ring_tip": null,
"l_pinky_mcp": null,
"l_pinky_pip": null,
"l_pinky_dip": null,
"l_pinky_tip": null,
"r_hand_position": null,
"r_wrist": [
-0.00027635134756565094,
0.09479362517595291,
0.002926736604422331
],
"r_thumb_cmc": [
-0.029233712702989578,
0.07118073105812073,
0.0051161847077310085
],
"r_thumb_mcp": [
-0.046722814440727234,
0.050551436841487885,
0.008093802258372307
],
"r_thumb_ip": [
-0.07232215255498886,
0.027685347944498062,
0.019675668329000473
],
"r_thumb_tip": [
-0.10000941157341003,
0.012710073962807655,
0.02844727784395218
],
"r_index_mcp": [
-0.022950492799282074,
-0.003748595481738448,
0.010566316545009613
],
"r_index_pip": [
-0.016048111021518707,
-0.034851789474487305,
0.006312767043709755
],
"r_index_dip": [
-0.013746394775807858,
-0.057135120034217834,
0.003299508709460497
],
"r_index_tip": [
-0.014778099954128265,
-0.07648323476314545,
-0.005937288515269756
],
"r_middle_mcp": [
-0.002756125060841441,
-0.004629478789865971,
0.0054743289947509766
],
"r_middle_pip": [
0.0014370661228895187,
-0.042371444404125214,
-0.0012253259774297476
],
"r_middle_dip": [
-0.0021102819591760635,
-0.06425247341394424,
-0.006112196482717991
],
"r_middle_tip": [
-0.005370348691940308,
-0.08777489513158798,
-0.009935318492352962
],
"r_ring_mcp": [
0.015325075015425682,
-0.0006400886923074722,
-0.006520990747958422
],
"r_ring_pip": [
0.01566839963197708,
-0.030190011486411095,
-0.01026588398963213
],
"r_ring_dip": [
0.009746351279318333,
-0.05292403697967529,
-0.01192027609795332
],
"r_ring_tip": [
0.0058164047077298164,
-0.07131331413984299,
-0.014350173994898796
],
"r_pinky_mcp": [
0.02363431081175804,
0.01558026485145092,
-0.011478419415652752
],
"r_pinky_pip": [
0.028853103518486023,
-0.008602296933531761,
-0.012243327684700489
],
"r_pinky_dip": [
0.025494005531072617,
-0.03125398978590965,
-0.015159622766077518
],
"r_pinky_tip": [
0.01641274429857731,
-0.0490601621568203,
-0.019855771213769913
]
}
],
"framerate": 30,
"mirrorable": true
}