{
"label": "0",
"gestures": [
{
"l_hand_position": null,
"l_wrist": null,
"l_thumb_cmc": null,
"l_thumb_mcp": null,
"l_thumb_ip": null,
"l_thumb_tip": null,
"l_index_mcp": null,
"l_index_pip": null,
"l_index_dip": null,
"l_index_tip": null,
"l_middle_mcp": null,
"l_middle_pip": null,
"l_middle_dip": null,
"l_middle_tip": null,
"l_ring_mcp": null,
"l_ring_pip": null,
"l_ring_dip": null,
"l_ring_tip": null,
"l_pinky_mcp": null,
"l_pinky_pip": null,
"l_pinky_dip": null,
"l_pinky_tip": null,
"r_hand_position": null,
"r_wrist": [
0.06903711706399918,
0.043787144124507904,
0.04407041519880295
],
"r_thumb_cmc": [
0.0429953932762146,
0.02190936915576458,
0.05583041533827782
],
"r_thumb_mcp": [
0.016935046762228012,
0.004666958469897509,
0.05743159353733063
],
"r_thumb_ip": [
-0.0022015604190528393,
-0.0008203793549910188,
0.05084642022848129
],
"r_thumb_tip": [
-0.022635439410805702,
0.007779812905937433,
0.0351315513253212
],
"r_index_mcp": [
-0.004624379798769951,
-0.018033530563116074,
0.015431447885930538
],
"r_index_pip": [
-0.02727726846933365,
-0.019407957792282104,
0.009890292771160603
],
"r_index_dip": [
-0.04991891607642174,
-0.023683514446020126,
0.012247037142515182
],
"r_index_tip": [
-0.0744742825627327,
-0.022442346438765526,
0.00720180245116353
],
"r_middle_mcp": [
-0.0022325064055621624,
-0.004815669730305672,
0.00040984820225276053
],
"r_middle_pip": [
-0.03128484636545181,
-0.010433075949549675,
-0.007748585194349289
],
"r_middle_dip": [
-0.06032705679535866,
-0.012164557352662086,
-0.007843056693673134
],
"r_middle_tip": [
-0.08713273704051971,
-0.016291599720716476,
-0.007330579217523336
],
"r_ring_mcp": [
0.002571342745795846,
0.01095237210392952,
-0.012214322574436665
],
"r_ring_pip": [
-0.019544418901205063,
0.020022593438625336,
-0.002874591387808323
],
"r_ring_dip": [
-0.04164516553282738,
0.026459796354174614,
0.013167047873139381
],
"r_ring_tip": [
-0.05815465375781059,
0.02572430856525898,
0.02680211141705513
],
"r_pinky_mcp": [
0.008764049969613552,
0.03661693260073662,
-0.010912428610026836
],
"r_pinky_pip": [
-0.013676266185939312,
0.037383344024419785,
-0.005916806869208813
],
"r_pinky_dip": [
-0.033630967140197754,
0.03777492418885231,
0.006835590582340956
],
"r_pinky_tip": [
-0.04865630716085434,
0.03732207044959068,
0.015151320956647396
]
}
],
"framerate": 30,
"mirrorable": true
}