{
"label": "0",
"gestures": [
{
"l_hand_position": null,
"l_wrist": null,
"l_thumb_cmc": null,
"l_thumb_mcp": null,
"l_thumb_ip": null,
"l_thumb_tip": null,
"l_index_mcp": null,
"l_index_pip": null,
"l_index_dip": null,
"l_index_tip": null,
"l_middle_mcp": null,
"l_middle_pip": null,
"l_middle_dip": null,
"l_middle_tip": null,
"l_ring_mcp": null,
"l_ring_pip": null,
"l_ring_dip": null,
"l_ring_tip": null,
"l_pinky_mcp": null,
"l_pinky_pip": null,
"l_pinky_dip": null,
"l_pinky_tip": null,
"r_hand_position": null,
"r_wrist": [
-0.017108742147684097,
0.09429393708705902,
-0.049133602529764175
],
"r_thumb_cmc": [
0.013647902756929398,
0.07240229845046997,
-0.052110880613327026
],
"r_thumb_mcp": [
0.028578896075487137,
0.040950071066617966,
-0.053781554102897644
],
"r_thumb_ip": [
0.028683993965387344,
0.002446359023451805,
-0.05330770090222359
],
"r_thumb_tip": [
0.015283416956663132,
-0.028993964195251465,
-0.04219507798552513
],
"r_index_mcp": [
0.02815639227628708,
0.002081475220620632,
0.0001225246669491753
],
"r_index_pip": [
0.033631473779678345,
-0.02469208464026451,
-0.005761348642408848
],
"r_index_dip": [
0.03890063613653183,
-0.03142014145851135,
-0.022483881562948227
],
"r_index_tip": [
0.03635261952877045,
-0.01954156719148159,
-0.04792219400405884
],
"r_middle_mcp": [
0.0022884299978613853,
-0.003972105216234922,
0.009361443109810352
],
"r_middle_pip": [
0.010776967741549015,
-0.037012651562690735,
-0.008284216746687889
],
"r_middle_dip": [
0.013977878727018833,
-0.034004490822553635,
-0.03417956084012985
],
"r_middle_tip": [
0.0189707949757576,
-0.01978878304362297,
-0.053607065230607986
],
"r_ring_mcp": [
-0.01880580000579357,
-0.0042058611288666725,
0.0011390306754037738
],
"r_ring_pip": [
-0.011520838364958763,
-0.03193984180688858,
-0.013848799280822277
],
"r_ring_dip": [
-0.004199136048555374,
-0.03959130868315697,
-0.035909198224544525
],
"r_ring_tip": [
0.0015582144260406494,
-0.03519652783870697,
-0.05902053788304329
],
"r_pinky_mcp": [
-0.038240451365709305,
0.006593674421310425,
-0.01190874632447958
],
"r_pinky_pip": [
-0.03617778420448303,
-0.020811891183257103,
-0.013321824371814728
],
"r_pinky_dip": [
-0.03319493681192398,
-0.05139802023768425,
-0.024302462115883827
],
"r_pinky_tip": [
-0.02843877114355564,
-0.06478671729564667,
-0.04148191958665848
]
}
],
"framerate": 30,
"mirrorable": true
}