{
"label": "0",
"gestures": [
{
"l_hand_position": null,
"l_wrist": null,
"l_thumb_cmc": null,
"l_thumb_mcp": null,
"l_thumb_ip": null,
"l_thumb_tip": null,
"l_index_mcp": null,
"l_index_pip": null,
"l_index_dip": null,
"l_index_tip": null,
"l_middle_mcp": null,
"l_middle_pip": null,
"l_middle_dip": null,
"l_middle_tip": null,
"l_ring_mcp": null,
"l_ring_pip": null,
"l_ring_dip": null,
"l_ring_tip": null,
"l_pinky_mcp": null,
"l_pinky_pip": null,
"l_pinky_dip": null,
"l_pinky_tip": null,
"r_hand_position": null,
"r_wrist": [
0.02356819063425064,
-0.05780595913529396,
0.0612911619246006
],
"r_thumb_cmc": [
-0.004551868885755539,
-0.04106651246547699,
0.04410714656114578
],
"r_thumb_mcp": [
-0.01524360105395317,
-0.018988054245710373,
0.04006244242191315
],
"r_thumb_ip": [
-0.012232065200805664,
-0.0023296126164495945,
0.02203444391489029
],
"r_thumb_tip": [
0.0011243224143981934,
0.015984375029802322,
0.01812058500945568
],
"r_index_mcp": [
-0.01714704930782318,
0.004388037137687206,
-0.0012828579638153315
],
"r_index_pip": [
-0.01719266176223755,
0.020311344414949417,
-0.008221866562962532
],
"r_index_dip": [
-0.019386062398552895,
0.04105694591999054,
0.005785226821899414
],
"r_index_tip": [
-0.016165656968951225,
0.06970682740211487,
0.004773423541337252
],
"r_middle_mcp": [
-0.00166860013268888,
0.0011881717946380377,
-0.004113694652915001
],
"r_middle_pip": [
-0.006210013292729855,
0.024914391338825226,
0.00905068963766098
],
"r_middle_dip": [
-0.006646387279033661,
0.027780214324593544,
0.031021855771541595
],
"r_middle_tip": [
-0.011034945026040077,
0.01891157776117325,
0.05373024195432663
],
"r_ring_mcp": [
0.009318581782281399,
-0.0002446761354804039,
0.0008422515238635242
],
"r_ring_pip": [
0.003719477914273739,
0.013092679902911186,
0.020927628502249718
],
"r_ring_dip": [
0.003607127582654357,
0.010638096369802952,
0.04229939728975296
],
"r_ring_tip": [
-0.002274402417242527,
0.0035329856909811497,
0.06254003196954727
],
"r_pinky_mcp": [
0.022051017731428146,
-0.00800386443734169,
0.015976622700691223
],
"r_pinky_pip": [
0.020224226638674736,
0.013877686113119125,
0.021811354905366898
],
"r_pinky_dip": [
0.008026335388422012,
0.0406511053442955,
0.031221112236380577
],
"r_pinky_tip": [
0.005401056259870529,
0.05351223796606064,
0.027069970965385437
]
}
],
"framerate": 30,
"mirrorable": true
}