{
"label": "0",
"gestures": [
{
"l_hand_position": null,
"l_wrist": null,
"l_thumb_cmc": null,
"l_thumb_mcp": null,
"l_thumb_ip": null,
"l_thumb_tip": null,
"l_index_mcp": null,
"l_index_pip": null,
"l_index_dip": null,
"l_index_tip": null,
"l_middle_mcp": null,
"l_middle_pip": null,
"l_middle_dip": null,
"l_middle_tip": null,
"l_ring_mcp": null,
"l_ring_pip": null,
"l_ring_dip": null,
"l_ring_tip": null,
"l_pinky_mcp": null,
"l_pinky_pip": null,
"l_pinky_dip": null,
"l_pinky_tip": null,
"r_hand_position": null,
"r_wrist": [
0.018725257366895676,
0.08702722191810608,
-0.045755401253700256
],
"r_thumb_cmc": [
-0.008840423077344894,
0.06514535844326019,
-0.05437879264354706
],
"r_thumb_mcp": [
-0.011242629028856754,
0.032552581280469894,
-0.05404418334364891
],
"r_thumb_ip": [
-0.008646580390632153,
-0.0075194984674453735,
-0.04474516585469246
],
"r_thumb_tip": [
0.012924006208777428,
-0.029131533578038216,
-0.028321590274572372
],
"r_index_mcp": [
-0.029034003615379333,
-0.0020517369266599417,
-0.005483442917466164
],
"r_index_pip": [
-0.03274603933095932,
-0.02252522110939026,
-0.021536147221922874
],
"r_index_dip": [
-0.03102659434080124,
-0.019293252378702164,
-0.03365536779165268
],
"r_index_tip": [
-0.03279406577348709,
-0.007358328439295292,
-0.049523189663887024
],
"r_middle_mcp": [
-0.006223966833204031,
-0.0016099014319479465,
0.007653011940419674
],
"r_middle_pip": [
-0.007026185747236013,
-0.04386044293642044,
0.009987943805754185
],
"r_middle_dip": [
-0.017697954550385475,
-0.07280658185482025,
0.002754022367298603
],
"r_middle_tip": [
-0.021950004622340202,
-0.10521325469017029,
-0.005556360352784395
],
"r_ring_mcp": [
0.019043000414967537,
-0.0023545054718852043,
0.005092867650091648
],
"r_ring_pip": [
0.01978510245680809,
-0.019953951239585876,
-0.018190063536167145
],
"r_ring_dip": [
0.01461885217577219,
-0.0023334131110459566,
-0.03745986148715019
],
"r_ring_tip": [
0.013254284858703613,
0.015121037140488625,
-0.040898554027080536
],
"r_pinky_mcp": [
0.03370552510023117,
0.009682348929345608,
-0.005070695653557777
],
"r_pinky_pip": [
0.03295329585671425,
-0.007738185115158558,
-0.023293394595384598
],
"r_pinky_dip": [
0.02591269090771675,
0.0032496945932507515,
-0.04123842343688011
],
"r_pinky_tip": [
0.02481011301279068,
0.02209767885506153,
-0.0415516197681427
]
}
],
"framerate": 30,
"mirrorable": true
}