{
"label": "0",
"gestures": [
{
"l_hand_position": null,
"l_wrist": null,
"l_thumb_cmc": null,
"l_thumb_mcp": null,
"l_thumb_ip": null,
"l_thumb_tip": null,
"l_index_mcp": null,
"l_index_pip": null,
"l_index_dip": null,
"l_index_tip": null,
"l_middle_mcp": null,
"l_middle_pip": null,
"l_middle_dip": null,
"l_middle_tip": null,
"l_ring_mcp": null,
"l_ring_pip": null,
"l_ring_dip": null,
"l_ring_tip": null,
"l_pinky_mcp": null,
"l_pinky_pip": null,
"l_pinky_dip": null,
"l_pinky_tip": null,
"r_hand_position": null,
"r_wrist": [
0.011677822098135948,
0.09815120697021484,
-0.02000410482287407
],
"r_thumb_cmc": [
-0.01633385196328163,
0.07184060662984848,
-0.03192718327045441
],
"r_thumb_mcp": [
-0.028928836807608604,
0.04280664026737213,
-0.0342421717941761
],
"r_thumb_ip": [
-0.0453486442565918,
0.007201516069471836,
-0.03473588079214096
],
"r_thumb_tip": [
-0.051212191581726074,
-0.023787852376699448,
-0.0284530371427536
],
"r_index_mcp": [
-0.032400909811258316,
0.0012334156781435013,
-0.003994833678007126
],
"r_index_pip": [
-0.028882693499326706,
-0.026463456451892853,
-0.014319014735519886
],
"r_index_dip": [
-0.025145580992102623,
-0.027371127158403397,
-0.02982226572930813
],
"r_index_tip": [
-0.026769138872623444,
-0.008611821569502354,
-0.049702197313308716
],
"r_middle_mcp": [
-0.0068869865499436855,
-0.0029100999236106873,
0.0059249186888337135
],
"r_middle_pip": [
-0.003398202359676361,
-0.0395587757229805,
-0.012553248554468155
],
"r_middle_dip": [
-0.006611605640500784,
-0.029752139002084732,
-0.03940768539905548
],
"r_middle_tip": [
-0.008262917399406433,
-0.010992035269737244,
-0.04697994515299797
],
"r_ring_mcp": [
0.02081691101193428,
-0.0031415214762091637,
0.0033761158119887114
],
"r_ring_pip": [
0.020534075796604156,
-0.0292893648147583,
-0.013094077818095684
],
"r_ring_dip": [
0.01539505086839199,
-0.01954992301762104,
-0.03637685626745224
],
"r_ring_tip": [
0.01177904475480318,
3.1639356166124344e-06,
-0.04387388005852699
],
"r_pinky_mcp": [
0.037935469299554825,
0.009326095692813396,
-0.0027499524876475334
],
"r_pinky_pip": [
0.0410095676779747,
-0.010726097971200943,
-0.012675830163061619
],
"r_pinky_dip": [
0.033880867063999176,
-0.010664267465472221,
-0.034101538360118866
],
"r_pinky_tip": [
0.02721198834478855,
0.006537395063787699,
-0.042755041271448135
]
}
],
"framerate": 30,
"mirrorable": true
}