{
"label": "0",
"gestures": [
{
"l_hand_position": null,
"l_wrist": null,
"l_thumb_cmc": null,
"l_thumb_mcp": null,
"l_thumb_ip": null,
"l_thumb_tip": null,
"l_index_mcp": null,
"l_index_pip": null,
"l_index_dip": null,
"l_index_tip": null,
"l_middle_mcp": null,
"l_middle_pip": null,
"l_middle_dip": null,
"l_middle_tip": null,
"l_ring_mcp": null,
"l_ring_pip": null,
"l_ring_dip": null,
"l_ring_tip": null,
"l_pinky_mcp": null,
"l_pinky_pip": null,
"l_pinky_dip": null,
"l_pinky_tip": null,
"r_hand_position": null,
"r_wrist": [
0.0037421956658363342,
0.08755411952733994,
-0.02546871453523636
],
"r_thumb_cmc": [
-0.021813146770000458,
0.06381942331790924,
-0.016393335536122322
],
"r_thumb_mcp": [
-0.02243531122803688,
0.036268673837184906,
-0.012138628400862217
],
"r_thumb_ip": [
-0.021493282169103622,
0.008527858182787895,
-0.0131111741065979
],
"r_thumb_tip": [
-0.013309812173247337,
-0.013457288965582848,
-0.010221262462437153
],
"r_index_mcp": [
-0.023512963205575943,
0.005420908331871033,
0.016272643581032753
],
"r_index_pip": [
-0.03344091400504112,
-0.010343831032514572,
-0.00402448233217001
],
"r_index_dip": [
-0.05060654878616333,
-0.0052815768867731094,
-0.01084221713244915
],
"r_index_tip": [
-0.06340422481298447,
0.01909756287932396,
-0.022542225196957588
],
"r_middle_mcp": [
-0.004078121855854988,
-0.0021596455480903387,
0.007986129261553288
],
"r_middle_pip": [
-0.009603608399629593,
-0.03435921296477318,
-0.005723073147237301
],
"r_middle_dip": [
-0.03091638721525669,
-0.0465046763420105,
-0.02461492270231247
],
"r_middle_tip": [
-0.052537813782691956,
-0.04899220168590546,
-0.04433735832571983
],
"r_ring_mcp": [
0.01636386662721634,
-0.005096066743135452,
-0.009046104736626148
],
"r_ring_pip": [
0.018981274217367172,
-0.03356172516942024,
-0.010153069160878658
],
"r_ring_dip": [
0.01113695465028286,
-0.060861293226480484,
-0.02208775468170643
],
"r_ring_tip": [
-0.0011578649282455444,
-0.08158842474222183,
-0.03658774495124817
],
"r_pinky_mcp": [
0.02643243595957756,
0.0036278837360441685,
-0.0270114503800869
],
"r_pinky_pip": [
0.037237152457237244,
-0.018638182431459427,
-0.02416096068918705
],
"r_pinky_dip": [
0.04298262298107147,
-0.04111296683549881,
-0.024069661274552345
],
"r_pinky_tip": [
0.03658946603536606,
-0.060987457633018494,
-0.029346175491809845
]
}
],
"framerate": 30,
"mirrorable": true
}