{
"label": "0",
"gestures": [
{
"l_hand_position": null,
"l_wrist": null,
"l_thumb_cmc": null,
"l_thumb_mcp": null,
"l_thumb_ip": null,
"l_thumb_tip": null,
"l_index_mcp": null,
"l_index_pip": null,
"l_index_dip": null,
"l_index_tip": null,
"l_middle_mcp": null,
"l_middle_pip": null,
"l_middle_dip": null,
"l_middle_tip": null,
"l_ring_mcp": null,
"l_ring_pip": null,
"l_ring_dip": null,
"l_ring_tip": null,
"l_pinky_mcp": null,
"l_pinky_pip": null,
"l_pinky_dip": null,
"l_pinky_tip": null,
"r_hand_position": null,
"r_wrist": [
-0.002630583941936493,
0.06605351716279984,
-0.012454965151846409
],
"r_thumb_cmc": [
0.014857487753033638,
0.049028873443603516,
-0.008472111076116562
],
"r_thumb_mcp": [
0.03849666938185692,
0.031819600611925125,
0.013858632184565067
],
"r_thumb_ip": [
0.05305562913417816,
0.02211417257785797,
0.03348127007484436
],
"r_thumb_tip": [
0.07385304570198059,
0.01570625975728035,
0.04958705976605415
],
"r_index_mcp": [
0.004114621318876743,
-0.003579370677471161,
0.0003660303191281855
],
"r_index_pip": [
0.01893117092549801,
-0.012708954513072968,
0.0037462799809873104
],
"r_index_dip": [
0.03147371858358383,
-0.034025371074676514,
0.01845690608024597
],
"r_index_tip": [
0.040448445826768875,
-0.05890722572803497,
0.03431340679526329
],
"r_middle_mcp": [
-0.002039927989244461,
-0.0032411173451691866,
0.0005881080869585276
],
"r_middle_pip": [
0.006626669317483902,
-0.02802269347012043,
0.007350262254476547
],
"r_middle_dip": [
0.004422048106789589,
-0.053869184106588364,
0.01335618831217289
],
"r_middle_tip": [
0.012315554544329643,
-0.08034650981426239,
0.024996165186166763
],
"r_ring_mcp": [
-0.003216739743947983,
0.0024598820600658655,
-0.00012032296945108101
],
"r_ring_pip": [
-0.006305106449872255,
-0.014772146008908749,
0.00761342654004693
],
"r_ring_dip": [
-0.011625255458056927,
-0.03719009459018707,
0.015992438420653343
],
"r_ring_tip": [
-0.011619370430707932,
-0.06022759526968002,
0.025694139301776886
],
"r_pinky_mcp": [
-0.015528555028140545,
0.012341597117483616,
0.00262066931463778
],
"r_pinky_pip": [
-0.02802119217813015,
0.00023985560983419418,
0.008207862265408039
],
"r_pinky_dip": [
-0.03657517209649086,
-0.018436353653669357,
0.013150674290955067
],
"r_pinky_tip": [
-0.041933149099349976,
-0.03789698705077171,
0.013811871409416199
]
}
],
"framerate": 30,
"mirrorable": true
}