{
"label": "0",
"gestures": [
{
"l_hand_position": null,
"l_wrist": null,
"l_thumb_cmc": null,
"l_thumb_mcp": null,
"l_thumb_ip": null,
"l_thumb_tip": null,
"l_index_mcp": null,
"l_index_pip": null,
"l_index_dip": null,
"l_index_tip": null,
"l_middle_mcp": null,
"l_middle_pip": null,
"l_middle_dip": null,
"l_middle_tip": null,
"l_ring_mcp": null,
"l_ring_pip": null,
"l_ring_dip": null,
"l_ring_tip": null,
"l_pinky_mcp": null,
"l_pinky_pip": null,
"l_pinky_dip": null,
"l_pinky_tip": null,
"r_hand_position": null,
"r_wrist": [
-0.015819886699318886,
-0.0401015542447567,
0.06832654774188995
],
"r_thumb_cmc": [
0.0015618045581504703,
-0.019668087363243103,
0.05389231815934181
],
"r_thumb_mcp": [
-0.0033072789665311575,
-0.004070285242050886,
0.042829401791095734
],
"r_thumb_ip": [
-0.010813329368829727,
0.0010273793013766408,
0.021199367940425873
],
"r_thumb_tip": [
-0.0156736820936203,
0.0061177536845207214,
0.004585793241858482
],
"r_index_mcp": [
0.004682860802859068,
-0.0013367828214541078,
-0.002757660113275051
],
"r_index_pip": [
0.008696367964148521,
0.015418704599142075,
-0.006045140791684389
],
"r_index_dip": [
0.014276049099862576,
0.03913887217640877,
0.0033276709727942944
],
"r_index_tip": [
0.014456765726208687,
0.06239751726388931,
0.011745293624699116
],
"r_middle_mcp": [
0.0028457411099225283,
-0.00031086429953575134,
-0.0032611670903861523
],
"r_middle_pip": [
0.008037103340029716,
0.01725289225578308,
-0.010117846541106701
],
"r_middle_dip": [
0.012277225963771343,
0.04648343101143837,
-0.005702876951545477
],
"r_middle_tip": [
0.013808272778987885,
0.07624782621860504,
0.011688077822327614
],
"r_ring_mcp": [
-0.0027480844873934984,
0.0005701709887944162,
0.0006268411525525153
],
"r_ring_pip": [
-0.00037059851456433535,
0.01575348526239395,
0.0006204610108397901
],
"r_ring_dip": [
-0.0031768123153597116,
0.047725506126880646,
0.0049058967269957066
],
"r_ring_tip": [
-0.002402366604655981,
0.07664413750171661,
0.017609046772122383
],
"r_pinky_mcp": [
-0.008761734701693058,
2.2544991225004196e-05,
0.013855704106390476
],
"r_pinky_pip": [
0.0028239134699106216,
0.007790147792547941,
0.016459127888083458
],
"r_pinky_dip": [
0.00881972722709179,
0.015745090320706367,
0.023874830454587936
],
"r_pinky_tip": [
0.017425252124667168,
0.0162309892475605,
0.031196922063827515
]
}
],
"framerate": 30,
"mirrorable": true
}