{
"label": "0",
"gestures": [
{
"l_hand_position": null,
"l_wrist": null,
"l_thumb_cmc": null,
"l_thumb_mcp": null,
"l_thumb_ip": null,
"l_thumb_tip": null,
"l_index_mcp": null,
"l_index_pip": null,
"l_index_dip": null,
"l_index_tip": null,
"l_middle_mcp": null,
"l_middle_pip": null,
"l_middle_dip": null,
"l_middle_tip": null,
"l_ring_mcp": null,
"l_ring_pip": null,
"l_ring_dip": null,
"l_ring_tip": null,
"l_pinky_mcp": null,
"l_pinky_pip": null,
"l_pinky_dip": null,
"l_pinky_tip": null,
"r_hand_position": null,
"r_wrist": [
0.014162054285407066,
0.0947507843375206,
-0.022567754611372948
],
"r_thumb_cmc": [
-0.012946702539920807,
0.06695963442325592,
-0.03855612874031067
],
"r_thumb_mcp": [
-0.017167022451758385,
0.036227136850357056,
-0.049875061959028244
],
"r_thumb_ip": [
-0.021203676238656044,
0.003352297469973564,
-0.05476683750748634
],
"r_thumb_tip": [
-0.027957219630479813,
-0.024850431829690933,
-0.04997263848781586
],
"r_index_mcp": [
-0.02904072403907776,
-0.001822774764150381,
-0.005449757911264896
],
"r_index_pip": [
-0.03759653493762016,
-0.03235217183828354,
-0.0065933289006352425
],
"r_index_dip": [
-0.03871438279747963,
-0.05649480223655701,
-0.007733196951448917
],
"r_index_tip": [
-0.04478135704994202,
-0.07739333808422089,
-0.025837041437625885
],
"r_middle_mcp": [
-0.007088572718203068,
-0.001577650080434978,
0.00815699715167284
],
"r_middle_pip": [
-0.0033672978170216084,
-0.023530738428235054,
-0.028465932235121727
],
"r_middle_dip": [
-0.006893216632306576,
-0.0006065655034035444,
-0.04565194994211197
],
"r_middle_tip": [
-0.013386527076363564,
0.009208054281771183,
-0.030196860432624817
],
"r_ring_mcp": [
0.019432086497545242,
-0.0029798890464007854,
0.005060061812400818
],
"r_ring_pip": [
0.020816238597035408,
-0.011260363273322582,
-0.024861974641680717
],
"r_ring_dip": [
0.014863993972539902,
0.007685362361371517,
-0.03796617314219475
],
"r_ring_tip": [
0.010081712156534195,
0.022165872156620026,
-0.023662898689508438
],
"r_pinky_mcp": [
0.033613964915275574,
0.011485091410577297,
-0.0011285403743386269
],
"r_pinky_pip": [
0.040534861385822296,
-0.007672871463000774,
-0.005534703843295574
],
"r_pinky_dip": [
0.046925537288188934,
-0.033664606511592865,
-0.017755260691046715
],
"r_pinky_tip": [
0.05222697556018829,
-0.0535714365541935,
-0.019497480243444443
]
}
],
"framerate": 30,
"mirrorable": true
}