{
"label": "0",
"gestures": [
{
"l_hand_position": null,
"l_wrist": null,
"l_thumb_cmc": null,
"l_thumb_mcp": null,
"l_thumb_ip": null,
"l_thumb_tip": null,
"l_index_mcp": null,
"l_index_pip": null,
"l_index_dip": null,
"l_index_tip": null,
"l_middle_mcp": null,
"l_middle_pip": null,
"l_middle_dip": null,
"l_middle_tip": null,
"l_ring_mcp": null,
"l_ring_pip": null,
"l_ring_dip": null,
"l_ring_tip": null,
"l_pinky_mcp": null,
"l_pinky_pip": null,
"l_pinky_dip": null,
"l_pinky_tip": null,
"r_hand_position": null,
"r_wrist": [
0.013032077811658382,
0.08378416299819946,
0.01708310656249523
],
"r_thumb_cmc": [
-0.019530104473233223,
0.06273514032363892,
0.004686854314059019
],
"r_thumb_mcp": [
-0.03817291930317879,
0.041136253625154495,
-0.004963275510817766
],
"r_thumb_ip": [
-0.04988059401512146,
0.01179221086204052,
-0.01923813670873642
],
"r_thumb_tip": [
-0.0591055229306221,
-0.01815919764339924,
-0.025887364521622658
],
"r_index_mcp": [
-0.029887454584240913,
-0.0016998113133013248,
0.006406993605196476
],
"r_index_pip": [
-0.025411583483219147,
-0.029324643313884735,
-8.436719508608803e-05
],
"r_index_dip": [
-0.021614663302898407,
-0.05281945317983627,
-0.007528197020292282
],
"r_index_tip": [
-0.01647261343896389,
-0.08085018396377563,
-0.023407962173223495
],
"r_middle_mcp": [
-0.005009983200579882,
-0.0035437503829598427,
0.0063961343839764595
],
"r_middle_pip": [
-0.013589831069111824,
-0.03915299475193024,
-0.011513094417750835
],
"r_middle_dip": [
-0.02998494543135166,
-0.0594741627573967,
-0.03138889744877815
],
"r_middle_tip": [
-0.03793012350797653,
-0.08671540021896362,
-0.049513619393110275
],
"r_ring_mcp": [
0.020715324208140373,
-0.0005595358088612556,
-0.0031919151078909636
],
"r_ring_pip": [
0.011901979334652424,
-0.02093464508652687,
-0.023089198395609856
],
"r_ring_dip": [
0.002487040590494871,
-0.006635138299316168,
-0.036113712936639786
],
"r_ring_tip": [
0.006009671837091446,
0.012598732486367226,
-0.038125570863485336
],
"r_pinky_mcp": [
0.033951159566640854,
0.015241969376802444,
-0.011512309312820435
],
"r_pinky_pip": [
0.03242025896906853,
-0.005248613189905882,
-0.02582022175192833
],
"r_pinky_dip": [
0.023188235238194466,
0.0037949704565107822,
-0.03642648085951805
],
"r_pinky_tip": [
0.02223179303109646,
0.021220866590738297,
-0.03113686852157116
]
}
],
"framerate": 30,
"mirrorable": true
}