{
"label": "0",
"gestures": [
{
"l_hand_position": null,
"l_wrist": null,
"l_thumb_cmc": null,
"l_thumb_mcp": null,
"l_thumb_ip": null,
"l_thumb_tip": null,
"l_index_mcp": null,
"l_index_pip": null,
"l_index_dip": null,
"l_index_tip": null,
"l_middle_mcp": null,
"l_middle_pip": null,
"l_middle_dip": null,
"l_middle_tip": null,
"l_ring_mcp": null,
"l_ring_pip": null,
"l_ring_dip": null,
"l_ring_tip": null,
"l_pinky_mcp": null,
"l_pinky_pip": null,
"l_pinky_dip": null,
"l_pinky_tip": null,
"r_hand_position": null,
"r_wrist": [
0.08155681937932968,
-0.004131045192480087,
0.06079724431037903
],
"r_thumb_cmc": [
0.04968682676553726,
-0.02545531839132309,
0.045755550265312195
],
"r_thumb_mcp": [
0.01790844090282917,
-0.02979867532849312,
0.04325294867157936
],
"r_thumb_ip": [
-0.0069763134233653545,
-0.019074613228440285,
0.03210926428437233
],
"r_thumb_tip": [
-0.016774510964751244,
0.003713398240506649,
0.021441791206598282
],
"r_index_mcp": [
-0.012452784925699234,
-0.02431122586131096,
-0.001839913777075708
],
"r_index_pip": [
-0.043788086622953415,
-0.015351271256804466,
-0.007654259912669659
],
"r_index_dip": [
-0.06620815396308899,
-0.006556479260325432,
0.005588445346802473
],
"r_index_tip": [
-0.08752621710300446,
0.00673484243452549,
0.01374458335340023
],
"r_middle_mcp": [
-0.005280699580907822,
-0.0031601213850080967,
-0.0035869567655026913
],
"r_middle_pip": [
-0.03625074401497841,
0.007084345445036888,
0.005707944743335247
],
"r_middle_dip": [
-0.028512854129076004,
0.006821232382208109,
0.029016155749559402
],
"r_middle_tip": [
-0.015131941996514797,
-0.006059555336833,
0.06062588468194008
],
"r_ring_mcp": [
0.006645987741649151,
0.016519960016012192,
0.0014523228164762259
],
"r_ring_pip": [
-0.013138984329998493,
0.023046959191560745,
0.019369306042790413
],
"r_ring_dip": [
-0.0035727007780224085,
0.01612970046699047,
0.04344204440712929
],
"r_ring_tip": [
0.007402085233479738,
0.006575639825314283,
0.06311961263418198
],
"r_pinky_mcp": [
0.02336989715695381,
0.035356152802705765,
0.014764244668185711
],
"r_pinky_pip": [
0.006744671612977982,
0.03641447424888611,
0.028831645846366882
],
"r_pinky_dip": [
0.008406881242990494,
0.02726416476070881,
0.05030878633260727
],
"r_pinky_tip": [
0.020929645746946335,
0.018802162259817123,
0.054707515984773636
]
}
],
"framerate": 30,
"mirrorable": true
}