{
"label": "0",
"gestures": [
{
"l_hand_position": null,
"l_wrist": null,
"l_thumb_cmc": null,
"l_thumb_mcp": null,
"l_thumb_ip": null,
"l_thumb_tip": null,
"l_index_mcp": null,
"l_index_pip": null,
"l_index_dip": null,
"l_index_tip": null,
"l_middle_mcp": null,
"l_middle_pip": null,
"l_middle_dip": null,
"l_middle_tip": null,
"l_ring_mcp": null,
"l_ring_pip": null,
"l_ring_dip": null,
"l_ring_tip": null,
"l_pinky_mcp": null,
"l_pinky_pip": null,
"l_pinky_dip": null,
"l_pinky_tip": null,
"r_hand_position": null,
"r_wrist": [
-0.010985489934682846,
0.09471525996923447,
-0.024205652996897697
],
"r_thumb_cmc": [
0.017254475504159927,
0.06799763441085815,
-0.023072682321071625
],
"r_thumb_mcp": [
0.031054992228746414,
0.03615129739046097,
-0.028795668855309486
],
"r_thumb_ip": [
0.02930571138858795,
0.0023791613057255745,
-0.03862631693482399
],
"r_thumb_tip": [
0.012934863567352295,
-0.02728007547557354,
-0.04833794757723808
],
"r_index_mcp": [
0.01993330754339695,
-0.00654292618855834,
0.010517030023038387
],
"r_index_pip": [
0.020277302712202072,
-0.03705182671546936,
0.009557339362800121
],
"r_index_dip": [
0.022734783589839935,
-0.06457044184207916,
0.009529488161206245
],
"r_index_tip": [
0.01827717199921608,
-0.0959799587726593,
-0.0023651611991226673
],
"r_middle_mcp": [
-0.00011637061834335327,
-0.00449142511934042,
0.008438738994300365
],
"r_middle_pip": [
0.005846827290952206,
-0.04254179447889328,
0.0012956017162650824
],
"r_middle_dip": [
0.009442858397960663,
-0.07014916837215424,
-0.012681682594120502
],
"r_middle_tip": [
0.014494586735963821,
-0.09573289006948471,
-0.024255909025669098
],
"r_ring_mcp": [
-0.013735294342041016,
0.0011863992549479008,
-0.005849172361195087
],
"r_ring_pip": [
-0.006315708160400391,
-0.021322745829820633,
-0.02575608901679516
],
"r_ring_dip": [
0.0036520976573228836,
-0.001910402555949986,
-0.0384242869913578
],
"r_ring_tip": [
0.01025217305868864,
0.021596668288111687,
-0.03719037026166916
],
"r_pinky_mcp": [
-0.02764901891350746,
0.01581938937306404,
-0.02154102362692356
],
"r_pinky_pip": [
-0.01600305736064911,
-5.7308003306388855e-05,
-0.03505869582295418
],
"r_pinky_dip": [
-0.002278589876368642,
0.009246661327779293,
-0.043731871992349625
],
"r_pinky_tip": [
0.000676427036523819,
0.030545242130756378,
-0.036380182951688766
]
}
],
"framerate": 30,
"mirrorable": true
}