{
"label": "0",
"gestures": [
{
"l_hand_position": null,
"l_wrist": null,
"l_thumb_cmc": null,
"l_thumb_mcp": null,
"l_thumb_ip": null,
"l_thumb_tip": null,
"l_index_mcp": null,
"l_index_pip": null,
"l_index_dip": null,
"l_index_tip": null,
"l_middle_mcp": null,
"l_middle_pip": null,
"l_middle_dip": null,
"l_middle_tip": null,
"l_ring_mcp": null,
"l_ring_pip": null,
"l_ring_dip": null,
"l_ring_tip": null,
"l_pinky_mcp": null,
"l_pinky_pip": null,
"l_pinky_dip": null,
"l_pinky_tip": null,
"r_hand_position": null,
"r_wrist": [
-0.005184058099985123,
0.09457435458898544,
-0.011575239710509777
],
"r_thumb_cmc": [
-0.02806965261697769,
0.06775480508804321,
0.003877191571518779
],
"r_thumb_mcp": [
-0.03741911053657532,
0.04607364907860756,
0.02076403982937336
],
"r_thumb_ip": [
-0.04706163704395294,
0.020452409982681274,
0.03577403351664543
],
"r_thumb_tip": [
-0.053727805614471436,
-0.005913678556680679,
0.047690074890851974
],
"r_index_mcp": [
-0.01724526472389698,
-0.0014272283297032118,
0.02672290988266468
],
"r_index_pip": [
-0.011902624741196632,
-0.033796604722738266,
0.030775852501392365
],
"r_index_dip": [
-0.014057046733796597,
-0.05538582056760788,
0.038522280752658844
],
"r_index_tip": [
-0.017998091876506805,
-0.08402460813522339,
0.034758541733026505
],
"r_middle_mcp": [
-0.0011813020100817084,
-0.0030242139473557472,
0.009146703407168388
],
"r_middle_pip": [
0.00019670836627483368,
-0.0427384078502655,
0.009588493034243584
],
"r_middle_dip": [
-0.010890550911426544,
-0.06700057536363602,
0.02037755399942398
],
"r_middle_tip": [
-0.013961277902126312,
-0.09635061025619507,
0.02777281031012535
],
"r_ring_mcp": [
0.013103182427585125,
-0.002280646003782749,
-0.016330992802977562
],
"r_ring_pip": [
0.008098500780761242,
-0.032079197466373444,
-0.021282246336340904
],
"r_ring_dip": [
-0.003725052811205387,
-0.05594172701239586,
-0.01641814596951008
],
"r_ring_tip": [
-0.011503610759973526,
-0.08051790297031403,
-0.011463280767202377
],
"r_pinky_mcp": [
0.014785539358854294,
0.011425286531448364,
-0.03924998641014099
],
"r_pinky_pip": [
0.01440348569303751,
-0.01415376365184784,
-0.036190103739500046
],
"r_pinky_dip": [
0.0057797981426119804,
-0.04216736555099487,
-0.03231680765748024
],
"r_pinky_tip": [
-0.0033719222992658615,
-0.06319408118724823,
-0.030312011018395424
]
}
],
"framerate": 30,
"mirrorable": true
}