{
"label": "0",
"gestures": [
{
"l_hand_position": null,
"l_wrist": null,
"l_thumb_cmc": null,
"l_thumb_mcp": null,
"l_thumb_ip": null,
"l_thumb_tip": null,
"l_index_mcp": null,
"l_index_pip": null,
"l_index_dip": null,
"l_index_tip": null,
"l_middle_mcp": null,
"l_middle_pip": null,
"l_middle_dip": null,
"l_middle_tip": null,
"l_ring_mcp": null,
"l_ring_pip": null,
"l_ring_dip": null,
"l_ring_tip": null,
"l_pinky_mcp": null,
"l_pinky_pip": null,
"l_pinky_dip": null,
"l_pinky_tip": null,
"r_hand_position": null,
"r_wrist": [
-0.009576699696481228,
0.05032951384782791,
0.057216279208660126
],
"r_thumb_cmc": [
-0.02854832634329796,
0.02559257112443447,
0.03442654386162758
],
"r_thumb_mcp": [
-0.03036244958639145,
-0.008385485038161278,
0.03059883788228035
],
"r_thumb_ip": [
-0.03007821924984455,
-0.038158416748046875,
0.019124368205666542
],
"r_thumb_tip": [
-0.028549574315547943,
-0.06325168162584305,
0.014759466052055359
],
"r_index_mcp": [
-0.017239302396774292,
-0.011599540710449219,
-0.005615630652755499
],
"r_index_pip": [
-0.0320197269320488,
-0.030092671513557434,
-0.016572266817092896
],
"r_index_dip": [
-0.037613749504089355,
-0.046770185232162476,
-0.016034571453928947
],
"r_index_tip": [
-0.041568588465452194,
-0.0629182904958725,
-0.02735874056816101
],
"r_middle_mcp": [
-0.002165519865229726,
-0.0013550504809245467,
-0.0015842081047594547
],
"r_middle_pip": [
0.0037963781505823135,
-0.03188009932637215,
-0.008013303391635418
],
"r_middle_dip": [
0.002881046384572983,
-0.060922086238861084,
-0.013002625666558743
],
"r_middle_tip": [
0.006507899612188339,
-0.09194149076938629,
-0.009135245345532894
],
"r_ring_mcp": [
0.012733841314911842,
0.00642691133543849,
0.0033142571337521076
],
"r_ring_pip": [
0.010025735944509506,
-0.012878022156655788,
0.003095748368650675
],
"r_ring_dip": [
0.006136611104011536,
-0.013326195999979973,
0.007776950020343065
],
"r_ring_tip": [
0.00603884644806385,
-0.0012597800232470036,
0.015282472595572472
],
"r_pinky_mcp": [
0.013879391364753246,
0.015754953026771545,
0.01594957709312439
],
"r_pinky_pip": [
0.009569976478815079,
0.0004298817366361618,
0.014804056845605373
],
"r_pinky_dip": [
0.005522073246538639,
-0.0017650260124355555,
0.021068068221211433
],
"r_pinky_tip": [
0.005399167072027922,
0.009408317506313324,
0.01990685611963272
]
}
],
"framerate": 30,
"mirrorable": true
}