{
"label": "0",
"gestures": [
{
"l_hand_position": null,
"l_wrist": null,
"l_thumb_cmc": null,
"l_thumb_mcp": null,
"l_thumb_ip": null,
"l_thumb_tip": null,
"l_index_mcp": null,
"l_index_pip": null,
"l_index_dip": null,
"l_index_tip": null,
"l_middle_mcp": null,
"l_middle_pip": null,
"l_middle_dip": null,
"l_middle_tip": null,
"l_ring_mcp": null,
"l_ring_pip": null,
"l_ring_dip": null,
"l_ring_tip": null,
"l_pinky_mcp": null,
"l_pinky_pip": null,
"l_pinky_dip": null,
"l_pinky_tip": null,
"r_hand_position": null,
"r_wrist": [
-0.005203619599342346,
0.08527858555316925,
-0.04337922856211662
],
"r_thumb_cmc": [
0.021067185327410698,
0.06686964631080627,
-0.021183161064982414
],
"r_thumb_mcp": [
0.04157884791493416,
0.03523576259613037,
-0.01305996160954237
],
"r_thumb_ip": [
0.05486558377742767,
0.0030960869044065475,
-0.006385790649801493
],
"r_thumb_tip": [
0.06545177847146988,
-0.021769609302282333,
-0.004703168757259846
],
"r_index_mcp": [
0.015078620985150337,
0.0045829350128769875,
0.021031593903899193
],
"r_index_pip": [
0.02575765550136566,
-0.01559523493051529,
0.015325055457651615
],
"r_index_dip": [
0.04221048206090927,
-0.023279357701539993,
0.011434161104261875
],
"r_index_tip": [
0.06344307959079742,
-0.025150856003165245,
-0.005948771256953478
],
"r_middle_mcp": [
-0.002891779877245426,
-0.003449800657108426,
0.008561410009860992
],
"r_middle_pip": [
0.018020745366811752,
-0.030110923573374748,
-0.0017938155215233564
],
"r_middle_dip": [
0.04195622727274895,
-0.031814344227313995,
-0.015131093561649323
],
"r_middle_tip": [
0.06963805854320526,
-0.02535291761159897,
-0.026174362748861313
],
"r_ring_mcp": [
-0.01117081381380558,
-0.004959796089679003,
-0.012705594301223755
],
"r_ring_pip": [
0.007793842814862728,
-0.030207989737391472,
-0.02134285680949688
],
"r_ring_dip": [
0.03242509812116623,
-0.029726220294833183,
-0.03308919072151184
],
"r_ring_tip": [
0.05971026420593262,
-0.020333396270871162,
-0.04139392822980881
],
"r_pinky_mcp": [
-0.016271013766527176,
0.0019060135819017887,
-0.033823173493146896
],
"r_pinky_pip": [
-0.0031782779842615128,
-0.016325585544109344,
-0.03719312325119972
],
"r_pinky_dip": [
0.022066587582230568,
-0.025816110894083977,
-0.04260191693902016
],
"r_pinky_tip": [
0.046303898096084595,
-0.019611503928899765,
-0.04694250226020813
]
}
],
"framerate": 30,
"mirrorable": true
}