{
"label": "0",
"gestures": [
{
"l_hand_position": null,
"l_wrist": null,
"l_thumb_cmc": null,
"l_thumb_mcp": null,
"l_thumb_ip": null,
"l_thumb_tip": null,
"l_index_mcp": null,
"l_index_pip": null,
"l_index_dip": null,
"l_index_tip": null,
"l_middle_mcp": null,
"l_middle_pip": null,
"l_middle_dip": null,
"l_middle_tip": null,
"l_ring_mcp": null,
"l_ring_pip": null,
"l_ring_dip": null,
"l_ring_tip": null,
"l_pinky_mcp": null,
"l_pinky_pip": null,
"l_pinky_dip": null,
"l_pinky_tip": null,
"r_hand_position": null,
"r_wrist": [
0.018285159021615982,
0.08540120720863342,
0.040358658879995346
],
"r_thumb_cmc": [
-0.016038229689002037,
0.06948232650756836,
0.018824439495801926
],
"r_thumb_mcp": [
-0.04161558672785759,
0.055241066962480545,
0.009409850463271141
],
"r_thumb_ip": [
-0.06955206394195557,
0.036568768322467804,
-0.0006938209990039468
],
"r_thumb_tip": [
-0.09542088955640793,
0.01708805002272129,
0.0012224086094647646
],
"r_index_mcp": [
-0.031609103083610535,
-0.00018401164561510086,
0.0016723389271646738
],
"r_index_pip": [
-0.025627857074141502,
-0.027993448078632355,
-0.007856998592615128
],
"r_index_dip": [
-0.024364884942770004,
-0.048623524606227875,
-0.015587045811116695
],
"r_index_tip": [
-0.022652357816696167,
-0.0690193623304367,
-0.039057355374097824
],
"r_middle_mcp": [
-0.005436485633254051,
-0.004720259923487902,
0.0041285124607384205
],
"r_middle_pip": [
-0.01216433197259903,
-0.04107048362493515,
-0.016110891476273537
],
"r_middle_dip": [
-0.02792174555361271,
-0.05794191733002663,
-0.03621113672852516
],
"r_middle_tip": [
-0.03554150462150574,
-0.07815279066562653,
-0.052428968250751495
],
"r_ring_mcp": [
0.021402323618531227,
-0.0022157959174364805,
-0.0005942655843682587
],
"r_ring_pip": [
0.015685006976127625,
-0.021031362935900688,
-0.026177799329161644
],
"r_ring_dip": [
0.006850977428257465,
-0.0035751229152083397,
-0.041728418320417404
],
"r_ring_tip": [
0.0069441283121705055,
0.01713167130947113,
-0.0444897785782814
],
"r_pinky_mcp": [
0.03701815754175186,
0.013596519827842712,
-0.002114067552611232
],
"r_pinky_pip": [
0.03623371198773384,
-0.0035832501016557217,
-0.022337567061185837
],
"r_pinky_dip": [
0.028059959411621094,
0.0073778945952653885,
-0.037133920937776566
],
"r_pinky_tip": [
0.026036348193883896,
0.026668164879083633,
-0.03267444297671318
]
}
],
"framerate": 30,
"mirrorable": true
}