{
"label": "0",
"gestures": [
{
"l_hand_position": null,
"l_wrist": null,
"l_thumb_cmc": null,
"l_thumb_mcp": null,
"l_thumb_ip": null,
"l_thumb_tip": null,
"l_index_mcp": null,
"l_index_pip": null,
"l_index_dip": null,
"l_index_tip": null,
"l_middle_mcp": null,
"l_middle_pip": null,
"l_middle_dip": null,
"l_middle_tip": null,
"l_ring_mcp": null,
"l_ring_pip": null,
"l_ring_dip": null,
"l_ring_tip": null,
"l_pinky_mcp": null,
"l_pinky_pip": null,
"l_pinky_dip": null,
"l_pinky_tip": null,
"r_hand_position": null,
"r_wrist": [
-0.028573404997587204,
0.09059074521064758,
-0.01685749553143978
],
"r_thumb_cmc": [
0.003804229199886322,
0.07193038612604141,
-0.005596400238573551
],
"r_thumb_mcp": [
0.034891609102487564,
0.05577743798494339,
-0.0071294186636805534
],
"r_thumb_ip": [
0.05927406623959541,
0.0351826548576355,
-0.005992277525365353
],
"r_thumb_tip": [
0.07072082161903381,
0.007578432559967041,
-0.0075471047312021255
],
"r_index_mcp": [
0.019735921174287796,
-0.0029797200113534927,
0.014163530431687832
],
"r_index_pip": [
0.03606128320097923,
-0.01997215300798416,
0.004627977032214403
],
"r_index_dip": [
0.047959890216588974,
-0.017734667286276817,
-0.0049728876911103725
],
"r_index_tip": [
0.05561479926109314,
0.00394388847053051,
-0.033013977110385895
],
"r_middle_mcp": [
-0.0009188037365674973,
-0.006956066936254501,
0.007755738217383623
],
"r_middle_pip": [
0.014374706894159317,
-0.04452301934361458,
-0.0010723855812102556
],
"r_middle_dip": [
0.028989296406507492,
-0.06029786169528961,
-0.01762988045811653
],
"r_middle_tip": [
0.05012388899922371,
-0.06881427764892578,
-0.036926910281181335
],
"r_ring_mcp": [
-0.014243494719266891,
-0.0019556311890482903,
-0.010136204771697521
],
"r_ring_pip": [
-0.008672967553138733,
-0.04147319123148918,
-0.015933433547616005
],
"r_ring_dip": [
-0.0007034000009298325,
-0.06185850501060486,
-0.030206581577658653
],
"r_ring_tip": [
0.006977476179599762,
-0.07769781351089478,
-0.05112110450863838
],
"r_pinky_mcp": [
-0.02455495297908783,
0.010552618652582169,
-0.026882456615567207
],
"r_pinky_pip": [
-0.029273010790348053,
-0.01374605018645525,
-0.028333410620689392
],
"r_pinky_dip": [
-0.027926616370677948,
-0.0398595966398716,
-0.030822081491351128
],
"r_pinky_tip": [
-0.024537522345781326,
-0.05901450663805008,
-0.03720412403345108
]
}
],
"framerate": 30,
"mirrorable": true
}