{
"label": "0",
"gestures": [
{
"l_hand_position": null,
"l_wrist": null,
"l_thumb_cmc": null,
"l_thumb_mcp": null,
"l_thumb_ip": null,
"l_thumb_tip": null,
"l_index_mcp": null,
"l_index_pip": null,
"l_index_dip": null,
"l_index_tip": null,
"l_middle_mcp": null,
"l_middle_pip": null,
"l_middle_dip": null,
"l_middle_tip": null,
"l_ring_mcp": null,
"l_ring_pip": null,
"l_ring_dip": null,
"l_ring_tip": null,
"l_pinky_mcp": null,
"l_pinky_pip": null,
"l_pinky_dip": null,
"l_pinky_tip": null,
"r_hand_position": null,
"r_wrist": [
0.0038054101169109344,
-0.021180976182222366,
0.07855509221553802
],
"r_thumb_cmc": [
-0.010922929272055626,
-0.005152727477252483,
0.05806390941143036
],
"r_thumb_mcp": [
-0.025636155158281326,
0.0018242141231894493,
0.039787404239177704
],
"r_thumb_ip": [
-0.034268420189619064,
0.016041506081819534,
0.018599040806293488
],
"r_thumb_tip": [
-0.04274227097630501,
0.01853707619011402,
-0.004778550937771797
],
"r_index_mcp": [
-0.015322959050536156,
0.0032105022110044956,
0.001092181308194995
],
"r_index_pip": [
-0.013223256915807724,
0.026440158486366272,
-0.0049263485707342625
],
"r_index_dip": [
-0.019993361085653305,
0.031796861439943314,
0.007256091572344303
],
"r_index_tip": [
-0.029042724519968033,
0.03117070160806179,
0.022490039467811584
],
"r_middle_mcp": [
-0.001078806584700942,
0.001492790412157774,
-0.0014381705550476909
],
"r_middle_pip": [
-0.008789265528321266,
0.020452070981264114,
-0.007256783545017242
],
"r_middle_dip": [
-0.010619746521115303,
0.03221084177494049,
0.0018666747491806746
],
"r_middle_tip": [
-0.022273072972893715,
0.027301685884594917,
0.02784601040184498
],
"r_ring_mcp": [
0.0062831006944179535,
-0.002704174490645528,
-0.001059790258295834
],
"r_ring_pip": [
0.0031651980243623257,
0.019102077931165695,
-0.004725614562630653
],
"r_ring_dip": [
0.0022675534710288048,
0.02587638422846794,
0.00802178867161274
],
"r_ring_tip": [
-0.0016254168003797531,
0.0257859043776989,
0.023722102865576744
],
"r_pinky_mcp": [
0.019433295354247093,
-0.001207317691296339,
0.010360395535826683
],
"r_pinky_pip": [
0.0211383905261755,
0.0156988725066185,
0.005936851259320974
],
"r_pinky_dip": [
0.015353595837950706,
0.023837536573410034,
0.01601286046206951
],
"r_pinky_tip": [
0.016893763095140457,
0.028758179396390915,
0.03319256380200386
]
}
],
"framerate": 30,
"mirrorable": true
}