{
"label": "0",
"gestures": [
{
"l_hand_position": null,
"l_wrist": null,
"l_thumb_cmc": null,
"l_thumb_mcp": null,
"l_thumb_ip": null,
"l_thumb_tip": null,
"l_index_mcp": null,
"l_index_pip": null,
"l_index_dip": null,
"l_index_tip": null,
"l_middle_mcp": null,
"l_middle_pip": null,
"l_middle_dip": null,
"l_middle_tip": null,
"l_ring_mcp": null,
"l_ring_pip": null,
"l_ring_dip": null,
"l_ring_tip": null,
"l_pinky_mcp": null,
"l_pinky_pip": null,
"l_pinky_dip": null,
"l_pinky_tip": null,
"r_hand_position": null,
"r_wrist": [
0.006453540176153183,
0.09051162004470825,
-0.017207959666848183
],
"r_thumb_cmc": [
0.03046530671417713,
0.06018850579857826,
-0.027401870116591454
],
"r_thumb_mcp": [
0.03111685998737812,
0.02806270681321621,
-0.038188278675079346
],
"r_thumb_ip": [
0.010042015463113785,
-0.0006327361334115267,
-0.04741896688938141
],
"r_thumb_tip": [
-0.01860997825860977,
-0.016669997945427895,
-0.04257016256451607
],
"r_index_mcp": [
0.022608444094657898,
-0.007656730245798826,
0.0008188792853616178
],
"r_index_pip": [
0.027078935876488686,
-0.037870243191719055,
-0.0011280359467491508
],
"r_index_dip": [
0.027891486883163452,
-0.06125587597489357,
-0.006506363861262798
],
"r_index_tip": [
0.026588384062051773,
-0.07975845038890839,
-0.026103351265192032
],
"r_middle_mcp": [
0.0004161032848060131,
-0.004775772802531719,
0.008371835574507713
],
"r_middle_pip": [
-0.006780389696359634,
-0.04121977835893631,
-0.0012981041800230742
],
"r_middle_dip": [
-0.012885150499641895,
-0.061784274876117706,
-0.0185676459223032
],
"r_middle_tip": [
-0.017811551690101624,
-0.082344189286232,
-0.03317228704690933
],
"r_ring_mcp": [
-0.016533419489860535,
0.003937658853828907,
0.0007258977275341749
],
"r_ring_pip": [
-0.01847948133945465,
-0.013269270770251751,
-0.026178207248449326
],
"r_ring_dip": [
-0.005413657054305077,
0.0006812466308474541,
-0.04231889545917511
],
"r_ring_tip": [
0.004490876570343971,
0.020022746175527573,
-0.04208030179142952
],
"r_pinky_mcp": [
-0.03161062300205231,
0.02001173608005047,
-0.010721116326749325
],
"r_pinky_pip": [
-0.024210184812545776,
0.010976001620292664,
-0.029422875493764877
],
"r_pinky_dip": [
-0.008838134817779064,
0.019310254603624344,
-0.04167528077960014
],
"r_pinky_tip": [
0.0015231780707836151,
0.0369754284620285,
-0.034303583204746246
]
}
],
"framerate": 30,
"mirrorable": true
}