{
"label": "0",
"gestures": [
{
"l_hand_position": null,
"l_wrist": null,
"l_thumb_cmc": null,
"l_thumb_mcp": null,
"l_thumb_ip": null,
"l_thumb_tip": null,
"l_index_mcp": null,
"l_index_pip": null,
"l_index_dip": null,
"l_index_tip": null,
"l_middle_mcp": null,
"l_middle_pip": null,
"l_middle_dip": null,
"l_middle_tip": null,
"l_ring_mcp": null,
"l_ring_pip": null,
"l_ring_dip": null,
"l_ring_tip": null,
"l_pinky_mcp": null,
"l_pinky_pip": null,
"l_pinky_dip": null,
"l_pinky_tip": null,
"r_hand_position": null,
"r_wrist": [
-0.014854003675282001,
-0.02820753864943981,
0.07027185708284378
],
"r_thumb_cmc": [
0.004685950931161642,
-0.011278389021754265,
0.056578751653432846
],
"r_thumb_mcp": [
4.1741404857020825e-05,
0.00361259444616735,
0.04145840182900429
],
"r_thumb_ip": [
-0.004929493647068739,
0.004010915290564299,
0.017532924190163612
],
"r_thumb_tip": [
-0.01170059572905302,
0.00906875729560852,
0.0016876397421583533
],
"r_index_mcp": [
0.003162243403494358,
-0.00036055734381079674,
0.0016691152704879642
],
"r_index_pip": [
0.004146937280893326,
0.01261684950441122,
-0.002267266856506467
],
"r_index_dip": [
0.0073715620674192905,
0.03607441112399101,
0.00981180276721716
],
"r_index_tip": [
0.006800725124776363,
0.06178521737456322,
0.01753334514796734
],
"r_middle_mcp": [
-7.220496627269313e-06,
-0.0013570301234722137,
-0.00276740500703454
],
"r_middle_pip": [
0.002608245238661766,
0.014965369366109371,
-0.008954482153058052
],
"r_middle_dip": [
0.005088224541395903,
0.04739660024642944,
-0.0012384179281070828
],
"r_middle_tip": [
0.005592691712081432,
0.08516330271959305,
0.008615775965154171
],
"r_ring_mcp": [
-0.0014587040059268475,
0.00016158285143319517,
-0.0017934538191184402
],
"r_ring_pip": [
0.004060392268002033,
0.010528341867029667,
0.007572933565825224
],
"r_ring_dip": [
0.005183839704841375,
0.008219940587878227,
0.03267167508602142
],
"r_ring_tip": [
0.004778597503900528,
0.003937885630875826,
0.05160027742385864
],
"r_pinky_mcp": [
-0.003466281807050109,
-0.0016966883558779955,
0.0067038037814199924
],
"r_pinky_pip": [
0.0043027885258197784,
0.01081847958266735,
0.014013722538948059
],
"r_pinky_dip": [
0.0023876901250332594,
0.007149097044020891,
0.03794785588979721
],
"r_pinky_tip": [
-0.002987196668982506,
0.0003164189402014017,
0.054444294422864914
]
}
],
"framerate": 30,
"mirrorable": true
}