{
"label": "0",
"gestures": [
{
"l_hand_position": null,
"l_wrist": null,
"l_thumb_cmc": null,
"l_thumb_mcp": null,
"l_thumb_ip": null,
"l_thumb_tip": null,
"l_index_mcp": null,
"l_index_pip": null,
"l_index_dip": null,
"l_index_tip": null,
"l_middle_mcp": null,
"l_middle_pip": null,
"l_middle_dip": null,
"l_middle_tip": null,
"l_ring_mcp": null,
"l_ring_pip": null,
"l_ring_dip": null,
"l_ring_tip": null,
"l_pinky_mcp": null,
"l_pinky_pip": null,
"l_pinky_dip": null,
"l_pinky_tip": null,
"r_hand_position": null,
"r_wrist": [
0.0004906356334686279,
0.11671170592308044,
-0.014684868045151234
],
"r_thumb_cmc": [
-0.03391455113887787,
0.07544799894094467,
-0.042256467044353485
],
"r_thumb_mcp": [
-0.024203922599554062,
0.05180813744664192,
-0.03877454623579979
],
"r_thumb_ip": [
-0.0082746222615242,
0.01680677942931652,
-0.060238003730773926
],
"r_thumb_tip": [
0.015066045336425304,
-0.006245181430131197,
-0.03949033468961716
],
"r_index_mcp": [
-0.027817845344543457,
-0.010840672999620438,
-0.008503701537847519
],
"r_index_pip": [
-0.033470962196588516,
-0.04770708084106445,
-0.004095957148820162
],
"r_index_dip": [
-0.021924516186118126,
-0.06821568310260773,
-0.008642187342047691
],
"r_index_tip": [
-0.04049085080623627,
-0.07900157570838928,
-0.025583963841199875
],
"r_middle_mcp": [
-0.0008287809323519468,
-0.0012357990490272641,
-0.0045943353325128555
],
"r_middle_pip": [
0.01798318885266781,
-0.04585139453411102,
-0.008797751739621162
],
"r_middle_dip": [
0.009425731375813484,
-0.03625359386205673,
-0.04373474791646004
],
"r_middle_tip": [
-0.00795052107423544,
-0.025072073563933372,
-0.06892286241054535
],
"r_ring_mcp": [
0.022426724433898926,
-0.006517482455819845,
0.004670150112360716
],
"r_ring_pip": [
0.033611103892326355,
-0.02721330337226391,
-0.013293428346514702
],
"r_ring_dip": [
0.029255952686071396,
-0.04658714309334755,
-0.026014702394604683
],
"r_ring_tip": [
0.03904838487505913,
-0.07892876863479614,
-0.055689819157123566
],
"r_pinky_mcp": [
0.016828585416078568,
0.023605767637491226,
-0.005175999831408262
],
"r_pinky_pip": [
0.03532709926366806,
0.003975347615778446,
-0.018138915300369263
],
"r_pinky_dip": [
0.029826804995536804,
-0.010331622324883938,
-0.04245620593428612
],
"r_pinky_tip": [
0.02613043785095215,
-0.007834887132048607,
-0.06161694601178169
]
}
],
"framerate": 30,
"mirrorable": true
}