{
"label": "0",
"gestures": [
{
"l_hand_position": null,
"l_wrist": null,
"l_thumb_cmc": null,
"l_thumb_mcp": null,
"l_thumb_ip": null,
"l_thumb_tip": null,
"l_index_mcp": null,
"l_index_pip": null,
"l_index_dip": null,
"l_index_tip": null,
"l_middle_mcp": null,
"l_middle_pip": null,
"l_middle_dip": null,
"l_middle_tip": null,
"l_ring_mcp": null,
"l_ring_pip": null,
"l_ring_dip": null,
"l_ring_tip": null,
"l_pinky_mcp": null,
"l_pinky_pip": null,
"l_pinky_dip": null,
"l_pinky_tip": null,
"r_hand_position": null,
"r_wrist": [
-0.006243424490094185,
0.0933680385351181,
-0.00118583207949996
],
"r_thumb_cmc": [
0.0202493853867054,
0.06812374293804169,
-0.008653263561427593
],
"r_thumb_mcp": [
0.03115534409880638,
0.03772495687007904,
-0.017423946410417557
],
"r_thumb_ip": [
0.01854398101568222,
0.00732593284919858,
-0.028934840112924576
],
"r_thumb_tip": [
-0.011074586771428585,
-0.008545739576220512,
-0.03464662656188011
],
"r_index_mcp": [
0.020777001976966858,
-0.005534231662750244,
0.006935036275535822
],
"r_index_pip": [
0.02241108939051628,
-0.0361393503844738,
3.44630352628883e-05
],
"r_index_dip": [
0.02518651634454727,
-0.042565472424030304,
-0.015972377732396126
],
"r_index_tip": [
0.0230538509786129,
-0.025843488052487373,
-0.04278944432735443
],
"r_middle_mcp": [
-0.0005896531511098146,
-0.005839872639626265,
0.007627721410244703
],
"r_middle_pip": [
-0.004303226247429848,
-0.045146096497774124,
-0.0047665745951235294
],
"r_middle_dip": [
0.001285005360841751,
-0.04753945767879486,
-0.027487745508551598
],
"r_middle_tip": [
0.007766088005155325,
-0.03490593656897545,
-0.0432465597987175
],
"r_ring_mcp": [
-0.014886530116200447,
0.0031005884520709515,
-0.0035976606886833906
],
"r_ring_pip": [
-0.013949173502624035,
-0.016012534499168396,
-0.027705978602170944
],
"r_ring_dip": [
-0.0018102595349773765,
-0.0005747516988776624,
-0.03788623958826065
],
"r_ring_tip": [
0.0023634852841496468,
0.019765010103583336,
-0.029494671151041985
],
"r_pinky_mcp": [
-0.030890043824911118,
0.018918445333838463,
-0.015911230817437172
],
"r_pinky_pip": [
-0.01668994314968586,
0.013935286551713943,
-0.031990259885787964
],
"r_pinky_dip": [
-0.004353357944637537,
0.030408339574933052,
-0.04135996103286743
],
"r_pinky_tip": [
-0.0018839621916413307,
0.04535672068595886,
-0.030631927773356438
]
}
],
"framerate": 30,
"mirrorable": true
}