{
"label": "0",
"gestures": [
{
"l_hand_position": null,
"l_wrist": null,
"l_thumb_cmc": null,
"l_thumb_mcp": null,
"l_thumb_ip": null,
"l_thumb_tip": null,
"l_index_mcp": null,
"l_index_pip": null,
"l_index_dip": null,
"l_index_tip": null,
"l_middle_mcp": null,
"l_middle_pip": null,
"l_middle_dip": null,
"l_middle_tip": null,
"l_ring_mcp": null,
"l_ring_pip": null,
"l_ring_dip": null,
"l_ring_tip": null,
"l_pinky_mcp": null,
"l_pinky_pip": null,
"l_pinky_dip": null,
"l_pinky_tip": null,
"r_hand_position": null,
"r_wrist": [
0.002973809838294983,
0.0651119127869606,
-0.009235111065208912
],
"r_thumb_cmc": [
0.009544618427753448,
0.04429604858160019,
0.0035002385266125202
],
"r_thumb_mcp": [
0.025094136595726013,
0.02674414962530136,
0.0325433574616909
],
"r_thumb_ip": [
0.03643231838941574,
0.02067331224679947,
0.0600263886153698
],
"r_thumb_tip": [
0.053972769528627396,
0.018377747386693954,
0.08240630477666855
],
"r_index_mcp": [
-0.005399441346526146,
-0.006741175428032875,
0.007554780691862106
],
"r_index_pip": [
0.007746497169137001,
-0.013435395434498787,
0.00418512849137187
],
"r_index_dip": [
0.018116280436515808,
-0.035032231360673904,
0.013242100365459919
],
"r_index_tip": [
0.026903897523880005,
-0.06173822283744812,
0.020845331251621246
],
"r_middle_mcp": [
-0.0033169046510010958,
-0.0037940149195492268,
0.0010622062254697084
],
"r_middle_pip": [
-0.0009272396564483643,
-0.02457418665289879,
-0.0022955574095249176
],
"r_middle_dip": [
-0.006163734942674637,
-0.05527225881814957,
-0.0024703778326511383
],
"r_middle_tip": [
-8.471310138702393e-06,
-0.08474738895893097,
0.0037501868791878223
],
"r_ring_mcp": [
0.0022002626210451126,
0.005355517845600843,
-0.004626775626093149
],
"r_ring_pip": [
-0.007954507134854794,
-0.008076909929513931,
-0.0037319795228540897
],
"r_ring_dip": [
-0.020695699378848076,
-0.03685443103313446,
-0.0013982070377096534
],
"r_ring_tip": [
-0.023487837985157967,
-0.06292992830276489,
0.005213637836277485
],
"r_pinky_mcp": [
-0.0035213842056691647,
0.017584338784217834,
-0.005072717554867268
],
"r_pinky_pip": [
-0.02565346658229828,
0.007707517594099045,
-0.0015895289834588766
],
"r_pinky_dip": [
-0.039383187890052795,
-0.0130822928622365,
-0.0004047403344884515
],
"r_pinky_tip": [
-0.046802669763565063,
-0.0316791757941246,
-0.0010891116689890623
]
}
],
"framerate": 30,
"mirrorable": true
}