{
"label": "0",
"gestures": [
{
"l_hand_position": null,
"l_wrist": null,
"l_thumb_cmc": null,
"l_thumb_mcp": null,
"l_thumb_ip": null,
"l_thumb_tip": null,
"l_index_mcp": null,
"l_index_pip": null,
"l_index_dip": null,
"l_index_tip": null,
"l_middle_mcp": null,
"l_middle_pip": null,
"l_middle_dip": null,
"l_middle_tip": null,
"l_ring_mcp": null,
"l_ring_pip": null,
"l_ring_dip": null,
"l_ring_tip": null,
"l_pinky_mcp": null,
"l_pinky_pip": null,
"l_pinky_dip": null,
"l_pinky_tip": null,
"r_hand_position": null,
"r_wrist": [
-0.0015323460102081299,
0.09418830275535583,
0.009477647952735424
],
"r_thumb_cmc": [
-0.025088967755436897,
0.06902450323104858,
-0.0013052871217951179
],
"r_thumb_mcp": [
-0.03859228640794754,
0.044504567980766296,
-0.006753130350261927
],
"r_thumb_ip": [
-0.04701554775238037,
0.014250744134187698,
-0.017744548618793488
],
"r_thumb_tip": [
-0.025270134210586548,
0.0027700867503881454,
-0.024763615801930428
],
"r_index_mcp": [
-0.027747254818677902,
-0.0030519627034664154,
0.002060903003439307
],
"r_index_pip": [
-0.02134794555604458,
-0.02908620610833168,
-0.008084701374173164
],
"r_index_dip": [
-0.018269944936037064,
-0.031796980649232864,
-0.024132300168275833
],
"r_index_tip": [
-0.021748114377260208,
-0.022518400102853775,
-0.0543605200946331
],
"r_middle_mcp": [
-0.005669301375746727,
-0.00510660745203495,
0.0054046595469117165
],
"r_middle_pip": [
0.006498991511762142,
-0.03868291527032852,
-0.017046429216861725
],
"r_middle_dip": [
0.0006985487416386604,
-0.03799267113208771,
-0.04504192993044853
],
"r_middle_tip": [
-0.002698838710784912,
-0.024128669872879982,
-0.0675821527838707
],
"r_ring_mcp": [
0.01949806697666645,
-0.001284620724618435,
-0.0005845831474289298
],
"r_ring_pip": [
0.024702169001102448,
-0.030762745067477226,
-0.014461860060691833
],
"r_ring_dip": [
0.024036679416894913,
-0.051286790519952774,
-0.0339379720389843
],
"r_ring_tip": [
0.023844031617045403,
-0.06788765639066696,
-0.05524372309446335
],
"r_pinky_mcp": [
0.029935279861092567,
0.016198504716157913,
-0.005972480401396751
],
"r_pinky_pip": [
0.047547709196805954,
-0.005173094570636749,
-0.005792287178337574
],
"r_pinky_dip": [
0.05721629410982132,
-0.02663094736635685,
-0.013113582506775856
],
"r_pinky_tip": [
0.06333363056182861,
-0.0469975620508194,
-0.028267404064536095
]
}
],
"framerate": 30,
"mirrorable": true
}