{
"label": "0",
"gestures": [
{
"l_hand_position": null,
"l_wrist": null,
"l_thumb_cmc": null,
"l_thumb_mcp": null,
"l_thumb_ip": null,
"l_thumb_tip": null,
"l_index_mcp": null,
"l_index_pip": null,
"l_index_dip": null,
"l_index_tip": null,
"l_middle_mcp": null,
"l_middle_pip": null,
"l_middle_dip": null,
"l_middle_tip": null,
"l_ring_mcp": null,
"l_ring_pip": null,
"l_ring_dip": null,
"l_ring_tip": null,
"l_pinky_mcp": null,
"l_pinky_pip": null,
"l_pinky_dip": null,
"l_pinky_tip": null,
"r_hand_position": null,
"r_wrist": [
-0.04900085926055908,
0.07937709987163544,
-0.031094729900360107
],
"r_thumb_cmc": [
-0.02216719090938568,
0.0685625970363617,
-0.006332979537546635
],
"r_thumb_mcp": [
0.013922741636633873,
0.06272978335618973,
0.011881604790687561
],
"r_thumb_ip": [
0.043309830129146576,
0.052259448915719986,
0.03431038558483124
],
"r_thumb_tip": [
0.06266023218631744,
0.048277538269758224,
0.06335645169019699
],
"r_index_mcp": [
0.01482117734849453,
0.004227659199386835,
0.027215419337153435
],
"r_index_pip": [
0.023985454812645912,
-0.019914930686354637,
0.029137317091226578
],
"r_index_dip": [
0.03384872525930405,
-0.0453861802816391,
0.025729555636644363
],
"r_index_tip": [
0.03916056454181671,
-0.0679430216550827,
0.01149024162441492
],
"r_middle_mcp": [
0.00129352742806077,
-0.005327115301042795,
0.008902860805392265
],
"r_middle_pip": [
0.01899810880422592,
-0.0358089804649353,
0.005314970389008522
],
"r_middle_dip": [
0.02550886943936348,
-0.05606871098279953,
0.0009969500824809074
],
"r_middle_tip": [
0.03325963020324707,
-0.08042469620704651,
-0.008295142091810703
],
"r_ring_mcp": [
-0.009081317111849785,
-0.005760105326771736,
-0.01723596267402172
],
"r_ring_pip": [
0.007795000448822975,
-0.028892144560813904,
-0.02094324678182602
],
"r_ring_dip": [
0.01834951341152191,
-0.049294888973236084,
-0.02676405943930149
],
"r_ring_tip": [
0.027694256976246834,
-0.07352779060602188,
-0.03297911211848259
],
"r_pinky_mcp": [
-0.02278866246342659,
0.004133233334869146,
-0.04100468009710312
],
"r_pinky_pip": [
-0.006082566455006599,
-0.016604062169790268,
-0.04158482328057289
],
"r_pinky_dip": [
0.011987771838903427,
-0.03678305819630623,
-0.04590499773621559
],
"r_pinky_tip": [
0.02553655207157135,
-0.05714459717273712,
-0.04847140610218048
]
}
],
"framerate": 30,
"mirrorable": true
}