{
"label": "0",
"gestures": [
{
"l_hand_position": null,
"l_wrist": null,
"l_thumb_cmc": null,
"l_thumb_mcp": null,
"l_thumb_ip": null,
"l_thumb_tip": null,
"l_index_mcp": null,
"l_index_pip": null,
"l_index_dip": null,
"l_index_tip": null,
"l_middle_mcp": null,
"l_middle_pip": null,
"l_middle_dip": null,
"l_middle_tip": null,
"l_ring_mcp": null,
"l_ring_pip": null,
"l_ring_dip": null,
"l_ring_tip": null,
"l_pinky_mcp": null,
"l_pinky_pip": null,
"l_pinky_dip": null,
"l_pinky_tip": null,
"r_hand_position": null,
"r_wrist": [
-0.028626468032598495,
0.03879718482494354,
0.07415148615837097
],
"r_thumb_cmc": [
-0.011641412042081356,
0.009134274907410145,
0.06174482777714729
],
"r_thumb_mcp": [
0.003143047448247671,
-0.0004611596232280135,
0.04786965996026993
],
"r_thumb_ip": [
0.011420505121350288,
-0.0070887901820242405,
0.02280520834028721
],
"r_thumb_tip": [
0.027926567941904068,
-0.0077870795503258705,
0.0030279126949608326
],
"r_index_mcp": [
-0.0016494751907885075,
-0.010153921321034431,
0.0063643986359238625
],
"r_index_pip": [
0.017503289505839348,
-0.010051416233181953,
0.008506730198860168
],
"r_index_dip": [
0.02054009586572647,
-0.010366793721914291,
0.03689310699701309
],
"r_index_tip": [
0.005025314632803202,
-0.010579481720924377,
0.06209098920226097
],
"r_middle_mcp": [
-0.002253079554066062,
-0.002945197746157646,
-0.002867108443751931
],
"r_middle_pip": [
0.01903998851776123,
-0.008287573233246803,
-0.0008164056343957782
],
"r_middle_dip": [
0.019063714891672134,
-0.005110344383865595,
0.02840598113834858
],
"r_middle_tip": [
0.010341382585465908,
-0.0057816035114228725,
0.05304617062211037
],
"r_ring_mcp": [
0.0019018336897715926,
0.0060184248723089695,
-0.005027886014431715
],
"r_ring_pip": [
0.01985201984643936,
0.000397752970457077,
-0.0008560499991290271
],
"r_ring_dip": [
0.02151101641356945,
0.006555506959557533,
0.026307834312319756
],
"r_ring_tip": [
0.015321588143706322,
0.008598847314715385,
0.048622217029333115
],
"r_pinky_mcp": [
0.001180462073534727,
0.015416443347930908,
0.0023120499681681395
],
"r_pinky_pip": [
0.018607337027788162,
0.012974509038031101,
0.009072030894458294
],
"r_pinky_dip": [
0.022217927500605583,
0.01488874014467001,
0.029851671308279037
],
"r_pinky_tip": [
0.012978744693100452,
0.01773076131939888,
0.047442253679037094
]
}
],
"framerate": 30,
"mirrorable": true
}