{
"label": "0",
"gestures": [
{
"l_hand_position": null,
"l_wrist": null,
"l_thumb_cmc": null,
"l_thumb_mcp": null,
"l_thumb_ip": null,
"l_thumb_tip": null,
"l_index_mcp": null,
"l_index_pip": null,
"l_index_dip": null,
"l_index_tip": null,
"l_middle_mcp": null,
"l_middle_pip": null,
"l_middle_dip": null,
"l_middle_tip": null,
"l_ring_mcp": null,
"l_ring_pip": null,
"l_ring_dip": null,
"l_ring_tip": null,
"l_pinky_mcp": null,
"l_pinky_pip": null,
"l_pinky_dip": null,
"l_pinky_tip": null,
"r_hand_position": null,
"r_wrist": [
0.0044469088315963745,
0.08301267772912979,
0.008049475960433483
],
"r_thumb_cmc": [
-0.02303781919181347,
0.061394937336444855,
-0.006917174439877272
],
"r_thumb_mcp": [
-0.033751823008060455,
0.034894831478595734,
-0.01687758043408394
],
"r_thumb_ip": [
-0.041430119425058365,
0.004571164026856422,
-0.0315004400908947
],
"r_thumb_tip": [
-0.027989830821752548,
-0.016666892915964127,
-0.03867732733488083
],
"r_index_mcp": [
-0.02954438142478466,
-0.007387806661427021,
0.0026140904519706964
],
"r_index_pip": [
-0.0379362478852272,
-0.033007390797138214,
-0.0028870748355984688
],
"r_index_dip": [
-0.04247584566473961,
-0.05615933984518051,
-0.008452119305729866
],
"r_index_tip": [
-0.048964910209178925,
-0.07568904757499695,
-0.02993639186024666
],
"r_middle_mcp": [
-0.004881995730102062,
-0.004838276654481888,
0.005773585755378008
],
"r_middle_pip": [
0.006672815419733524,
-0.044683732092380524,
-0.0026130422484129667
],
"r_middle_dip": [
0.0014656558632850647,
-0.06843551248311996,
-0.019388198852539062
],
"r_middle_tip": [
0.007879501208662987,
-0.09316807240247726,
-0.034035950899124146
],
"r_ring_mcp": [
0.018255842849612236,
0.0019963826052844524,
-0.0019615166820585728
],
"r_ring_pip": [
0.014116497710347176,
-0.018658451735973358,
-0.0242204237729311
],
"r_ring_dip": [
0.0028170552104711533,
-0.0010630907490849495,
-0.03882339224219322
],
"r_ring_tip": [
0.0013680346310138702,
0.022137515246868134,
-0.04074274003505707
],
"r_pinky_mcp": [
0.03183827921748161,
0.016893349587917328,
-0.008691297844052315
],
"r_pinky_pip": [
0.03249829262495041,
0.0025680121034383774,
-0.024905148893594742
],
"r_pinky_dip": [
0.02616865374147892,
0.008750496432185173,
-0.036860376596450806
],
"r_pinky_tip": [
0.0235932394862175,
0.026619788259267807,
-0.03593069687485695
]
}
],
"framerate": 30,
"mirrorable": true
}