{
"label": "0",
"gestures": [
{
"l_hand_position": null,
"l_wrist": null,
"l_thumb_cmc": null,
"l_thumb_mcp": null,
"l_thumb_ip": null,
"l_thumb_tip": null,
"l_index_mcp": null,
"l_index_pip": null,
"l_index_dip": null,
"l_index_tip": null,
"l_middle_mcp": null,
"l_middle_pip": null,
"l_middle_dip": null,
"l_middle_tip": null,
"l_ring_mcp": null,
"l_ring_pip": null,
"l_ring_dip": null,
"l_ring_tip": null,
"l_pinky_mcp": null,
"l_pinky_pip": null,
"l_pinky_dip": null,
"l_pinky_tip": null,
"r_hand_position": null,
"r_wrist": [
-0.03850898891687393,
0.07715766131877899,
0.04401030018925667
],
"r_thumb_cmc": [
-0.006823619827628136,
0.06616990268230438,
0.03226234391331673
],
"r_thumb_mcp": [
0.017982695251703262,
0.048790402710437775,
0.011839384213089943
],
"r_thumb_ip": [
0.02750631794333458,
0.027578985318541527,
-0.022255780175328255
],
"r_thumb_tip": [
0.021779052913188934,
0.004969628527760506,
-0.042756956070661545
],
"r_index_mcp": [
0.023698963224887848,
-0.00043220818042755127,
0.010274398140609264
],
"r_index_pip": [
0.03731640800833702,
-0.024479413405060768,
0.0018129398813471198
],
"r_index_dip": [
0.04750964790582657,
-0.047118596732616425,
-0.004627630114555359
],
"r_index_tip": [
0.05671640485525131,
-0.06970801204442978,
-0.023416105657815933
],
"r_middle_mcp": [
0.0019691959023475647,
-0.005593562964349985,
0.005751455202698708
],
"r_middle_pip": [
0.02039060927927494,
-0.012062959372997284,
-0.03112167678773403
],
"r_middle_dip": [
0.03172087296843529,
-0.004268079996109009,
-0.055491212755441666
],
"r_middle_tip": [
0.04598481208086014,
0.004242153838276863,
-0.07973925769329071
],
"r_ring_mcp": [
-0.014489122666418552,
-0.0008500833064317703,
-0.0061400216072797775
],
"r_ring_pip": [
-0.0026045525446534157,
0.007985257543623447,
-0.031213952228426933
],
"r_ring_dip": [
-0.002798262983560562,
0.03395617753267288,
-0.0277592483907938
],
"r_ring_tip": [
-0.00938326120376587,
0.0535106360912323,
-0.01416047103703022
],
"r_pinky_mcp": [
-0.034639161080121994,
0.011039397679269314,
-0.014584344811737537
],
"r_pinky_pip": [
-0.0254815686494112,
0.015948304906487465,
-0.0314665213227272
],
"r_pinky_dip": [
-0.018006423488259315,
0.036543890833854675,
-0.0309648085385561
],
"r_pinky_tip": [
-0.023390155285596848,
0.05279599875211716,
-0.0159565769135952
]
}
],
"framerate": 30,
"mirrorable": true
}