{
"label": "g",
"gestures": [
{
"l_hand_position": [
0.6851798892021179,
0.7805631160736084,
-2.562514964665752e-07
],
"l_wrist": [
0.002908773720264435,
0.08702816814184189,
0.03413853049278259
],
"l_thumb_cmc": [
-0.025026263669133186,
0.0632765144109726,
0.026839613914489746
],
"l_thumb_mcp": [
-0.033357299864292145,
0.03797677159309387,
0.013342315331101418
],
"l_thumb_ip": [
-0.03905203565955162,
0.013950947672128677,
-0.01421871967613697
],
"l_thumb_tip": [
-0.026502015069127083,
-0.0028558848425745964,
-0.03998219966888428
],
"l_index_mcp": [
-0.025654645636677742,
-0.009739365428686142,
0.01402007881551981
],
"l_index_pip": [
-0.028671735897660255,
-0.03620627522468567,
0.005645778030157089
],
"l_index_dip": [
-0.029088851064443588,
-0.05895589292049408,
-0.0032182291615754366
],
"l_index_tip": [
-0.03147157281637192,
-0.08061601221561432,
-0.01755921170115471
],
"l_middle_mcp": [
-0.0037799428682774305,
-0.007181661203503609,
0.004845631308853626
],
"l_middle_pip": [
-0.017392927780747414,
-0.014580287039279938,
-0.023043934255838394
],
"l_middle_dip": [
-0.029873035848140717,
0.010028909891843796,
-0.026261797174811363
],
"l_middle_tip": [
-0.021379051730036736,
0.026057008653879166,
-0.010351433418691158
],
"l_ring_mcp": [
0.01544383354485035,
0.005661591421812773,
-0.008878312073647976
],
"l_ring_pip": [
-0.007496226113289595,
0.010834332555532455,
-0.03222817927598953
],
"l_ring_dip": [
-0.015307288616895676,
0.03362873196601868,
-0.02617940865457058
],
"l_ring_tip": [
-0.0025492291897535324,
0.04643470048904419,
-0.005746359936892986
],
"l_pinky_mcp": [
0.022474104538559914,
0.026136452332139015,
-0.01771695725619793
],
"l_pinky_pip": [
0.007630561478435993,
0.027121886610984802,
-0.03351974114775658
],
"l_pinky_dip": [
-0.003784896805882454,
0.03989310935139656,
-0.030100403353571892
],
"l_pinky_tip": [
0.005928538739681244,
0.04484858363866806,
-0.012163827195763588
],
"r_hand_position": null,
"r_wrist": null,
"r_thumb_cmc": null,
"r_thumb_mcp": null,
"r_thumb_ip": null,
"r_thumb_tip": null,
"r_index_mcp": null,
"r_index_pip": null,
"r_index_dip": null,
"r_index_tip": null,
"r_middle_mcp": null,
"r_middle_pip": null,
"r_middle_dip": null,
"r_middle_tip": null,
"r_ring_mcp": null,
"r_ring_pip": null,
"r_ring_dip": null,
"r_ring_tip": null,
"r_pinky_mcp": null,
"r_pinky_pip": null,
"r_pinky_dip": null,
"r_pinky_tip": null,
"l_hand_velocity": null,
"r_hand_velocity": null
}
],
"framerate": 30,
"mirrorable": true
}