{
"label": "g",
"gestures": [
{
"l_hand_position": null,
"l_wrist": null,
"l_thumb_cmc": null,
"l_thumb_mcp": null,
"l_thumb_ip": null,
"l_thumb_tip": null,
"l_index_mcp": null,
"l_index_pip": null,
"l_index_dip": null,
"l_index_tip": null,
"l_middle_mcp": null,
"l_middle_pip": null,
"l_middle_dip": null,
"l_middle_tip": null,
"l_ring_mcp": null,
"l_ring_pip": null,
"l_ring_dip": null,
"l_ring_tip": null,
"l_pinky_mcp": null,
"l_pinky_pip": null,
"l_pinky_dip": null,
"l_pinky_tip": null,
"r_hand_position": [
-0.26568104326725006,
0.2558165192604065,
-0.4999998404509256
],
"r_wrist": [
-0.0022440049797296524,
0.08115506172180176,
0.025654183700680733
],
"r_thumb_cmc": [
0.022624311968684196,
0.056154489517211914,
0.007733486592769623
],
"r_thumb_mcp": [
0.035792067646980286,
0.02597803808748722,
-0.008453762158751488
],
"r_thumb_ip": [
0.02845974825322628,
-0.0026554539799690247,
-0.03143446519970894
],
"r_thumb_tip": [
0.007952721789479256,
-0.024481916800141335,
-0.03868010640144348
],
"r_index_mcp": [
0.024229472503066063,
-0.009909722954034805,
0.0012662948574870825
],
"r_index_pip": [
0.025094199925661087,
-0.04027546942234039,
0.00014003516116645187
],
"r_index_dip": [
0.02506297454237938,
-0.06492716819047928,
-0.00398627482354641
],
"r_index_tip": [
0.02186959609389305,
-0.088188037276268,
-0.02256804145872593
],
"r_middle_mcp": [
-8.377642370760441e-05,
-0.005636756308376789,
0.006634921301156282
],
"r_middle_pip": [
0.007513002492487431,
-0.02218000777065754,
-0.0286104716360569
],
"r_middle_dip": [
0.014011163264513016,
-0.004626705311238766,
-0.04777621105313301
],
"r_middle_tip": [
0.02208639122545719,
0.014155709184706211,
-0.049585189670324326
],
"r_ring_mcp": [
-0.015365846455097198,
0.004688693676143885,
-0.000776939676143229
],
"r_ring_pip": [
-0.008124258369207382,
0.0025640137027949095,
-0.03284459561109543
],
"r_ring_dip": [
0.00407584011554718,
0.025921685621142387,
-0.039531297981739044
],
"r_ring_tip": [
0.01080038957297802,
0.04802513122558594,
-0.025307461619377136
],
"r_pinky_mcp": [
-0.03278212994337082,
0.02187395840883255,
-0.006568137556314468
],
"r_pinky_pip": [
-0.026527442038059235,
0.016707366332411766,
-0.027493368834257126
],
"r_pinky_dip": [
-0.012136833742260933,
0.031716883182525635,
-0.03754425048828125
],
"r_pinky_tip": [
-0.004983620718121529,
0.04886016994714737,
-0.027216820046305656
],
"l_hand_velocity": null,
"r_hand_velocity": null
}
],
"framerate": 30,
"mirrorable": true,
"invalid": false
}