{
"label": "g",
"gestures": [
{
"l_hand_position": null,
"l_wrist": null,
"l_thumb_cmc": null,
"l_thumb_mcp": null,
"l_thumb_ip": null,
"l_thumb_tip": null,
"l_index_mcp": null,
"l_index_pip": null,
"l_index_dip": null,
"l_index_tip": null,
"l_middle_mcp": null,
"l_middle_pip": null,
"l_middle_dip": null,
"l_middle_tip": null,
"l_ring_mcp": null,
"l_ring_pip": null,
"l_ring_dip": null,
"l_ring_tip": null,
"l_pinky_mcp": null,
"l_pinky_pip": null,
"l_pinky_dip": null,
"l_pinky_tip": null,
"r_hand_position": [
-0.3105853497982025,
0.22085422277450562,
-0.4999999947915277
],
"r_wrist": [
-0.05522609502077103,
0.05098924785852432,
0.028458749875426292
],
"r_thumb_cmc": [
-0.024177120998501778,
0.05152049660682678,
0.010523762553930283
],
"r_thumb_mcp": [
0.0067991651594638824,
0.03625020384788513,
-0.0012232480803504586
],
"r_thumb_ip": [
0.03012942522764206,
0.014984015375375748,
-0.010580943897366524
],
"r_thumb_tip": [
0.04979798197746277,
-0.0029114093631505966,
-0.014311973005533218
],
"r_index_mcp": [
0.019906338304281235,
0.010392438620328903,
0.0004919719067402184
],
"r_index_pip": [
0.04234859347343445,
-0.0077478038147091866,
-0.008975510485470295
],
"r_index_dip": [
0.06010863184928894,
-0.0200163796544075,
-0.019258666783571243
],
"r_index_tip": [
0.07506036758422852,
-0.033994320780038834,
-0.04315587505698204
],
"r_middle_mcp": [
0.0037424000911414623,
-0.0033045182935893536,
0.005450749304145575
],
"r_middle_pip": [
0.01089391577988863,
-0.004799290560185909,
-0.027368415147066116
],
"r_middle_dip": [
-0.0010513076558709145,
0.01782311126589775,
-0.03892466425895691
],
"r_middle_tip": [
-0.010163070634007454,
0.036412693560123444,
-0.025593942031264305
],
"r_ring_mcp": [
-0.012275276705622673,
-0.006833489052951336,
0.0011047249427065253
],
"r_ring_pip": [
-0.011019878089427948,
-0.005089690443128347,
-0.025940129533410072
],
"r_ring_dip": [
-0.021083811298012733,
0.021237071603536606,
-0.029965687543153763
],
"r_ring_tip": [
-0.029546964913606644,
0.038938991725444794,
-0.01788106933236122
],
"r_pinky_mcp": [
-0.03566735237836838,
-0.008757081814110279,
-0.0023542181588709354
],
"r_pinky_pip": [
-0.03237447515130043,
-0.008048640564084053,
-0.02102241851389408
],
"r_pinky_dip": [
-0.03540718927979469,
0.012644859962165356,
-0.03306182846426964
],
"r_pinky_tip": [
-0.03793551027774811,
0.02671050652861595,
-0.028514880686998367
],
"l_hand_velocity": null,
"r_hand_velocity": null
}
],
"framerate": 30,
"mirrorable": true
}