{
"label": "g",
"gestures": [
{
"l_hand_position": [
0.8066723942756653,
0.7497390508651733,
-3.8445983818746754e-07
],
"l_wrist": [
-0.0021958425641059875,
0.08116419613361359,
0.03686297684907913
],
"l_thumb_cmc": [
-0.02707505226135254,
0.05712021142244339,
0.01893308013677597
],
"l_thumb_mcp": [
-0.039464935660362244,
0.027721554040908813,
0.013129348866641521
],
"l_thumb_ip": [
-0.0520954392850399,
-0.0035853832960128784,
0.004880390129983425
],
"l_thumb_tip": [
-0.056785427033901215,
-0.03426016494631767,
0.003137333318591118
],
"l_index_mcp": [
-0.02776690199971199,
-0.008144798688590527,
0.006599904038012028
],
"l_index_pip": [
-0.02930707484483719,
-0.03722842037677765,
-0.0031752828508615494
],
"l_index_dip": [
-0.029881294816732407,
-0.059637926518917084,
-0.008212047629058361
],
"l_index_tip": [
-0.030553650110960007,
-0.07800492644309998,
-0.02416212484240532
],
"l_middle_mcp": [
-0.003954256884753704,
-0.005882578436285257,
0.004372367635369301
],
"l_middle_pip": [
-0.013380649499595165,
-0.015029964968562126,
-0.027047285810112953
],
"l_middle_dip": [
-0.025595108047127724,
0.008765645325183868,
-0.03486133739352226
],
"l_middle_tip": [
-0.026622682809829712,
0.03207840025424957,
-0.022639140486717224
],
"l_ring_mcp": [
0.017829561606049538,
0.0031055184081196785,
-0.003262640442699194
],
"l_ring_pip": [
0.0005031141918152571,
0.0034318040125072002,
-0.031047392636537552
],
"l_ring_dip": [
-0.011546890251338482,
0.02792521007359028,
-0.03044927679002285
],
"l_ring_tip": [
-0.012435268610715866,
0.050119951367378235,
-0.012917820364236832
],
"l_pinky_mcp": [
0.02804665081202984,
0.02051917463541031,
-0.009763054549694061
],
"l_pinky_pip": [
0.01986541785299778,
0.014705948531627655,
-0.031587906181812286
],
"l_pinky_dip": [
0.005868029780685902,
0.030722029507160187,
-0.0381443090736866
],
"l_pinky_tip": [
-0.0029685236513614655,
0.0469646081328392,
-0.024232085794210434
],
"r_hand_position": null,
"r_wrist": null,
"r_thumb_cmc": null,
"r_thumb_mcp": null,
"r_thumb_ip": null,
"r_thumb_tip": null,
"r_index_mcp": null,
"r_index_pip": null,
"r_index_dip": null,
"r_index_tip": null,
"r_middle_mcp": null,
"r_middle_pip": null,
"r_middle_dip": null,
"r_middle_tip": null,
"r_ring_mcp": null,
"r_ring_pip": null,
"r_ring_dip": null,
"r_ring_tip": null,
"r_pinky_mcp": null,
"r_pinky_pip": null,
"r_pinky_dip": null,
"r_pinky_tip": null
}
],
"framerate": 30,
"mirrorable": true
}