{
"label": "0",
"gestures": [
{
"l_hand_position": null,
"l_wrist": [
0.020319070667028427,
0.09050151705741998,
-0.025549793615937615
],
"l_thumb_cmc": [
-0.011675575748085976,
0.06698190420866074,
-0.03037161007523567
],
"l_thumb_mcp": [
-0.02364138886332512,
0.038047507405281615,
-0.034436251968145835
],
"l_thumb_ip": [
-0.03499972075223923,
0.005117814522236597,
-0.035222504287958506
],
"l_thumb_tip": [
-0.04197672754526138,
-0.023937465623021403,
-0.028815835714340442
],
"l_index_mcp": [
-0.02803652733564377,
0.0017384709790349226,
0.005421623121947113
],
"l_index_pip": [
-0.03475325182080269,
-0.0273529812693598,
0.0031430181115866497
],
"l_index_dip": [
-0.03925197198987007,
-0.04836660623550469,
-0.003011810826137634
],
"l_index_tip": [
-0.049811746925115585,
-0.06743495911359902,
-0.02571608312428039
],
"l_middle_mcp": [
-0.005461635999381542,
-0.002832004567608275,
0.008295199833810427
],
"l_middle_pip": [
-0.01567288488149643,
-0.02477365173399469,
-0.021214719861745973
],
"l_middle_dip": [
-0.023698214441537857,
-0.004410947207361534,
-0.038187153637409606
],
"l_middle_tip": [
-0.015906497836112976,
0.012730493210256285,
-0.03161431476473847
],
"l_ring_mcp": [
0.019010594114661217,
-0.003436070634052199,
-0.0024718591012060946
],
"l_ring_pip": [
0.007019178941845894,
-0.014850842766463972,
-0.030132513493299887
],
"l_ring_dip": [
-0.003676315303891897,
0.006271874066442329,
-0.04261397197842649
],
"l_ring_tip": [
-0.0026541396509855986,
0.02769549190998105,
-0.039841752499342395
],
"l_pinky_mcp": [
0.03169190138578415,
0.00805679149925717,
-0.01697931997478026
],
"l_pinky_pip": [
0.035909462720155716,
-0.013194167055189731,
-0.017542894929647623
],
"l_pinky_dip": [
0.033408891409635544,
-0.03989512473344857,
-0.025858862325549358
],
"l_pinky_tip": [
0.030772218480706215,
-0.06126563623547633,
-0.03203636780381226
],
"r_hand_position": null,
"r_wrist": null,
"r_thumb_cmc": null,
"r_thumb_mcp": null,
"r_thumb_ip": null,
"r_thumb_tip": null,
"r_index_mcp": null,
"r_index_pip": null,
"r_index_dip": null,
"r_index_tip": null,
"r_middle_mcp": null,
"r_middle_pip": null,
"r_middle_dip": null,
"r_middle_tip": null,
"r_ring_mcp": null,
"r_ring_pip": null,
"r_ring_dip": null,
"r_ring_tip": null,
"r_pinky_mcp": null,
"r_pinky_pip": null,
"r_pinky_dip": null,
"r_pinky_tip": null
}
],
"framerate": 30,
"mirrorable": true
}