{
"label": "0",
"gestures": [
{
"l_hand_position": null,
"l_wrist": [
0.02356819063425064,
-0.05780595913529482,
0.06129116192460144
],
"l_thumb_cmc": [
-0.004551868885755539,
-0.041066512465477364,
0.044107146561146324
],
"l_thumb_mcp": [
-0.01524360105395317,
-0.01898805424571058,
0.040062442421913536
],
"l_thumb_ip": [
-0.012232065200805664,
-0.0023296126164495724,
0.02203444391489054
],
"l_thumb_tip": [
0.0011243224143981934,
0.015984375029802534,
0.018120585009455913
],
"l_index_mcp": [
-0.01714704930782318,
0.00438803713768725,
-0.0012828579638153464
],
"l_index_pip": [
-0.01719266176223755,
0.02031134441494952,
-0.00822186656296258
],
"l_index_dip": [
-0.019386062398552895,
0.04105694591999111,
0.005785226821899452
],
"l_index_tip": [
-0.016165656968951225,
0.06970682740211562,
0.004773423541337092
],
"l_middle_mcp": [
-0.00166860013268888,
0.0011881717946380537,
-0.004113694652915052
],
"l_middle_pip": [
-0.006210013292729855,
0.0249143913388255,
0.009050689637661024
],
"l_middle_dip": [
-0.006646387279033661,
0.027780214324593787,
0.031021855771541894
],
"l_middle_tip": [
-0.011034945026040077,
0.018911577761173578,
0.053730241954327226
],
"l_ring_mcp": [
0.009318581782281399,
-0.0002446761354804061,
0.000842251523863534
],
"l_ring_pip": [
0.003719477914273739,
0.013092679902911358,
0.02092762850224994
],
"l_ring_dip": [
0.003607127582654357,
0.010638096369803092,
0.042299397289753425
],
"l_ring_tip": [
-0.002274402417242527,
0.0035329856909812763,
0.06254003196954795
],
"l_pinky_mcp": [
0.022051017731428146,
-0.008003864437341773,
0.015976622700691393
],
"l_pinky_pip": [
0.020224226638674736,
0.013877686113119323,
0.021811354905367102
],
"l_pinky_dip": [
0.008026335388422012,
0.04065110534429601,
0.03122111223638085
],
"l_pinky_tip": [
0.005401056259870529,
0.05351223796606126,
0.027069970965385676
],
"r_hand_position": null,
"r_wrist": null,
"r_thumb_cmc": null,
"r_thumb_mcp": null,
"r_thumb_ip": null,
"r_thumb_tip": null,
"r_index_mcp": null,
"r_index_pip": null,
"r_index_dip": null,
"r_index_tip": null,
"r_middle_mcp": null,
"r_middle_pip": null,
"r_middle_dip": null,
"r_middle_tip": null,
"r_ring_mcp": null,
"r_ring_pip": null,
"r_ring_dip": null,
"r_ring_tip": null,
"r_pinky_mcp": null,
"r_pinky_pip": null,
"r_pinky_dip": null,
"r_pinky_tip": null
}
],
"framerate": 30,
"mirrorable": true
}