{
"label": "n",
"gestures": [
{
"l_hand_position": null,
"l_wrist": [
0.05133746564388275,
0.054530888795853105,
0.05072698369622277
],
"l_thumb_cmc": [
0.03925251588225365,
0.023883776739239956,
0.052223321050406044
],
"l_thumb_mcp": [
0.01242032926529646,
-0.0033769870642572242,
0.04961496964097076
],
"l_thumb_ip": [
-0.011485620401799679,
-0.014364144764840717,
0.03965049609541943
],
"l_thumb_tip": [
-0.03522300720214844,
-0.017206557095050985,
0.027529360726476028
],
"l_index_mcp": [
0.0013416772708296776,
-0.02379570342600377,
0.009027911350131167
],
"l_index_pip": [
-0.028202982619404793,
-0.03008843399584319,
0.011965372599661543
],
"l_index_dip": [
-0.052208349108695984,
-0.03970745205879259,
0.022679032757878578
],
"l_index_tip": [
-0.074220672249794,
-0.04871666431427053,
0.023964995518327058
],
"l_middle_mcp": [
-0.0018511648522689939,
-0.006076440215110835,
0.00046467504580506884
],
"l_middle_pip": [
-0.03217904269695282,
-0.01330862846225517,
0.0014013273175806002
],
"l_middle_dip": [
-0.06668771803379059,
-0.028328087180853213,
0.0023598654661328004
],
"l_middle_tip": [
-0.09105834364891052,
-0.03694191202521373,
0.005115090869367193
],
"l_ring_mcp": [
0.0003288357984274626,
0.01570785045623794,
-0.005938687361776899
],
"l_ring_pip": [
-0.021566007286310196,
0.01799229532480257,
0.004862122703343653
],
"l_ring_dip": [
-0.013923153281211853,
0.02360101416707074,
0.03243421018123659
],
"l_ring_tip": [
-0.0009303377009928226,
0.020993549376726404,
0.055800933390856414
],
"l_pinky_mcp": [
-0.0065289828926324844,
0.04067748785018982,
-0.0020142362918704956
],
"l_pinky_pip": [
-0.018516860902309418,
0.03494183346629178,
0.006779007613658917
],
"l_pinky_dip": [
-0.012231690809130669,
0.03810472041368538,
0.03481149300932924
],
"l_pinky_tip": [
-0.00020168721675872803,
0.036349061876535964,
0.04641564935445839
],
"r_hand_position": null,
"r_wrist": null,
"r_thumb_cmc": null,
"r_thumb_mcp": null,
"r_thumb_ip": null,
"r_thumb_tip": null,
"r_index_mcp": null,
"r_index_pip": null,
"r_index_dip": null,
"r_index_tip": null,
"r_middle_mcp": null,
"r_middle_pip": null,
"r_middle_dip": null,
"r_middle_tip": null,
"r_ring_mcp": null,
"r_ring_pip": null,
"r_ring_dip": null,
"r_ring_tip": null,
"r_pinky_mcp": null,
"r_pinky_pip": null,
"r_pinky_dip": null,
"r_pinky_tip": null
}
],
"framerate": 30,
"mirrorable": true
}