{
"label": "n",
"gestures": [
{
"l_hand_position": null,
"l_wrist": [
0.06063203513622284,
0.02949780598282814,
0.06145540624856949
],
"l_thumb_cmc": [
0.03901892900466919,
0.0011886358261108398,
0.052596304565668106
],
"l_thumb_mcp": [
0.011971545405685902,
-0.00981861911714077,
0.04385054111480713
],
"l_thumb_ip": [
-0.005878882948309183,
-0.006861282978206873,
0.028541430830955505
],
"l_thumb_tip": [
-0.02856421284377575,
0.004075408913195133,
0.004733524285256863
],
"l_index_mcp": [
-0.003454386256635189,
-0.020284660160541534,
0.0014368992997333407
],
"l_index_pip": [
-0.027508987113833427,
-0.01681767776608467,
0.0025008423253893852
],
"l_index_dip": [
-0.0549890510737896,
-0.01442810520529747,
0.016092903912067413
],
"l_index_tip": [
-0.07643952965736389,
-0.007143530994653702,
0.0325821116566658
],
"l_middle_mcp": [
-0.0016752185765653849,
-0.0023179249837994576,
-0.0004920547362416983
],
"l_middle_pip": [
-0.031216219067573547,
-0.0014738459140062332,
0.0009227118571288884
],
"l_middle_dip": [
-0.059130534529685974,
0.0033411551266908646,
0.011247190646827221
],
"l_middle_tip": [
-0.08429111540317535,
0.001127731055021286,
0.033334147185087204
],
"l_ring_mcp": [
0.0009866086766123772,
0.011971928179264069,
-0.002066517248749733
],
"l_ring_pip": [
-0.026760917156934738,
0.016031846404075623,
0.011758014559745789
],
"l_ring_dip": [
-0.02497521974146366,
0.014447443187236786,
0.03204658254981041
],
"l_ring_tip": [
-0.012797413393855095,
0.010033310391008854,
0.04790534824132919
],
"l_pinky_mcp": [
0.0036012213677167892,
0.036341600120067596,
0.006819375324994326
],
"l_pinky_pip": [
-0.014887458644807339,
0.0316755473613739,
0.016621192917227745
],
"l_pinky_dip": [
-0.02095668949186802,
0.027031587436795235,
0.03481480851769447
],
"l_pinky_tip": [
-0.008038664236664772,
0.02474975772202015,
0.04092804342508316
],
"r_hand_position": [
0.27491533756256104,
0.22474002838134766,
-0.49999986961327636
],
"r_wrist": null,
"r_thumb_cmc": null,
"r_thumb_mcp": null,
"r_thumb_ip": null,
"r_thumb_tip": null,
"r_index_mcp": null,
"r_index_pip": null,
"r_index_dip": null,
"r_index_tip": null,
"r_middle_mcp": null,
"r_middle_pip": null,
"r_middle_dip": null,
"r_middle_tip": null,
"r_ring_mcp": null,
"r_ring_pip": null,
"r_ring_dip": null,
"r_ring_tip": null,
"r_pinky_mcp": null,
"r_pinky_pip": null,
"r_pinky_dip": null,
"r_pinky_tip": null,
"l_hand_velocity": null,
"r_hand_velocity": null,
"m_nose_point": null,
"m_top_nose": null,
"m_eyebrows": null,
"m_forehead": null,
"m_top_chin": null,
"m_bot_up_lip": null,
"m_top_low_lip": null,
"m_bot_nose": null,
"m_chin": null,
"m_nose": null,
"l_eye_exterior": null,
"l_temple": null,
"l_mid_chin": null,
"l_up_lip": null,
"l_ext_nostril": null,
"l_mid_cheek": null,
"l_mid_eyebrow": null,
"l_ext_eyebrow": null,
"l_ext_lips": null,
"l_jaw_angle": null,
"l_mid_ext_face": null,
"l_int_eyebrow": null,
"l_mid_jaw": null,
"l_mid_bot_eyelid": null,
"l_ext_mouth": null,
"l_top_eyelid": null,
"l_eye_int": null,
"l_pupil": null,
"r_eye_exterior": null,
"r_temple": null,
"r_mid_chin": null,
"r_up_lip": null,
"r_ext_nostril": null,
"r_mid_cheek": null,
"r_mid_eyebrow": null,
"r_ext_eyebrow": null,
"r_ext_lips": null,
"r_jaw_angle": null,
"r_mid_ext_face": null,
"r_int_eyebrow": null,
"r_mid_jaw": null,
"r_mid_bot_eyelid": null,
"r_ext_mouth": null,
"r_top_eyelid": null,
"r_eye_int": null,
"r_pupil": null,
"l_shoudler": null,
"l_elbow": null,
"l_hip": null,
"l_knee": null,
"l_ankle": null,
"r_shoudler": null,
"r_elbow": null,
"r_hip": null,
"r_knee": null,
"r_ankle": null
}
],
"framerate": 30,
"mirrorable": true,
"invalid": false
}