{
"label": "n",
"gestures": [
{
"l_hand_position": null,
"l_wrist": null,
"l_thumb_cmc": null,
"l_thumb_mcp": null,
"l_thumb_ip": null,
"l_thumb_tip": null,
"l_index_mcp": null,
"l_index_pip": null,
"l_index_dip": null,
"l_index_tip": null,
"l_middle_mcp": null,
"l_middle_pip": null,
"l_middle_dip": null,
"l_middle_tip": null,
"l_ring_mcp": null,
"l_ring_pip": null,
"l_ring_dip": null,
"l_ring_tip": null,
"l_pinky_mcp": null,
"l_pinky_pip": null,
"l_pinky_dip": null,
"l_pinky_tip": null,
"r_hand_position": [
-0.23032832145690918,
0.2094249129295349,
-0.4999995487688125
],
"r_wrist": [
-0.08272974193096161,
0.003920793533325195,
0.030276313424110413
],
"r_thumb_cmc": [
-0.05388278886675835,
-0.021664680913090706,
0.030466469004750252
],
"r_thumb_mcp": [
-0.028937730938196182,
-0.02631465345621109,
0.03809939697384834
],
"r_thumb_ip": [
-0.00010019494220614433,
-0.02249213680624962,
0.03709220141172409
],
"r_thumb_tip": [
0.006358625367283821,
-0.005315752699971199,
0.03236425668001175
],
"r_index_mcp": [
0.0035391682758927345,
-0.026610668748617172,
0.0053971377201378345
],
"r_index_pip": [
0.034115273505449295,
-0.01904420182108879,
0.007602611090987921
],
"r_index_dip": [
0.0583808496594429,
-0.015279536135494709,
0.016228994354605675
],
"r_index_tip": [
0.0824069231748581,
-0.011122172698378563,
0.021028921008110046
],
"r_middle_mcp": [
0.002848992822691798,
-0.004886826034635305,
-6.380298145813867e-05
],
"r_middle_pip": [
0.036198701709508896,
0.002050891052931547,
0.0010829772800207138
],
"r_middle_dip": [
0.06528078019618988,
-0.0028740447014570236,
0.0054966118186712265
],
"r_middle_tip": [
0.09530559182167053,
0.0006678495556116104,
0.01643347553908825
],
"r_ring_mcp": [
-0.003050844417884946,
0.018312951549887657,
-0.0033958444837480783
],
"r_ring_pip": [
0.007448816206306219,
0.019786296412348747,
0.014001887291669846
],
"r_ring_dip": [
-8.257990702986717e-05,
0.014816795475780964,
0.03498975187540054
],
"r_ring_tip": [
-0.008881845511496067,
0.010871791280806065,
0.0477897934615612
],
"r_pinky_mcp": [
-0.017516791820526123,
0.030314747244119644,
-0.0004478473565541208
],
"r_pinky_pip": [
-0.009783042594790459,
0.031232280656695366,
0.017676066607236862
],
"r_pinky_dip": [
-0.018169298768043518,
0.03005215898156166,
0.04206870123744011
],
"r_pinky_tip": [
-0.023278627544641495,
0.02793789841234684,
0.049549899995326996
]
}
],
"framerate": 30,
"mirrorable": true
}