{
"label": "n",
"gestures": [
{
"l_hand_position": null,
"l_wrist": [
0.048609085381031036,
0.04426391050219536,
0.063718780875206
],
"l_thumb_cmc": [
0.02900976501405239,
0.014670099131762981,
0.05833687633275986
],
"l_thumb_mcp": [
0.004331307951360941,
-0.0035611335188150406,
0.053996190428733826
],
"l_thumb_ip": [
-0.011132447049021721,
-0.010697253979742527,
0.036758389323949814
],
"l_thumb_tip": [
-0.03772960603237152,
-0.010077279061079025,
0.014413861557841301
],
"l_index_mcp": [
-0.006478743627667427,
-0.017928961664438248,
0.00869221892207861
],
"l_index_pip": [
-0.02557588741183281,
-0.020393120124936104,
0.001514163101091981
],
"l_index_dip": [
-0.05136661231517792,
-0.024597950279712677,
0.013833257369697094
],
"l_index_tip": [
-0.07254131138324738,
-0.023422837257385254,
0.0258522629737854
],
"l_middle_mcp": [
-0.003423090558499098,
-0.00415721395984292,
-0.0011115071829408407
],
"l_middle_pip": [
-0.026714324951171875,
-0.008913682773709297,
0.0008159828139469028
],
"l_middle_dip": [
-0.05286557227373123,
-0.006549499928951263,
0.008300543762743473
],
"l_middle_tip": [
-0.06626016646623611,
-0.008564570918679237,
0.027696659788489342
],
"l_ring_mcp": [
0.0022749232593923807,
0.009815193712711334,
-0.006478870287537575
],
"l_ring_pip": [
-0.017308756709098816,
0.009489036165177822,
-0.00028605246916413307
],
"l_ring_dip": [
-0.03589744493365288,
0.010710449889302254,
0.006901393178850412
],
"l_ring_tip": [
-0.045403651893138885,
0.005304940976202488,
0.021994348615407944
],
"l_pinky_mcp": [
0.006323952693492174,
0.031654682010412216,
0.0006055220146663487
],
"l_pinky_pip": [
-0.012492718175053596,
0.0295733455568552,
0.003285531885921955
],
"l_pinky_dip": [
-0.025392800569534302,
0.0230242982506752,
0.011778776533901691
],
"l_pinky_tip": [
-0.030327685177326202,
0.028887327760457993,
0.011429030448198318
],
"r_hand_position": [
0.23180031776428223,
0.16641056537628174,
-0.5000002061246676
],
"r_wrist": null,
"r_thumb_cmc": null,
"r_thumb_mcp": null,
"r_thumb_ip": null,
"r_thumb_tip": null,
"r_index_mcp": null,
"r_index_pip": null,
"r_index_dip": null,
"r_index_tip": null,
"r_middle_mcp": null,
"r_middle_pip": null,
"r_middle_dip": null,
"r_middle_tip": null,
"r_ring_mcp": null,
"r_ring_pip": null,
"r_ring_dip": null,
"r_ring_tip": null,
"r_pinky_mcp": null,
"r_pinky_pip": null,
"r_pinky_dip": null,
"r_pinky_tip": null,
"l_hand_velocity": null,
"r_hand_velocity": null,
"m_nose_point": null,
"m_top_nose": null,
"m_eyebrows": null,
"m_forehead": null,
"m_top_chin": null,
"m_bot_up_lip": null,
"m_top_low_lip": null,
"m_bot_nose": null,
"m_chin": null,
"m_nose": null,
"l_eye_exterior": null,
"l_temple": null,
"l_mid_chin": null,
"l_up_lip": null,
"l_ext_nostril": null,
"l_mid_cheek": null,
"l_mid_eyebrow": null,
"l_ext_eyebrow": null,
"l_ext_lips": null,
"l_jaw_angle": null,
"l_mid_ext_face": null,
"l_int_eyebrow": null,
"l_mid_jaw": null,
"l_mid_bot_eyelid": null,
"l_ext_mouth": null,
"l_top_eyelid": null,
"l_eye_int": null,
"l_pupil": null,
"r_eye_exterior": null,
"r_temple": null,
"r_mid_chin": null,
"r_up_lip": null,
"r_ext_nostril": null,
"r_mid_cheek": null,
"r_mid_eyebrow": null,
"r_ext_eyebrow": null,
"r_ext_lips": null,
"r_jaw_angle": null,
"r_mid_ext_face": null,
"r_int_eyebrow": null,
"r_mid_jaw": null,
"r_mid_bot_eyelid": null,
"r_ext_mouth": null,
"r_top_eyelid": null,
"r_eye_int": null,
"r_pupil": null,
"l_shoudler": null,
"l_elbow": null,
"l_hip": null,
"l_knee": null,
"l_ankle": null,
"r_shoudler": null,
"r_elbow": null,
"r_hip": null,
"r_knee": null,
"r_ankle": null
}
],
"framerate": 30,
"mirrorable": true,
"invalid": false
}