{
"label": "n",
"gestures": [
{
"l_hand_position": null,
"l_wrist": [
0.07086589932441711,
0.030011169612407684,
0.04670931398868561
],
"l_thumb_cmc": [
0.05263838171958923,
0.0012797452509403229,
0.040018972009420395
],
"l_thumb_mcp": [
0.02690858207643032,
-0.01982530578970909,
0.038949642330408096
],
"l_thumb_ip": [
0.0029157502576708794,
-0.016742806881666183,
0.02814791537821293
],
"l_thumb_tip": [
-0.017515012994408607,
9.965617209672928e-05,
0.015049679204821587
],
"l_index_mcp": [
-0.001979709602892399,
-0.022794194519519806,
0.00017889172886498272
],
"l_index_pip": [
-0.029481476172804832,
-0.021997036412358284,
0.006372873671352863
],
"l_index_dip": [
-0.054516129195690155,
-0.021050961688160896,
0.01984281837940216
],
"l_index_tip": [
-0.07840310037136078,
-0.014454267919063568,
0.024431098252534866
],
"l_middle_mcp": [
-0.0015042006270959973,
-0.0019857832230627537,
-0.0011145799653604627
],
"l_middle_pip": [
-0.03374513238668442,
-0.0015249401330947876,
0.001432630349881947
],
"l_middle_dip": [
-0.06479136645793915,
0.000711686909198761,
0.010543111711740494
],
"l_middle_tip": [
-0.08919748663902283,
-0.0025825873017311096,
0.024702133610844612
],
"l_ring_mcp": [
0.000135145615786314,
0.013448547571897507,
-0.0006590262055397034
],
"l_ring_pip": [
-0.02449020929634571,
0.015880195423960686,
0.013818896375596523
],
"l_ring_dip": [
-0.021192612126469612,
0.013849986717104912,
0.033079661428928375
],
"l_ring_tip": [
-0.009910140186548233,
0.008818681351840496,
0.05194419249892235
],
"l_pinky_mcp": [
0.0046227313578128815,
0.03729008883237839,
0.005594176705926657
],
"l_pinky_pip": [
-0.015280794352293015,
0.03510744124650955,
0.01682160422205925
],
"l_pinky_dip": [
-0.016640957444906235,
0.02917800098657608,
0.03541248291730881
],
"l_pinky_tip": [
-0.0027066227048635483,
0.024224093183875084,
0.04150579869747162
],
"r_hand_position": [
0.27905648946762085,
0.1987566351890564,
-0.49999982009114774
],
"r_wrist": null,
"r_thumb_cmc": null,
"r_thumb_mcp": null,
"r_thumb_ip": null,
"r_thumb_tip": null,
"r_index_mcp": null,
"r_index_pip": null,
"r_index_dip": null,
"r_index_tip": null,
"r_middle_mcp": null,
"r_middle_pip": null,
"r_middle_dip": null,
"r_middle_tip": null,
"r_ring_mcp": null,
"r_ring_pip": null,
"r_ring_dip": null,
"r_ring_tip": null,
"r_pinky_mcp": null,
"r_pinky_pip": null,
"r_pinky_dip": null,
"r_pinky_tip": null,
"l_hand_velocity": null,
"r_hand_velocity": null,
"m_nose_point": null,
"m_top_nose": null,
"m_eyebrows": null,
"m_forehead": null,
"m_top_chin": null,
"m_bot_up_lip": null,
"m_top_low_lip": null,
"m_bot_nose": null,
"m_chin": null,
"m_nose": null,
"l_eye_exterior": null,
"l_temple": null,
"l_mid_chin": null,
"l_up_lip": null,
"l_ext_nostril": null,
"l_mid_cheek": null,
"l_mid_eyebrow": null,
"l_ext_eyebrow": null,
"l_ext_lips": null,
"l_jaw_angle": null,
"l_mid_ext_face": null,
"l_int_eyebrow": null,
"l_mid_jaw": null,
"l_mid_bot_eyelid": null,
"l_ext_mouth": null,
"l_top_eyelid": null,
"l_eye_int": null,
"l_pupil": null,
"r_eye_exterior": null,
"r_temple": null,
"r_mid_chin": null,
"r_up_lip": null,
"r_ext_nostril": null,
"r_mid_cheek": null,
"r_mid_eyebrow": null,
"r_ext_eyebrow": null,
"r_ext_lips": null,
"r_jaw_angle": null,
"r_mid_ext_face": null,
"r_int_eyebrow": null,
"r_mid_jaw": null,
"r_mid_bot_eyelid": null,
"r_ext_mouth": null,
"r_top_eyelid": null,
"r_eye_int": null,
"r_pupil": null,
"l_shoudler": null,
"l_elbow": null,
"l_hip": null,
"l_knee": null,
"l_ankle": null,
"r_shoudler": null,
"r_elbow": null,
"r_hip": null,
"r_knee": null,
"r_ankle": null
}
],
"framerate": 30,
"mirrorable": true,
"invalid": false
}