{
"label": "n",
"gestures": [
{
"l_hand_position": null,
"l_wrist": [
0.056148283183574677,
0.044565968215466135,
0.058959048241377536
],
"l_thumb_cmc": [
0.04072170332074165,
0.01270018331706528,
0.054615937173366845
],
"l_thumb_mcp": [
0.018598852679133415,
-0.01172041147947318,
0.05065498128533434
],
"l_thumb_ip": [
-0.00574277900159359,
-0.014572232030332222,
0.03274207189679183
],
"l_thumb_tip": [
-0.028986362740397453,
-0.0020708218216896213,
0.01313558593392387
],
"l_index_mcp": [
0.0008030049502849579,
-0.024593165144324462,
0.004565246403217376
],
"l_index_pip": [
-0.026487167924642563,
-0.028425674885511697,
0.006506929174065666
],
"l_index_dip": [
-0.05194091796875,
-0.03159821033477823,
0.02247017621994051
],
"l_index_tip": [
-0.07512205839157104,
-0.032690249383449776,
0.03812341764569317
],
"l_middle_mcp": [
-0.001436239923350513,
-0.0032407722901553345,
-0.0007684605661779727
],
"l_middle_pip": [
-0.032095059752464294,
-0.01004012394696485,
-0.0015109884552657585
],
"l_middle_dip": [
-0.06141865253448486,
-0.011163206771016237,
0.01189880445599572
],
"l_middle_tip": [
-0.08520744740962982,
-0.01591399684548389,
0.02970490790903601
],
"l_ring_mcp": [
-0.0009091491810977459,
0.01456223241984857,
-0.0041304728947580294
],
"l_ring_pip": [
-0.028397560119628906,
0.012245467863977068,
0.007791731040924865
],
"l_ring_dip": [
-0.024512266740202904,
0.012348657473921897,
0.032729327678680746
],
"l_ring_tip": [
-0.01217155996710062,
0.0104587953537704,
0.055580992251635236
],
"l_pinky_mcp": [
-0.0022019101306796074,
0.037657763808966224,
0.003397789318114499
],
"l_pinky_pip": [
-0.02396511100232601,
0.03096675872802775,
0.011808374896645657
],
"l_pinky_dip": [
-0.022322235628962517,
0.02555237337946911,
0.034585423767566945
],
"l_pinky_tip": [
-0.009061056189239025,
0.02669276483356986,
0.04692500084638637
],
"r_hand_position": null,
"r_wrist": null,
"r_thumb_cmc": null,
"r_thumb_mcp": null,
"r_thumb_ip": null,
"r_thumb_tip": null,
"r_index_mcp": null,
"r_index_pip": null,
"r_index_dip": null,
"r_index_tip": null,
"r_middle_mcp": null,
"r_middle_pip": null,
"r_middle_dip": null,
"r_middle_tip": null,
"r_ring_mcp": null,
"r_ring_pip": null,
"r_ring_dip": null,
"r_ring_tip": null,
"r_pinky_mcp": null,
"r_pinky_pip": null,
"r_pinky_dip": null,
"r_pinky_tip": null
}
],
"framerate": 30,
"mirrorable": true
}