{
"label": "n",
"gestures": [
{
"l_hand_position": null,
"l_wrist": [
0.012888292782008648,
0.05776154249906624,
0.06831289827823714
],
"l_thumb_cmc": [
0.0015954617410898209,
0.030566692352295102,
0.06699002534151131
],
"l_thumb_mcp": [
-0.006252966821193695,
0.006129788234830058,
0.04870237782597595
],
"l_thumb_ip": [
-0.017812810838222504,
-0.00533797964453703,
0.027020666748285595
],
"l_thumb_tip": [
-0.04471757262945175,
-0.0191956982016566,
-0.0013439871836453477
],
"l_index_mcp": [
-0.00018445029854774475,
-0.018056411296129494,
0.009586900472641139
],
"l_index_pip": [
-0.024318214505910873,
-0.02758335322141673,
0.0045301518402995
],
"l_index_dip": [
-0.04178512096405029,
-0.040974292904139106,
0.016639729961753117
],
"l_index_tip": [
-0.056255631148815155,
-0.056790329515934664,
0.023575736209750557
],
"l_middle_mcp": [
-0.0009157111635431647,
-0.004345659166574532,
-0.00030741823138669475
],
"l_middle_pip": [
-0.022537197917699814,
-0.01501084491610548,
-0.011728220619261397
],
"l_middle_dip": [
-0.04917845502495766,
-0.026692798361182525,
0.00567268952727332
],
"l_middle_tip": [
-0.06987690925598145,
-0.03412429615855247,
0.020685486495495068
],
"l_ring_mcp": [
9.102351032197475e-05,
0.008097901009023268,
-0.008263560011983015
],
"l_ring_pip": [
-0.015242405235767365,
0.008869165554642788,
-0.0015882062725722963
],
"l_ring_dip": [
-0.026420919224619865,
0.012901107780635543,
0.02419617585837866
],
"l_ring_tip": [
-0.008867612108588219,
0.018484877422452212,
0.052019111812115194
],
"l_pinky_mcp": [
-0.005926288664340973,
0.03299130126833945,
0.002384107792749983
],
"l_pinky_pip": [
-0.02357637509703636,
0.02036469429731392,
0.004795604385435631
],
"l_pinky_dip": [
-0.020619388669729233,
0.015921888872981304,
0.028094213455915843
],
"l_pinky_tip": [
-0.00970891211181879,
0.02244679629802731,
0.05572909489274089
],
"r_hand_position": null,
"r_wrist": null,
"r_thumb_cmc": null,
"r_thumb_mcp": null,
"r_thumb_ip": null,
"r_thumb_tip": null,
"r_index_mcp": null,
"r_index_pip": null,
"r_index_dip": null,
"r_index_tip": null,
"r_middle_mcp": null,
"r_middle_pip": null,
"r_middle_dip": null,
"r_middle_tip": null,
"r_ring_mcp": null,
"r_ring_pip": null,
"r_ring_dip": null,
"r_ring_tip": null,
"r_pinky_mcp": null,
"r_pinky_pip": null,
"r_pinky_dip": null,
"r_pinky_tip": null
}
],
"framerate": 30,
"mirrorable": true
}