{
"label": "f",
"gestures": [
{
"l_hand_position": null,
"l_wrist": null,
"l_thumb_cmc": null,
"l_thumb_mcp": null,
"l_thumb_ip": null,
"l_thumb_tip": null,
"l_index_mcp": null,
"l_index_pip": null,
"l_index_dip": null,
"l_index_tip": null,
"l_middle_mcp": null,
"l_middle_pip": null,
"l_middle_dip": null,
"l_middle_tip": null,
"l_ring_mcp": null,
"l_ring_pip": null,
"l_ring_dip": null,
"l_ring_tip": null,
"l_pinky_mcp": null,
"l_pinky_pip": null,
"l_pinky_dip": null,
"l_pinky_tip": null,
"r_hand_position": [
-0.18267545104026794,
0.0020186901092529297,
-0.4842974506318569
],
"r_wrist": [
-0.08897676919463601,
0.9924885654573617,
-0.08396178880938894
],
"r_thumb_cmc": [
0.16493897260248222,
0.6960667663977131,
-0.14493689518552258
],
"r_thumb_mcp": [
0.24465707238507098,
0.26085958449867674,
-0.14717498629092843
],
"r_thumb_ip": [
0.18543983394244168,
-0.0922305301594412,
-0.16298572302732076
],
"r_thumb_tip": [
0.13141764924908503,
-0.3546032139019628,
-0.1726382892629936
],
"r_index_mcp": [
0.16091997703325964,
0.06580539525558728,
0.030261566563520973
],
"r_index_pip": [
0.2197408934306607,
-0.20014661677719242,
-0.009069781002624417
],
"r_index_dip": [
0.2769824178737967,
-0.28366236459349026,
-0.05444764176730435
],
"r_index_tip": [
0.30918872332722463,
-0.3152922740527121,
-0.08171710425083556
],
"r_middle_mcp": [
0.0,
0.0,
0.0
],
"r_middle_pip": [
0.05362442843083566,
-0.4401828004025193,
-0.01570499309057939
],
"r_middle_dip": [
0.08283831918169178,
-0.7424531782245009,
-0.05220213306933762
],
"r_middle_tip": [
0.10708886195479188,
-1.0036282905275813,
-0.0763759084903574
],
"r_ring_mcp": [
-0.16417708450508123,
0.02555456500715833,
-0.060159130770111986
],
"r_ring_pip": [
-0.15177540757472402,
-0.4057168059256347,
-0.11197281753952855
],
"r_ring_dip": [
-0.14070229392987865,
-0.6690126475322525,
-0.16493122882508565
],
"r_ring_tip": [
-0.11987602462194329,
-0.8993249972702522,
-0.195820967623065
],
"r_pinky_mcp": [
-0.3434314579788721,
0.12524924003047014,
-0.1299997710776518
],
"r_pinky_pip": [
-0.388217044270742,
-0.17271912334318743,
-0.18256862056094902
],
"r_pinky_dip": [
-0.3986569509808409,
-0.3733997470257115,
-0.21031391264340454
],
"r_pinky_tip": [
-0.380511552507998,
-0.5670069703778993,
-0.22936147363275267
],
"l_hand_velocity": null,
"r_hand_velocity": null,
"m_nose_point": null,
"m_top_nose": null,
"m_eyebrows": null,
"m_forehead": null,
"m_top_chin": null,
"m_bot_up_lip": null,
"m_top_low_lip": null,
"m_bot_nose": null,
"m_chin": null,
"m_nose": null,
"l_eye_exterior": null,
"l_temple": null,
"l_mid_chin": null,
"l_up_lip": null,
"l_ext_nostril": null,
"l_mid_cheek": null,
"l_mid_eyebrow": null,
"l_ext_eyebrow": null,
"l_ext_lips": null,
"l_jaw_angle": null,
"l_mid_ext_face": null,
"l_int_eyebrow": null,
"l_mid_jaw": null,
"l_mid_bot_eyelid": null,
"l_ext_mouth": null,
"l_top_eyelid": null,
"l_eye_int": null,
"l_pupil": null,
"r_eye_exterior": null,
"r_temple": null,
"r_mid_chin": null,
"r_up_lip": null,
"r_ext_nostril": null,
"r_mid_cheek": null,
"r_mid_eyebrow": null,
"r_ext_eyebrow": null,
"r_ext_lips": null,
"r_jaw_angle": null,
"r_mid_ext_face": null,
"r_int_eyebrow": null,
"r_mid_jaw": null,
"r_mid_bot_eyelid": null,
"r_ext_mouth": null,
"r_top_eyelid": null,
"r_eye_int": null,
"r_pupil": null,
"l_shoulder": null,
"l_elbow": null,
"l_hip": null,
"l_knee": null,
"l_ankle": null,
"l_body_wrist": null,
"r_shoulder": null,
"r_elbow": null,
"r_hip": null,
"r_knee": null,
"r_ankle": null,
"r_body_wrist": null,
"m_face_position": null,
"m_body_position": null,
"m_face_scale": null,
"m_body_scale": null,
"l_hand_scale": null,
"r_hand_scale": [
0.1870155260616685,
0.1870155260616685,
0.1870155260616685
]
}
],
"framerate": 30,
"mirrorable": true,
"invalid": false
}