{
"label": "f",
"gestures": [
{
"l_hand_position": null,
"l_wrist": null,
"l_thumb_cmc": null,
"l_thumb_mcp": null,
"l_thumb_ip": null,
"l_thumb_tip": null,
"l_index_mcp": null,
"l_index_pip": null,
"l_index_dip": null,
"l_index_tip": null,
"l_middle_mcp": null,
"l_middle_pip": null,
"l_middle_dip": null,
"l_middle_tip": null,
"l_ring_mcp": null,
"l_ring_pip": null,
"l_ring_dip": null,
"l_ring_tip": null,
"l_pinky_mcp": null,
"l_pinky_pip": null,
"l_pinky_dip": null,
"l_pinky_tip": null,
"r_hand_position": [
-0.2283441722393036,
0.0003871917724609375,
-0.4770318940281868
],
"r_wrist": [
-0.20181734808955415,
0.9745258838722615,
-0.09782157059200929
],
"r_thumb_cmc": [
0.04705747620812053,
0.7893750108622333,
-0.17397326273272176
],
"r_thumb_mcp": [
0.20639451712861395,
0.3625606299846113,
-0.19543896828149077
],
"r_thumb_ip": [
0.23500534588892102,
-0.019631778956027367,
-0.22397610710806776
],
"r_thumb_tip": [
0.10437509168313218,
-0.21918941876232864,
-0.23109139418646354
],
"r_index_mcp": [
0.13747868202261235,
0.046816819751060064,
0.018825354526767594
],
"r_index_pip": [
0.20306226292649984,
-0.3236484101913031,
-0.06173922569067686
],
"r_index_dip": [
0.16818433893024318,
-0.21149298156279367,
-0.13650003940287506
],
"r_index_tip": [
0.12755414173909035,
-0.08575125203381216,
-0.17818782081464232
],
"r_middle_mcp": [
0.0,
0.0,
0.0
],
"r_middle_pip": [
0.03759647884716436,
-0.3500302473680454,
-0.12471540740400135
],
"r_middle_dip": [
0.017485925547238226,
-0.16447586862120542,
-0.19515590976868832
],
"r_middle_tip": [
-0.008161757121256314,
0.00019877004839487713,
-0.1976938136161618
],
"r_ring_mcp": [
-0.14709694380883112,
-0.008185111967300157,
-0.05189567373027361
],
"r_ring_pip": [
-0.09720578859022806,
-0.4190392480012001,
-0.13987700020651095
],
"r_ring_dip": [
-0.0472237525576718,
-0.6288949786992137,
-0.19475029384537934
],
"r_ring_tip": [
-0.0065900013682079345,
-0.8257032200264082,
-0.20480310332240775
],
"r_pinky_mcp": [
-0.30227022185094293,
0.04189605523243133,
-0.11534213549354258
],
"r_pinky_pip": [
-0.27391210775625163,
-0.2847049659842623,
-0.14398703662605014
],
"r_pinky_dip": [
-0.25176200367558915,
-0.48230942986163616,
-0.1589925371087669
],
"r_pinky_tip": [
-0.2233114856248113,
-0.6825371252780758,
-0.1650599777632598
],
"l_hand_velocity": null,
"r_hand_velocity": null,
"m_nose_point": null,
"m_top_nose": null,
"m_eyebrows": null,
"m_forehead": null,
"m_top_chin": null,
"m_bot_up_lip": null,
"m_top_low_lip": null,
"m_bot_nose": null,
"m_chin": null,
"m_nose": null,
"l_eye_exterior": null,
"l_temple": null,
"l_mid_chin": null,
"l_up_lip": null,
"l_ext_nostril": null,
"l_mid_cheek": null,
"l_mid_eyebrow": null,
"l_ext_eyebrow": null,
"l_ext_lips": null,
"l_jaw_angle": null,
"l_mid_ext_face": null,
"l_int_eyebrow": null,
"l_mid_jaw": null,
"l_mid_bot_eyelid": null,
"l_ext_mouth": null,
"l_top_eyelid": null,
"l_eye_int": null,
"l_pupil": null,
"r_eye_exterior": null,
"r_temple": null,
"r_mid_chin": null,
"r_up_lip": null,
"r_ext_nostril": null,
"r_mid_cheek": null,
"r_mid_eyebrow": null,
"r_ext_eyebrow": null,
"r_ext_lips": null,
"r_jaw_angle": null,
"r_mid_ext_face": null,
"r_int_eyebrow": null,
"r_mid_jaw": null,
"r_mid_bot_eyelid": null,
"r_ext_mouth": null,
"r_top_eyelid": null,
"r_eye_int": null,
"r_pupil": null,
"l_shoulder": null,
"l_elbow": null,
"l_hip": null,
"l_knee": null,
"l_ankle": null,
"l_body_wrist": null,
"r_shoulder": null,
"r_elbow": null,
"r_hip": null,
"r_knee": null,
"r_ankle": null,
"r_body_wrist": null,
"m_face_position": null,
"m_body_position": null,
"m_face_scale": null,
"m_body_scale": null,
"l_hand_scale": null,
"r_hand_scale": [
0.23479612364140115,
0.23479612364140115,
0.23479612364140115
]
}
],
"framerate": 30,
"mirrorable": true,
"invalid": false
}