{
    "label": "b",
    "label_id": 2,
    "gestures": [
        {
            "wrist": [
                -0.009706452488899231,
                0.09651897847652435,
                0.031765539199113846
            ],
            "thumb_cmc": [
                -0.03355595842003822,
                0.07370008528232574,
                0.01295962929725647
            ],
            "thumb_mcp": [
                -0.0370694175362587,
                0.049842849373817444,
                -0.0044180843979120255
            ],
            "thumb_ip": [
                -0.02175581455230713,
                0.023519765585660934,
                -0.031589195132255554
            ],
            "thumb_tip": [
                -0.002428819425404072,
                0.010708113200962543,
                -0.043006911873817444
            ],
            "index_mcp": [
                -0.024343743920326233,
                -0.004846506752073765,
                0.0005760325584560633
            ],
            "index_pip": [
                -0.018828149884939194,
                -0.03388204053044319,
                -0.0051015946082770824
            ],
            "index_dip": [
                -0.015879815444350243,
                -0.060128819197416306,
                -0.011875647120177746
            ],
            "index_tip": [
                -0.0141743253916502,
                -0.08031051605939865,
                -0.028515659272670746
            ],
            "middle_mcp": [
                -0.003238162724301219,
                -0.005417072679847479,
                0.005082163494080305
            ],
            "middle_pip": [
                0.0022258488461375237,
                -0.04299430176615715,
                -0.0077791837975382805
            ],
            "middle_dip": [
                -0.0006950125098228455,
                -0.06884714215993881,
                -0.021240491420030594
            ],
            "middle_tip": [
                0.001758873462677002,
                -0.09238461405038834,
                -0.03399134799838066
            ],
            "ring_mcp": [
                0.0181459728628397,
                0.00022563477978110313,
                -0.0010875205043703318
            ],
            "ring_pip": [
                0.018784333020448685,
                -0.02907966822385788,
                -0.01193825900554657
            ],
            "ring_dip": [
                0.017991960048675537,
                -0.054449230432510376,
                -0.025328027084469795
            ],
            "ring_tip": [
                0.01615048758685589,
                -0.07700823247432709,
                -0.04047856479883194
            ],
            "pinky_mcp": [
                0.02363548055291176,
                0.01864134706556797,
                -0.0014049209421500564
            ],
            "pinky_pip": [
                0.031657181680202484,
                -0.006582964211702347,
                -0.006893141195178032
            ],
            "pinky_dip": [
                0.033905286341905594,
                -0.031549014151096344,
                -0.019755499437451363
            ],
            "pinky_tip": [
                0.029905345290899277,
                -0.04992768168449402,
                -0.03222312033176422
            ]
        }
    ]
}