{
"label": "v",
"gestures": [
{
"l_hand_position": null,
"l_wrist": null,
"l_thumb_cmc": null,
"l_thumb_mcp": null,
"l_thumb_ip": null,
"l_thumb_tip": null,
"l_index_mcp": null,
"l_index_pip": null,
"l_index_dip": null,
"l_index_tip": null,
"l_middle_mcp": null,
"l_middle_pip": null,
"l_middle_dip": null,
"l_middle_tip": null,
"l_ring_mcp": null,
"l_ring_pip": null,
"l_ring_dip": null,
"l_ring_tip": null,
"l_pinky_mcp": null,
"l_pinky_pip": null,
"l_pinky_dip": null,
"l_pinky_tip": null,
"r_hand_position": [
-0.26323308050632477,
0.2934378981590271,
-0.4999997750746843
],
"r_wrist": [
0.02832391858100891,
0.08686888217926025,
0.011942417360842228
],
"r_thumb_cmc": [
0.04658776521682739,
0.056436821818351746,
-0.010248750448226929
],
"r_thumb_mcp": [
0.042489681392908096,
0.028302444145083427,
-0.02782461792230606
],
"r_thumb_ip": [
0.013580260798335075,
0.006543590687215328,
-0.04141414910554886
],
"r_thumb_tip": [
-0.0185273215174675,
0.0006120665930211544,
-0.0349731408059597
],
"r_index_mcp": [
0.021599721163511276,
-0.013753114268183708,
-0.005699450615793467
],
"r_index_pip": [
0.020661404356360435,
-0.0377923808991909,
-0.012218160554766655
],
"r_index_dip": [
0.017239801585674286,
-0.057768989354372025,
-0.019571449607610703
],
"r_index_tip": [
0.01156681776046753,
-0.06711632758378983,
-0.044806066900491714
],
"r_middle_mcp": [
-0.00018654949963092804,
-0.006216162350028753,
0.006157611031085253
],
"r_middle_pip": [
-0.015466293320059776,
-0.036796923726797104,
-0.008748932741582394
],
"r_middle_dip": [
-0.02627801150083542,
-0.05081123858690262,
-0.029151326045393944
],
"r_middle_tip": [
-0.03151644766330719,
-0.0668797641992569,
-0.04539801552891731
],
"r_ring_mcp": [
-0.01649254560470581,
0.008082479238510132,
0.004632012452930212
],
"r_ring_pip": [
-0.02567928098142147,
-0.010509809479117393,
-0.0219643022865057
],
"r_ring_dip": [
-0.013735735788941383,
0.003903027391061187,
-0.03741714730858803
],
"r_ring_tip": [
-0.0012778389500454068,
0.017201291397213936,
-0.03995067998766899
],
"r_pinky_mcp": [
-0.02957124263048172,
0.030001694336533546,
0.0008829056750983
],
"r_pinky_pip": [
-0.028555389493703842,
0.024107545614242554,
-0.01540092658251524
],
"r_pinky_dip": [
-0.01460861787199974,
0.029619382694363594,
-0.026350079104304314
],
"r_pinky_tip": [
-0.004874979145824909,
0.035074178129434586,
-0.022049924358725548
],
"l_hand_velocity": null,
"r_hand_velocity": null
}
],
"framerate": 30,
"mirrorable": true
}