{
"label": "0",
"gestures": [
{
"l_hand_position": null,
"l_wrist": null,
"l_thumb_cmc": null,
"l_thumb_mcp": null,
"l_thumb_ip": null,
"l_thumb_tip": null,
"l_index_mcp": null,
"l_index_pip": null,
"l_index_dip": null,
"l_index_tip": null,
"l_middle_mcp": null,
"l_middle_pip": null,
"l_middle_dip": null,
"l_middle_tip": null,
"l_ring_mcp": null,
"l_ring_pip": null,
"l_ring_dip": null,
"l_ring_tip": null,
"l_pinky_mcp": null,
"l_pinky_pip": null,
"l_pinky_dip": null,
"l_pinky_tip": null,
"r_hand_position": null,
"r_wrist": [
-0.018368002027273178,
0.10334540158510322,
-0.022798070684075654
],
"r_thumb_cmc": [
0.007321551442146301,
0.08261707425117584,
-0.025962149724364558
],
"r_thumb_mcp": [
0.017525671049952507,
0.05002938210964247,
-0.03944388031959564
],
"r_thumb_ip": [
0.012300987727940083,
0.008945965208113272,
-0.047829918563366595
],
"r_thumb_tip": [
-0.017904236912727356,
-0.016125002875924315,
-0.04391000419855165
],
"r_index_mcp": [
0.023602252826094627,
-0.0023326063528657176,
0.002329579787328859
],
"r_index_pip": [
0.03035886585712433,
-0.03199253231287038,
-0.006633614655584134
],
"r_index_dip": [
0.03224227949976921,
-0.0536802150309092,
-0.009079610928893072
],
"r_index_tip": [
0.030319735407829285,
-0.08026375621557327,
-0.02268594317138206
],
"r_middle_mcp": [
0.003787943162024021,
-0.006488134153187367,
0.007161103188991641
],
"r_middle_pip": [
0.01298428699374199,
-0.045459307730198406,
0.006918449886143303
],
"r_middle_dip": [
0.014917567372322083,
-0.0708277598023424,
0.004803927615285081
],
"r_middle_tip": [
0.017759274691343307,
-0.09869360923767187,
-0.005479981657117692
],
"r_ring_mcp": [
-0.015957925468683243,
-0.002599726896733068,
-0.0018939364235848353
],
"r_ring_pip": [
-0.007414485327899456,
-0.0350265614688402,
-0.007912506349384929
],
"r_ring_dip": [
-0.0030471738427877426,
-0.05874709784984655,
-0.020129716023802875
],
"r_ring_tip": [
0.005380740389227867,
-0.07945151627063844,
-0.030795177444815955
],
"r_pinky_mcp": [
-0.03592268005013466,
0.012477395124733566,
-0.011160738766193496
],
"r_pinky_pip": [
-0.0244305357336998,
-0.007220454048365445,
-0.021921526640653843
],
"r_pinky_dip": [
-0.014458989724516869,
-0.006096970755606939,
-0.03579320013523149
],
"r_pinky_tip": [
-0.014793327078223228,
0.010080807842314325,
-0.045148186385632144
]
}
],
"framerate": 30,
"mirrorable": true
}