{
"label": "_null",
"gestures": [
{
"l_hand_position": null,
"l_wrist": null,
"l_thumb_cmc": null,
"l_thumb_mcp": null,
"l_thumb_ip": null,
"l_thumb_tip": null,
"l_index_mcp": null,
"l_index_pip": null,
"l_index_dip": null,
"l_index_tip": null,
"l_middle_mcp": null,
"l_middle_pip": null,
"l_middle_dip": null,
"l_middle_tip": null,
"l_ring_mcp": null,
"l_ring_pip": null,
"l_ring_dip": null,
"l_ring_tip": null,
"l_pinky_mcp": null,
"l_pinky_pip": null,
"l_pinky_dip": null,
"l_pinky_tip": null,
"r_hand_position": [
-0.18354487419128418,
0.17602133750915527,
-0.4999998895874356
],
"r_wrist": [
-0.07024003565311432,
0.08809074759483337,
-0.012035702355206013
],
"r_thumb_cmc": [
-0.04703189432621002,
0.06591867655515671,
-0.03716618940234184
],
"r_thumb_mcp": [
-0.021515361964702606,
0.04028294235467911,
-0.04536615312099457
],
"r_thumb_ip": [
0.000488794525153935,
-0.001620244700461626,
-0.061491455882787704
],
"r_thumb_tip": [
0.000209147110581398,
-0.04047517105937004,
-0.045398131012916565
],
"r_index_mcp": [
0.0238631721585989,
-0.002593490295112133,
-0.018762066960334778
],
"r_index_pip": [
0.028410792350769043,
-0.02716364525258541,
-0.021296488121151924
],
"r_index_dip": [
0.04178273305296898,
-0.046484239399433136,
-0.020397234708070755
],
"r_index_tip": [
0.02760498784482479,
-0.0698947012424469,
-0.020006898790597916
],
"r_middle_mcp": [
0.0069987596943974495,
4.8272544518113136e-05,
-0.003325509140267968
],
"r_middle_pip": [
0.02733946219086647,
-0.0317397266626358,
0.0006917046848684549
],
"r_middle_dip": [
0.022146251052618027,
-0.055482059717178345,
-0.005000394303351641
],
"r_middle_tip": [
0.01349404826760292,
-0.08069877326488495,
-0.0061274562031030655
],
"r_ring_mcp": [
-0.00744132325053215,
-0.007519591134041548,
0.010919550433754921
],
"r_ring_pip": [
0.0002927994355559349,
-0.025316795334219933,
0.007266135420650244
],
"r_ring_dip": [
-0.003788599744439125,
-0.04029006510972977,
0.005542347673326731
],
"r_ring_tip": [
0.0021936334669589996,
-0.06932588666677475,
-0.009514193050563335
],
"r_pinky_mcp": [
-0.04571336507797241,
-0.0031347032636404037,
0.019280117005109787
],
"r_pinky_pip": [
-0.026593975722789764,
-0.01584046520292759,
0.01237471029162407
],
"r_pinky_dip": [
-0.019784262403845787,
-0.03607533499598503,
0.011027135886251926
],
"r_pinky_tip": [
-0.019240805879235268,
-0.04983191192150116,
0.006456602364778519
]
}
],
"framerate": 30,
"mirrorable": true
}