{
"label": "_null",
"gestures": [
{
"l_hand_position": [
0.7737237811088562,
0.927304744720459,
2.3090393597158254e-07
],
"l_wrist": [
0.0041479021310806274,
0.08724135160446167,
0.023839903995394707
],
"l_thumb_cmc": [
-0.027110179886221886,
0.06580859422683716,
0.008143181912600994
],
"l_thumb_mcp": [
-0.04574384540319443,
0.048081960529088974,
-0.0013987281126901507
],
"l_thumb_ip": [
-0.06934373080730438,
0.026293037459254265,
-0.010035606101155281
],
"l_thumb_tip": [
-0.08618674427270889,
0.0029000025242567062,
-0.016065074130892754
],
"l_index_mcp": [
-0.03256508708000183,
-0.0035961573012173176,
0.0020421966910362244
],
"l_index_pip": [
-0.034255120903253555,
-0.03130951523780823,
-0.006342340726405382
],
"l_index_dip": [
-0.03759225830435753,
-0.051640234887599945,
-0.01673840545117855
],
"l_index_tip": [
-0.04981008172035217,
-0.06544920802116394,
-0.04435748979449272
],
"l_middle_mcp": [
-0.005154852755367756,
-0.004697676748037338,
0.006105792708694935
],
"l_middle_pip": [
-0.0015214793384075165,
-0.044452887028455734,
-0.008134016767144203
],
"l_middle_dip": [
-0.009231850504875183,
-0.06337562203407288,
-0.027105437591671944
],
"l_middle_tip": [
-0.015842603519558907,
-0.08124066144227982,
-0.050796762108802795
],
"l_ring_mcp": [
0.020556524395942688,
-0.000958713237196207,
-0.0019953043665736914
],
"l_ring_pip": [
0.02461935393512249,
-0.029614463448524475,
-0.014119916595518589
],
"l_ring_dip": [
0.02124910056591034,
-0.05022425949573517,
-0.03403828665614128
],
"l_ring_tip": [
0.017786314710974693,
-0.06464406102895737,
-0.05284963920712471
],
"l_pinky_mcp": [
0.03333965316414833,
0.017002355307340622,
-0.004605772905051708
],
"l_pinky_pip": [
0.047507334500551224,
-0.004202187992632389,
-0.009395802393555641
],
"l_pinky_dip": [
0.05538059026002884,
-0.024321172386407852,
-0.022023260593414307
],
"l_pinky_tip": [
0.05658192187547684,
-0.03954102843999863,
-0.03438682481646538
],
"r_hand_position": null,
"r_wrist": null,
"r_thumb_cmc": null,
"r_thumb_mcp": null,
"r_thumb_ip": null,
"r_thumb_tip": null,
"r_index_mcp": null,
"r_index_pip": null,
"r_index_dip": null,
"r_index_tip": null,
"r_middle_mcp": null,
"r_middle_pip": null,
"r_middle_dip": null,
"r_middle_tip": null,
"r_ring_mcp": null,
"r_ring_pip": null,
"r_ring_dip": null,
"r_ring_tip": null,
"r_pinky_mcp": null,
"r_pinky_pip": null,
"r_pinky_dip": null,
"r_pinky_tip": null
}
],
"framerate": 30,
"mirrorable": true
}