{
"label": "_null",
"gestures": [
{
"l_hand_position": null,
"l_wrist": null,
"l_thumb_cmc": null,
"l_thumb_mcp": null,
"l_thumb_ip": null,
"l_thumb_tip": null,
"l_index_mcp": null,
"l_index_pip": null,
"l_index_dip": null,
"l_index_tip": null,
"l_middle_mcp": null,
"l_middle_pip": null,
"l_middle_dip": null,
"l_middle_tip": null,
"l_ring_mcp": null,
"l_ring_pip": null,
"l_ring_dip": null,
"l_ring_tip": null,
"l_pinky_mcp": null,
"l_pinky_pip": null,
"l_pinky_dip": null,
"l_pinky_tip": null,
"r_hand_position": [
-0.362281009554863,
0.2779979705810547,
-0.49999972237864654
],
"r_wrist": [
-0.02173173800110817,
0.08720225095748901,
0.009563625790178776
],
"r_thumb_cmc": [
0.009949777275323868,
0.06737703084945679,
0.004141970071941614
],
"r_thumb_mcp": [
0.03989247977733612,
0.052711762487888336,
0.004399014171212912
],
"r_thumb_ip": [
0.06622236967086792,
0.03518557921051979,
0.008921533823013306
],
"r_thumb_tip": [
0.08773268014192581,
0.02161468006670475,
0.014247122220695019
],
"r_index_mcp": [
0.021562889218330383,
-0.0007829954847693443,
0.00919520016759634
],
"r_index_pip": [
0.029066605493426323,
-0.027811512351036072,
0.0032801474444568157
],
"r_index_dip": [
0.03214847296476364,
-0.05041557922959328,
-0.0038692140951752663
],
"r_index_tip": [
0.030209248885512352,
-0.06633295118808746,
-0.025882897898554802
],
"r_middle_mcp": [
0.0012312898179516196,
-0.005126836709678173,
0.0059855324216187
],
"r_middle_pip": [
0.01139082107692957,
-0.03974379599094391,
-0.0023733703419566154
],
"r_middle_dip": [
0.012304864823818207,
-0.06251497566699982,
-0.018563635647296906
],
"r_middle_tip": [
0.01864578388631344,
-0.08227986097335815,
-0.034621939063072205
],
"r_ring_mcp": [
-0.014967135153710842,
-0.0022123409435153008,
-0.005686345510184765
],
"r_ring_pip": [
-0.0085510965436697,
-0.03120809607207775,
-0.012598334811627865
],
"r_ring_dip": [
-0.003715498372912407,
-0.05114417523145676,
-0.027494244277477264
],
"r_ring_tip": [
0.005214568227529526,
-0.07009820640087128,
-0.03954669088125229
],
"r_pinky_mcp": [
-0.0326111763715744,
0.010258961468935013,
-0.015657877549529076
],
"r_pinky_pip": [
-0.02850108966231346,
-0.012737305834889412,
-0.017935700714588165
],
"r_pinky_dip": [
-0.02400471642613411,
-0.03284282982349396,
-0.02682098001241684
],
"r_pinky_tip": [
-0.017126865684986115,
-0.05071139708161354,
-0.03959023207426071
]
}
],
"framerate": 30,
"mirrorable": true
}