{
"label": "_null",
"gestures": [
{
"l_hand_position": [
0.7132179141044617,
0.8376191258430481,
2.9673191193069215e-07
],
"l_wrist": [
-0.0030892789363861084,
0.06392155587673187,
0.06755121797323227
],
"l_thumb_cmc": [
-0.033290985971689224,
0.05084945634007454,
0.03440626710653305
],
"l_thumb_mcp": [
-0.0417952761054039,
0.044153254479169846,
0.01008218340575695
],
"l_thumb_ip": [
-0.05826510488986969,
0.03809032589197159,
-0.022960927337408066
],
"l_thumb_tip": [
-0.06616128981113434,
0.023693954572081566,
-0.046708062291145325
],
"l_index_mcp": [
-0.02877584844827652,
-0.005405395291745663,
-0.006917227059602737
],
"l_index_pip": [
-0.02794397622346878,
-0.028553593903779984,
-0.017826363444328308
],
"l_index_dip": [
-0.029954802244901657,
-0.0466921366751194,
-0.03215588629245758
],
"l_index_tip": [
-0.03129628673195839,
-0.05257820710539818,
-0.06131157651543617
],
"l_middle_mcp": [
-0.0054491786286234856,
-0.006700284779071808,
0.0021541304886341095
],
"l_middle_pip": [
0.008426195941865444,
-0.03977910429239273,
-0.014837185852229595
],
"l_middle_dip": [
0.008402753621339798,
-0.05963811278343201,
-0.03507917374372482
],
"l_middle_tip": [
0.011543160304427147,
-0.07639146596193314,
-0.059573620557785034
],
"l_ring_mcp": [
0.01811010017991066,
0.0017660874873399734,
0.0036357822827994823
],
"l_ring_pip": [
0.029607519507408142,
-0.016112400218844414,
-0.01695801317691803
],
"l_ring_dip": [
0.03710990026593208,
-0.029489800333976746,
-0.04140130802989006
],
"l_ring_tip": [
0.03986852988600731,
-0.03514071926474571,
-0.06381338834762573
],
"l_pinky_mcp": [
0.0289404708892107,
0.0190495103597641,
0.011362266726791859
],
"l_pinky_pip": [
0.048841990530490875,
0.015150058083236217,
-0.000585797824896872
],
"l_pinky_dip": [
0.060419172048568726,
0.009475648403167725,
-0.02131846733391285
],
"l_pinky_tip": [
0.0655212327837944,
0.013648157939314842,
-0.04076387360692024
],
"r_hand_position": null,
"r_wrist": null,
"r_thumb_cmc": null,
"r_thumb_mcp": null,
"r_thumb_ip": null,
"r_thumb_tip": null,
"r_index_mcp": null,
"r_index_pip": null,
"r_index_dip": null,
"r_index_tip": null,
"r_middle_mcp": null,
"r_middle_pip": null,
"r_middle_dip": null,
"r_middle_tip": null,
"r_ring_mcp": null,
"r_ring_pip": null,
"r_ring_dip": null,
"r_ring_tip": null,
"r_pinky_mcp": null,
"r_pinky_pip": null,
"r_pinky_dip": null,
"r_pinky_tip": null
},
{
"l_hand_position": [
0.7137619853019714,
0.837588906288147,
2.973451103116531e-07
],
"l_wrist": [
-0.0029726140201091766,
0.06329576671123505,
0.067952960729599
],
"l_thumb_cmc": [
-0.03350770100951195,
0.05035616457462311,
0.03436288237571716
],
"l_thumb_mcp": [
-0.041751790791749954,
0.044389285147190094,
0.01097208820283413
],
"l_thumb_ip": [
-0.05854909121990204,
0.03758666664361954,
-0.02187119796872139
],
"l_thumb_tip": [
-0.0665498599410057,
0.023663518950343132,
-0.04546312987804413
],
"l_index_mcp": [
-0.02929745241999626,
-0.00496227853000164,
-0.006866853684186935
],
"l_index_pip": [
-0.028130406513810158,
-0.027914175763726234,
-0.017545323818922043
],
"l_index_dip": [
-0.030157070606946945,
-0.04689393192529678,
-0.031929027289152145
],
"l_index_tip": [
-0.032029058784246445,
-0.052694760262966156,
-0.0614861324429512
],
"l_middle_mcp": [
-0.005359737668186426,
-0.006875322666019201,
0.002089710906147957
],
"l_middle_pip": [
0.007888264954090118,
-0.039903078228235245,
-0.014906715601682663
],
"l_middle_dip": [
0.007370548322796822,
-0.059669867157936096,
-0.035563450306653976
],
"l_middle_tip": [
0.011091083288192749,
-0.0765383243560791,
-0.05876343324780464
],
"l_ring_mcp": [
0.01831240952014923,
0.0019430876709520817,
0.0037589671555906534
],
"l_ring_pip": [
0.029802195727825165,
-0.01643836311995983,
-0.016179580241441727
],
"l_ring_dip": [
0.03764376416802406,
-0.029327228665351868,
-0.04007219895720482
],
"l_ring_tip": [
0.04089321941137314,
-0.03530719503760338,
-0.06227530166506767
],
"l_pinky_mcp": [
0.02951113134622574,
0.019223935902118683,
0.011608180589973927
],
"l_pinky_pip": [
0.048893291503190994,
0.01496717520058155,
0.0004963749670423567
],
"l_pinky_dip": [
0.06029236689209938,
0.009773900732398033,
-0.020397990942001343
],
"l_pinky_tip": [
0.06555893272161484,
0.014077998697757721,
-0.039988383650779724
],
"r_hand_position": null,
"r_wrist": null,
"r_thumb_cmc": null,
"r_thumb_mcp": null,
"r_thumb_ip": null,
"r_thumb_tip": null,
"r_index_mcp": null,
"r_index_pip": null,
"r_index_dip": null,
"r_index_tip": null,
"r_middle_mcp": null,
"r_middle_pip": null,
"r_middle_dip": null,
"r_middle_tip": null,
"r_ring_mcp": null,
"r_ring_pip": null,
"r_ring_dip": null,
"r_ring_tip": null,
"r_pinky_mcp": null,
"r_pinky_pip": null,
"r_pinky_dip": null,
"r_pinky_tip": null
},
{
"l_hand_position": [
0.7137619853019714,
0.837588906288147,
2.973451103116531e-07
],
"l_wrist": [
-0.0029726140201091766,
0.06329576671123505,
0.067952960729599
],
"l_thumb_cmc": [
-0.03350770100951195,
0.05035616457462311,
0.03436288237571716
],
"l_thumb_mcp": [
-0.041751790791749954,
0.044389285147190094,
0.01097208820283413
],
"l_thumb_ip": [
-0.05854909121990204,
0.03758666664361954,
-0.02187119796872139
],
"l_thumb_tip": [
-0.0665498599410057,
0.023663518950343132,
-0.04546312987804413
],
"l_index_mcp": [
-0.02929745241999626,
-0.00496227853000164,
-0.006866853684186935
],
"l_index_pip": [
-0.028130406513810158,
-0.027914175763726234,
-0.017545323818922043
],
"l_index_dip": [
-0.030157070606946945,
-0.04689393192529678,
-0.031929027289152145
],
"l_index_tip": [
-0.032029058784246445,
-0.052694760262966156,
-0.0614861324429512
],
"l_middle_mcp": [
-0.005359737668186426,
-0.006875322666019201,
0.002089710906147957
],
"l_middle_pip": [
0.007888264954090118,
-0.039903078228235245,
-0.014906715601682663
],
"l_middle_dip": [
0.007370548322796822,
-0.059669867157936096,
-0.035563450306653976
],
"l_middle_tip": [
0.011091083288192749,
-0.0765383243560791,
-0.05876343324780464
],
"l_ring_mcp": [
0.01831240952014923,
0.0019430876709520817,
0.0037589671555906534
],
"l_ring_pip": [
0.029802195727825165,
-0.01643836311995983,
-0.016179580241441727
],
"l_ring_dip": [
0.03764376416802406,
-0.029327228665351868,
-0.04007219895720482
],
"l_ring_tip": [
0.04089321941137314,
-0.03530719503760338,
-0.06227530166506767
],
"l_pinky_mcp": [
0.02951113134622574,
0.019223935902118683,
0.011608180589973927
],
"l_pinky_pip": [
0.048893291503190994,
0.01496717520058155,
0.0004963749670423567
],
"l_pinky_dip": [
0.06029236689209938,
0.009773900732398033,
-0.020397990942001343
],
"l_pinky_tip": [
0.06555893272161484,
0.014077998697757721,
-0.039988383650779724
],
"r_hand_position": null,
"r_wrist": null,
"r_thumb_cmc": null,
"r_thumb_mcp": null,
"r_thumb_ip": null,
"r_thumb_tip": null,
"r_index_mcp": null,
"r_index_pip": null,
"r_index_dip": null,
"r_index_tip": null,
"r_middle_mcp": null,
"r_middle_pip": null,
"r_middle_dip": null,
"r_middle_tip": null,
"r_ring_mcp": null,
"r_ring_pip": null,
"r_ring_dip": null,
"r_ring_tip": null,
"r_pinky_mcp": null,
"r_pinky_pip": null,
"r_pinky_dip": null,
"r_pinky_tip": null
},
{
"l_hand_position": [
0.7150344252586365,
0.8386707305908203,
2.995990655563219e-07
],
"l_wrist": [
-0.002927049994468689,
0.06458854675292969,
0.06968013197183609
],
"l_thumb_cmc": [
-0.03284577280282974,
0.05060923844575882,
0.0343288779258728
],
"l_thumb_mcp": [
-0.04177199304103851,
0.04434280842542648,
0.011189216747879982
],
"l_thumb_ip": [
-0.058598265051841736,
0.0373770035803318,
-0.022076457738876343
],
"l_thumb_tip": [
-0.06624604761600494,
0.02466152422130108,
-0.045488979667425156
],
"l_index_mcp": [
-0.03012695349752903,
-0.005744847469031811,
-0.007474432233721018
],
"l_index_pip": [
-0.02843165397644043,
-0.028409726917743683,
-0.018746446818113327
],
"l_index_dip": [
-0.030421078205108643,
-0.04773518443107605,
-0.03461180254817009
],
"l_index_tip": [
-0.03228478133678436,
-0.053836144506931305,
-0.06609431654214859
],
"l_middle_mcp": [
-0.005341824144124985,
-0.007160024717450142,
0.0023749431129544973
],