{
"label": "_null",
"gestures": [
{
"l_hand_position": [
0.7361459732055664,
0.6175403594970703,
3.7903359384472424e-07
],
"l_wrist": [
-0.014020228758454323,
0.0825812965631485,
0.03347838297486305
],
"l_thumb_cmc": [
-0.016482746228575706,
0.06855475902557373,
0.00999932736158371
],
"l_thumb_mcp": [
-0.0028175581246614456,
0.05057791993021965,
-0.005843874532729387
],
"l_thumb_ip": [
0.012185225263237953,
0.030557870864868164,
-0.02421286702156067
],
"l_thumb_tip": [
0.024229345843195915,
0.00695932749658823,
-0.03912428766489029
],
"l_index_mcp": [
-0.01277946587651968,
-0.0029995832592248917,
-0.002406299812719226
],
"l_index_pip": [
-0.0005722278729081154,
-0.028798092156648636,
-0.007685083895921707
],
"l_index_dip": [
0.015736538916826248,
-0.0464823879301548,
-0.010731646791100502
],
"l_index_tip": [
0.033912673592567444,
-0.05837567523121834,
-0.027028990909457207
],
"l_middle_mcp": [
-0.004593478050082922,
-0.005448867566883564,
0.0034382224548608065
],
"l_middle_pip": [
0.010741287842392921,
-0.037169553339481354,
-0.005517899990081787
],
"l_middle_dip": [
0.02683234214782715,
-0.0535837821662426,
-0.02126464806497097
],
"l_middle_tip": [
0.045325856655836105,
-0.06565257906913757,
-0.03136821463704109
],
"l_ring_mcp": [
0.007874364033341408,
-0.0014080654364079237,
0.0012441972503438592
],
"l_ring_pip": [
0.02055187337100506,
-0.027321171015501022,
-0.008404823020100594
],
"l_ring_dip": [
0.0355958417057991,
-0.042892176657915115,
-0.021627476438879967
],
"l_ring_tip": [
0.05499584972858429,
-0.054887447506189346,
-0.032265834510326385
],
"l_pinky_mcp": [
0.01466598454862833,
0.012136499397456646,
0.0017861067317426205
],
"l_pinky_pip": [
0.0279683917760849,
-0.009588584303855896,
-0.00561529491096735
],
"l_pinky_dip": [
0.04043060541152954,
-0.027293633669614792,
-0.014102911576628685
],
"l_pinky_tip": [
0.052462827414274216,
-0.03908252716064453,
-0.01971193589270115
],
"r_hand_position": null,
"r_wrist": null,
"r_thumb_cmc": null,
"r_thumb_mcp": null,
"r_thumb_ip": null,
"r_thumb_tip": null,
"r_index_mcp": null,
"r_index_pip": null,
"r_index_dip": null,
"r_index_tip": null,
"r_middle_mcp": null,
"r_middle_pip": null,
"r_middle_dip": null,
"r_middle_tip": null,
"r_ring_mcp": null,
"r_ring_pip": null,
"r_ring_dip": null,
"r_ring_tip": null,
"r_pinky_mcp": null,
"r_pinky_pip": null,
"r_pinky_dip": null,
"r_pinky_tip": null
}
],
"framerate": 30,
"mirrorable": true
}