{
"label": "b",
"gestures": [
{
"l_hand_position": [
0.7717739343643188,
0.7494701147079468,
2.727672097080358e-07
],
"l_wrist": [
4.392862319946289e-05,
0.09534482657909393,
0.01088492851704359
],
"l_thumb_cmc": [
-0.028091635555028915,
0.07056714594364166,
0.011742518283426762
],
"l_thumb_mcp": [
-0.044854387640953064,
0.04781785234808922,
0.017877336591482162
],
"l_thumb_ip": [
-0.06304875761270523,
0.02140728570520878,
0.03207962214946747
],
"l_thumb_tip": [
-0.08365785330533981,
-0.003647802397608757,
0.04375796392560005
],
"l_index_mcp": [
-0.02330908551812172,
-0.00684001250192523,
0.013747596181929111
],
"l_index_pip": [
-0.017037352547049522,
-0.03771551698446274,
0.008723229169845581
],
"l_index_dip": [
-0.013904614374041557,
-0.0591803714632988,
0.00540541484951973
],
"l_index_tip": [
-0.01574650965631008,
-0.08259446173906326,
-0.010897230356931686
],
"l_middle_mcp": [
-0.0028577016200870275,
-0.006286406423896551,
0.007201984524726868
],
"l_middle_pip": [
0.0008749151602387428,
-0.04370594769716263,
-0.005728927440941334
],
"l_middle_dip": [
-0.00472668930888176,
-0.06725607812404633,
-0.013983962126076221
],
"l_middle_tip": [
-0.0027956459671258926,
-0.09479276090860367,
-0.01842585764825344
],
"l_ring_mcp": [
0.016027627512812614,
0.0005955267697572708,
-0.009379945695400238
],
"l_ring_pip": [
0.014739153906702995,
-0.028524335473775864,
-0.01747741363942623
],
"l_ring_dip": [
0.009226934984326363,
-0.05336272343993187,
-0.025492649525403976
],
"l_ring_tip": [
0.008073256351053715,
-0.07617038488388062,
-0.02926434576511383
],
"l_pinky_mcp": [
0.023909609764814377,
0.020012393593788147,
-0.01894344761967659
],
"l_pinky_pip": [
0.02571205422282219,
-0.004720281809568405,
-0.023221978917717934
],
"l_pinky_dip": [
0.02207936719059944,
-0.028849629685282707,
-0.031795013695955276
],
"l_pinky_tip": [
0.016926925629377365,
-0.04669123515486717,
-0.03884012624621391
],
"r_hand_position": null,
"r_wrist": null,
"r_thumb_cmc": null,
"r_thumb_mcp": null,
"r_thumb_ip": null,
"r_thumb_tip": null,
"r_index_mcp": null,
"r_index_pip": null,
"r_index_dip": null,
"r_index_tip": null,
"r_middle_mcp": null,
"r_middle_pip": null,
"r_middle_dip": null,
"r_middle_tip": null,
"r_ring_mcp": null,
"r_ring_pip": null,
"r_ring_dip": null,
"r_ring_tip": null,
"r_pinky_mcp": null,
"r_pinky_pip": null,
"r_pinky_dip": null,
"r_pinky_tip": null,
"l_hand_velocity": null,
"r_hand_velocity": null
}
],
"framerate": 30,
"mirrorable": true
}