{
"label": "b",
"gestures": [
{
"l_hand_position": [
0.8464680314064026,
0.80638587474823,
1.6687755532984738e-07
],
"l_wrist": [
-0.0029926039278507233,
0.09033326804637909,
0.027435561642050743
],
"l_thumb_cmc": [
-0.0302056223154068,
0.06918872147798538,
0.0016178642399609089
],
"l_thumb_mcp": [
-0.02914152480661869,
0.04626809433102608,
-0.012548668310046196
],
"l_thumb_ip": [
-0.005767775699496269,
0.019087720662355423,
-0.03316199406981468
],
"l_thumb_tip": [
0.02008160389959812,
0.01013029832392931,
-0.03593497723340988
],
"l_index_mcp": [
-0.02986934408545494,
-0.003942172974348068,
-0.005764530505985022
],
"l_index_pip": [
-0.037753280252218246,
-0.03152628615498543,
-0.013458152301609516
],
"l_index_dip": [
-0.04355410486459732,
-0.053195931017398834,
-0.02031569741666317
],
"l_index_tip": [
-0.054695092141628265,
-0.07171335816383362,
-0.039587829262018204
],
"l_middle_mcp": [
-0.004572251811623573,
-0.005602930672466755,
0.003986167721450329
],
"l_middle_pip": [
0.007501368410885334,
-0.04682450369000435,
-0.002002464374527335
],
"l_middle_dip": [
0.012473061680793762,
-0.07199711352586746,
-0.014730971306562424
],
"l_middle_tip": [
0.017848370596766472,
-0.09379416704177856,
-0.020837919786572456
],
"l_ring_mcp": [
0.019322015345096588,
-0.0008091381751000881,
0.0022759786807000637
],
"l_ring_pip": [
0.02856462076306343,
-0.02732216753065586,
-0.007703814189881086
],
"l_ring_dip": [
0.02950223907828331,
-0.05320778489112854,
-0.02182074636220932
],
"l_ring_tip": [
0.0338994637131691,
-0.06996126472949982,
-0.03105231374502182
],
"l_pinky_mcp": [
0.030629180371761322,
0.016230136156082153,
0.004415106028318405
],
"l_pinky_pip": [
0.03967992588877678,
-0.007236882112920284,
0.001605269848369062
],
"l_pinky_dip": [
0.043959975242614746,
-0.03367987275123596,
-0.007628563791513443
],
"l_pinky_tip": [
0.0414825938642025,
-0.04730427265167236,
-0.014017372392117977
],
"r_hand_position": null,
"r_wrist": null,
"r_thumb_cmc": null,
"r_thumb_mcp": null,
"r_thumb_ip": null,
"r_thumb_tip": null,
"r_index_mcp": null,
"r_index_pip": null,
"r_index_dip": null,
"r_index_tip": null,
"r_middle_mcp": null,
"r_middle_pip": null,
"r_middle_dip": null,
"r_middle_tip": null,
"r_ring_mcp": null,
"r_ring_pip": null,
"r_ring_dip": null,
"r_ring_tip": null,
"r_pinky_mcp": null,
"r_pinky_pip": null,
"r_pinky_dip": null,
"r_pinky_tip": null
}
],
"framerate": 30,
"mirrorable": true
}