{
"label": "b",
"gestures": [
{
"l_hand_position": [
0.6808432340621948,
0.59111487865448,
9.500307207588321e-09
],
"l_wrist": [
-0.0033565703779459,
0.06340695172548294,
0.06450901925563812
],
"l_thumb_cmc": [
0.017135480418801308,
0.03333667293190956,
0.05488935858011246
],
"l_thumb_mcp": [
0.02483171597123146,
0.01074756495654583,
0.0478459857404232
],
"l_thumb_ip": [
0.015351202338933945,
-0.00536319799721241,
0.030876947566866875
],
"l_thumb_tip": [
-1.874379813671112e-05,
-0.01369313895702362,
0.015301224775612354
],
"l_index_mcp": [
0.01515486091375351,
-0.006957885343581438,
-0.0006762829143553972
],
"l_index_pip": [
0.010451490059494972,
-0.02796200104057789,
-0.001438559964299202
],
"l_index_dip": [
0.005143526941537857,
-0.04648731276392937,
0.018886320292949677
],
"l_index_tip": [
-0.006511790677905083,
-0.052137941122055054,
0.04140336066484451
],
"l_middle_mcp": [
0.0005623591714538634,
-0.0008168107597157359,
-0.003010771470144391
],
"l_middle_pip": [
-0.003894512541592121,
-0.027514623478055,
-0.00037693913327530026
],
"l_middle_dip": [
-0.015617365017533302,
-0.04914539307355881,
0.018593667075037956
],
"l_middle_tip": [
-0.016203351318836212,
-0.05987781286239624,
0.050095394253730774
],
"l_ring_mcp": [
-0.008915720507502556,
0.0017013256438076496,
-0.0014881989918649197
],
"l_ring_pip": [
-0.015975387766957283,
-0.023416876792907715,
0.008274346590042114
],
"l_ring_dip": [
-0.021096009761095047,
-0.039540279656648636,
0.02913764677941799
],
"l_ring_tip": [
-0.022514404729008675,
-0.051287420094013214,
0.04915338754653931
],
"l_pinky_mcp": [
-0.027007032185792923,
0.01202540472149849,
0.010198601521551609
],
"l_pinky_pip": [
-0.0290424395352602,
-0.006885000970214605,
0.01687478832900524
],
"l_pinky_dip": [
-0.03140329569578171,
-0.025857556611299515,
0.030870795249938965
],
"l_pinky_tip": [
-0.03166202828288078,
-0.03322267532348633,
0.0446607880294323
],
"r_hand_position": null,
"r_wrist": null,
"r_thumb_cmc": null,
"r_thumb_mcp": null,
"r_thumb_ip": null,
"r_thumb_tip": null,
"r_index_mcp": null,
"r_index_pip": null,
"r_index_dip": null,
"r_index_tip": null,
"r_middle_mcp": null,
"r_middle_pip": null,
"r_middle_dip": null,
"r_middle_tip": null,
"r_ring_mcp": null,
"r_ring_pip": null,
"r_ring_dip": null,
"r_ring_tip": null,
"r_pinky_mcp": null,
"r_pinky_pip": null,
"r_pinky_dip": null,
"r_pinky_tip": null
}
],
"framerate": 30,
"mirrorable": true
}