{
"label": "b",
"gestures": [
{
"l_hand_position": null,
"l_wrist": null,
"l_thumb_cmc": null,
"l_thumb_mcp": null,
"l_thumb_ip": null,
"l_thumb_tip": null,
"l_index_mcp": null,
"l_index_pip": null,
"l_index_dip": null,
"l_index_tip": null,
"l_middle_mcp": null,
"l_middle_pip": null,
"l_middle_dip": null,
"l_middle_tip": null,
"l_ring_mcp": null,
"l_ring_pip": null,
"l_ring_dip": null,
"l_ring_tip": null,
"l_pinky_mcp": null,
"l_pinky_pip": null,
"l_pinky_dip": null,
"l_pinky_tip": null,
"r_hand_position": [
-0.15895462036132812,
0.2813248634338379,
-0.49999981335643895
],
"r_wrist": [
-0.013585645705461502,
0.09569977223873138,
0.002057247329503298
],
"r_thumb_cmc": [
0.016507156193256378,
0.06728386878967285,
-4.628014357876964e-05
],
"r_thumb_mcp": [
0.03283588960766792,
0.04118206724524498,
-0.00795846339315176
],
"r_thumb_ip": [
0.04003588482737541,
0.006759383715689182,
-0.016485031694173813
],
"r_thumb_tip": [
0.0396631583571434,
-0.023262590169906616,
-0.020264407619833946
],
"r_index_mcp": [
0.02337324433028698,
-0.003386976197361946,
0.009159109555184841
],
"r_index_pip": [
0.028076227754354477,
-0.03279995918273926,
0.0022757500410079956
],
"r_index_dip": [
0.029902294278144836,
-0.056196313351392746,
-0.0026825962122529745
],
"r_index_tip": [
0.028592310845851898,
-0.07578590512275696,
-0.02091146633028984
],
"r_middle_mcp": [
0.0015433820663020015,
-0.0050170510075986385,
0.0065871188417077065
],
"r_middle_pip": [
0.009348629042506218,
-0.04115330055356026,
-0.0010451815323904157
],
"r_middle_dip": [
0.01150323823094368,
-0.06680282205343246,
-0.01309354230761528
],
"r_middle_tip": [
0.015638431534171104,
-0.09039591252803802,
-0.023425832390785217
],
"r_ring_mcp": [
-0.015857333317399025,
-0.00033331336453557014,
-0.0054716081358492374
],
"r_ring_pip": [
-0.00960924569517374,
-0.0297047421336174,
-0.012947700917720795
],
"r_ring_dip": [
-0.005450055003166199,
-0.05215032771229744,
-0.02135743759572506
],
"r_ring_tip": [
0.0003001652657985687,
-0.0730973482131958,
-0.029705623164772987
],
"r_pinky_mcp": [
-0.03233838081359863,
0.014528230763971806,
-0.016201810911297798
],
"r_pinky_pip": [
-0.02937658689916134,
-0.009635460563004017,
-0.01949111931025982
],
"r_pinky_dip": [
-0.024137012660503387,
-0.03234279900789261,
-0.02526547946035862
],
"r_pinky_tip": [
-0.02075570821762085,
-0.051408566534519196,
-0.030841166153550148
],
"l_hand_velocity": null,
"r_hand_velocity": null
}
],
"framerate": 30,
"mirrorable": true
}