{
"label": "b",
"gestures": [
{
"l_hand_position": null,
"l_wrist": null,
"l_thumb_cmc": null,
"l_thumb_mcp": null,
"l_thumb_ip": null,
"l_thumb_tip": null,
"l_index_mcp": null,
"l_index_pip": null,
"l_index_dip": null,
"l_index_tip": null,
"l_middle_mcp": null,
"l_middle_pip": null,
"l_middle_dip": null,
"l_middle_tip": null,
"l_ring_mcp": null,
"l_ring_pip": null,
"l_ring_dip": null,
"l_ring_tip": null,
"l_pinky_mcp": null,
"l_pinky_pip": null,
"l_pinky_dip": null,
"l_pinky_tip": null,
"r_hand_position": [
-0.3653308004140854,
0.22827106714248657,
-0.49999981178031305
],
"r_wrist": [
-0.002464164048433304,
0.09833857417106628,
-0.017026584595441818
],
"r_thumb_cmc": [
0.028129052370786667,
0.07207164168357849,
-0.022346360608935356
],
"r_thumb_mcp": [
0.047877226024866104,
0.04296182841062546,
-0.029426855966448784
],
"r_thumb_ip": [
0.047822967171669006,
0.005223417654633522,
-0.03837676718831062
],
"r_thumb_tip": [
0.03129220008850098,
-0.021095916628837585,
-0.03780535236001015
],
"r_index_mcp": [
0.027820821851491928,
-0.0041070133447647095,
0.004268912132829428
],
"r_index_pip": [
0.028717417269945145,
-0.032093871384859085,
-4.1467756091151386e-05
],
"r_index_dip": [
0.027347246184945107,
-0.05966739356517792,
-0.004897356498986483
],
"r_index_tip": [
0.024405773729085922,
-0.07664506137371063,
-0.021966904401779175
],
"r_middle_mcp": [
0.001363561605103314,
-0.005908035673201084,
0.007819311693310738
],
"r_middle_pip": [
0.0032870806753635406,
-0.04435335844755173,
0.0035910431761294603
],
"r_middle_dip": [
0.004052037373185158,
-0.07099403440952301,
-0.00997408851981163
],
"r_middle_tip": [
0.01012413576245308,
-0.09415305405855179,
-0.02031131647527218
],
"r_ring_mcp": [
-0.02024117298424244,
-4.507135599851608e-05,
-0.002517170738428831
],
"r_ring_pip": [
-0.016944313421845436,
-0.03487008064985275,
-0.010475621558725834
],
"r_ring_dip": [
-0.011980820447206497,
-0.0535089448094368,
-0.02182946354150772
],
"r_ring_tip": [
-0.0070098936557769775,
-0.07190737128257751,
-0.03592129051685333
],
"r_pinky_mcp": [
-0.037754129618406296,
0.014510715380311012,
-0.013025254011154175
],
"r_pinky_pip": [
-0.03555037081241608,
-0.010015049949288368,
-0.015179811976850033
],
"r_pinky_dip": [
-0.02968529239296913,
-0.03368202596902847,
-0.024135302752256393
],
"r_pinky_tip": [
-0.02400200068950653,
-0.050195589661598206,
-0.03031715750694275
]
}
],
"framerate": 30,
"mirrorable": true
}