{
"label": "b",
"gestures": [
{
"l_hand_position": null,
"l_wrist": null,
"l_thumb_cmc": null,
"l_thumb_mcp": null,
"l_thumb_ip": null,
"l_thumb_tip": null,
"l_index_mcp": null,
"l_index_pip": null,
"l_index_dip": null,
"l_index_tip": null,
"l_middle_mcp": null,
"l_middle_pip": null,
"l_middle_dip": null,
"l_middle_tip": null,
"l_ring_mcp": null,
"l_ring_pip": null,
"l_ring_dip": null,
"l_ring_tip": null,
"l_pinky_mcp": null,
"l_pinky_pip": null,
"l_pinky_dip": null,
"l_pinky_tip": null,
"r_hand_position": [
-0.24187123775482178,
0.2573350667953491,
-0.4999994861987602
],
"r_wrist": [
-0.03201862424612045,
0.08444516360759735,
0.02562870644032955
],
"r_thumb_cmc": [
0.003728039562702179,
0.0663921982049942,
0.014066208153963089
],
"r_thumb_mcp": [
0.0205722376704216,
0.04805031418800354,
-0.002572143916040659
],
"r_thumb_ip": [
0.020721077919006348,
0.026339471340179443,
-0.026518171653151512
],
"r_thumb_tip": [
-0.006772366352379322,
0.013209369964897633,
-0.03357802703976631
],
"r_index_mcp": [
0.026558805257081985,
-0.00042317062616348267,
0.004424735438078642
],
"r_index_pip": [
0.041123297065496445,
-0.022798728197813034,
-0.006620294880121946
],
"r_index_dip": [
0.051915474236011505,
-0.04041387140750885,
-0.008312806487083435
],
"r_index_tip": [
0.05977782607078552,
-0.0558617040514946,
-0.030730824917554855
],
"r_middle_mcp": [
0.0027691067662090063,
-0.006086430512368679,
0.005109603516757488
],
"r_middle_pip": [
0.00965934433043003,
-0.03806562349200249,
-0.005889032036066055
],
"r_middle_dip": [
0.010895812883973122,
-0.06416922807693481,
-0.017940420657396317
],
"r_middle_tip": [
0.015062689781188965,
-0.08703464269638062,
-0.03202349320054054
],
"r_ring_mcp": [
-0.01628982275724411,
-0.0013763997703790665,
-0.003041105344891548
],
"r_ring_pip": [
-0.009404607117176056,
-0.030062302947044373,
-0.014895601198077202
],
"r_ring_dip": [
-0.005513552576303482,
-0.052211660891771317,
-0.024461407214403152
],
"r_ring_tip": [
-0.0016583539545536041,
-0.0760204941034317,
-0.03158603236079216
],
"r_pinky_mcp": [
-0.036020174622535706,
0.012060380540788174,
-0.009345168247818947
],
"r_pinky_pip": [
-0.03206801787018776,
-0.009018932469189167,
-0.012638996355235577
],
"r_pinky_dip": [
-0.024261903017759323,
-0.03279644995927811,
-0.015323706902563572
],
"r_pinky_tip": [
-0.01791725866496563,
-0.05147192254662514,
-0.022632870823144913
]
}
],
"framerate": 30,
"mirrorable": true
}