{
"label": "b",
"gestures": [
{
"l_hand_position": [
0.9418125152587891,
0.7856515645980835,
2.757138872766518e-07
],
"l_wrist": [
0.008402995765209198,
0.09353062510490417,
0.018582049757242203
],
"l_thumb_cmc": [
-0.019504262134432793,
0.07391047477722168,
0.004818689543753862
],
"l_thumb_mcp": [
-0.023580316454172134,
0.04839217662811279,
-0.007062448188662529
],
"l_thumb_ip": [
-0.025293350219726562,
0.01901799999177456,
-0.02232861891388893
],
"l_thumb_tip": [
-0.032812949270009995,
-0.007988808676600456,
-0.03195939213037491
],
"l_index_mcp": [
-0.026304814964532852,
-0.002262663561850786,
0.0037798183038830757
],
"l_index_pip": [
-0.02443988434970379,
-0.03128471225500107,
-0.0025418263394385576
],
"l_index_dip": [
-0.02482433244585991,
-0.0551581047475338,
-0.010493619367480278
],
"l_index_tip": [
-0.026908859610557556,
-0.0738367885351181,
-0.031716201454401016
],
"l_middle_mcp": [
-0.0047310469672083855,
-0.004418422468006611,
0.0051959846168756485
],
"l_middle_pip": [
-0.0036572664976119995,
-0.04296097904443741,
-0.0033561845775693655
],
"l_middle_dip": [
-0.009676218032836914,
-0.06875898689031601,
-0.019282663241028786
],
"l_middle_tip": [
-0.013889128342270851,
-0.0934377983212471,
-0.03629513829946518
],
"l_ring_mcp": [
0.016531512141227722,
-0.001728593371808529,
-0.002639214741066098
],
"l_ring_pip": [
0.016659308224916458,
-0.031067196279764175,
-0.01285874005407095
],
"l_ring_dip": [
0.009003405459225178,
-0.054478809237480164,
-0.026860831305384636
],
"l_ring_tip": [
0.0025435984134674072,
-0.0740709900856018,
-0.039571311324834824
],
"l_pinky_mcp": [
0.029960529878735542,
0.015605154447257519,
-0.006073975004255772
],
"l_pinky_pip": [
0.033943720161914825,
-0.008386320434510708,
-0.011477758176624775
],
"l_pinky_dip": [
0.030279722064733505,
-0.032911431044340134,
-0.023381071165204048
],
"l_pinky_tip": [
0.021509729325771332,
-0.04939119890332222,
-0.03265874460339546
],
"r_hand_position": null,
"r_wrist": null,
"r_thumb_cmc": null,
"r_thumb_mcp": null,
"r_thumb_ip": null,
"r_thumb_tip": null,
"r_index_mcp": null,
"r_index_pip": null,
"r_index_dip": null,
"r_index_tip": null,
"r_middle_mcp": null,
"r_middle_pip": null,
"r_middle_dip": null,
"r_middle_tip": null,
"r_ring_mcp": null,
"r_ring_pip": null,
"r_ring_dip": null,
"r_ring_tip": null,
"r_pinky_mcp": null,
"r_pinky_pip": null,
"r_pinky_dip": null,
"r_pinky_tip": null,
"l_hand_velocity": null,
"r_hand_velocity": null
}
],
"framerate": 30,
"mirrorable": true
}