{
"label": "b",
"gestures": [
{
"l_hand_position": null,
"l_wrist": null,
"l_thumb_cmc": null,
"l_thumb_mcp": null,
"l_thumb_ip": null,
"l_thumb_tip": null,
"l_index_mcp": null,
"l_index_pip": null,
"l_index_dip": null,
"l_index_tip": null,
"l_middle_mcp": null,
"l_middle_pip": null,
"l_middle_dip": null,
"l_middle_tip": null,
"l_ring_mcp": null,
"l_ring_pip": null,
"l_ring_dip": null,
"l_ring_tip": null,
"l_pinky_mcp": null,
"l_pinky_pip": null,
"l_pinky_dip": null,
"l_pinky_tip": null,
"r_hand_position": [
-0.2319549024105072,
0.2636699080467224,
-0.4999993511879097
],
"r_wrist": [
-0.017549723386764526,
0.08521803468465805,
0.03613656386733055
],
"r_thumb_cmc": [
0.011535435914993286,
0.06646043807268143,
0.017776155844330788
],
"r_thumb_mcp": [
0.025392282754182816,
0.04713407903909683,
-0.007661337964236736
],
"r_thumb_ip": [
0.016966158524155617,
0.02212110534310341,
-0.03732844069600105
],
"r_thumb_tip": [
-0.006613610312342644,
0.013352608308196068,
-0.04513438791036606
],
"r_index_mcp": [
0.025516832247376442,
-0.0019948994740843773,
-0.0036552888341248035
],
"r_index_pip": [
0.03958487883210182,
-0.02375522255897522,
-0.014388549141585827
],
"r_index_dip": [
0.04809317737817764,
-0.041716426610946655,
-0.017249425873160362
],
"r_index_tip": [
0.054733652621507645,
-0.055011291056871414,
-0.03846634179353714
],
"r_middle_mcp": [
0.0022460573818534613,
-0.006370767951011658,
0.00404965877532959
],
"r_middle_pip": [
0.011651238426566124,
-0.03895203769207001,
-0.01035909540951252
],
"r_middle_dip": [
0.010215342044830322,
-0.05988291651010513,
-0.025204870849847794
],
"r_middle_tip": [
0.01438678428530693,
-0.08180403709411621,
-0.044855888932943344
],
"r_ring_mcp": [
-0.017378028482198715,
-0.00109549006447196,
0.0013309925561770797
],
"r_ring_pip": [
-0.019725307822227478,
-0.03120432049036026,
-0.01279930118471384
],
"r_ring_dip": [
-0.019818894565105438,
-0.051618557423353195,
-0.026767628267407417
],
"r_ring_tip": [
-0.018847042694687843,
-0.0714263916015625,
-0.04085424542427063
],
"r_pinky_mcp": [
-0.037397317588329315,
0.01396168489009142,
0.002003878355026245
],
"r_pinky_pip": [
-0.04951544478535652,
-0.0052270349115133286,
-0.0020031037274748087
],
"r_pinky_dip": [
-0.05851905792951584,
-0.02663588337600231,
-0.010492862202227116
],
"r_pinky_tip": [
-0.06251159310340881,
-0.04342571273446083,
-0.022805307060480118
]
}
],
"framerate": 30,
"mirrorable": true
}