{
"label": "b",
"gestures": [
{
"l_hand_position": [
0.766122579574585,
0.7389777898788452,
3.460580728642526e-07
],
"l_wrist": [
-0.003361538052558899,
0.08964817225933075,
0.02250838279724121
],
"l_thumb_cmc": [
-0.03125759959220886,
0.06507677584886551,
0.014846345409750938
],
"l_thumb_mcp": [
-0.047144971787929535,
0.043440964072942734,
0.015045255422592163
],
"l_thumb_ip": [
-0.06718534231185913,
0.019046571105718613,
0.021658699959516525
],
"l_thumb_tip": [
-0.08747118711471558,
-0.006624285131692886,
0.0278987605124712
],
"l_index_mcp": [
-0.023281585425138474,
-0.006782566662877798,
0.007961551658809185
],
"l_index_pip": [
-0.015929877758026123,
-0.03641415387392044,
0.0028634793125092983
],
"l_index_dip": [
-0.0128256157040596,
-0.05923202633857727,
-0.0019890828989446163
],
"l_index_tip": [
-0.013953905552625656,
-0.07695284485816956,
-0.020027460530400276
],
"l_middle_mcp": [
-0.0026489002630114555,
-0.005813382565975189,
0.005460293497890234
],
"l_middle_pip": [
0.0024307044222950935,
-0.042247697710990906,
-0.007223187014460564
],
"l_middle_dip": [
-0.0010203663259744644,
-0.06510340422391891,
-0.018090054392814636
],
"l_middle_tip": [
0.0005663055926561356,
-0.08915489166975021,
-0.025570321828126907
],
"l_ring_mcp": [
0.016421742737293243,
0.0015558702871203423,
-0.0055719660595059395
],
"l_ring_pip": [
0.016265876591205597,
-0.027332734316587448,
-0.013928696513175964
],
"l_ring_dip": [
0.012938407249748707,
-0.051269397139549255,
-0.023075975477695465
],
"l_ring_tip": [
0.008531546220183372,
-0.07184335589408875,
-0.028916900977492332
],
"l_pinky_mcp": [
0.02358449622988701,
0.02008279599249363,
-0.009472398087382317
],
"l_pinky_pip": [
0.02796456776559353,
-0.003927774727344513,
-0.013446599245071411
],
"l_pinky_dip": [
0.026998402550816536,
-0.027578555047512054,
-0.023303022608160973
],
"l_pinky_tip": [
0.021323513239622116,
-0.04369736090302467,
-0.030129507184028625
],
"r_hand_position": null,
"r_wrist": null,
"r_thumb_cmc": null,
"r_thumb_mcp": null,
"r_thumb_ip": null,
"r_thumb_tip": null,
"r_index_mcp": null,
"r_index_pip": null,
"r_index_dip": null,
"r_index_tip": null,
"r_middle_mcp": null,
"r_middle_pip": null,
"r_middle_dip": null,
"r_middle_tip": null,
"r_ring_mcp": null,
"r_ring_pip": null,
"r_ring_dip": null,
"r_ring_tip": null,
"r_pinky_mcp": null,
"r_pinky_pip": null,
"r_pinky_dip": null,
"r_pinky_tip": null,
"l_hand_velocity": null,
"r_hand_velocity": null
}
],
"framerate": 30,
"mirrorable": true
}