{
"label": "b",
"gestures": [
{
"l_hand_position": [
0.5485283732414246,
0.7444333434104919,
-4.1238539694177234e-08
],
"l_wrist": [
0.007469406351447105,
0.09511469304561615,
0.004387859720736742
],
"l_thumb_cmc": [
-0.02010198123753071,
0.07248301059007645,
-0.003908514976501465
],
"l_thumb_mcp": [
-0.03058624267578125,
0.04482375830411911,
-0.016804728657007217
],
"l_thumb_ip": [
-0.03656601533293724,
0.01281689666211605,
-0.03366275131702423
],
"l_thumb_tip": [
-0.03750847280025482,
-0.01887345314025879,
-0.0422835610806942
],
"l_index_mcp": [
-0.02693924307823181,
-0.001423629466444254,
0.006280023604631424
],
"l_index_pip": [
-0.026658181101083755,
-0.03219914436340332,
0.0003574823203962296
],
"l_index_dip": [
-0.02893039956688881,
-0.055302608758211136,
-0.006427838001400232
],
"l_index_tip": [
-0.03306383639574051,
-0.07447344809770584,
-0.025955040007829666
],
"l_middle_mcp": [
-0.004628128372132778,
-0.004584215581417084,
0.0068995594047009945
],
"l_middle_pip": [
-0.007229939103126526,
-0.0426115021109581,
-0.002851832890883088
],
"l_middle_dip": [
-0.01580638997256756,
-0.06606657803058624,
-0.015506711788475513
],
"l_middle_tip": [
-0.02079492248594761,
-0.08943025022745132,
-0.029311340302228928
],
"l_ring_mcp": [
0.019044097512960434,
-0.0010156701318919659,
-0.0033515137620270252
],
"l_ring_pip": [
0.013453313149511814,
-0.031061211600899696,
-0.012609060853719711
],
"l_ring_dip": [
0.005749238654971123,
-0.055106595158576965,
-0.02570216916501522
],
"l_ring_tip": [
-0.003253033384680748,
-0.0770973414182663,
-0.039031848311424255
],
"l_pinky_mcp": [
0.029833797365427017,
0.01417977549135685,
-0.013674148358404636
],
"l_pinky_pip": [
0.0296768881380558,
-0.009371388703584671,
-0.01692209020256996
],
"l_pinky_dip": [
0.025761853903532028,
-0.033040229231119156,
-0.026050377637147903
],
"l_pinky_tip": [
0.016772616654634476,
-0.051162369549274445,
-0.0385543555021286
],
"r_hand_position": null,
"r_wrist": null,
"r_thumb_cmc": null,
"r_thumb_mcp": null,
"r_thumb_ip": null,
"r_thumb_tip": null,
"r_index_mcp": null,
"r_index_pip": null,
"r_index_dip": null,
"r_index_tip": null,
"r_middle_mcp": null,
"r_middle_pip": null,
"r_middle_dip": null,
"r_middle_tip": null,
"r_ring_mcp": null,
"r_ring_pip": null,
"r_ring_dip": null,
"r_ring_tip": null,
"r_pinky_mcp": null,
"r_pinky_pip": null,
"r_pinky_dip": null,
"r_pinky_tip": null
}
],
"framerate": 30,
"mirrorable": true
}