{
"label": "b",
"gestures": [
{
"l_hand_position": null,
"l_wrist": null,
"l_thumb_cmc": null,
"l_thumb_mcp": null,
"l_thumb_ip": null,
"l_thumb_tip": null,
"l_index_mcp": null,
"l_index_pip": null,
"l_index_dip": null,
"l_index_tip": null,
"l_middle_mcp": null,
"l_middle_pip": null,
"l_middle_dip": null,
"l_middle_tip": null,
"l_ring_mcp": null,
"l_ring_pip": null,
"l_ring_dip": null,
"l_ring_tip": null,
"l_pinky_mcp": null,
"l_pinky_pip": null,
"l_pinky_dip": null,
"l_pinky_tip": null,
"r_hand_position": [
-0.19147568941116333,
0.26892077922821045,
-0.49999990334510613
],
"r_wrist": [
-0.013509858399629593,
0.096371591091156,
-0.008452201262116432
],
"r_thumb_cmc": [
0.0161031074821949,
0.07053735852241516,
-0.010878554545342922
],
"r_thumb_mcp": [
0.03178071230649948,
0.04348769038915634,
-0.019428446888923645
],
"r_thumb_ip": [
0.03033023700118065,
0.008566278964281082,
-0.03246522694826126
],
"r_thumb_tip": [
0.024674654006958008,
-0.021981442347168922,
-0.041554953902959824
],
"r_index_mcp": [
0.023355284705758095,
-0.0024692025035619736,
0.0092019597068429
],
"r_index_pip": [
0.02539348602294922,
-0.030567578971385956,
0.001924772746860981
],
"r_index_dip": [
0.02620331011712551,
-0.0558137521147728,
-0.0017320782644674182
],
"r_index_tip": [
0.022355196997523308,
-0.0750664547085762,
-0.016972146928310394
],
"r_middle_mcp": [
0.0009969514794647694,
-0.0056017618626356125,
0.007904773578047752
],
"r_middle_pip": [
0.007452835328876972,
-0.04290848597884178,
0.0013379238080233335
],
"r_middle_dip": [
0.008522719144821167,
-0.06643334031105042,
-0.01103631965816021
],
"r_middle_tip": [
0.012449365109205246,
-0.09011111408472061,
-0.0212672408670187
],
"r_ring_mcp": [
-0.016114575788378716,
-0.001122218556702137,
-0.005275943782180548
],
"r_ring_pip": [
-0.010332155972719193,
-0.03222772479057312,
-0.011549370363354683
],
"r_ring_dip": [
-0.005330508574843407,
-0.05326291173696518,
-0.018868764862418175
],
"r_ring_tip": [
-0.0014076456427574158,
-0.07427878677845001,
-0.028072737157344818
],
"r_pinky_mcp": [
-0.0315498448908329,
0.013855653814971447,
-0.017090260982513428
],
"r_pinky_pip": [
-0.02963992767035961,
-0.0111708864569664,
-0.019462276250123978
],
"r_pinky_dip": [
-0.0236219335347414,
-0.0356568805873394,
-0.02448767051100731
],
"r_pinky_tip": [
-0.01940726302564144,
-0.05339784175157547,
-0.03212786838412285
],
"l_hand_velocity": null,
"r_hand_velocity": null
}
],
"framerate": 30,
"mirrorable": true
}