{
"label": "b",
"gestures": [
{
"l_hand_position": null,
"l_wrist": null,
"l_thumb_cmc": null,
"l_thumb_mcp": null,
"l_thumb_ip": null,
"l_thumb_tip": null,
"l_index_mcp": null,
"l_index_pip": null,
"l_index_dip": null,
"l_index_tip": null,
"l_middle_mcp": null,
"l_middle_pip": null,
"l_middle_dip": null,
"l_middle_tip": null,
"l_ring_mcp": null,
"l_ring_pip": null,
"l_ring_dip": null,
"l_ring_tip": null,
"l_pinky_mcp": null,
"l_pinky_pip": null,
"l_pinky_dip": null,
"l_pinky_tip": null,
"r_hand_position": [
-0.2246503233909607,
0.22048819065093994,
-0.4999997765037989
],
"r_wrist": [
-0.06160316616296768,
0.0642353892326355,
0.008646821603178978
],
"r_thumb_cmc": [
-0.027211133390665054,
0.05713845044374466,
0.01532592624425888
],
"r_thumb_mcp": [
0.0035929102450609207,
0.04921039193868637,
0.02581867389380932
],
"r_thumb_ip": [
0.03418935835361481,
0.03906552866101265,
0.0360536091029644
],
"r_thumb_tip": [
0.05791828781366348,
0.02761087939143181,
0.04487888514995575
],
"r_index_mcp": [
0.01679310016334057,
0.004031878896057606,
0.019585585221648216
],
"r_index_pip": [
0.037014469504356384,
-0.01595332846045494,
0.012967762537300587
],
"r_index_dip": [
0.050290822982788086,
-0.032598186284303665,
0.012283769436180592
],
"r_index_tip": [
0.0635237768292427,
-0.05167785659432411,
0.00019659535610117018
],
"r_middle_mcp": [
0.0027623968198895454,
-0.004529871046543121,
0.006910539697855711
],
"r_middle_pip": [
0.030824758112430573,
-0.028899112716317177,
-0.00037115963641554117
],
"r_middle_dip": [
0.04426250234246254,
-0.05218371003866196,
-0.00894834566861391
],
"r_middle_tip": [
0.06328853964805603,
-0.07337182760238647,
-0.011030890978872776
],
"r_ring_mcp": [
-0.009575369767844677,
-0.005200796760618687,
-0.012664164416491985
],
"r_ring_pip": [
0.011863715946674347,
-0.026963118463754654,
-0.019703945145010948
],
"r_ring_dip": [
0.02558961883187294,
-0.0466747060418129,
-0.027172688394784927
],
"r_ring_tip": [
0.04193231463432312,
-0.06647758185863495,
-0.028325118124485016
],
"r_pinky_mcp": [
-0.028499267995357513,
0.001661248505115509,
-0.026388943195343018
],
"r_pinky_pip": [
-0.014040203765034676,
-0.014156450517475605,
-0.03198849409818649
],
"r_pinky_dip": [
0.00519062764942646,
-0.02992626279592514,
-0.03892083093523979
],
"r_pinky_tip": [
0.01852051168680191,
-0.04384545981884003,
-0.04376868158578873
],
"l_hand_velocity": null,
"r_hand_velocity": null
}
],
"framerate": 30,
"mirrorable": true
}