{
"label": "b",
"gestures": [
{
"l_hand_position": [
0.7153416275978088,
0.6333792209625244,
-3.888360566861593e-08
],
"l_wrist": [
-0.006695907562971115,
0.06742620468139648,
0.05308656021952629
],
"l_thumb_cmc": [
0.011672546155750751,
0.039435259997844696,
0.0476469062268734
],
"l_thumb_mcp": [
0.02181386388838291,
0.014536135829985142,
0.05145380273461342
],
"l_thumb_ip": [
0.013883347623050213,
-0.0017411159351468086,
0.04846779257059097
],
"l_thumb_tip": [
-0.0018645180389285088,
-0.013747014105319977,
0.03730160370469093
],
"l_index_mcp": [
0.015561212785542011,
-0.004274728242307901,
0.0026672191452234983
],
"l_index_pip": [
0.013819960877299309,
-0.026737013831734657,
-0.005208723712712526
],
"l_index_dip": [
0.012768740765750408,
-0.05122239515185356,
0.004447588697075844
],
"l_index_tip": [
0.003360789269208908,
-0.07750125974416733,
0.014537657611072063
],
"l_middle_mcp": [
0.002058606594800949,
-0.0018553779227659106,
-0.0022124757524579763
],
"l_middle_pip": [
-0.00012618489563465118,
-0.030916396528482437,
-0.010925859212875366
],
"l_middle_dip": [
-0.006736846640706062,
-0.06375331431627274,
-0.005928777623921633
],
"l_middle_tip": [
-0.006164152175188065,
-0.0931665301322937,
0.009361669421195984
],
"l_ring_mcp": [
-0.010682286694645882,
0.001179245300590992,
-0.00312037393450737
],
"l_ring_pip": [
-0.011554516851902008,
-0.021196940913796425,
-0.005023017525672913
],
"l_ring_dip": [
-0.016201408579945564,
-0.05305856093764305,
0.0011636781273409724
],
"l_ring_tip": [
-0.015442796051502228,
-0.08016516268253326,
0.017433829605579376
],
"l_pinky_mcp": [
-0.027224047109484673,
0.0114186592400074,
0.0083536421880126
],
"l_pinky_pip": [
-0.02598501555621624,
-0.007402843330055475,
0.006562619935721159
],
"l_pinky_dip": [
-0.02506875991821289,
-0.03154996410012245,
0.00914529338479042
],
"l_pinky_tip": [
-0.022716965526342392,
-0.04883142560720444,
0.01229872927069664
],
"r_hand_position": null,
"r_wrist": null,
"r_thumb_cmc": null,
"r_thumb_mcp": null,
"r_thumb_ip": null,
"r_thumb_tip": null,
"r_index_mcp": null,
"r_index_pip": null,
"r_index_dip": null,
"r_index_tip": null,
"r_middle_mcp": null,
"r_middle_pip": null,
"r_middle_dip": null,
"r_middle_tip": null,
"r_ring_mcp": null,
"r_ring_pip": null,
"r_ring_dip": null,
"r_ring_tip": null,
"r_pinky_mcp": null,
"r_pinky_pip": null,
"r_pinky_dip": null,
"r_pinky_tip": null
}
],
"framerate": 30,
"mirrorable": true
}