{
"label": "b",
"gestures": [
{
"l_hand_position": null,
"l_wrist": null,
"l_thumb_cmc": null,
"l_thumb_mcp": null,
"l_thumb_ip": null,
"l_thumb_tip": null,
"l_index_mcp": null,
"l_index_pip": null,
"l_index_dip": null,
"l_index_tip": null,
"l_middle_mcp": null,
"l_middle_pip": null,
"l_middle_dip": null,
"l_middle_tip": null,
"l_ring_mcp": null,
"l_ring_pip": null,
"l_ring_dip": null,
"l_ring_tip": null,
"l_pinky_mcp": null,
"l_pinky_pip": null,
"l_pinky_dip": null,
"l_pinky_tip": null,
"r_hand_position": [
-0.23566818237304688,
0.2848730683326721,
-0.49999964704448985
],
"r_wrist": [
-0.01731124147772789,
0.09142870455980301,
0.01780247502028942
],
"r_thumb_cmc": [
0.012331483885645866,
0.07067956775426865,
0.005262313410639763
],
"r_thumb_mcp": [
0.027812641113996506,
0.04821879416704178,
-0.013223127461969852
],
"r_thumb_ip": [
0.02227368764579296,
0.020854800939559937,
-0.03484225273132324
],
"r_thumb_tip": [
-0.008841942995786667,
0.013660010881721973,
-0.03388886898756027
],
"r_index_mcp": [
0.027150670066475868,
-0.002764795906841755,
-0.0015307660214602947
],
"r_index_pip": [
0.03574277460575104,
-0.030838102102279663,
-0.0101289888843894
],
"r_index_dip": [
0.0401918888092041,
-0.04897337779402733,
-0.013413920998573303
],
"r_index_tip": [
0.041716624051332474,
-0.0644928440451622,
-0.03680960461497307
],
"r_middle_mcp": [
0.002270061057060957,
-0.005892221815884113,
0.005036693066358566
],
"r_middle_pip": [
0.009198113344609737,
-0.040658291429281235,
-0.00457254983484745
],
"r_middle_dip": [
0.006165768951177597,
-0.06320017576217651,
-0.017009712755680084
],
"r_middle_tip": [
0.008192513138055801,
-0.08342213183641434,
-0.03561422973871231
],
"r_ring_mcp": [
-0.018765142187476158,
-0.0013592415489256382,
0.0006185625679790974
],
"r_ring_pip": [
-0.013624662533402443,
-0.02772558480501175,
-0.010357396677136421
],
"r_ring_dip": [
-0.010610472410917282,
-0.050114672631025314,
-0.023139294236898422
],
"r_ring_tip": [
-0.005818730220198631,
-0.07032648473978043,
-0.03563836216926575
],
"r_pinky_mcp": [
-0.03865620493888855,
0.016044490039348602,
-0.0028358381241559982
],
"r_pinky_pip": [
-0.0438748337328434,
-0.005204854533076286,
-0.004381054081022739
],
"r_pinky_dip": [
-0.047858525067567825,
-0.029440980404615402,
-0.01025667879730463
],
"r_pinky_tip": [
-0.049541372805833817,
-0.04791697859764099,
-0.02144489623606205
],
"l_hand_velocity": null,
"r_hand_velocity": null
}
],
"framerate": 30,
"mirrorable": true,
"invalid": false
}