{
"label": "b",
"gestures": [
{
"l_hand_position": null,
"l_wrist": null,
"l_thumb_cmc": null,
"l_thumb_mcp": null,
"l_thumb_ip": null,
"l_thumb_tip": null,
"l_index_mcp": null,
"l_index_pip": null,
"l_index_dip": null,
"l_index_tip": null,
"l_middle_mcp": null,
"l_middle_pip": null,
"l_middle_dip": null,
"l_middle_tip": null,
"l_ring_mcp": null,
"l_ring_pip": null,
"l_ring_dip": null,
"l_ring_tip": null,
"l_pinky_mcp": null,
"l_pinky_pip": null,
"l_pinky_dip": null,
"l_pinky_tip": null,
"r_hand_position": [
-0.1471027433872223,
0.2362051010131836,
-0.4999999016992902
],
"r_wrist": [
-0.011018183082342148,
0.09991896152496338,
-0.01692226529121399
],
"r_thumb_cmc": [
0.018505368381738663,
0.07378430664539337,
-0.015118896961212158
],
"r_thumb_mcp": [
0.036695949733257294,
0.044833578169345856,
-0.019794978201389313
],
"r_thumb_ip": [
0.036954186856746674,
0.009920046664774418,
-0.02820698916912079
],
"r_thumb_tip": [
0.024845413863658905,
-0.017152486369013786,
-0.03357671946287155
],
"r_index_mcp": [
0.024373745545744896,
-0.002945907413959503,
0.010551277548074722
],
"r_index_pip": [
0.025888651609420776,
-0.029813017696142197,
0.004895768593996763
],
"r_index_dip": [
0.026954974979162216,
-0.05470598489046097,
0.001969357021152973
],
"r_index_tip": [
0.022990278899669647,
-0.07338476181030273,
-0.013380683027207851
],
"r_middle_mcp": [
0.0010625901632010937,
-0.005486425943672657,
0.008177421987056732
],
"r_middle_pip": [
0.006590606644749641,
-0.042941927909851074,
0.0026611932553350925
],
"r_middle_dip": [
0.009331578388810158,
-0.06618798524141312,
-0.00869768112897873
],
"r_middle_tip": [
0.014942348003387451,
-0.08805795758962631,
-0.01702389121055603
],
"r_ring_mcp": [
-0.01722567155957222,
-0.0012069754302501678,
-0.00622574333101511
],
"r_ring_pip": [
-0.01059740036725998,
-0.033039599657058716,
-0.012025265023112297
],
"r_ring_dip": [
-0.005307376384735107,
-0.05318039283156395,
-0.018624015152454376
],
"r_ring_tip": [
-0.0011923499405384064,
-0.0725024938583374,
-0.0250568650662899
],
"r_pinky_mcp": [
-0.032246582210063934,
0.013752629049122334,
-0.01908218488097191
],
"r_pinky_pip": [
-0.030331792309880257,
-0.01151062361896038,
-0.020276524126529694
],
"r_pinky_dip": [
-0.023008687421679497,
-0.03648948669433594,
-0.0250840000808239
],
"r_pinky_tip": [
-0.01860244944691658,
-0.05328856408596039,
-0.029762960970401764
],
"l_hand_velocity": null,
"r_hand_velocity": null
}
],
"framerate": 30,
"mirrorable": true
}