{
"label": "b",
"gestures": [
{
"l_hand_position": [
0.6261526942253113,
0.7397969961166382,
1.0611648804115248e-07
],
"l_wrist": [
0.01195882260799408,
0.09642631560564041,
0.010683506727218628
],
"l_thumb_cmc": [
-0.013386650010943413,
0.07263104617595673,
0.026788515970110893
],
"l_thumb_mcp": [
-0.030946940183639526,
0.04815622419118881,
0.036947451531887054
],
"l_thumb_ip": [
-0.052286386489868164,
0.0228082574903965,
0.05389354005455971
],
"l_thumb_tip": [
-0.07484441250562668,
0.0012612361460924149,
0.06995170563459396
],
"l_index_mcp": [
-0.015732139348983765,
-0.003365497337654233,
0.028564825654029846
],
"l_index_pip": [
-0.01708773523569107,
-0.03574754670262337,
0.02403484843671322
],
"l_index_dip": [
-0.025884348899126053,
-0.05810529738664627,
0.02295301854610443
],
"l_index_tip": [
-0.03909661993384361,
-0.08445731550455093,
0.011305377818644047
],
"l_middle_mcp": [
-0.0016951945144683123,
-0.005306456238031387,
0.007815945893526077
],
"l_middle_pip": [
-0.009203912690281868,
-0.040839891880750656,
-0.001968333264812827
],
"l_middle_dip": [
-0.025141216814517975,
-0.062445610761642456,
-0.007320825941860676
],
"l_middle_tip": [
-0.03536349534988403,
-0.08976966142654419,
-0.010158605873584747
],
"l_ring_mcp": [
0.01099159475415945,
0.00024922704324126244,
-0.018671998754143715
],
"l_ring_pip": [
-0.002349499147385359,
-0.02981775626540184,
-0.027025148272514343
],
"l_ring_dip": [
-0.017646070569753647,
-0.053043022751808167,
-0.033023834228515625
],
"l_ring_tip": [
-0.028919978067278862,
-0.07752767205238342,
-0.038802701979875565
],
"l_pinky_mcp": [
0.011269282549619675,
0.016442257910966873,
-0.03769077733159065
],
"l_pinky_pip": [
0.006700961850583553,
-0.00634348951280117,
-0.043300312012434006
],
"l_pinky_dip": [
-0.004995773546397686,
-0.029191358014941216,
-0.050179723650217056
],
"l_pinky_tip": [
-0.016745813190937042,
-0.048655468970537186,
-0.057436805218458176
],
"r_hand_position": null,
"r_wrist": null,
"r_thumb_cmc": null,
"r_thumb_mcp": null,
"r_thumb_ip": null,
"r_thumb_tip": null,
"r_index_mcp": null,
"r_index_pip": null,
"r_index_dip": null,
"r_index_tip": null,
"r_middle_mcp": null,
"r_middle_pip": null,
"r_middle_dip": null,
"r_middle_tip": null,
"r_ring_mcp": null,
"r_ring_pip": null,
"r_ring_dip": null,
"r_ring_tip": null,
"r_pinky_mcp": null,
"r_pinky_pip": null,
"r_pinky_dip": null,
"r_pinky_tip": null,
"l_hand_velocity": null,
"r_hand_velocity": null
}
],
"framerate": 30,
"mirrorable": true
}