{
"label": "b",
"gestures": [
{
"l_hand_position": [
0.727777361869812,
0.61473548412323,
1.8741194196536526e-07
],
"l_wrist": [
0.005096055567264557,
0.10176916420459747,
-0.0037631287705153227
],
"l_thumb_cmc": [
-0.014854850247502327,
0.07724525034427643,
0.015063643455505371
],
"l_thumb_mcp": [
-0.025325313210487366,
0.05404442921280861,
0.03419112414121628
],
"l_thumb_ip": [
-0.035299524664878845,
0.029519256204366684,
0.05918855965137482
],
"l_thumb_tip": [
-0.04638885334134102,
0.006307952105998993,
0.08653876930475235
],
"l_index_mcp": [
-0.01336231641471386,
-0.002344077453017235,
0.02908443473279476
],
"l_index_pip": [
-0.006230834871530533,
-0.03379398211836815,
0.027577709406614304
],
"l_index_dip": [
-0.007350756786763668,
-0.05990651249885559,
0.026912925764918327
],
"l_index_tip": [
-0.006076741963624954,
-0.0883152037858963,
0.01709918864071369
],
"l_middle_mcp": [
-0.002297396771609783,
-0.005797906778752804,
0.00894937664270401
],
"l_middle_pip": [
-0.0004622340202331543,
-0.04405337572097778,
0.003557078540325165
],
"l_middle_dip": [
-0.00391094945371151,
-0.0721210464835167,
-8.088867616606876e-05
],
"l_middle_tip": [
-0.0024042055010795593,
-0.10747518390417099,
1.225429332407657e-05
],
"l_ring_mcp": [
0.008941707201302052,
-0.00024347915314137936,
-0.019378790631890297
],
"l_ring_pip": [
0.006457984913140535,
-0.031976550817489624,
-0.023463571444153786
],
"l_ring_dip": [
0.0021007591858506203,
-0.058535803109407425,
-0.026646044105291367
],
"l_ring_tip": [
8.893199265003204e-05,
-0.0867561548948288,
-0.028323408216238022
],
"l_pinky_mcp": [
0.00962842907756567,
0.015999577939510345,
-0.03931199014186859
],
"l_pinky_pip": [
0.00943675171583891,
-0.008002500981092453,
-0.04183951020240784
],
"l_pinky_dip": [
0.0039763376116752625,
-0.035414885729551315,
-0.04442640393972397
],
"l_pinky_tip": [
-0.002650163136422634,
-0.059187229722738266,
-0.047156136482954025
],
"r_hand_position": null,
"r_wrist": null,
"r_thumb_cmc": null,
"r_thumb_mcp": null,
"r_thumb_ip": null,
"r_thumb_tip": null,
"r_index_mcp": null,
"r_index_pip": null,
"r_index_dip": null,
"r_index_tip": null,
"r_middle_mcp": null,
"r_middle_pip": null,
"r_middle_dip": null,
"r_middle_tip": null,
"r_ring_mcp": null,
"r_ring_pip": null,
"r_ring_dip": null,
"r_ring_tip": null,
"r_pinky_mcp": null,
"r_pinky_pip": null,
"r_pinky_dip": null,
"r_pinky_tip": null
}
],
"framerate": 30,
"mirrorable": true
}