{
"label": "b",
"gestures": [
{
"l_hand_position": [
0.8686485290527344,
0.758427619934082,
6.116954409662867e-08
],
"l_wrist": [
0.008756319060921669,
0.09284006059169769,
-0.00890165101736784
],
"l_thumb_cmc": [
-0.020114604383707047,
0.07043983787298203,
-0.017499500885605812
],
"l_thumb_mcp": [
-0.024112610146403313,
0.041114889085292816,
-0.027359601110219955
],
"l_thumb_ip": [
-0.02345551736652851,
0.0070078810676932335,
-0.03711235150694847
],
"l_thumb_tip": [
-0.020567554980516434,
-0.023187652230262756,
-0.040343355387449265
],
"l_index_mcp": [
-0.027933474630117416,
-0.0009549921378493309,
0.0035215101670473814
],
"l_index_pip": [
-0.027050988748669624,
-0.02903616800904274,
-0.001501409336924553
],
"l_index_dip": [
-0.028863336890935898,
-0.05327611044049263,
-0.007870280183851719
],
"l_index_tip": [
-0.032735202461481094,
-0.07196596264839172,
-0.025394948199391365
],
"l_middle_mcp": [
-0.005172082222998142,
-0.0037705989088863134,
0.006959832273423672
],
"l_middle_pip": [
-0.0069686658680438995,
-0.040713779628276825,
-0.0002176787966163829
],
"l_middle_dip": [
-0.014205489307641983,
-0.06595192104578018,
-0.014145529828965664
],
"l_middle_tip": [
-0.018292397260665894,
-0.08952388912439346,
-0.029898948967456818
],
"l_ring_mcp": [
0.017797619104385376,
-0.002173779532313347,
-0.0019187132129445672
],
"l_ring_pip": [
0.014250025153160095,
-0.0305719505995512,
-0.010103887878358364
],
"l_ring_dip": [
0.00642364751547575,
-0.053041424602270126,
-0.02462446689605713
],
"l_ring_tip": [
-0.0015291739255189896,
-0.07158319652080536,
-0.038749270141124725
],
"l_pinky_mcp": [
0.030321411788463593,
0.012582829222083092,
-0.009893707931041718
],
"l_pinky_pip": [
0.031478554010391235,
-0.009912661276757717,
-0.013529506511986256
],
"l_pinky_dip": [
0.026784390211105347,
-0.033404842019081116,
-0.02411658503115177
],
"l_pinky_tip": [
0.017540965229272842,
-0.05050445348024368,
-0.03243236616253853
],
"r_hand_position": null,
"r_wrist": null,
"r_thumb_cmc": null,
"r_thumb_mcp": null,
"r_thumb_ip": null,
"r_thumb_tip": null,
"r_index_mcp": null,
"r_index_pip": null,
"r_index_dip": null,
"r_index_tip": null,
"r_middle_mcp": null,
"r_middle_pip": null,
"r_middle_dip": null,
"r_middle_tip": null,
"r_ring_mcp": null,
"r_ring_pip": null,
"r_ring_dip": null,
"r_ring_tip": null,
"r_pinky_mcp": null,
"r_pinky_pip": null,
"r_pinky_dip": null,
"r_pinky_tip": null,
"l_hand_velocity": null,
"r_hand_velocity": null
}
],
"framerate": 30,
"mirrorable": true
}