{
    "label": "u",
    "label_id": 21,
    "gestures": [
        {
            "wrist": [
                -0.01892148144543171,
                0.0844864621758461,
                -0.006315475795418024
            ],
            "thumb_cmc": [
                0.011627478525042534,
                0.06550662964582443,
                -0.016273383051156998
            ],
            "thumb_mcp": [
                0.02750830352306366,
                0.03798562288284302,
                -0.026641860604286194
            ],
            "thumb_ip": [
                0.0209538284689188,
                0.006018165033310652,
                -0.03566952794790268
            ],
            "thumb_tip": [
                -0.0034522931091487408,
                -0.012999683618545532,
                -0.033125657588243484
            ],
            "index_mcp": [
                0.023681461811065674,
                -0.004727362655103207,
                0.0005066709127277136
            ],
            "index_pip": [
                0.029814857989549637,
                -0.03496837988495827,
                -0.002685967832803726
            ],
            "index_dip": [
                0.03470967710018158,
                -0.057529132813215256,
                -0.008876130916178226
            ],
            "index_tip": [
                0.03164450824260712,
                -0.07633701711893082,
                -0.024751117452979088
            ],
            "middle_mcp": [
                0.001807661261409521,
                -0.005517375189810991,
                0.007360211107879877
            ],
            "middle_pip": [
                0.008820314891636372,
                -0.04375766962766647,
                -0.0026700771413743496
            ],
            "middle_dip": [
                0.0108456090092659,
                -0.06667998433113098,
                -0.01635398343205452
            ],
            "middle_tip": [
                0.01593896560370922,
                -0.09188192337751389,
                -0.02687685564160347
            ],
            "ring_mcp": [
                -0.016409924253821373,
                0.0016857092268764973,
                0.0005455695791170001
            ],
            "ring_pip": [
                -0.012706751003861427,
                -0.017556216567754745,
                -0.02576456032693386
            ],
            "ring_dip": [
                -0.00398872047662735,
                0.006233963184058666,
                -0.03278682380914688
            ],
            "ring_tip": [
                -0.001799384132027626,
                0.028803270310163498,
                -0.02733788639307022
            ],
            "pinky_mcp": [
                -0.03709598630666733,
                0.01482408307492733,
                -0.007534483447670937
            ],
            "pinky_pip": [
                -0.030537519603967667,
                0.0021871263161301613,
                -0.024823354557156563
            ],
            "pinky_dip": [
                -0.021854687482118607,
                0.015639284625649452,
                -0.03476174920797348
            ],
            "pinky_tip": [
                -0.016813945025205612,
                0.03295331075787544,
                -0.024871280416846275
            ]
        }
    ]
}