{
"label": "p",
"gestures": [
{
"l_hand_position": null,
"l_wrist": null,
"l_thumb_cmc": null,
"l_thumb_mcp": null,
"l_thumb_ip": null,
"l_thumb_tip": null,
"l_index_mcp": null,
"l_index_pip": null,
"l_index_dip": null,
"l_index_tip": null,
"l_middle_mcp": null,
"l_middle_pip": null,
"l_middle_dip": null,
"l_middle_tip": null,
"l_ring_mcp": null,
"l_ring_pip": null,
"l_ring_dip": null,
"l_ring_tip": null,
"l_pinky_mcp": null,
"l_pinky_pip": null,
"l_pinky_dip": null,
"l_pinky_tip": null,
"r_hand_position": null,
"r_wrist": [
-0.07880473881959915,
-0.024010686203837603,
0.04787153750658091
],
"r_thumb_cmc": [
-0.05070140212774277,
-0.005857117474079277,
0.05441471189260548
],
"r_thumb_mcp": [
-0.026384815573692322,
0.01078784186393033,
0.0534575805068022
],
"r_thumb_ip": [
-0.0030964286997914314,
0.02331328950822383,
0.0382504425942902
],
"r_thumb_tip": [
0.012904091738164425,
0.032080505043268634,
0.021753363311290894
],
"r_index_mcp": [
0.015508263371884823,
0.0060852840542794185,
0.024681773036718674
],
"r_index_pip": [
0.039476390928030014,
0.01583103276789209,
0.015279592946171898
],
"r_index_dip": [
0.05772438645362854,
0.02485829591751129,
0.011413772590458513
],
"r_index_tip": [
0.07422007620334625,
0.03590719029307399,
0.00047413198626595793
],
"r_middle_mcp": [
0.005326279904693365,
-0.002735424321144852,
0.002448278712108761
],
"r_middle_pip": [
0.01708342507481575,
0.02684431523084675,
-0.004604739136994029
],
"r_middle_dip": [
0.014816081151366234,
0.0508498698472981,
-0.007007561158388961
],
"r_middle_tip": [
0.009299226105213165,
0.08074887096881954,
-0.0012097959406673874
],
"r_ring_mcp": [
-0.010016016662120819,
-0.0025888497475535055,
-0.015717757865786698
],
"r_ring_pip": [
-0.007359768263995647,
0.020601112395525163,
-0.01318900752812637
],
"r_ring_dip": [
-0.024740643799304962,
0.020068300887942522,
-0.0011747166281566438
],
"r_ring_tip": [
-0.044269461184740067,
0.00859634578228009,
0.01072538085281863
],
"r_pinky_mcp": [
-0.02571183815598488,
-0.00837449263781316,
-0.02873842045664817
],
"r_pinky_pip": [
-0.027783330529928207,
0.012301178649068054,
-0.024485884234309578
],
"r_pinky_dip": [
-0.03867948427796364,
0.01581393927335751,
-0.009124269708991151
],
"r_pinky_tip": [
-0.05128979682922363,
0.006114635616540999,
-0.003190078539773868
]
}
],
"framerate": 30,
"mirrorable": true
}