{
"label": "p",
"gestures": [
{
"l_hand_position": null,
"l_wrist": [
-0.0565793439745903,
-0.0541172288358219,
0.046985119581223145
],
"l_thumb_cmc": [
-0.041604287922382355,
-0.021392432972789133,
0.04824243858456681
],
"l_thumb_mcp": [
-0.0232708640396595,
0.0021600788459181703,
0.04882674664258999
],
"l_thumb_ip": [
-0.002646938432008028,
0.024082925170660293,
0.04652589932084124
],
"l_thumb_tip": [
0.01470914762467146,
0.03611253201961569,
0.0456187129020696
],
"l_index_mcp": [
0.005936065223067999,
0.012192069552838945,
0.02217695862054849
],
"l_index_pip": [
0.02807081863284111,
0.026551706716418527,
0.012453621253371362
],
"l_index_dip": [
0.04448535293340683,
0.03546302765607865,
0.007444560062140267
],
"l_index_tip": [
0.06603962928056717,
0.04191638529300743,
-0.005386134609580091
],
"l_middle_mcp": [
0.004313957411795855,
-0.002083254512399451,
0.003720263019204167
],
"l_middle_pip": [
0.0006482163444161415,
0.03163076937198674,
-0.00641852430999289
],
"l_middle_dip": [
-0.020078442990779877,
0.021929528564214932,
0.004082229919731668
],
"l_middle_tip": [
-0.039564792066812515,
0.014350484125316306,
0.03014301136136086
],
"l_ring_mcp": [
-0.004332117736339569,
-0.005471280775964319,
-0.014822758734226367
],
"l_ring_pip": [
-0.012902307324111462,
0.01570916548371326,
-0.01675616391003148
],
"l_ring_dip": [
-0.0392233207821846,
0.015594621188938779,
-0.003641885705292259
],
"l_ring_tip": [
-0.05640114098787308,
-0.0005485359579324813,
0.013165147043764733
],
"l_pinky_mcp": [
-0.011235632933676243,
-0.019702015444636546,
-0.026644695550203556
],
"l_pinky_pip": [
-0.020724119618535042,
0.00490455236285934,
-0.02832199260592496
],
"l_pinky_dip": [
-0.03883182257413864,
0.019156143069267433,
-0.01794379949569725
],
"l_pinky_tip": [
-0.05634449049830437,
0.005415238440036811,
-0.008429612964391776
],
"r_hand_position": null,
"r_wrist": null,
"r_thumb_cmc": null,
"r_thumb_mcp": null,
"r_thumb_ip": null,
"r_thumb_tip": null,
"r_index_mcp": null,
"r_index_pip": null,
"r_index_dip": null,
"r_index_tip": null,
"r_middle_mcp": null,
"r_middle_pip": null,
"r_middle_dip": null,
"r_middle_tip": null,
"r_ring_mcp": null,
"r_ring_pip": null,
"r_ring_dip": null,
"r_ring_tip": null,
"r_pinky_mcp": null,
"r_pinky_pip": null,
"r_pinky_dip": null,
"r_pinky_tip": null
}
],
"framerate": 30,
"mirrorable": true
}