{
"label": "p",
"gestures": [
{
"l_hand_position": null,
"l_wrist": null,
"l_thumb_cmc": null,
"l_thumb_mcp": null,
"l_thumb_ip": null,
"l_thumb_tip": null,
"l_index_mcp": null,
"l_index_pip": null,
"l_index_dip": null,
"l_index_tip": null,
"l_middle_mcp": null,
"l_middle_pip": null,
"l_middle_dip": null,
"l_middle_tip": null,
"l_ring_mcp": null,
"l_ring_pip": null,
"l_ring_dip": null,
"l_ring_tip": null,
"l_pinky_mcp": null,
"l_pinky_pip": null,
"l_pinky_dip": null,
"l_pinky_tip": null,
"r_hand_position": null,
"r_wrist": [
-0.08634784072637558,
0.008175211027264685,
0.021869191899895883
],
"r_thumb_cmc": [
-0.06998821347951889,
-0.0014804862439632672,
-0.013069932349026344
],
"r_thumb_mcp": [
-0.03849624842405319,
0.0006105853244662,
-0.024646032601595196
],
"r_thumb_ip": [
-0.003802005434408784,
0.0016880461480468117,
-0.03873630613088645
],
"r_thumb_tip": [
0.0225425623357296,
-0.002362226136028815,
-0.03712283074855836
],
"r_index_mcp": [
0.004489745944738388,
-0.019823210313916453,
-0.015689371153712453
],
"r_index_pip": [
0.032117728143930435,
-0.018970225006342167,
-0.024066582322120902
],
"r_index_dip": [
0.055272169411182404,
-0.01231104414910095,
-0.022860070690512897
],
"r_index_tip": [
0.08174822479486465,
-0.0019913204014301196,
-0.03939805924892479
],
"r_middle_mcp": [
0.003994391765445471,
-0.006637186277657801,
0.002598887076601401
],
"r_middle_pip": [
0.02221653051674366,
0.017461536452174454,
-0.01353065576404355
],
"r_middle_dip": [
0.03568533807992935,
0.03967791423201593,
-0.03141463547945061
],
"r_middle_tip": [
0.049118008464574814,
0.06325857341289573,
-0.04612930491566705
],
"r_ring_mcp": [
-0.001014776062220335,
0.01302603911608475,
0.009781941771507376
],
"r_ring_pip": [
-0.0031493548303842545,
0.02766706608235862,
-0.005256845150142984
],
"r_ring_dip": [
-0.031934890896081924,
0.03289473429322266,
-0.015056086704135108
],
"r_ring_tip": [
-0.051934614777565,
0.030912095680833154,
-0.011485698632896097
],
"r_pinky_mcp": [
-0.015341014601290226,
0.023477606475353543,
0.01958578638732458
],
"r_pinky_pip": [
-0.016393285244703293,
0.03213885053992305,
-0.0027963486500084743
],
"r_pinky_dip": [
-0.03955722600221634,
0.037366911768913796,
-0.017196441069245665
],
"r_pinky_tip": [
-0.05417664349079132,
0.03620126098394441,
-0.016756728291511713
]
}
],
"framerate": 30,
"mirrorable": true
}