{
"label": "p",
"gestures": [
{
"l_hand_position": null,
"l_wrist": null,
"l_thumb_cmc": null,
"l_thumb_mcp": null,
"l_thumb_ip": null,
"l_thumb_tip": null,
"l_index_mcp": null,
"l_index_pip": null,
"l_index_dip": null,
"l_index_tip": null,
"l_middle_mcp": null,
"l_middle_pip": null,
"l_middle_dip": null,
"l_middle_tip": null,
"l_ring_mcp": null,
"l_ring_pip": null,
"l_ring_dip": null,
"l_ring_tip": null,
"l_pinky_mcp": null,
"l_pinky_pip": null,
"l_pinky_dip": null,
"l_pinky_tip": null,
"r_hand_position": null,
"r_wrist": [
-0.05815470218658447,
-0.013534160330891703,
0.06434447318315571
],
"r_thumb_cmc": [
-0.03636154532432556,
0.006003941409289922,
0.05710897594690385
],
"r_thumb_mcp": [
-0.015094554051756859,
0.017414497211575668,
0.03925652056932481
],
"r_thumb_ip": [
-0.0012936461716890335,
0.02568400278687506,
0.010706654749810791
],
"r_thumb_tip": [
0.02313126251101494,
0.03449216485023537,
-0.011310476809740169
],
"r_index_mcp": [
0.013564936816692352,
0.006203020457178425,
0.011856364086270464
],
"r_index_pip": [
0.03120533563196659,
0.015221138484776253,
-0.005635122768581012
],
"r_index_dip": [
0.04704025387763977,
0.02611996419727829,
-0.01388240884989522
],
"r_index_tip": [
0.06700882315635681,
0.027627320960164334,
-0.04555264115333609
],
"r_middle_mcp": [
0.0054367948323488235,
-0.0024676048196852467,
0.003374056192114985
],
"r_middle_pip": [
0.005418938584625721,
0.028926515951753027,
-0.014970654621720515
],
"r_middle_dip": [
-0.0003550555557012558,
0.05529763177037294,
-0.018073914572596786
],
"r_middle_tip": [
-0.003421962261199951,
0.08204614371061422,
-0.013498203828931094
],
"r_ring_mcp": [
-0.00593201257288456,
-0.0032356551382691306,
-0.010189228691160844
],
"r_ring_pip": [
-0.014797630719840527,
0.02097126096487068,
-0.009835521690547584
],
"r_ring_dip": [
-0.030993815511465073,
0.023291770368814718,
0.005497890990227501
],
"r_ring_tip": [
-0.03732281178236008,
0.008829648606479284,
0.026910454034805565
],
"r_pinky_mcp": [
-0.025201942771673203,
-0.01281618140637889,
-0.011677902191877464
],
"r_pinky_pip": [
-0.0313226580619812,
0.00969736464321622,
-0.010297819972038397
],
"r_pinky_dip": [
-0.03993620723485947,
0.014009609818458696,
0.006697059608995939
],
"r_pinky_tip": [
-0.04137764126062393,
-3.5354867577552795e-05,
0.022622466087341603
]
}
],
"framerate": 30,
"mirrorable": true
}