{
    "label": "p",
    "label_id": 16,
    "gestures": [
        {
            "wrist": [
                -0.06589162349700928,
                -0.0033633485436439514,
                0.057758741080760956
            ],
            "thumb_cmc": [
                -0.03917984664440155,
                0.00913882628083229,
                0.051275938749313354
            ],
            "thumb_mcp": [
                -0.01613670587539673,
                0.019921137019991875,
                0.03589861840009689
            ],
            "thumb_ip": [
                0.0018791048787534237,
                0.022370602935552597,
                0.005209196358919144
            ],
            "thumb_tip": [
                0.01812184974551201,
                0.022132109850645065,
                -0.021194327622652054
            ],
            "index_mcp": [
                0.014178968034684658,
                0.0030064289458096027,
                0.014803817495703697
            ],
            "index_pip": [
                0.035457123070955276,
                0.014319713227450848,
                -0.0013925764942541718
            ],
            "index_dip": [
                0.05265922471880913,
                0.024704882875084877,
                -0.01233708392828703
            ],
            "index_tip": [
                0.07200207561254501,
                0.03168017789721489,
                -0.03676897659897804
            ],
            "middle_mcp": [
                0.004033045843243599,
                -0.0032232478260993958,
                0.003551874775439501
            ],
            "middle_pip": [
                0.017526743933558464,
                0.020554520189762115,
                -0.013714107684791088
            ],
            "middle_dip": [
                0.016326691955327988,
                0.047937795519828796,
                -0.01546402182430029
            ],
            "middle_tip": [
                0.016875823959708214,
                0.07378260046243668,
                -0.011775127612054348
            ],
            "ring_mcp": [
                -0.007017333991825581,
                -0.0011528944596648216,
                -0.010581468231976032
            ],
            "ring_pip": [
                -0.005884657613933086,
                0.019253544509410858,
                -0.01254924014210701
            ],
            "ring_dip": [
                -0.01929323375225067,
                0.02548907697200775,
                0.005423200316727161
            ],
            "ring_tip": [
                -0.0302397720515728,
                0.014223461039364338,
                0.02659182995557785
            ],
            "pinky_mcp": [
                -0.027397070080041885,
                -0.008134003728628159,
                -0.015667621046304703
            ],
            "pinky_pip": [
                -0.026697466149926186,
                0.015680823475122452,
                -0.013400588184595108
            ],
            "pinky_dip": [
                -0.030684659257531166,
                0.022994667291641235,
                0.005196993704885244
            ],
            "pinky_tip": [
                -0.036681871861219406,
                0.010974894277751446,
                0.020716805011034012
            ]
        }
    ]
}