{
"label": "p",
"gestures": [
{
"l_hand_position": null,
"l_wrist": null,
"l_thumb_cmc": null,
"l_thumb_mcp": null,
"l_thumb_ip": null,
"l_thumb_tip": null,
"l_index_mcp": null,
"l_index_pip": null,
"l_index_dip": null,
"l_index_tip": null,
"l_middle_mcp": null,
"l_middle_pip": null,
"l_middle_dip": null,
"l_middle_tip": null,
"l_ring_mcp": null,
"l_ring_pip": null,
"l_ring_dip": null,
"l_ring_tip": null,
"l_pinky_mcp": null,
"l_pinky_pip": null,
"l_pinky_dip": null,
"l_pinky_tip": null,
"r_hand_position": null,
"r_wrist": [
-0.075284443795681,
-0.003963533788919481,
0.05378537625074444
],
"r_thumb_cmc": [
-0.03992573916912079,
-0.004337109625339531,
0.05677475407719678
],
"r_thumb_mcp": [
-0.012936333194375038,
0.005107616074383331,
0.05217404663562841
],
"r_thumb_ip": [
0.009526788257062435,
0.013781739398837232,
0.031149536371231395
],
"r_thumb_tip": [
0.023711692541837692,
0.02215183898806595,
0.009634716436267
],
"r_index_mcp": [
0.011083225719630718,
-0.009190948680043332,
0.017860727384686692
],
"r_index_pip": [
0.03638525679707527,
-0.0010711573995649875,
0.004825824871659339
],
"r_index_dip": [
0.05623367801308632,
0.00661907298490412,
-0.0031990781426430295
],
"r_index_tip": [
0.07259112596511841,
0.014105891808867618,
-0.02198197692632697
],
"r_middle_mcp": [
0.004397389478981495,
-0.004091640934348158,
0.0009080733289011019
],
"r_middle_pip": [
0.02463749423623085,
0.02539172023534802,
-0.0035367715172470175
],
"r_middle_dip": [
0.03842172771692276,
0.04465973377227839,
0.0026710198726504902
],
"r_middle_tip": [
0.051276810467243195,
0.0621554031968125,
0.014805224724114167
],
"r_ring_mcp": [
-0.007199094630777836,
0.006323655135929639,
-0.012360422872007028
],
"r_ring_pip": [
0.003190282266587019,
0.030147055163979922,
-0.006780248135328383
],
"r_ring_dip": [
-0.007988755591213703,
0.03311093524098434,
0.014713929966092203
],
"r_ring_tip": [
-0.020328473299741745,
0.02716166153550174,
0.03209791705012368
],
"r_pinky_mcp": [
-0.025352375581860542,
0.011475576087832548,
-0.015336150303483202
],
"r_pinky_pip": [
-0.016335919499397278,
0.032915502786636755,
-0.008660692721605375
],
"r_pinky_dip": [
-0.024034127593040466,
0.03885222971439407,
0.010203507728874791
],
"r_pinky_tip": [
-0.03233036398887634,
0.031007764860987937,
0.024116624146700127
]
}
],
"framerate": 30,
"mirrorable": true
}