{
"label": "p",
"gestures": [
{
"l_hand_position": null,
"l_wrist": null,
"l_thumb_cmc": null,
"l_thumb_mcp": null,
"l_thumb_ip": null,
"l_thumb_tip": null,
"l_index_mcp": null,
"l_index_pip": null,
"l_index_dip": null,
"l_index_tip": null,
"l_middle_mcp": null,
"l_middle_pip": null,
"l_middle_dip": null,
"l_middle_tip": null,
"l_ring_mcp": null,
"l_ring_pip": null,
"l_ring_dip": null,
"l_ring_tip": null,
"l_pinky_mcp": null,
"l_pinky_pip": null,
"l_pinky_dip": null,
"l_pinky_tip": null,
"r_hand_position": [
-0.27631792426109314,
0.10343176126480103,
-0.49999949393753695
],
"r_wrist": [
-0.05110275745391846,
0.04922579973936081,
0.05224274843931198
],
"r_thumb_cmc": [
-0.037944622337818146,
0.01589033752679825,
0.052496522665023804
],
"r_thumb_mcp": [
-0.011933727189898491,
0.0035575153306126595,
0.051324162632226944
],
"r_thumb_ip": [
0.01200757548213005,
-0.0032174582593142986,
0.03522559255361557
],
"r_thumb_tip": [
0.0281912162899971,
3.9921142160892487e-05,
0.022217296063899994
],
"r_index_mcp": [
-0.0058244685642421246,
-0.023070311173796654,
0.009697509929537773
],
"r_index_pip": [
0.014909014105796814,
-0.04112702235579491,
0.00660126656293869
],
"r_index_dip": [
0.029972821474075317,
-0.05690237879753113,
0.010959453880786896
],
"r_index_tip": [
0.04832436516880989,
-0.0711386650800705,
0.005294402129948139
],
"r_middle_mcp": [
-0.0017654614057391882,
-0.005359169095754623,
-0.0009753535268828273
],
"r_middle_pip": [
0.03265607729554176,
-0.017803017050027847,
-0.0035172305069863796
],
"r_middle_dip": [
0.056093886494636536,
-0.03821119666099548,
0.0004986192798241973
],
"r_middle_tip": [
0.0837940201163292,
-0.05377265810966492,
0.0074789938516914845
],
"r_ring_mcp": [
0.003931074403226376,
0.014311051927506924,
-0.006342199631035328
],
"r_ring_pip": [
0.030427344143390656,
0.013119751587510109,
0.008084887638688087
],
"r_ring_dip": [
0.02184315398335457,
0.013919114135205746,
0.03073914535343647
],
"r_ring_tip": [
0.01010467391461134,
0.018029699102044106,
0.04965830594301224
],
"r_pinky_mcp": [
0.0023272577673196793,
0.03327260538935661,
-0.00436332868412137
],
"r_pinky_pip": [
0.02230105549097061,
0.026502255350351334,
0.005234757903963327
],
"r_pinky_dip": [
0.020011186599731445,
0.028859088197350502,
0.030725307762622833
],
"r_pinky_tip": [
0.012419297359883785,
0.03211518004536629,
0.04309830442070961
]
}
],
"framerate": 30,
"mirrorable": true
}