{
"label": "x",
"gestures": [
{
"l_hand_position": null,
"l_wrist": null,
"l_thumb_cmc": null,
"l_thumb_mcp": null,
"l_thumb_ip": null,
"l_thumb_tip": null,
"l_index_mcp": null,
"l_index_pip": null,
"l_index_dip": null,
"l_index_tip": null,
"l_middle_mcp": null,
"l_middle_pip": null,
"l_middle_dip": null,
"l_middle_tip": null,
"l_ring_mcp": null,
"l_ring_pip": null,
"l_ring_dip": null,
"l_ring_tip": null,
"l_pinky_mcp": null,
"l_pinky_pip": null,
"l_pinky_dip": null,
"l_pinky_tip": null,
"r_hand_position": null,
"r_wrist": [
-0.016073215752840042,
0.0816577151417744,
0.0005462539847940973
],
"r_thumb_cmc": [
0.017437512055039406,
0.06433113664388752,
-0.01114886812865758
],
"r_thumb_mcp": [
0.03777104988694191,
0.03548410534858747,
-0.019524196162820136
],
"r_thumb_ip": [
0.03228950500488281,
0.0047672269865870415,
-0.029908306896686807
],
"r_thumb_tip": [
0.0006589754484593868,
-0.009617417119443559,
-0.027792068198323548
],
"r_index_mcp": [
0.02629384584724903,
-0.003900320269167465,
0.0021267798729241133
],
"r_index_pip": [
0.034950852394104004,
-0.025233957916498406,
-0.0050955242477357604
],
"r_index_dip": [
0.0414084829390049,
-0.0441079959273344,
-0.014360978268087047
],
"r_index_tip": [
0.040704116225242615,
-0.04849038645625171,
-0.040817178785801385
],
"r_middle_mcp": [
0.0011259345337748528,
-0.004724901169538534,
0.0074174869805575
],
"r_middle_pip": [
0.00394316203892231,
-0.03624643012881315,
-0.00852834247052677
],
"r_middle_dip": [
0.0054088011384010315,
-0.048660486936569734,
-0.029598787426948842
],
"r_middle_tip": [
0.010818805545568466,
-0.054249182343483686,
-0.04829841107130109
],
"r_ring_mcp": [
-0.018224019557237625,
0.0004324736073613226,
-0.00030315195908770334
],
"r_ring_pip": [
-0.016248993575572968,
-0.01925198547542118,
-0.024022066965699446
],
"r_ring_dip": [
-0.005168961361050606,
-0.002850017044693274,
-0.03648065030574836
],
"r_ring_tip": [
0.00160893052816391,
0.018869724124670185,
-0.03819016739726106
],
"r_pinky_mcp": [
-0.0390448123216629,
0.014359832741320286,
-0.009183329530060402
],
"r_pinky_pip": [
-0.03484924137592316,
0.0022146366536617192,
-0.023033274337649602
],
"r_pinky_dip": [
-0.02458854764699936,
0.007999212481081605,
-0.03261440992355386
],
"r_pinky_tip": [
-0.0153494942933321,
0.02561302483081838,
-0.02875882573425801
]
}
],
"framerate": 30,
"mirrorable": true
}