{
    "label": "X",
    "label_id": 24,
    "gestures": [
        {
            "wrist": [
                -0.002461826428771019,
                0.08924920856952667,
                -0.025647548958659172
            ],
            "thumb_cmc": [
                0.022141732275485992,
                0.06474613398313522,
                -0.02916722744703293
            ],
            "thumb_mcp": [
                0.03345577418804169,
                0.029648877680301666,
                -0.0372161939740181
            ],
            "thumb_ip": [
                0.02277720719575882,
                -0.004173965193331242,
                -0.04414971172809601
            ],
            "thumb_tip": [
                -0.004843384027481079,
                -0.0210568830370903,
                -0.0468677319586277
            ],
            "index_mcp": [
                0.020412588492035866,
                -0.006041629705578089,
                0.004165522754192352
            ],
            "index_pip": [
                0.02821284905076027,
                -0.030349446460604668,
                0.0011785767273977399
            ],
            "index_dip": [
                0.033960506319999695,
                -0.05015702545642853,
                -0.0053382799960672855
            ],
            "index_tip": [
                0.034285299479961395,
                -0.06549456715583801,
                -0.029303058981895447
            ],
            "middle_mcp": [
                -0.0001793443225324154,
                -0.005267978645861149,
                0.009321385063230991
            ],
            "middle_pip": [
                -0.008054262027144432,
                -0.04092557728290558,
                0.00041399901965633035
            ],
            "middle_dip": [
                -0.005083044990897179,
                -0.059528835117816925,
                -0.019411951303482056
            ],
            "middle_tip": [
                0.000780157744884491,
                -0.06954064965248108,
                -0.041168101131916046
            ],
            "ring_mcp": [
                -0.014550680294632912,
                0.002415738068521023,
                -0.0022056789603084326
            ],
            "ring_pip": [
                -0.009463084861636162,
                -0.01831352524459362,
                -0.027448050677776337
            ],
            "ring_dip": [
                0.0002696860465221107,
                -0.0019752003718167543,
                -0.041433606296777725
            ],
            "ring_tip": [
                0.007099177688360214,
                0.01977449283003807,
                -0.03599725663661957
            ],
            "pinky_mcp": [
                -0.02964562177658081,
                0.016929466277360916,
                -0.015894180163741112
            ],
            "pinky_pip": [
                -0.017135800793766975,
                0.006032037548720837,
                -0.03444553539156914
            ],
            "pinky_dip": [
                -0.004718720447272062,
                0.020734556019306183,
                -0.04735422506928444
            ],
            "pinky_tip": [
                -0.0017436565831303596,
                0.04052945226430893,
                -0.0363600067794323
            ]
        }
    ]
}