{
"label": "x",
"gestures": [
{
"l_hand_position": null,
"l_wrist": null,
"l_thumb_cmc": null,
"l_thumb_mcp": null,
"l_thumb_ip": null,
"l_thumb_tip": null,
"l_index_mcp": null,
"l_index_pip": null,
"l_index_dip": null,
"l_index_tip": null,
"l_middle_mcp": null,
"l_middle_pip": null,
"l_middle_dip": null,
"l_middle_tip": null,
"l_ring_mcp": null,
"l_ring_pip": null,
"l_ring_dip": null,
"l_ring_tip": null,
"l_pinky_mcp": null,
"l_pinky_pip": null,
"l_pinky_dip": null,
"l_pinky_tip": null,
"r_hand_position": null,
"r_wrist": [
-0.00024484843015670776,
0.09188693016767603,
-0.01577091589570069
],
"r_thumb_cmc": [
0.022371796891093254,
0.06674275547266068,
-0.020418660715222674
],
"r_thumb_mcp": [
0.03364703431725502,
0.03309861570596749,
-0.026279920712113766
],
"r_thumb_ip": [
0.022266535088419914,
0.00010092649608848907,
-0.03607647493481684
],
"r_thumb_tip": [
-0.006354093085974455,
-0.013891399838030505,
-0.03913499042391824
],
"r_index_mcp": [
0.019426243379712105,
-0.007207331713289124,
0.006931173149496392
],
"r_index_pip": [
0.028447803109884262,
-0.03475650399923359,
0.005734250415116635
],
"r_index_dip": [
0.034917134791612625,
-0.05626461282372537,
0.0007821435574442799
],
"r_index_tip": [
0.03916651010513306,
-0.07518074661493371,
-0.017630351707339505
],
"r_middle_mcp": [
-0.00037305615842342377,
-0.005994090810418205,
0.00865397509187468
],
"r_middle_pip": [
-0.007102689705789089,
-0.045045260339975926,
0.0014311766717583821
],
"r_middle_dip": [
-0.005479395389556885,
-0.06496573984623033,
-0.016382589936256596
],
"r_middle_tip": [
-0.0021886248141527176,
-0.08061584830284237,
-0.038637761026621344
],
"r_ring_mcp": [
-0.014943272806704044,
0.003783853724598929,
-0.004326727706939029
],
"r_ring_pip": [
-0.010919868014752865,
-0.019844755530357586,
-0.028316976502537984
],
"r_ring_dip": [
0.0008021958637982607,
-0.005295675713569003,
-0.042355727404356454
],
"r_ring_tip": [
0.005516504868865013,
0.015260352753102913,
-0.04052787646651317
],
"r_pinky_mcp": [
-0.026690956205129623,
0.019176334142685127,
-0.017448231577873403
],
"r_pinky_pip": [
-0.012649713084101677,
0.011840385384857707,
-0.03364070132374805
],
"r_pinky_dip": [
0.0017925510182976723,
0.02512466907501238,
-0.042769774794579066
],
"r_pinky_tip": [
0.004697855561971664,
0.04138357192277959,
-0.03388428688049361
]
}
],
"framerate": 30,
"mirrorable": true
}