{
"label": "x",
"gestures": [
{
"l_hand_position": null,
"l_wrist": [
0.00020537152886390686,
0.08791627734899628,
-0.015081421472132558
],
"l_thumb_cmc": [
-0.02612924389541149,
0.06124036386609161,
-0.025056887418032178
],
"l_thumb_mcp": [
-0.023272283375263214,
0.02884117141366023,
-0.029388660565018834
],
"l_thumb_ip": [
-0.008249028585851192,
-0.0034561997745186732,
-0.0284630022943023
],
"l_thumb_tip": [
0.019512133672833443,
-0.02473112568259276,
-0.023533465340733906
],
"l_index_mcp": [
-0.02875058725476265,
-0.010439379140734747,
0.0019263725262135512
],
"l_index_pip": [
-0.03567501902580261,
-0.034685902297497156,
-0.003227292327210253
],
"l_index_dip": [
-0.03610417991876602,
-0.052044287323952325,
-0.011052292771637447
],
"l_index_tip": [
-0.04196484386920929,
-0.06298351287841865,
-0.034999359399080644
],
"l_middle_mcp": [
-0.005257920827716589,
-0.0046339081600308895,
0.0064137396402657665
],
"l_middle_pip": [
0.005293402820825577,
-0.04353525117039718,
-0.003947313874959937
],
"l_middle_dip": [
-0.0024004876613616943,
-0.05971327424049446,
-0.025594050064683224
],
"l_middle_tip": [
-0.003626074641942978,
-0.07210323959589064,
-0.0333689488470558
],
"l_ring_mcp": [
0.01919797621667385,
0.004121917299926318,
0.000635767995845527
],
"l_ring_pip": [
0.01589224487543106,
-0.00970357842743406,
-0.030918702483177515
],
"l_ring_dip": [
0.003811635309830308,
0.0061600245535374035,
-0.04217271879315414
],
"l_ring_tip": [
0.0060084122233092785,
0.02207440137863182,
-0.030825229361653654
],
"l_pinky_mcp": [
0.030665753409266472,
0.021400872617960167,
-0.008585199713707053
],
"l_pinky_pip": [
0.02495434507727623,
0.011535503901541384,
-0.030955836176872635
],
"l_pinky_dip": [
0.011385682970285416,
0.021560411900282073,
-0.04124312102794674
],
"l_pinky_tip": [
0.016819056123495102,
0.03441158682107965,
-0.03280776366591491
],
"r_hand_position": null,
"r_wrist": null,
"r_thumb_cmc": null,
"r_thumb_mcp": null,
"r_thumb_ip": null,
"r_thumb_tip": null,
"r_index_mcp": null,
"r_index_pip": null,
"r_index_dip": null,
"r_index_tip": null,
"r_middle_mcp": null,
"r_middle_pip": null,
"r_middle_dip": null,
"r_middle_tip": null,
"r_ring_mcp": null,
"r_ring_pip": null,
"r_ring_dip": null,
"r_ring_tip": null,
"r_pinky_mcp": null,
"r_pinky_pip": null,
"r_pinky_dip": null,
"r_pinky_tip": null
}
],
"framerate": 30,
"mirrorable": true
}