{
    "label": "x",
    "label_id": 24,
    "gestures": [
        {
            "wrist": [
                -0.004409020766615868,
                0.0940597653388977,
                -0.018070651218295097
            ],
            "thumb_cmc": [
                -0.026199789717793465,
                0.065584696829319,
                -0.029390307143330574
            ],
            "thumb_mcp": [
                -0.021343637257814407,
                0.03578566014766693,
                -0.0389547199010849
            ],
            "thumb_ip": [
                -0.009844791144132614,
                0.004161735996603966,
                -0.04139294847846031
            ],
            "thumb_tip": [
                0.011833030730485916,
                -0.018621111288666725,
                -0.036218930035829544
            ],
            "index_mcp": [
                -0.026750190183520317,
                -0.009360245428979397,
                0.00014902472321409732
            ],
            "index_pip": [
                -0.028500963002443314,
                -0.03752528131008148,
                -0.005189470015466213
            ],
            "index_dip": [
                -0.026604745537042618,
                -0.0543038509786129,
                -0.015329167246818542
            ],
            "index_tip": [
                -0.029317306354641914,
                -0.057033926248550415,
                -0.04068891704082489
            ],
            "middle_mcp": [
                -0.00519150635227561,
                -0.004486474208533764,
                0.005399928893893957
            ],
            "middle_pip": [
                0.002720753662288189,
                -0.0443805456161499,
                0.002126870909705758
            ],
            "middle_dip": [
                -0.00154954195022583,
                -0.06227058917284012,
                -0.01989920809864998
            ],
            "middle_tip": [
                -0.007366683334112167,
                -0.06646554172039032,
                -0.03757040202617645
            ],
            "ring_mcp": [
                0.01822401024401188,
                0.0026833955198526382,
                0.0025866206269711256
            ],
            "ring_pip": [
                0.021987900137901306,
                -0.023435911163687706,
                -0.0192948579788208
            ],
            "ring_dip": [
                0.014916351065039635,
                -0.013217280618846416,
                -0.03955341875553131
            ],
            "ring_tip": [
                0.007694455794990063,
                0.003754402045160532,
                -0.049636371433734894
            ],
            "pinky_mcp": [
                0.031184092164039612,
                0.01959354616701603,
                -0.0065165674313902855
            ],
            "pinky_pip": [
                0.034775640815496445,
                0.0027311230078339577,
                -0.024855071678757668
            ],
            "pinky_dip": [
                0.025116901844739914,
                0.009284227155148983,
                -0.04185968637466431
            ],
            "pinky_tip": [
                0.014193283393979073,
                0.02799353376030922,
                -0.047941695898771286
            ]
        }
    ]
}