{
    "label": "X",
    "label_id": 24,
    "gestures": [
        {
            "wrist": [
                0.0038382355123758316,
                0.09057047963142395,
                -0.022348569706082344
            ],
            "thumb_cmc": [
                -0.02437979355454445,
                0.06646456569433212,
                -0.026451807469129562
            ],
            "thumb_mcp": [
                -0.027056574821472168,
                0.035617489367723465,
                -0.029609303921461105
            ],
            "thumb_ip": [
                -0.018577996641397476,
                0.003115888684988022,
                -0.03234797343611717
            ],
            "thumb_tip": [
                0.008823562413454056,
                -0.013485672883689404,
                -0.031170055270195007
            ],
            "index_mcp": [
                -0.029084356501698494,
                -0.0029592146165668964,
                0.005896226968616247
            ],
            "index_pip": [
                -0.03262462839484215,
                -0.030913617461919785,
                0.0016096520703285933
            ],
            "index_dip": [
                -0.03248288482427597,
                -0.04270460084080696,
                -0.010317381471395493
            ],
            "index_tip": [
                -0.03476395457983017,
                -0.035016752779483795,
                -0.03304436430335045
            ],
            "middle_mcp": [
                -0.004991081077605486,
                -0.002949740504845977,
                0.00739677157253027
            ],
            "middle_pip": [
                0.0009626876562833786,
                -0.04313570633530617,
                -0.0008591677178628743
            ],
            "middle_dip": [
                -0.006054391153156757,
                -0.04939112067222595,
                -0.02521044760942459
            ],
            "middle_tip": [
                -0.012250255793333054,
                -0.04068012163043022,
                -0.03860974684357643
            ],
            "ring_mcp": [
                0.018860051408410072,
                -0.0001256922259926796,
                -0.0024179003667086363
            ],
            "ring_pip": [
                0.01470120158046484,
                -0.02110099047422409,
                -0.0273271631449461
            ],
            "ring_dip": [
                0.0011479813838377595,
                -0.008431416004896164,
                -0.04214661940932274
            ],
            "ring_tip": [
                -0.004877460189163685,
                0.014683537185192108,
                -0.04068773612380028
            ],
            "pinky_mcp": [
                0.03044358268380165,
                0.012887803837656975,
                -0.015596095472574234
            ],
            "pinky_pip": [
                0.02379259280860424,
                0.0012474111281335354,
                -0.03259294852614403
            ],
            "pinky_dip": [
                0.006432545371353626,
                0.007281002588570118,
                -0.046914324164390564
            ],
            "pinky_tip": [
                0.0006921477615833282,
                0.025217635557055473,
                -0.04431477189064026
            ]
        }
    ]
}