{
    "label": "X",
    "label_id": 24,
    "gestures": [
        {
            "wrist": [
                -0.005850747227668762,
                0.09137602895498276,
                0.006181857082992792
            ],
            "thumb_cmc": [
                -0.029723864048719406,
                0.06176739186048508,
                0.0038097568321973085
            ],
            "thumb_mcp": [
                -0.03244192898273468,
                0.029599029570817947,
                -0.003311153734102845
            ],
            "thumb_ip": [
                -0.02595926821231842,
                -0.002624868880957365,
                -0.01629338599741459
            ],
            "thumb_tip": [
                -0.0019667367450892925,
                -0.018436748534440994,
                -0.026107588782906532
            ],
            "index_mcp": [
                -0.024098262190818787,
                -0.009102717973291874,
                0.012666535563766956
            ],
            "index_pip": [
                -0.026935027912259102,
                -0.038333192467689514,
                0.006754945032298565
            ],
            "index_dip": [
                -0.03034152463078499,
                -0.05404455214738846,
                -0.0024730635341256857
            ],
            "index_tip": [
                -0.040139779448509216,
                -0.05683784931898117,
                -0.02456982061266899
            ],
            "middle_mcp": [
                -0.0031420658342540264,
                -0.004225871991366148,
                0.006569723132997751
            ],
            "middle_pip": [
                0.009138585068285465,
                -0.04357976093888283,
                -0.0027143375482410192
            ],
            "middle_dip": [
                -0.002255411818623543,
                -0.058989450335502625,
                -0.023128189146518707
            ],
            "middle_tip": [
                -0.014951694756746292,
                -0.060134027153253555,
                -0.03662758320569992
            ],
            "ring_mcp": [
                0.016588730737566948,
                0.004279834218323231,
                -0.007533778436481953
            ],
            "ring_pip": [
                0.005861241370439529,
                -0.013149519450962543,
                -0.0327942930161953
            ],
            "ring_dip": [
                -0.009746814146637917,
                -0.0014689629897475243,
                -0.04152236878871918
            ],
            "ring_tip": [
                -0.013247640803456306,
                0.01955484412610531,
                -0.03592368960380554
            ],
            "pinky_mcp": [
                0.022473111748695374,
                0.021330701187253,
                -0.01987035945057869
            ],
            "pinky_pip": [
                0.013040111400187016,
                0.01098288781940937,
                -0.03845281898975372
            ],
            "pinky_dip": [
                -0.004922287072986364,
                0.013759516179561615,
                -0.04892009496688843
            ],
            "pinky_tip": [
                -0.0073301782831549644,
                0.028329096734523773,
                -0.0474093034863472
            ]
        }
    ]
}