{
"label": "x",
"gestures": [
{
"l_hand_position": null,
"l_wrist": [
-0.0044363923370838165,
0.08628951013088336,
0.015522630885243477
],
"l_thumb_cmc": [
-0.029951224103569984,
0.06346543878316943,
-0.0060077090747654655
],
"l_thumb_mcp": [
-0.025313634425401688,
0.04120731726288841,
-0.02053393423557314
],
"l_thumb_ip": [
-0.008775048889219761,
0.015162277966737813,
-0.03558007627725629
],
"l_thumb_tip": [
0.017682714387774467,
0.0006621116772293881,
-0.035702399909496675
],
"l_index_mcp": [
-0.02938145026564598,
-0.008640734478831411,
-0.002813306637108356
],
"l_index_pip": [
-0.03127404302358627,
-0.031922914087772744,
-0.010428715497255518
],
"l_index_dip": [
-0.028632868081331253,
-0.05137799680233056,
-0.020877929404378076
],
"l_index_tip": [
-0.0256953164935112,
-0.06268779933452673,
-0.04382161796093034
],
"l_middle_mcp": [
-0.005887727253139019,
-0.005351569037884537,
0.005207805428654018
],
"l_middle_pip": [
0.005860213190317154,
-0.04768209904432344,
-0.0036906483583151514
],
"l_middle_dip": [
0.006428008899092674,
-0.06900592148304055,
-0.020280823111534202
],
"l_middle_tip": [
0.011104043573141098,
-0.08827159553766338,
-0.03492898866534265
],
"l_ring_mcp": [
0.01895059272646904,
0.0030139717273414413,
0.0023463685065508166
],
"l_ring_pip": [
0.02603600174188614,
-0.013835797086358239,
-0.024091342464089643
],
"l_ring_dip": [
0.01960575580596924,
0.0030271727591752863,
-0.03953365609049834
],
"l_ring_tip": [
0.007930740714073181,
0.024245969951152958,
-0.04422381147742316
],
"l_pinky_mcp": [
0.032091181725263596,
0.02065039798617379,
-0.0004736986302305041
],
"l_pinky_pip": [
0.04219744727015495,
0.007606067694723663,
-0.021052496507764046
],
"l_pinky_dip": [
0.034844741225242615,
0.01579887047410023,
-0.03612005710601848
],
"l_pinky_tip": [
0.02678496763110161,
0.03178412094712283,
-0.034807708114386014
],
"r_hand_position": null,
"r_wrist": null,
"r_thumb_cmc": null,
"r_thumb_mcp": null,
"r_thumb_ip": null,
"r_thumb_tip": null,
"r_index_mcp": null,
"r_index_pip": null,
"r_index_dip": null,
"r_index_tip": null,
"r_middle_mcp": null,
"r_middle_pip": null,
"r_middle_dip": null,
"r_middle_tip": null,
"r_ring_mcp": null,
"r_ring_pip": null,
"r_ring_dip": null,
"r_ring_tip": null,
"r_pinky_mcp": null,
"r_pinky_pip": null,
"r_pinky_dip": null,
"r_pinky_tip": null
}
],
"framerate": 30,
"mirrorable": true
}