{
    "label": "X",
    "label_id": 24,
    "gestures": [
        {
            "wrist": [
                -0.032326314598321915,
                0.08581068366765976,
                0.009775897487998009
            ],
            "thumb_cmc": [
                0.0007815919816493988,
                0.06899632513523102,
                0.0009664802346378565
            ],
            "thumb_mcp": [
                0.018124394118785858,
                0.042364709079265594,
                -0.010455829091370106
            ],
            "thumb_ip": [
                0.015715643763542175,
                0.007163819391280413,
                -0.026179814711213112
            ],
            "thumb_tip": [
                -0.004852056968957186,
                -0.019555002450942993,
                -0.028535645455121994
            ],
            "index_mcp": [
                0.020279638469219208,
                -0.0006365301087498665,
                0.008904009126126766
            ],
            "index_pip": [
                0.03610716760158539,
                -0.022535674273967743,
                0.005081958137452602
            ],
            "index_dip": [
                0.044083915650844574,
                -0.03991645574569702,
                -0.0014815202448517084
            ],
            "index_tip": [
                0.045721374452114105,
                -0.04682226851582527,
                -0.025170823559165
            ],
            "middle_mcp": [
                0.0008993158116936684,
                -0.005539339501410723,
                0.006530085578560829
            ],
            "middle_pip": [
                0.008392300456762314,
                -0.04088319092988968,
                -0.0013994185719639063
            ],
            "middle_dip": [
                0.011181946843862534,
                -0.061106130480766296,
                -0.017283698543906212
            ],
            "middle_tip": [
                0.014363842085003853,
                -0.07271836698055267,
                -0.03421064466238022
            ],
            "ring_mcp": [
                -0.013359146192669868,
                -0.0003320099785923958,
                -0.004692492075264454
            ],
            "ring_pip": [
                -0.0038602519780397415,
                -0.014382297173142433,
                -0.03023339994251728
            ],
            "ring_dip": [
                0.0020933845080435276,
                -0.002782877068966627,
                -0.044902317225933075
            ],
            "ring_tip": [
                0.005922557786107063,
                0.013832461088895798,
                -0.048169828951358795
            ],
            "pinky_mcp": [
                -0.03145831823348999,
                0.010871185921132565,
                -0.019551683217287064
            ],
            "pinky_pip": [
                -0.017509302124381065,
                0.010985946282744408,
                -0.03133530169725418
            ],
            "pinky_dip": [
                -0.003544207662343979,
                0.02748989313840866,
                -0.03704763576388359
            ],
            "pinky_tip": [
                0.0034898295998573303,
                0.04318457096815109,
                -0.03548455238342285
            ]
        }
    ]
}