{
"label": "x",
"gestures": [
{
"l_hand_position": null,
"l_wrist": null,
"l_thumb_cmc": null,
"l_thumb_mcp": null,
"l_thumb_ip": null,
"l_thumb_tip": null,
"l_index_mcp": null,
"l_index_pip": null,
"l_index_dip": null,
"l_index_tip": null,
"l_middle_mcp": null,
"l_middle_pip": null,
"l_middle_dip": null,
"l_middle_tip": null,
"l_ring_mcp": null,
"l_ring_pip": null,
"l_ring_dip": null,
"l_ring_tip": null,
"l_pinky_mcp": null,
"l_pinky_pip": null,
"l_pinky_dip": null,
"l_pinky_tip": null,
"r_hand_position": null,
"r_wrist": [
-0.032326314598321915,
0.0858106836676608,
0.009775897487998033
],
"r_thumb_cmc": [
0.0007815919816493988,
0.06899632513523192,
0.0009664802346376703
],
"r_thumb_mcp": [
0.018124394118785858,
0.04236470907926607,
-0.010455829091370234
],
"r_thumb_ip": [
0.015715643763542175,
0.007163819391280517,
-0.026179814711213403
],
"r_thumb_tip": [
-0.004852056968957186,
-0.019555002450943257,
-0.02853564545512232
],
"r_index_mcp": [
0.020279638469219208,
-0.0006365301087498689,
0.008904009126126869
],
"r_index_pip": [
0.03610716760158539,
-0.022535674273968038,
0.005081958137452673
],
"r_index_dip": [
0.044083915650844574,
-0.039916455745697486,
-0.0014815202448516494
],
"r_index_tip": [
0.045721374452114105,
-0.04682226851582571,
-0.02517082355916516
],
"r_middle_mcp": [
0.0008993158116936684,
-0.005539339501410774,
0.006530085578560888
],
"r_middle_pip": [
0.008392300456762314,
-0.04088319092989015,
-0.001399418571963876
],
"r_middle_dip": [
0.011181946843862534,
-0.06110613048076695,
-0.017283698543906417
],
"r_middle_tip": [
0.014363842085003853,
-0.07271836698055367,
-0.034210644662380614
],
"r_ring_mcp": [
-0.013359146192669868,
-0.000332009978592397,
-0.004692492075264506
],
"r_ring_pip": [
-0.0038602519780397415,
-0.014382297173142544,
-0.03023339994251757
],
"r_ring_dip": [
0.0020933845080435276,
-0.002782877068966633,
-0.04490231722593359
],
"r_ring_tip": [
0.005922557786107063,
0.013832461088895957,
-0.04816982895135925
],
"r_pinky_mcp": [
-0.03145831823348999,
0.010871185921132766,
-0.019551683217287397
],
"r_pinky_pip": [
-0.017509302124381065,
0.010985946282744491,
-0.031335301697254424
],
"r_pinky_dip": [
-0.003544207662343979,
0.027489893138408997,
-0.037047635763884
],
"r_pinky_tip": [
0.0034898295998573303,
0.04318457096815147,
-0.03548455238342324
]
}
],
"framerate": 30,
"mirrorable": true
}