{
"label": "x",
"gestures": [
{
"l_hand_position": null,
"l_wrist": null,
"l_thumb_cmc": null,
"l_thumb_mcp": null,
"l_thumb_ip": null,
"l_thumb_tip": null,
"l_index_mcp": null,
"l_index_pip": null,
"l_index_dip": null,
"l_index_tip": null,
"l_middle_mcp": null,
"l_middle_pip": null,
"l_middle_dip": null,
"l_middle_tip": null,
"l_ring_mcp": null,
"l_ring_pip": null,
"l_ring_dip": null,
"l_ring_tip": null,
"l_pinky_mcp": null,
"l_pinky_pip": null,
"l_pinky_dip": null,
"l_pinky_tip": null,
"r_hand_position": null,
"r_wrist": [
-0.013530092313885689,
0.0840709730982788,
-0.004479424562305335
],
"r_thumb_cmc": [
0.018179016187787056,
0.06755350530147619,
-0.018714521080255755
],
"r_thumb_mcp": [
0.03086167573928833,
0.040167517960072,
-0.031806599348783875
],
"r_thumb_ip": [
0.02161354012787342,
0.007901027798652661,
-0.03784536942839645
],
"r_thumb_tip": [
-0.009011239744722843,
-0.009635064750909961,
-0.03738268092274707
],
"r_index_mcp": [
0.026761174201965332,
-0.0025202184915542867,
-0.0003866086481139048
],
"r_index_pip": [
0.038773417472839355,
-0.024883706122637086,
-0.005724785383790783
],
"r_index_dip": [
0.04696682468056679,
-0.04178910702467021,
-0.01681230030953905
],
"r_index_tip": [
0.04694439470767975,
-0.04367383942008073,
-0.04164773970842403
],
"r_middle_mcp": [
0.0021168957464396954,
-0.0045351823791862055,
0.007759004831314189
],
"r_middle_pip": [
0.0036231493577361107,
-0.039060410112142965,
-0.008956730365753271
],
"r_middle_dip": [
0.004506552591919899,
-0.04596371948719081,
-0.029046000912785894
],
"r_middle_tip": [
0.004844747483730316,
-0.04961520433425958,
-0.04554397985339212
],
"r_ring_mcp": [
-0.019372105598449707,
-0.0007213447242975284,
0.0017845395486802073
],
"r_ring_pip": [
-0.019688043743371964,
-0.016987070441246217,
-0.026386318728327997
],
"r_ring_dip": [
-0.010579606518149376,
-0.000539037398993991,
-0.03541204705834425
],
"r_ring_tip": [
-0.005476608406752348,
0.014942627400159995,
-0.03441728651523629
],
"r_pinky_mcp": [
-0.041690029203891754,
0.013716039247811009,
-0.005942205432802533
],
"r_pinky_pip": [
-0.036500751972198486,
0.005627908743917967,
-0.023213801905513073
],
"r_pinky_dip": [
-0.027739252895116806,
0.016234438866377106,
-0.031715136021376066
],
"r_pinky_tip": [
-0.02013741247355938,
0.03044060803949871,
-0.027426145970821752
]
}
],
"framerate": 30,
"mirrorable": true
}