{
"label": "b",
"gestures": [
{
"l_hand_position": null,
"l_wrist": null,
"l_thumb_cmc": null,
"l_thumb_mcp": null,
"l_thumb_ip": null,
"l_thumb_tip": null,
"l_index_mcp": null,
"l_index_pip": null,
"l_index_dip": null,
"l_index_tip": null,
"l_middle_mcp": null,
"l_middle_pip": null,
"l_middle_dip": null,
"l_middle_tip": null,
"l_ring_mcp": null,
"l_ring_pip": null,
"l_ring_dip": null,
"l_ring_tip": null,
"l_pinky_mcp": null,
"l_pinky_pip": null,
"l_pinky_dip": null,
"l_pinky_tip": null,
"r_hand_position": null,
"r_wrist": [
0.0262382123619318,
0.09292510896921158,
0.029168706387281418
],
"r_thumb_cmc": [
-0.005431230645626783,
0.08088871091604233,
0.01117027923464775
],
"r_thumb_mcp": [
-0.016346126794815063,
0.06058618053793907,
-0.008481080643832684
],
"r_thumb_ip": [
-0.016076654195785522,
0.03609337657690048,
-0.035327211022377014
],
"r_thumb_tip": [
-0.007253141608089209,
0.01542598009109497,
-0.04669026657938957
],
"r_index_mcp": [
-0.02419983223080635,
0.005696738138794899,
2.3039208826958202e-05
],
"r_index_pip": [
-0.030162181705236435,
-0.02344447933137417,
-0.007244540378451347
],
"r_index_dip": [
-0.0351620651781559,
-0.04484006017446518,
-0.01308480929583311
],
"r_index_tip": [
-0.04326900467276573,
-0.06663907319307327,
-0.03201170265674591
],
"r_middle_mcp": [
-0.00513868685811758,
-0.004157607443630695,
0.004509028047323227
],
"r_middle_pip": [
-0.01283897552639246,
-0.04108036682009697,
-0.007930994033813477
],
"r_middle_dip": [
-0.02498316764831543,
-0.06159690022468567,
-0.0207552257925272
],
"r_middle_tip": [
-0.031371455639600754,
-0.08475299924612045,
-0.03354174271225929
],
"r_ring_mcp": [
0.0154368681833148,
-0.007390103302896023,
-0.0002999939606525004
],
"r_ring_pip": [
0.008586306124925613,
-0.03289123997092247,
-0.013375229202210903
],
"r_ring_dip": [
-0.0037013511173427105,
-0.05466892197728157,
-0.027656314894557
],
"r_ring_tip": [
-0.011667206883430481,
-0.07523219287395477,
-0.04115116968750954
],
"r_pinky_mcp": [
0.03037320449948311,
0.007370150648057461,
-0.0020721673499792814
],
"r_pinky_pip": [
0.029040388762950897,
-0.016984496265649796,
-0.00827204342931509
],
"r_pinky_dip": [
0.01907464489340782,
-0.04051440954208374,
-0.02168726734817028
],
"r_pinky_tip": [
0.008936747908592224,
-0.0543944425880909,
-0.03495866805315018
]
}
],
"framerate": 30,
"mirrorable": true
}