{
"label": "b",
"gestures": [
{
"l_hand_position": null,
"l_wrist": null,
"l_thumb_cmc": null,
"l_thumb_mcp": null,
"l_thumb_ip": null,
"l_thumb_tip": null,
"l_index_mcp": null,
"l_index_pip": null,
"l_index_dip": null,
"l_index_tip": null,
"l_middle_mcp": null,
"l_middle_pip": null,
"l_middle_dip": null,
"l_middle_tip": null,
"l_ring_mcp": null,
"l_ring_pip": null,
"l_ring_dip": null,
"l_ring_tip": null,
"l_pinky_mcp": null,
"l_pinky_pip": null,
"l_pinky_dip": null,
"l_pinky_tip": null,
"r_hand_position": null,
"r_wrist": [
-0.042408645153045654,
0.09286004304885864,
-0.035470496863126755
],
"r_thumb_cmc": [
-0.0027183368802070618,
0.07896219193935394,
-0.03353799879550934
],
"r_thumb_mcp": [
0.02178841456770897,
0.05713139474391937,
-0.043546173721551895
],
"r_thumb_ip": [
0.024179914966225624,
0.01684371381998062,
-0.052717506885528564
],
"r_thumb_tip": [
-0.004565291106700897,
-0.008044080808758736,
-0.042996279895305634
],
"r_index_mcp": [
0.02831190824508667,
0.008548893965780735,
0.0032993329223245382
],
"r_index_pip": [
0.03715619072318077,
-0.019538667052984238,
0.000608040951192379
],
"r_index_dip": [
0.042371779680252075,
-0.04583403840661049,
-0.005465008318424225
],
"r_index_tip": [
0.03910410776734352,
-0.06207796186208725,
-0.026881018653512
],
"r_middle_mcp": [
0.003125878982245922,
-0.0037936412263661623,
0.008335600607097149
],
"r_middle_pip": [
0.018534595146775246,
-0.040433451533317566,
0.003402874805033207
],
"r_middle_dip": [
0.023014724254608154,
-0.06467171758413315,
-0.002988744992762804
],
"r_middle_tip": [
0.0281867403537035,
-0.08267263323068619,
-0.017415327951312065
],
"r_ring_mcp": [
-0.01770983263850212,
-0.007755157072097063,
-0.0014041950926184654
],
"r_ring_pip": [
-0.00521845743060112,
-0.03836003318428993,
-0.007659073919057846
],
"r_ring_dip": [
0.0034708604216575623,
-0.05881853401660919,
-0.016271332278847694
],
"r_ring_tip": [
0.009105291217565536,
-0.0753452330827713,
-0.026698337867856026
],
"r_pinky_mcp": [
-0.042005881667137146,
-0.00013880804181098938,
-0.014283819124102592
],
"r_pinky_pip": [
-0.031027469784021378,
-0.02441384270787239,
-0.012048354372382164
],
"r_pinky_dip": [
-0.01832130365073681,
-0.045246921479701996,
-0.017759015783667564
],
"r_pinky_tip": [
-0.01274849846959114,
-0.06297346949577332,
-0.02667050249874592
]
}
],
"framerate": 30,
"mirrorable": true
}