{
"label": "b",
"gestures": [
{
"l_hand_position": null,
"l_wrist": null,
"l_thumb_cmc": null,
"l_thumb_mcp": null,
"l_thumb_ip": null,
"l_thumb_tip": null,
"l_index_mcp": null,
"l_index_pip": null,
"l_index_dip": null,
"l_index_tip": null,
"l_middle_mcp": null,
"l_middle_pip": null,
"l_middle_dip": null,
"l_middle_tip": null,
"l_ring_mcp": null,
"l_ring_pip": null,
"l_ring_dip": null,
"l_ring_tip": null,
"l_pinky_mcp": null,
"l_pinky_pip": null,
"l_pinky_dip": null,
"l_pinky_tip": null,
"r_hand_position": null,
"r_wrist": [
-0.02793414331972599,
0.0867653340101242,
0.028340190649032593
],
"r_thumb_cmc": [
0.006824037060141563,
0.0687670111656189,
0.015442238189280033
],
"r_thumb_mcp": [
0.029314745217561722,
0.04944209009408951,
-0.0075316643342375755
],
"r_thumb_ip": [
0.03305273875594139,
0.02852853573858738,
-0.03387129679322243
],
"r_thumb_tip": [
0.011121278628706932,
0.00944442581385374,
-0.04696720093488693
],
"r_index_mcp": [
0.027502916753292084,
-0.0019459724426269531,
0.0008604259928688407
],
"r_index_pip": [
0.028333786875009537,
-0.024503348395228386,
-0.005664613097906113
],
"r_index_dip": [
0.02838877961039543,
-0.04937635362148285,
-0.01257297582924366
],
"r_index_tip": [
0.02230094000697136,
-0.06575959920883179,
-0.03992975503206253
],
"r_middle_mcp": [
0.0024976790882647038,
-0.007045494858175516,
0.004972383845597506
],
"r_middle_pip": [
0.008104774169623852,
-0.0355367474257946,
-0.0020716809667646885
],
"r_middle_dip": [
0.005954524502158165,
-0.062429748475551605,
-0.017818931490182877
],
"r_middle_tip": [
0.007080994546413422,
-0.08309328556060791,
-0.041128069162368774
],
"r_ring_mcp": [
-0.01621250808238983,
-0.000384695827960968,
-0.0005983291775919497
],
"r_ring_pip": [
-0.012849919497966766,
-0.030714798718690872,
-0.005669082514941692
],
"r_ring_dip": [
-0.010507144033908844,
-0.05178134888410568,
-0.01857016235589981
],
"r_ring_tip": [
-0.007166542112827301,
-0.0764702707529068,
-0.035754039883613586
],
"r_pinky_mcp": [
-0.03727854788303375,
0.012272694148123264,
-0.003964417614042759
],
"r_pinky_pip": [
-0.03475519269704819,
-0.010617822408676147,
-0.0038812311831861734
],
"r_pinky_dip": [
-0.02804214134812355,
-0.03252755105495453,
-0.006088641006499529
],
"r_pinky_tip": [
-0.025106003507971764,
-0.05668347701430321,
-0.017299016937613487
]
}
],
"framerate": 30,
"mirrorable": true
}