{
    "label": "q",
    "label_id": 17,
    "gestures": [
        {
            "wrist": [
                0.03624813258647919,
                -0.053130753338336945,
                0.05684038624167442
            ],
            "thumb_cmc": [
                0.0039461590349674225,
                -0.03984994441270828,
                0.0499345101416111
            ],
            "thumb_mcp": [
                -0.0207079965621233,
                -0.022730911150574684,
                0.04457281902432442
            ],
            "thumb_ip": [
                -0.03023475781083107,
                0.0024490030482411385,
                0.028574010357260704
            ],
            "thumb_tip": [
                -0.027519702911376953,
                0.026447851210832596,
                0.009319175966084003
            ],
            "index_mcp": [
                -0.017740201205015182,
                -0.0009472803212702274,
                0.0032391378190368414
            ],
            "index_pip": [
                -0.020564600825309753,
                0.023177150636911392,
                0.00532091548666358
            ],
            "index_dip": [
                -0.022600876167416573,
                0.045779645442962646,
                0.023630449548363686
            ],
            "index_tip": [
                -0.02147028036415577,
                0.07155895233154297,
                0.03174761310219765
            ],
            "middle_mcp": [
                -0.0016497920732945204,
                0.0011022601975128055,
                -0.0018148074159398675
            ],
            "middle_pip": [
                -0.006899941246956587,
                0.019263947382569313,
                0.010480718687176704
            ],
            "middle_dip": [
                -0.003975496627390385,
                0.01586644910275936,
                0.03528742864727974
            ],
            "middle_tip": [
                -0.007106800563633442,
                0.0054236119613051414,
                0.061372093856334686
            ],
            "ring_mcp": [
                0.010932260192930698,
                0.0030659567564725876,
                -0.0020599402487277985
            ],
            "ring_pip": [
                0.008146335370838642,
                0.017333585768938065,
                0.01325907651335001
            ],
            "ring_dip": [
                0.012032520025968552,
                0.011160964146256447,
                0.03872755542397499
            ],
            "ring_tip": [
                0.010944746434688568,
                -0.002151304390281439,
                0.05993681773543358
            ],
            "pinky_mcp": [
                0.029351092875003815,
                0.0006590113043785095,
                0.007430719211697578
            ],
            "pinky_pip": [
                0.026169907301664352,
                0.016040626913309097,
                0.01786625012755394
            ],
            "pinky_dip": [
                0.022428561002016068,
                0.01506187953054905,
                0.037739600986242294
            ],
            "pinky_tip": [
                0.02636554464697838,
                0.0032481644302606583,
                0.04829167202115059
            ]
        }
    ]
}