{
"label": "a",
"gestures": [
{
"l_hand_position": null,
"l_wrist": null,
"l_thumb_cmc": null,
"l_thumb_mcp": null,
"l_thumb_ip": null,
"l_thumb_tip": null,
"l_index_mcp": null,
"l_index_pip": null,
"l_index_dip": null,
"l_index_tip": null,
"l_middle_mcp": null,
"l_middle_pip": null,
"l_middle_dip": null,
"l_middle_tip": null,
"l_ring_mcp": null,
"l_ring_pip": null,
"l_ring_dip": null,
"l_ring_tip": null,
"l_pinky_mcp": null,
"l_pinky_pip": null,
"l_pinky_dip": null,
"l_pinky_tip": null,
"r_hand_position": [
-0.33228476345539093,
0.12097769975662231,
-0.5000001717810818
],
"r_wrist": [
-0.01238175854086876,
0.07246843725442886,
0.0331074595451355
],
"r_thumb_cmc": [
0.01827363297343254,
0.05389098450541496,
0.012789316475391388
],
"r_thumb_mcp": [
0.04129590466618538,
0.0259831752628088,
0.008489764295518398
],
"r_thumb_ip": [
0.048980679363012314,
-0.00567643903195858,
0.004468265455216169
],
"r_thumb_tip": [
0.04724826663732529,
-0.03760452941060066,
0.003314384026452899
],
"r_index_mcp": [
0.025302976369857788,
-0.00528422836214304,
0.0007108533172868192
],
"r_index_pip": [
0.027171984314918518,
-0.009750284254550934,
-0.026876304298639297
],
"r_index_dip": [
0.025906028226017952,
0.008002722635865211,
-0.02711533010005951
],
"r_index_tip": [
0.024471206590533257,
0.027106158435344696,
-0.012785485945641994
],
"r_middle_mcp": [
0.0012633672449737787,
-0.004956383258104324,
0.0051787737756967545
],
"r_middle_pip": [
0.008196791633963585,
-0.011864349246025085,
-0.033135998994112015
],
"r_middle_dip": [
0.009703542105853558,
0.01670529507100582,
-0.043329957872629166
],
"r_middle_tip": [
0.016064554452896118,
0.03602553531527519,
-0.0199541337788105
],
"r_ring_mcp": [
-0.0172136090695858,
0.0014130547642707825,
0.0005539970588870347
],
"r_ring_pip": [
-0.010195596143603325,
0.00028090644627809525,
-0.033017903566360474
],
"r_ring_dip": [
-0.007131271995604038,
0.02208171971142292,
-0.040862832218408585
],
"r_ring_tip": [
-0.002046380192041397,
0.045003123581409454,
-0.024262772873044014
],
"r_pinky_mcp": [
-0.03721192106604576,
0.014730744063854218,
-0.0031844975892454386
],
"r_pinky_pip": [
-0.0349266454577446,
0.00915151834487915,
-0.025777196511626244
],
"r_pinky_dip": [
-0.025238823145627975,
0.021922875195741653,
-0.04070349782705307
],
"r_pinky_tip": [
-0.019336579367518425,
0.04046730324625969,
-0.031628139317035675
],
"l_hand_velocity": null,
"r_hand_velocity": null
}
],
"framerate": 30,
"mirrorable": true
}