{
"label": "a",
"gestures": [
{
"l_hand_position": null,
"l_wrist": null,
"l_thumb_cmc": null,
"l_thumb_mcp": null,
"l_thumb_ip": null,
"l_thumb_tip": null,
"l_index_mcp": null,
"l_index_pip": null,
"l_index_dip": null,
"l_index_tip": null,
"l_middle_mcp": null,
"l_middle_pip": null,
"l_middle_dip": null,
"l_middle_tip": null,
"l_ring_mcp": null,
"l_ring_pip": null,
"l_ring_dip": null,
"l_ring_tip": null,
"l_pinky_mcp": null,
"l_pinky_pip": null,
"l_pinky_dip": null,
"l_pinky_tip": null,
"r_hand_position": [
-0.2219904661178589,
0.05857473611831665,
-0.5000000456735201
],
"r_wrist": [
-0.021931657567620277,
0.06633363664150238,
0.02785079926252365
],
"r_thumb_cmc": [
0.010353036224842072,
0.05490885302424431,
0.01136147603392601
],
"r_thumb_mcp": [
0.04273902624845505,
0.03444191813468933,
0.008828352205455303
],
"r_thumb_ip": [
0.06285989284515381,
0.005042554810643196,
0.007400364149361849
],
"r_thumb_tip": [
0.07586973905563354,
-0.024787740781903267,
0.008027828298509121
],
"r_index_mcp": [
0.027594761922955513,
-0.0011432236060500145,
0.0026195438113063574
],
"r_index_pip": [
0.03200951963663101,
-0.009308715350925922,
-0.02243940532207489
],
"r_index_dip": [
0.031255897134542465,
0.004445575177669525,
-0.028503458946943283
],
"r_index_tip": [
0.02772974595427513,
0.024362891912460327,
-0.018365589901804924
],
"r_middle_mcp": [
0.0012811560882255435,
-0.004154385533183813,
0.0055890739895403385
],
"r_middle_pip": [
0.01500525139272213,
-0.01709038019180298,
-0.0313134491443634
],
"r_middle_dip": [
0.01515107974410057,
0.010185759514570236,
-0.04440820589661598
],
"r_middle_tip": [
0.015787724405527115,
0.03100886382162571,
-0.027591843158006668
],
"r_ring_mcp": [
-0.017946161329746246,
-0.0020556608214974403,
-0.0005670411046594381
],
"r_ring_pip": [
-0.006845150142908096,
-0.011067603714764118,
-0.033761151134967804
],
"r_ring_dip": [
-0.0028586043044924736,
0.012493418529629707,
-0.04393576458096504
],
"r_ring_tip": [
-0.0013442113995552063,
0.03769350051879883,
-0.031219052150845528
],
"r_pinky_mcp": [
-0.040486715734004974,
0.007736856117844582,
-0.003986772615462542
],
"r_pinky_pip": [
-0.0324472114443779,
-0.004519353620707989,
-0.025509869679808617
],
"r_pinky_dip": [
-0.0212993361055851,
0.010274326428771019,
-0.04174142703413963
],
"r_pinky_tip": [
-0.021853800863027573,
0.028263749554753304,
-0.03188743069767952
],
"l_hand_velocity": null,
"r_hand_velocity": null
}
],
"framerate": 30,
"mirrorable": true,
"invalid": false
}