{
"label": "a",
"gestures": [
{
"l_hand_position": null,
"l_wrist": null,
"l_thumb_cmc": null,
"l_thumb_mcp": null,
"l_thumb_ip": null,
"l_thumb_tip": null,
"l_index_mcp": null,
"l_index_pip": null,
"l_index_dip": null,
"l_index_tip": null,
"l_middle_mcp": null,
"l_middle_pip": null,
"l_middle_dip": null,
"l_middle_tip": null,
"l_ring_mcp": null,
"l_ring_pip": null,
"l_ring_dip": null,
"l_ring_tip": null,
"l_pinky_mcp": null,
"l_pinky_pip": null,
"l_pinky_dip": null,
"l_pinky_tip": null,
"r_hand_position": [
-0.2555929869413376,
0.13592588901519775,
-0.50000001926837
],
"r_wrist": [
-0.02011053077876568,
0.06315211206674576,
0.06461597979068756
],
"r_thumb_cmc": [
0.005957113578915596,
0.05728738009929657,
0.041509661823511124
],
"r_thumb_mcp": [
0.03603788837790489,
0.04172531142830849,
0.028274083510041237
],
"r_thumb_ip": [
0.054077208042144775,
0.01693642884492874,
0.009694826789200306
],
"r_thumb_tip": [
0.08003299683332443,
-0.0033998526632785797,
-0.005972410086542368
],
"r_index_mcp": [
0.021192368119955063,
-0.002329811453819275,
0.0012684565735980868
],
"r_index_pip": [
0.021655546501278877,
0.008211208507418633,
-0.022978290915489197
],
"r_index_dip": [
0.01981142908334732,
0.029653549194335938,
-0.016123486682772636
],
"r_index_tip": [
0.005057601258158684,
0.04621630907058716,
0.0009319768869318068
],
"r_middle_mcp": [
0.002306852489709854,
-0.005510224495083094,
0.0032824769150465727
],
"r_middle_pip": [
0.010281533002853394,
-0.005924672354012728,
-0.026382144540548325
],
"r_middle_dip": [
0.010390762239694595,
0.019206851720809937,
-0.031894609332084656
],
"r_middle_tip": [
0.011028515174984932,
0.0326521173119545,
-0.019741227850317955
],
"r_ring_mcp": [
-0.014586614444851875,
-0.0020266762003302574,
0.0006259740912355483
],
"r_ring_pip": [
-0.010624852031469345,
0.0032581405248492956,
-0.029822563752532005
],
"r_ring_dip": [
-0.002428111620247364,
0.01967746391892433,
-0.03180786967277527
],
"r_ring_tip": [
0.009122516959905624,
0.03294777497649193,
-0.017342139035463333
],
"r_pinky_mcp": [
-0.036610059440135956,
0.011491814628243446,
0.0022870730608701706
],
"r_pinky_pip": [
-0.030469555407762527,
0.009146853350102901,
-0.017356568947434425
],
"r_pinky_dip": [
-0.018410976976156235,
0.013356897048652172,
-0.030880145728588104
],
"r_pinky_tip": [
-0.009169693104922771,
0.01542956754565239,
-0.028395552188158035
]
}
],
"framerate": 30,
"mirrorable": true
}