{
"label": "a",
"gestures": [
{
"l_hand_position": [
0.36471423506736755,
0.6295433044433594,
-8.702678542249487e-07
],
"l_wrist": [
0.00914393737912178,
0.08290044963359833,
0.010318349115550518
],
"l_thumb_cmc": [
-0.016927199438214302,
0.06099781021475792,
0.0017625328619033098
],
"l_thumb_mcp": [
-0.03129124268889427,
0.031187284737825394,
0.002480139723047614
],
"l_thumb_ip": [
-0.04801952838897705,
0.004501954652369022,
0.0018029935890808702
],
"l_thumb_tip": [
-0.06669719517230988,
-0.02203487791121006,
0.012272331863641739
],
"l_index_mcp": [
-0.026623962447047234,
-2.881838008761406e-05,
0.008033792488276958
],
"l_index_pip": [
-0.034009240567684174,
-0.0031914403662085533,
-0.01589740626513958
],
"l_index_dip": [
-0.03654645010828972,
0.011048663407564163,
-0.017081912606954575
],
"l_index_tip": [
-0.032772064208984375,
0.03509201481938362,
-0.004215229768306017
],
"l_middle_mcp": [
-0.0046144588850438595,
-0.003308177227154374,
0.006099552847445011
],
"l_middle_pip": [
-0.016269966959953308,
-0.0121360057964921,
-0.024428412318229675
],
"l_middle_dip": [
-0.021995995193719864,
0.01774177886545658,
-0.029763223603367805
],
"l_middle_tip": [
-0.01459120400249958,
0.03805454075336456,
-0.013841820880770683
],
"l_ring_mcp": [
0.01831541210412979,
-0.001588000450283289,
-0.005364058539271355
],
"l_ring_pip": [
0.001115666120313108,
0.000922880950383842,
-0.0317075289785862
],
"l_ring_dip": [
-0.0035359172616153955,
0.02692713774740696,
-0.033113524317741394
],
"l_ring_tip": [
0.0036852406337857246,
0.04923737049102783,
-0.021014854311943054
],
"l_pinky_mcp": [
0.02874959446489811,
0.011220072396099567,
-0.0158601813018322
],
"l_pinky_pip": [
0.01763053610920906,
0.006743161007761955,
-0.03355492651462555
],
"l_pinky_dip": [
0.01185729168355465,
0.023309871554374695,
-0.04220369830727577
],
"l_pinky_tip": [
0.01328632514923811,
0.04059533402323723,
-0.03682078793644905
],
"r_hand_position": null,
"r_wrist": null,
"r_thumb_cmc": null,
"r_thumb_mcp": null,
"r_thumb_ip": null,
"r_thumb_tip": null,
"r_index_mcp": null,
"r_index_pip": null,
"r_index_dip": null,
"r_index_tip": null,
"r_middle_mcp": null,
"r_middle_pip": null,
"r_middle_dip": null,
"r_middle_tip": null,
"r_ring_mcp": null,
"r_ring_pip": null,
"r_ring_dip": null,
"r_ring_tip": null,
"r_pinky_mcp": null,
"r_pinky_pip": null,
"r_pinky_dip": null,
"r_pinky_tip": null,
"l_hand_velocity": null,
"r_hand_velocity": null
}
],
"framerate": 30,
"mirrorable": true
}