{
"label": "a",
"gestures": [
{
"l_hand_position": null,
"l_wrist": null,
"l_thumb_cmc": null,
"l_thumb_mcp": null,
"l_thumb_ip": null,
"l_thumb_tip": null,
"l_index_mcp": null,
"l_index_pip": null,
"l_index_dip": null,
"l_index_tip": null,
"l_middle_mcp": null,
"l_middle_pip": null,
"l_middle_dip": null,
"l_middle_tip": null,
"l_ring_mcp": null,
"l_ring_pip": null,
"l_ring_dip": null,
"l_ring_tip": null,
"l_pinky_mcp": null,
"l_pinky_pip": null,
"l_pinky_dip": null,
"l_pinky_tip": null,
"r_hand_position": [
-0.3343421220779419,
0.14061003923416138,
-0.5000001955158098
],
"r_wrist": [
-0.020720982924103737,
0.0709359347820282,
0.05046937242150307
],
"r_thumb_cmc": [
0.009613806381821632,
0.0538606233894825,
0.0300276018679142
],
"r_thumb_mcp": [
0.03472816199064255,
0.028184965252876282,
0.020722998306155205
],
"r_thumb_ip": [
0.05436725169420242,
1.0561197996139526e-06,
0.012195492163300514
],
"r_thumb_tip": [
0.07311685383319855,
-0.02071516215801239,
0.011556144803762436
],
"r_index_mcp": [
0.026195380836725235,
-0.00480516254901886,
0.00025131067377515137
],
"r_index_pip": [
0.03175532445311546,
-0.00732390396296978,
-0.02635021321475506
],
"r_index_dip": [
0.029396021738648415,
0.008427932858467102,
-0.026168597862124443
],
"r_index_tip": [
0.026862910017371178,
0.02771933004260063,
-0.012559722177684307
],
"r_middle_mcp": [
0.0020430716685950756,
-0.004946918226778507,
0.0034044685307890177
],
"r_middle_pip": [
0.011764174327254295,
-0.01006137952208519,
-0.03599124401807785
],
"r_middle_dip": [
0.010573548264801502,
0.0160764642059803,
-0.040006015449762344
],
"r_middle_tip": [
0.014172112569212914,
0.037405338138341904,
-0.017521493136882782
],
"r_ring_mcp": [
-0.01653549261391163,
0.0004767179489135742,
0.0001521716039860621
],
"r_ring_pip": [
-0.008226211182773113,
0.0009454549290239811,
-0.03190455958247185
],
"r_ring_dip": [
-0.006019551306962967,
0.024401580914855003,
-0.03562285378575325
],
"r_ring_tip": [
-0.0017216838896274567,
0.048176974058151245,
-0.019081156700849533
],
"r_pinky_mcp": [
-0.03922627493739128,
0.013917140662670135,
0.00018168470705859363
],
"r_pinky_pip": [
-0.03324732184410095,
0.008152094669640064,
-0.021414602175354958
],
"r_pinky_dip": [
-0.02438301220536232,
0.02332080714404583,
-0.033946480602025986
],
"r_pinky_tip": [
-0.02100203186273575,
0.04261789098381996,
-0.023570125922560692
],
"l_hand_velocity": null,
"r_hand_velocity": null
}
],
"framerate": 30,
"mirrorable": true
}