{
"label": "a",
"gestures": [
{
"l_hand_position": null,
"l_wrist": null,
"l_thumb_cmc": null,
"l_thumb_mcp": null,
"l_thumb_ip": null,
"l_thumb_tip": null,
"l_index_mcp": null,
"l_index_pip": null,
"l_index_dip": null,
"l_index_tip": null,
"l_middle_mcp": null,
"l_middle_pip": null,
"l_middle_dip": null,
"l_middle_tip": null,
"l_ring_mcp": null,
"l_ring_pip": null,
"l_ring_dip": null,
"l_ring_tip": null,
"l_pinky_mcp": null,
"l_pinky_pip": null,
"l_pinky_dip": null,
"l_pinky_tip": null,
"r_hand_position": [
-0.18693512678146362,
0.1759386658668518,
-0.5000001601433866
],
"r_wrist": [
-0.01149100810289383,
0.06880830973386765,
0.050029609352350235
],
"r_thumb_cmc": [
0.019976114854216576,
0.053085844963788986,
0.026324298232793808
],
"r_thumb_mcp": [
0.04886302724480629,
0.027763132005929947,
0.01770515739917755
],
"r_thumb_ip": [
0.06143965944647789,
-0.0024227630347013474,
0.008455521427094936
],
"r_thumb_tip": [
0.05583372712135315,
-0.03252122178673744,
0.0032939279917627573
],
"r_index_mcp": [
0.026393387466669083,
-0.006244138814508915,
0.0007955958717502654
],
"r_index_pip": [
0.029441965743899345,
-0.009256931953132153,
-0.028730878606438637
],
"r_index_dip": [
0.028893282637000084,
0.008072258904576302,
-0.030455313622951508
],
"r_index_tip": [
0.02982136607170105,
0.030214626342058182,
-0.012114428915083408
],
"r_middle_mcp": [
0.0006848219782114029,
-0.00586457084864378,
0.003742422442883253
],
"r_middle_pip": [
0.011559884995222092,
-0.010001745074987411,
-0.035820312798023224
],
"r_middle_dip": [
0.016007304191589355,
0.019687838852405548,
-0.0455598458647728
],
"r_middle_tip": [
0.019877197220921516,
0.03947453200817108,
-0.021854402497410774
],
"r_ring_mcp": [
-0.017061352729797363,
0.0018245265819132328,
0.0012303416151553392
],
"r_ring_pip": [
-0.007459990680217743,
0.00014314474537968636,
-0.03377249836921692
],
"r_ring_dip": [
-0.00024225283414125443,
0.02486945129930973,
-0.03958727419376373
],
"r_ring_tip": [
0.006419049575924873,
0.045459721237421036,
-0.024548936635255814
],
"r_pinky_mcp": [
-0.037014104425907135,
0.01657690480351448,
-0.00044926328700967133
],
"r_pinky_pip": [
-0.032293956726789474,
0.009050313383340836,
-0.02239779196679592
],
"r_pinky_dip": [
-0.01964169181883335,
0.023019257932901382,
-0.03631595894694328
],
"r_pinky_tip": [
-0.01257290318608284,
0.04175395518541336,
-0.02931465394794941
],
"l_hand_velocity": null,
"r_hand_velocity": null
}
],
"framerate": 30,
"mirrorable": true,
"invalid": false
}