{
"label": "a",
"gestures": [
{
"l_hand_position": [
0.7750414609909058,
0.6616467237472534,
-3.5743977377933334e-07
],
"l_wrist": [
0.01754966750741005,
0.08857408165931702,
0.0049162511713802814
],
"l_thumb_cmc": [
-0.014843772165477276,
0.07003176957368851,
-0.0041610924527049065
],
"l_thumb_mcp": [
-0.03817714750766754,
0.05461316555738449,
-0.004769585095345974
],
"l_thumb_ip": [
-0.06492353230714798,
0.0351129025220871,
-0.007550911977887154
],
"l_thumb_tip": [
-0.07635056227445602,
0.006224412936717272,
-0.0056425658985972404
],
"l_index_mcp": [
-0.028826212510466576,
0.005045509897172451,
0.004551955498754978
],
"l_index_pip": [
-0.031719837337732315,
-0.0234878808259964,
-0.007469628006219864
],
"l_index_dip": [
-0.03394421190023422,
-0.021851487457752228,
-0.02539096772670746
],
"l_index_tip": [
-0.03235969692468643,
0.0018452502554282546,
-0.05008313059806824
],
"l_middle_mcp": [
-0.005723663605749607,
-0.0031748816836625338,
0.006575504783540964
],
"l_middle_pip": [
-0.007202493026852608,
-0.035451799631118774,
-0.019860247150063515
],
"l_middle_dip": [
-0.015555915422737598,
-0.01876891404390335,
-0.04178560897707939
],
"l_middle_tip": [
-0.012645198032259941,
-0.0010636320803314447,
-0.0432053841650486
],
"l_ring_mcp": [
0.02038615010678768,
-0.004913062322884798,
-0.0017082367558032274
],
"l_ring_pip": [
0.012570262886583805,
-0.02857012115418911,
-0.022193918004631996
],
"l_ring_dip": [
0.006756187882274389,
-0.01574941724538803,
-0.04314274340867996
],
"l_ring_tip": [
0.007476145401597023,
0.002733995206654072,
-0.04620332270860672
],
"l_pinky_mcp": [
0.034242115914821625,
0.006950762122869492,
-0.011132790707051754
],
"l_pinky_pip": [
0.03429436311125755,
-0.017573365941643715,
-0.02246292680501938
],
"l_pinky_dip": [
0.027654064819216728,
-0.012920229695737362,
-0.04286591708660126
],
"l_pinky_tip": [
0.02665930800139904,
0.004574032966047525,
-0.048333339393138885
],
"r_hand_position": null,
"r_wrist": null,
"r_thumb_cmc": null,
"r_thumb_mcp": null,
"r_thumb_ip": null,
"r_thumb_tip": null,
"r_index_mcp": null,
"r_index_pip": null,
"r_index_dip": null,
"r_index_tip": null,
"r_middle_mcp": null,
"r_middle_pip": null,
"r_middle_dip": null,
"r_middle_tip": null,
"r_ring_mcp": null,
"r_ring_pip": null,
"r_ring_dip": null,
"r_ring_tip": null,
"r_pinky_mcp": null,
"r_pinky_pip": null,
"r_pinky_dip": null,
"r_pinky_tip": null,
"l_hand_velocity": null,
"r_hand_velocity": null
}
],
"framerate": 30,
"mirrorable": true,
"invalid": false
}