{
"label": "a",
"gestures": [
{
"l_hand_position": null,
"l_wrist": null,
"l_thumb_cmc": null,
"l_thumb_mcp": null,
"l_thumb_ip": null,
"l_thumb_tip": null,
"l_index_mcp": null,
"l_index_pip": null,
"l_index_dip": null,
"l_index_tip": null,
"l_middle_mcp": null,
"l_middle_pip": null,
"l_middle_dip": null,
"l_middle_tip": null,
"l_ring_mcp": null,
"l_ring_pip": null,
"l_ring_dip": null,
"l_ring_tip": null,
"l_pinky_mcp": null,
"l_pinky_pip": null,
"l_pinky_dip": null,
"l_pinky_tip": null,
"r_hand_position": [
-0.1920243501663208,
0.14709800481796265,
-0.5000001252952586
],
"r_wrist": [
-0.019377192482352257,
0.06319251656532288,
0.06127118319272995
],
"r_thumb_cmc": [
0.012040093541145325,
0.053375668823719025,
0.034051407128572464
],
"r_thumb_mcp": [
0.04892868176102638,
0.03871411085128784,
0.025914564728736877
],
"r_thumb_ip": [
0.07134908437728882,
0.014905523508787155,
0.01224148366600275
],
"r_thumb_tip": [
0.06966802477836609,
-0.012581812217831612,
0.005362930241972208
],
"r_index_mcp": [
0.027721062302589417,
-0.003464094363152981,
0.0011451691389083862
],
"r_index_pip": [
0.030064919963479042,
-0.005982407368719578,
-0.026903774589300156
],
"r_index_dip": [
0.028023365885019302,
0.010176770389080048,
-0.027954552322626114
],
"r_index_tip": [
0.028478749096393585,
0.03221195191144943,
-0.008618840016424656
],
"r_middle_mcp": [
0.0015987982042133808,
-0.005893148481845856,
0.004009408410638571
],
"r_middle_pip": [
0.011531660333275795,
-0.010303170420229435,
-0.035633284598588943
],
"r_middle_dip": [
0.01380021683871746,
0.020001355558633804,
-0.04403945431113243
],
"r_middle_tip": [
0.017054427415132523,
0.0403624065220356,
-0.019170982763171196
],
"r_ring_mcp": [
-0.017080292105674744,
0.0002480708062648773,
0.00018310194718651474
],
"r_ring_pip": [
-0.007773391902446747,
-0.003829699009656906,
-0.032667748630046844
],
"r_ring_dip": [
-0.0013529760763049126,
0.022935152053833008,
-0.03949552774429321
],
"r_ring_tip": [
0.0025921277701854706,
0.045365020632743835,
-0.023735782131552696
],
"r_pinky_mcp": [
-0.03970305621623993,
0.01113622635602951,
0.00023389823036268353
],
"r_pinky_pip": [
-0.034020520746707916,
0.003827575594186783,
-0.021372457966208458
],
"r_pinky_dip": [
-0.022374548017978668,
0.018840404227375984,
-0.034400586038827896
],
"r_pinky_tip": [
-0.017324047163128853,
0.039026353508234024,
-0.027189329266548157
],
"l_hand_velocity": null,
"r_hand_velocity": null
}
],
"framerate": 30,
"mirrorable": true,
"invalid": false
}