{
"label": "a",
"gestures": [
{
"l_hand_position": null,
"l_wrist": [
0.0030900612473487854,
0.08129842579364871,
0.018773805350065287
],
"l_thumb_cmc": [
-0.023073915392160416,
0.057593088597059895,
0.0056612952612339895
],
"l_thumb_mcp": [
-0.037637822329998016,
0.02515302039682893,
0.007957548834383599
],
"l_thumb_ip": [
-0.05090993642807007,
-0.007665290497243497,
0.011835584416985654
],
"l_thumb_tip": [
-0.05349919945001602,
-0.0434770062565809,
0.01628347486257572
],
"l_index_mcp": [
-0.029602132737636566,
-0.00574507284909492,
0.005981360562145762
],
"l_index_pip": [
-0.028650227934122086,
-0.015132659114897425,
-0.01852123998105546
],
"l_index_dip": [
-0.03189445286989212,
-0.0031315386295318855,
-0.020771158859133946
],
"l_index_tip": [
-0.032431505620479584,
0.020170591771602873,
-0.009704376570880498
],
"l_middle_mcp": [
-0.005156828090548515,
-0.003342963755130801,
0.005684318486601177
],
"l_middle_pip": [
-0.008464189246296883,
-0.02144686691463022,
-0.025853944942355427
],
"l_middle_dip": [
-0.017146175727248192,
0.0005347984842956197,
-0.038726326078176866
],
"l_middle_tip": [
-0.015383845195174217,
0.019819913432002307,
-0.02191832102835208
],
"l_ring_mcp": [
0.018368639051914215,
0.0012995572760701303,
-0.002832323079928788
],
"l_ring_pip": [
0.01019185222685337,
-0.007253955584019518,
-0.033141937106848124
],
"l_ring_dip": [
0.0016511778812855482,
0.01670052856206909,
-0.037953689694404914
],
"l_ring_tip": [
0.0013947365805506706,
0.03835500776767766,
-0.024345582351088812
],
"l_pinky_mcp": [
0.029915211722254753,
0.016784697771072568,
-0.010243465192616073
],
"l_pinky_pip": [
0.028051240369677544,
0.004692854359746005,
-0.029656592756510097
],
"l_pinky_dip": [
0.018176699057221413,
0.017477784305811078,
-0.0423378236591821
],
"l_pinky_tip": [
0.013970606029033661,
0.0367562994360927,
-0.03245067968964609
],
"r_hand_position": null,
"r_wrist": null,
"r_thumb_cmc": null,
"r_thumb_mcp": null,
"r_thumb_ip": null,
"r_thumb_tip": null,
"r_index_mcp": null,
"r_index_pip": null,
"r_index_dip": null,
"r_index_tip": null,
"r_middle_mcp": null,
"r_middle_pip": null,
"r_middle_dip": null,
"r_middle_tip": null,
"r_ring_mcp": null,
"r_ring_pip": null,
"r_ring_dip": null,
"r_ring_tip": null,
"r_pinky_mcp": null,
"r_pinky_pip": null,
"r_pinky_dip": null,
"r_pinky_tip": null
}
],
"framerate": 30,
"mirrorable": true
}