{
"label": "d",
"gestures": [
{
"l_hand_position": null,
"l_wrist": null,
"l_thumb_cmc": null,
"l_thumb_mcp": null,
"l_thumb_ip": null,
"l_thumb_tip": null,
"l_index_mcp": null,
"l_index_pip": null,
"l_index_dip": null,
"l_index_tip": null,
"l_middle_mcp": null,
"l_middle_pip": null,
"l_middle_dip": null,
"l_middle_tip": null,
"l_ring_mcp": null,
"l_ring_pip": null,
"l_ring_dip": null,
"l_ring_tip": null,
"l_pinky_mcp": null,
"l_pinky_pip": null,
"l_pinky_dip": null,
"l_pinky_tip": null,
"r_hand_position": null,
"r_wrist": [
-0.015827015042304993,
0.08668504655361262,
0.009879305958747928
],
"r_thumb_cmc": [
0.007435910403728485,
0.06525917351245959,
0.02230714075267335
],
"r_thumb_mcp": [
0.03761636093258858,
0.0488142371177678,
0.03132807835936564
],
"r_thumb_ip": [
0.05507418513298035,
0.028837345540523873,
0.03172836825251614
],
"r_thumb_tip": [
0.05356833338737488,
0.007025539875030632,
0.026730656623840634
],
"r_index_mcp": [
0.004141234792768955,
-0.00931393261998901,
0.025306001305580444
],
"r_index_pip": [
0.00814715027809143,
-0.03211468458175685,
0.020292840898037255
],
"r_index_dip": [
0.014034483581781387,
-0.053502395749092546,
0.016161529347300665
],
"r_index_tip": [
0.014273855835199356,
-0.07402513921260936,
0.0035557870287447934
],
"r_middle_mcp": [
-0.006716127973049879,
-0.006359774153679666,
0.00662476150318986
],
"r_middle_pip": [
0.03564383089542389,
-0.010152222588658456,
0.000496647320687817
],
"r_middle_dip": [
0.040009938180446625,
0.0038817916065454834,
0.010862454771995695
],
"r_middle_tip": [
0.02408359758555889,
0.010137885808944806,
0.027950804680586215
],
"r_ring_mcp": [
-0.0029553077183663845,
0.005569892469793615,
-0.015248876065015956
],
"r_ring_pip": [
0.032234884798526764,
-0.00036582909524438684,
-0.014489740133285727
],
"r_ring_dip": [
0.04289114475250244,
0.01771702617406868,
-0.007136248052120264
],
"r_ring_tip": [
0.028660424053668976,
0.02626438997685942,
0.001633891719393454
],
"r_pinky_mcp": [
-0.0008352575823664665,
0.01930296793580072,
-0.03307718038558987
],
"r_pinky_pip": [
0.027812423184514046,
0.019153520464897336,
-0.02833196520805395
],
"r_pinky_dip": [
0.038630321621894836,
0.026321254670620253,
-0.011018319055438191
],
"r_pinky_tip": [
0.023311857134103775,
0.029879180714488418,
-0.010134241543710351
]
}
],
"framerate": 30,
"mirrorable": true
}