{
"label": "d",
"gestures": [
{
"l_hand_position": [
0.6871410608291626,
0.6364080905914307,
-1.2746707511723798e-07
],
"l_wrist": [
-0.008822946809232235,
0.0786544531583786,
0.048400234431028366
],
"l_thumb_cmc": [
-0.01992568001151085,
0.04540526866912842,
0.049628011882305145
],
"l_thumb_mcp": [
-0.031704843044281006,
0.01990838535130024,
0.042524028569459915
],
"l_thumb_ip": [
-0.03885350003838539,
0.003491741605103016,
0.02213286980986595
],
"l_thumb_tip": [
-0.050237033516168594,
-0.014864535070955753,
0.004557428881525993
],
"l_index_mcp": [
0.0018723905086517334,
-0.01685449481010437,
0.020513946190476418
],
"l_index_pip": [
-0.005204328335821629,
-0.03886260837316513,
0.003313911845907569
],
"l_index_dip": [
-0.00713157095015049,
-0.057352662086486816,
-0.002779946196824312
],
"l_index_tip": [
-0.011662442237138748,
-0.07874512672424316,
-0.022510692477226257
],
"l_middle_mcp": [
0.004504768177866936,
-0.004675218835473061,
0.0029448671266436577
],
"l_middle_pip": [
-0.024720124900341034,
-0.027603786438703537,
-0.002797095337882638
],
"l_middle_dip": [
-0.051872242242097855,
-0.028983816504478455,
0.006220518611371517
],
"l_middle_tip": [
-0.06701045483350754,
-0.025584250688552856,
0.02158736251294613
],
"l_ring_mcp": [
5.05432253703475e-05,
0.00786140002310276,
-0.013373849913477898
],
"l_ring_pip": [
-0.025732289999723434,
-0.008801756426692009,
-0.011710966005921364
],
"l_ring_dip": [
-0.05154750123620033,
-0.014467812143266201,
0.0026733402628451586
],
"l_ring_tip": [
-0.06971817463636398,
-0.01712956093251705,
0.019511308521032333
],
"l_pinky_mcp": [
-0.0089575769379735,
0.02970471791923046,
-0.01929641142487526
],
"l_pinky_pip": [
-0.029868146404623985,
0.010595389641821384,
-0.018290597945451736
],
"l_pinky_dip": [
-0.04803745448589325,
-0.005431405734270811,
-0.005844490136951208
],
"l_pinky_tip": [
-0.06482166051864624,
-0.0033357571810483932,
0.008536276407539845
],
"r_hand_position": null,
"r_wrist": null,
"r_thumb_cmc": null,
"r_thumb_mcp": null,
"r_thumb_ip": null,
"r_thumb_tip": null,
"r_index_mcp": null,
"r_index_pip": null,
"r_index_dip": null,
"r_index_tip": null,
"r_middle_mcp": null,
"r_middle_pip": null,
"r_middle_dip": null,
"r_middle_tip": null,
"r_ring_mcp": null,
"r_ring_pip": null,
"r_ring_dip": null,
"r_ring_tip": null,
"r_pinky_mcp": null,
"r_pinky_pip": null,
"r_pinky_dip": null,
"r_pinky_tip": null
}
],
"framerate": 30,
"mirrorable": true
}