{
"label": "d",
"gestures": [
{
"l_hand_position": null,
"l_wrist": null,
"l_thumb_cmc": null,
"l_thumb_mcp": null,
"l_thumb_ip": null,
"l_thumb_tip": null,
"l_index_mcp": null,
"l_index_pip": null,
"l_index_dip": null,
"l_index_tip": null,
"l_middle_mcp": null,
"l_middle_pip": null,
"l_middle_dip": null,
"l_middle_tip": null,
"l_ring_mcp": null,
"l_ring_pip": null,
"l_ring_dip": null,
"l_ring_tip": null,
"l_pinky_mcp": null,
"l_pinky_pip": null,
"l_pinky_dip": null,
"l_pinky_tip": null,
"r_hand_position": [
-0.2785331606864929,
0.206651508808136,
-0.499999675941325
],
"r_wrist": [
-0.008158719167113304,
0.07857804000377655,
0.04316312447190285
],
"r_thumb_cmc": [
0.01525290310382843,
0.04844173416495323,
0.04398420453071594
],
"r_thumb_mcp": [
0.03849666938185692,
0.031862277537584305,
0.030516035854816437
],
"r_thumb_ip": [
0.057008761912584305,
0.014756456017494202,
0.0011499214451760054
],
"r_thumb_tip": [
0.06421621143817902,
-2.1791085600852966e-05,
-0.02745633013546467
],
"r_index_mcp": [
0.004798590205609798,
-0.016167284920811653,
0.02123485878109932
],
"r_index_pip": [
0.012697985395789146,
-0.042436473071575165,
0.010004774667322636
],
"r_index_dip": [
0.01871274970471859,
-0.06244334205985069,
0.0069380695931613445
],
"r_index_tip": [
0.01649198867380619,
-0.08382520079612732,
-0.009824234992265701
],
"r_middle_mcp": [
-0.0043714516796171665,
-0.006063485983759165,
0.0040217130444943905
],
"r_middle_pip": [
0.022455578669905663,
-0.028043724596500397,
-0.006521355826407671
],
"r_middle_dip": [
0.04346393048763275,
-0.0214894637465477,
-0.006696623750030994
],
"r_middle_tip": [
0.05815383791923523,
-0.007625602185726166,
0.007216236088424921
],
"r_ring_mcp": [
-0.004426013678312302,
0.008551926352083683,
-0.013775588944554329
],
"r_ring_pip": [
0.019061675295233727,
-0.009813886135816574,
-0.02174694649875164
],
"r_ring_dip": [
0.04278501123189926,
-0.0035263337194919586,
-0.020231066271662712
],
"r_ring_tip": [
0.05926673114299774,
0.011029183864593506,
-0.004535243380814791
],
"r_pinky_mcp": [
-0.006551889702677727,
0.02975033037364483,
-0.024406637996435165
],
"r_pinky_pip": [
0.014893969520926476,
0.016255028545856476,
-0.027197521179914474
],
"r_pinky_dip": [
0.03992985188961029,
0.008157867006957531,
-0.02382064424455166
],
"r_pinky_tip": [
0.05521939694881439,
0.01574244350194931,
-0.008304179646074772
]
}
],
"framerate": 30,
"mirrorable": true
}