{
"label": "d",
"gestures": [
{
"l_hand_position": null,
"l_wrist": [
0.02185259386897087,
0.08793012797832489,
0.012663896195590496
],
"l_thumb_cmc": [
-0.002922425977885723,
0.0648195669054985,
0.02410111203789711
],
"l_thumb_mcp": [
-0.026484496891498566,
0.053298208862543106,
0.03301624208688736
],
"l_thumb_ip": [
-0.04687567055225372,
0.04454828053712845,
0.04445970058441162
],
"l_thumb_tip": [
-0.05763259902596474,
0.023472487926483154,
0.05071593448519707
],
"l_index_mcp": [
-0.007483236957341433,
-0.008055953308939934,
0.02632705681025982
],
"l_index_pip": [
-0.00954751018434763,
-0.034270498901605606,
0.021004796028137207
],
"l_index_dip": [
-0.015470081940293312,
-0.05802648141980171,
0.015548408962786198
],
"l_index_tip": [
-0.025046197697520256,
-0.07930561155080795,
-0.007547037210315466
],
"l_middle_mcp": [
0.0010987045243382454,
-0.005914680194109678,
0.007826456800103188
],
"l_middle_pip": [
-0.03184335678815842,
-0.020612211897969246,
-0.005460889078676701
],
"l_middle_dip": [
-0.06022807955741882,
-0.006288216914981604,
-0.009414692409336567
],
"l_middle_tip": [
-0.0687556266784668,
0.009684898890554905,
-0.004949885420501232
],
"l_ring_mcp": [
0.004380131606012583,
0.002796704648062587,
-0.017199141904711723
],
"l_ring_pip": [
-0.027858424931764603,
-0.007299807388335466,
-0.02482759580016136
],
"l_ring_dip": [
-0.05301189050078392,
0.004886907059699297,
-0.02031083032488823
],
"l_ring_tip": [
-0.06324994564056396,
0.02299453504383564,
-0.01254677027463913
],
"l_pinky_mcp": [
0.0015474003739655018,
0.02311164140701294,
-0.0353127121925354
],
"l_pinky_pip": [
-0.020382476970553398,
0.012851232662796974,
-0.038131970912218094
],
"l_pinky_dip": [
-0.04794593155384064,
0.013189473189413548,
-0.031923338770866394
],
"l_pinky_tip": [
-0.060050930827856064,
0.025379428640007973,
-0.021800659596920013
],
"r_hand_position": [
0.2221662402153015,
0.27550244331359863,
-0.5000002938881778
],
"r_wrist": null,
"r_thumb_cmc": null,
"r_thumb_mcp": null,
"r_thumb_ip": null,
"r_thumb_tip": null,
"r_index_mcp": null,
"r_index_pip": null,
"r_index_dip": null,
"r_index_tip": null,
"r_middle_mcp": null,
"r_middle_pip": null,
"r_middle_dip": null,
"r_middle_tip": null,
"r_ring_mcp": null,
"r_ring_pip": null,
"r_ring_dip": null,
"r_ring_tip": null,
"r_pinky_mcp": null,
"r_pinky_pip": null,
"r_pinky_dip": null,
"r_pinky_tip": null,
"l_hand_velocity": null,
"r_hand_velocity": null,
"m_nose_point": null,
"m_top_nose": null,
"m_eyebrows": null,
"m_forehead": null,
"m_top_chin": null,
"m_bot_up_lip": null,
"m_top_low_lip": null,
"m_bot_nose": null,
"m_chin": null,
"m_nose": null,
"l_eye_exterior": null,
"l_temple": null,
"l_mid_chin": null,
"l_up_lip": null,
"l_ext_nostril": null,
"l_mid_cheek": null,
"l_mid_eyebrow": null,
"l_ext_eyebrow": null,
"l_ext_lips": null,
"l_jaw_angle": null,
"l_mid_ext_face": null,
"l_int_eyebrow": null,
"l_mid_jaw": null,
"l_mid_bot_eyelid": null,
"l_ext_mouth": null,
"l_top_eyelid": null,
"l_eye_int": null,
"l_pupil": null,
"r_eye_exterior": null,
"r_temple": null,
"r_mid_chin": null,
"r_up_lip": null,
"r_ext_nostril": null,
"r_mid_cheek": null,
"r_mid_eyebrow": null,
"r_ext_eyebrow": null,
"r_ext_lips": null,
"r_jaw_angle": null,
"r_mid_ext_face": null,
"r_int_eyebrow": null,
"r_mid_jaw": null,
"r_mid_bot_eyelid": null,
"r_ext_mouth": null,
"r_top_eyelid": null,
"r_eye_int": null,
"r_pupil": null,
"l_shoudler": null,
"l_elbow": null,
"l_hip": null,
"l_knee": null,
"l_ankle": null,
"r_shoudler": null,
"r_elbow": null,
"r_hip": null,
"r_knee": null,
"r_ankle": null
}
],
"framerate": 30,
"mirrorable": true,
"invalid": false
}