{
"label": "d",
"gestures": [
{
"l_hand_position": [
0.6561456918716431,
0.6465998291969299,
-1.6028228344566742e-07
],
"l_wrist": [
0.019528992474079132,
0.08120165020227432,
0.04096096381545067
],
"l_thumb_cmc": [
0.01358734630048275,
0.04352101683616638,
0.046228256076574326
],
"l_thumb_mcp": [
0.0073415059596300125,
0.013771911151707172,
0.05435822904109955
],
"l_thumb_ip": [
-0.007978478446602821,
-0.005643339827656746,
0.05394923314452171
],
"l_thumb_tip": [
-0.0289751086384058,
-0.018076540902256966,
0.04868915677070618
],
"l_index_mcp": [
0.007830128073692322,
-0.01571723073720932,
0.018041590228676796
],
"l_index_pip": [
-0.0020453608594834805,
-0.037697311490774155,
0.00799719151109457
],
"l_index_dip": [
-0.012156368233263493,
-0.06100081279873848,
0.009668613784015179
],
"l_index_tip": [
-0.021474696695804596,
-0.08115082234144211,
0.003055540844798088
],
"l_middle_mcp": [
0.002277797320857644,
-0.005556570366024971,
0.0002726976526901126
],
"l_middle_pip": [
-0.02639419212937355,
-0.024186713621020317,
0.0005227028159424663
],
"l_middle_dip": [
-0.04776719585061073,
-0.026966016739606857,
0.018243936821818352
],
"l_middle_tip": [
-0.058932382613420486,
-0.024342015385627747,
0.0384800024330616
],
"l_ring_mcp": [
-0.004967625718563795,
0.008823894895613194,
-0.01205908227711916
],
"l_ring_pip": [
-0.03276299685239792,
-0.008809206075966358,
-0.003733252175152302
],
"l_ring_dip": [
-0.04953953996300697,
-0.012916242703795433,
0.013682480901479721
],
"l_ring_tip": [
-0.0586768239736557,
-0.012628454715013504,
0.030771803110837936
],
"l_pinky_mcp": [
-0.015659242868423462,
0.031000860035419464,
-0.013218903914093971
],
"l_pinky_pip": [
-0.03516528010368347,
0.01206059567630291,
-0.008571443147957325
],
"l_pinky_dip": [
-0.046643562614917755,
-0.0005521508865058422,
0.008758940733969212
],
"l_pinky_tip": [
-0.05132861062884331,
5.200877785682678e-05,
0.023371253162622452
],
"r_hand_position": null,
"r_wrist": null,
"r_thumb_cmc": null,
"r_thumb_mcp": null,
"r_thumb_ip": null,
"r_thumb_tip": null,
"r_index_mcp": null,
"r_index_pip": null,
"r_index_dip": null,
"r_index_tip": null,
"r_middle_mcp": null,
"r_middle_pip": null,
"r_middle_dip": null,
"r_middle_tip": null,
"r_ring_mcp": null,
"r_ring_pip": null,
"r_ring_dip": null,
"r_ring_tip": null,
"r_pinky_mcp": null,
"r_pinky_pip": null,
"r_pinky_dip": null,
"r_pinky_tip": null
}
],
"framerate": 30,
"mirrorable": true
}