{
"label": "d",
"gestures": [
{
"l_hand_position": null,
"l_wrist": [
0.00967783760279417,
0.09008655697107427,
0.0009333560010417439
],
"l_thumb_cmc": [
-0.013906413689255714,
0.06807249039411632,
0.013797772116959204
],
"l_thumb_mcp": [
-0.030907606706023216,
0.044167544692755405,
0.02621967904269737
],
"l_thumb_ip": [
-0.05010078102350235,
0.019786134362220972,
0.04038604348897972
],
"l_thumb_tip": [
-0.05814899131655693,
-0.01089690532535316,
0.057889722287655404
],
"l_index_mcp": [
-0.014855192974209785,
-0.0017506775911897607,
0.02476175501942664
],
"l_index_pip": [
-0.012612681835889816,
-0.028925767168403078,
0.023906422778964362
],
"l_index_dip": [
-0.014833701774477959,
-0.051605857908726314,
0.023346878588199962
],
"l_index_tip": [
-0.01624269410967827,
-0.07321964204311457,
0.006402528379112592
],
"l_middle_mcp": [
-0.0008282348280772567,
-0.0035731440875679614,
0.008065682835877015
],
"l_middle_pip": [
-0.015269191935658455,
-0.03572667390108153,
-0.006919939536601367
],
"l_middle_dip": [
-0.03805440664291382,
-0.03692884370684671,
-0.02461640536785153
],
"l_middle_tip": [
-0.053854819387197495,
-0.02734738588333145,
-0.033812820911407686
],
"l_ring_mcp": [
0.008684157393872738,
-0.0014730796683579978,
-0.01582456752657907
],
"l_ring_pip": [
-0.008435978554189205,
-0.02357475832104718,
-0.02749194018542809
],
"l_ring_dip": [
-0.029746659100055695,
-0.020950581878424055,
-0.036832753568888245
],
"l_ring_tip": [
-0.047947656363248825,
-0.011631157249212374,
-0.04237382113933606
],
"l_pinky_mcp": [
0.011624985374510288,
0.012935458682477658,
-0.03340785950422332
],
"l_pinky_pip": [
0.0007336342241615057,
-0.004322296939790265,
-0.04008510336279907
],
"l_pinky_dip": [
-0.021664388477802277,
-0.01674200594425212,
-0.048748966306448385
],
"l_pinky_tip": [
-0.04013684764504433,
-0.015043163672089802,
-0.0553437694907195
],
"r_hand_position": null,
"r_wrist": null,
"r_thumb_cmc": null,
"r_thumb_mcp": null,
"r_thumb_ip": null,
"r_thumb_tip": null,
"r_index_mcp": null,
"r_index_pip": null,
"r_index_dip": null,
"r_index_tip": null,
"r_middle_mcp": null,
"r_middle_pip": null,
"r_middle_dip": null,
"r_middle_tip": null,
"r_ring_mcp": null,
"r_ring_pip": null,
"r_ring_dip": null,
"r_ring_tip": null,
"r_pinky_mcp": null,
"r_pinky_pip": null,
"r_pinky_dip": null,
"r_pinky_tip": null
}
],
"framerate": 30,
"mirrorable": true
}