{
    "label": "D",
    "label_id": 4,
    "gestures": [
        {
            "wrist": [
                -0.0007493942975997925,
                0.07740017771720886,
                0.025251910090446472
            ],
            "thumb_cmc": [
                0.01914338953793049,
                0.05867023766040802,
                0.032072365283966064
            ],
            "thumb_mcp": [
                0.043987926095724106,
                0.040488243103027344,
                0.037198662757873535
            ],
            "thumb_ip": [
                0.058691881597042084,
                0.01834024488925934,
                0.03927543759346008
            ],
            "thumb_tip": [
                0.06232935190200806,
                0.0020772162824869156,
                0.034693025052547455
            ],
            "index_mcp": [
                0.006198850926011801,
                -0.006343478802591562,
                0.023478327319025993
            ],
            "index_pip": [
                0.007191861979663372,
                -0.036590103060007095,
                0.023484088480472565
            ],
            "index_dip": [
                0.008634733036160469,
                -0.06444552540779114,
                0.02337932027876377
            ],
            "index_tip": [
                0.007503855973482132,
                -0.08896158635616302,
                0.012908317148685455
            ],
            "middle_mcp": [
                -0.005509175825864077,
                -0.004091385751962662,
                0.007120576687157154
            ],
            "middle_pip": [
                0.014045841991901398,
                -0.03487106040120125,
                -0.0037191298324614763
            ],
            "middle_dip": [
                0.039030443876981735,
                -0.02975458838045597,
                -0.006780614145100117
            ],
            "middle_tip": [
                0.05644778907299042,
                -0.0110654067248106,
                0.0029097350779920816
            ],
            "ring_mcp": [
                -0.005904216319322586,
                0.0018099478911608458,
                -0.015368103981018066
            ],
            "ring_pip": [
                0.0074697257950901985,
                -0.022220447659492493,
                -0.016795100644230843
            ],
            "ring_dip": [
                0.0322829931974411,
                -0.021918047219514847,
                -0.01816944219172001
            ],
            "ring_tip": [
                0.05018673092126846,
                0.0029854122549295425,
                -0.005579469725489616
            ],
            "pinky_mcp": [
                -0.006709306966513395,
                0.018056223168969154,
                -0.026142608374357224
            ],
            "pinky_pip": [
                0.0015582435298711061,
                -0.0011299418983981013,
                -0.02712242864072323
            ],
            "pinky_dip": [
                0.027489593252539635,
                -0.01488792710006237,
                -0.025626400485634804
            ],
            "pinky_tip": [
                0.043784335255622864,
                -0.0016407016664743423,
                -0.01051329169422388
            ]
        }
    ]
}