{
"label": "d",
"gestures": [
{
"l_hand_position": null,
"l_wrist": null,
"l_thumb_cmc": null,
"l_thumb_mcp": null,
"l_thumb_ip": null,
"l_thumb_tip": null,
"l_index_mcp": null,
"l_index_pip": null,
"l_index_dip": null,
"l_index_tip": null,
"l_middle_mcp": null,
"l_middle_pip": null,
"l_middle_dip": null,
"l_middle_tip": null,
"l_ring_mcp": null,
"l_ring_pip": null,
"l_ring_dip": null,
"l_ring_tip": null,
"l_pinky_mcp": null,
"l_pinky_pip": null,
"l_pinky_dip": null,
"l_pinky_tip": null,
"r_hand_position": null,
"r_wrist": [
-0.01405869610607624,
0.07610796391964053,
0.02666979096829909
],
"r_thumb_cmc": [
-0.036362748593091965,
0.05338438227772761,
-0.0005132630467415575
],
"r_thumb_mcp": [
-0.040688272565603256,
0.03262206539511705,
-0.006680581253022057
],
"r_thumb_ip": [
-0.04352715611457825,
0.008343752473592859,
-0.017242934554815507
],
"r_thumb_tip": [
-0.04533885791897774,
-0.007383614778518802,
-0.019217574968934323
],
"r_index_mcp": [
-0.015964267775416374,
-0.002273291349411018,
-0.019070975482463972
],
"r_index_pip": [
-0.0009663389064371586,
-0.017785008996725356,
-0.028673030436039353
],
"r_index_dip": [
0.005627860315144062,
-0.04255692288279583,
-0.02874199859797976
],
"r_index_tip": [
0.011668533086776733,
-0.07237824797630413,
-0.03145021572709125
],
"r_middle_mcp": [
-0.001223755069077015,
-0.0022352081723511523,
-0.0008776999893598377
],
"r_middle_pip": [
-0.008281856775283813,
-0.018533594906330372,
-0.007767695467919194
],
"r_middle_dip": [
-0.03025137633085251,
-0.02679857611656216,
-0.0056930785067379796
],
"r_middle_tip": [
-0.04166366159915924,
-0.02471765875816369,
0.0014247831422835554
],
"r_ring_mcp": [
0.011115795001387596,
0.0012657730840146765,
0.011765277013182768
],
"r_ring_pip": [
-0.004867281299084425,
-0.008087152615189653,
0.017962211742997416
],
"r_ring_dip": [
-0.021788079291582108,
-0.009139196947217064,
0.027137484401464757
],
"r_ring_tip": [
-0.035213325172662735,
-0.007839716039597978,
0.03720388934016267
],
"r_pinky_mcp": [
0.007153921760618687,
0.011301640421152257,
0.03227424994111085
],
"r_pinky_pip": [
-0.006099630147218704,
0.005792714189738045,
0.033860035240650434
],
"r_pinky_dip": [
-0.020307885482907295,
0.0006247293204069876,
0.03926935046911289
],
"r_pinky_tip": [
-0.031717948615550995,
-0.0003134896978735743,
0.036938242614269666
]
}
],
"framerate": 30,
"mirrorable": true
}