{
"label": "r",
"gestures": [
{
"l_hand_position": null,
"l_wrist": null,
"l_thumb_cmc": null,
"l_thumb_mcp": null,
"l_thumb_ip": null,
"l_thumb_tip": null,
"l_index_mcp": null,
"l_index_pip": null,
"l_index_dip": null,
"l_index_tip": null,
"l_middle_mcp": null,
"l_middle_pip": null,
"l_middle_dip": null,
"l_middle_tip": null,
"l_ring_mcp": null,
"l_ring_pip": null,
"l_ring_dip": null,
"l_ring_tip": null,
"l_pinky_mcp": null,
"l_pinky_pip": null,
"l_pinky_dip": null,
"l_pinky_tip": null,
"r_hand_position": [
-0.26935483515262604,
0.2959960103034973,
-0.4999992092826915
],
"r_wrist": [
0.032060109078884125,
0.09415611624717712,
0.021651124581694603
],
"r_thumb_cmc": [
0.03633815050125122,
0.07281842827796936,
-0.011532431468367577
],
"r_thumb_mcp": [
0.02034619078040123,
0.054188068956136703,
-0.038702841848134995
],
"r_thumb_ip": [
-0.01080956682562828,
0.031067313626408577,
-0.07245823740959167
],
"r_thumb_tip": [
-0.03950320929288864,
0.01358179934322834,
-0.07064414024353027
],
"r_index_mcp": [
0.01645481027662754,
-0.008801126852631569,
-0.014073806814849377
],
"r_index_pip": [
0.007200258783996105,
-0.04183001443743706,
-0.021943090483546257
],
"r_index_dip": [
0.005405542440712452,
-0.0641479343175888,
-0.02984391525387764
],
"r_index_tip": [
-0.008366714231669903,
-0.07625776529312134,
-0.05179169774055481
],
"r_middle_mcp": [
0.003129800781607628,
-0.00594028364866972,
0.00047386737423948944
],
"r_middle_pip": [
0.00013175327330827713,
-0.04604711756110191,
-0.0060003288090229034
],
"r_middle_dip": [
-0.007217851001769304,
-0.06744253635406494,
-0.017669398337602615
],
"r_middle_tip": [
-0.016383737325668335,
-0.09438867121934891,
-0.029505372047424316
],
"r_ring_mcp": [
-0.012044336646795273,
-7.456401363015175e-05,
0.009689484722912312
],
"r_ring_pip": [
-0.02833966165781021,
-0.0019128374988213181,
-0.019922776147723198
],
"r_ring_dip": [
-0.024148618802428246,
0.02301706373691559,
-0.020778000354766846
],
"r_ring_tip": [
-0.008017200045287609,
0.03384004533290863,
-0.018629686906933784
],
"r_pinky_mcp": [
-0.031024260446429253,
0.027306457981467247,
0.012244279496371746
],
"r_pinky_pip": [
-0.034893739968538284,
0.024879757314920425,
-0.008142488077282906
],
"r_pinky_dip": [
-0.030416518449783325,
0.03423381224274635,
-0.011831095442175865
],
"r_pinky_tip": [
-0.0099614467471838,
0.041120801120996475,
-0.0036679646000266075
]
}
],
"framerate": 30,
"mirrorable": true
}