{
"label": "g",
"gestures": [
{
"l_hand_position": null,
"l_wrist": null,
"l_thumb_cmc": null,
"l_thumb_mcp": null,
"l_thumb_ip": null,
"l_thumb_tip": null,
"l_index_mcp": null,
"l_index_pip": null,
"l_index_dip": null,
"l_index_tip": null,
"l_middle_mcp": null,
"l_middle_pip": null,
"l_middle_dip": null,
"l_middle_tip": null,
"l_ring_mcp": null,
"l_ring_pip": null,
"l_ring_dip": null,
"l_ring_tip": null,
"l_pinky_mcp": null,
"l_pinky_pip": null,
"l_pinky_dip": null,
"l_pinky_tip": null,
"r_hand_position": [
-0.16188788414001465,
0.03446853160858154,
-0.5250849016010761
],
"r_wrist": [
-0.04792836610004072,
0.9886467368508908,
0.1424096255070769
],
"r_thumb_cmc": [
0.2037828583711898,
0.7103096198708506,
0.020006725950108602
],
"r_thumb_mcp": [
0.36138492227975527,
0.2549390463028338,
-0.03240904509196776
],
"r_thumb_ip": [
0.40322022057281787,
-0.14668130618949132,
-0.08995131812457291
],
"r_thumb_tip": [
0.3710492692156506,
-0.4556170845444633,
-0.1422715809674701
],
"r_index_mcp": [
0.20649617101996964,
-0.048617310984110776,
0.025252919847912524
],
"r_index_pip": [
0.23566161723945997,
-0.5448603180772033,
-0.1335435358460256
],
"r_index_dip": [
0.21742555746917336,
-0.8523356415600503,
-0.2245373018549519
],
"r_index_tip": [
0.21115602367150635,
-1.1278112347620264,
-0.28307566449631244
],
"r_middle_mcp": [
0.0,
0.0,
0.0
],
"r_middle_pip": [
0.07771609603358057,
-0.18059052369079803,
-0.27056540163244036
],
"r_middle_dip": [
0.1213331425030041,
0.2009252259812234,
-0.34169553479924
],
"r_middle_tip": [
0.16325134428162522,
0.5005776750522956,
-0.33027486060270855
],
"r_ring_mcp": [
-0.1864211765873654,
0.09816314100647708,
-0.042988143165838336
],
"r_ring_pip": [
-0.09649373551258728,
0.027934075672765898,
-0.31366705066740946
],
"r_ring_dip": [
-0.04170129918987411,
0.4130874272621513,
-0.2924563207803501
],
"r_ring_tip": [
-0.004186118448345127,
0.6852825802978125,
-0.20564156720672103
],
"r_pinky_mcp": [
-0.37356006049256607,
0.2251936140660075,
-0.09609835779255751
],
"r_pinky_pip": [
-0.28118510549515596,
0.1624515794321657,
-0.29235831701706483
],
"r_pinky_dip": [
-0.19559977677420248,
0.44706736651236306,
-0.28185190753499645
],
"r_pinky_tip": [
-0.1329411531982798,
0.6669656473314096,
-0.2259728856814093
],
"l_hand_velocity": null,
"r_hand_velocity": null,
"m_nose_point": null,
"m_top_nose": null,
"m_eyebrows": null,
"m_forehead": null,
"m_top_chin": null,
"m_bot_up_lip": null,
"m_top_low_lip": null,
"m_bot_nose": null,
"m_chin": null,
"m_nose": null,
"l_eye_exterior": null,
"l_temple": null,
"l_mid_chin": null,
"l_up_lip": null,
"l_ext_nostril": null,
"l_mid_cheek": null,
"l_mid_eyebrow": null,
"l_ext_eyebrow": null,
"l_ext_lips": null,
"l_jaw_angle": null,
"l_mid_ext_face": null,
"l_int_eyebrow": null,
"l_mid_jaw": null,
"l_mid_bot_eyelid": null,
"l_ext_mouth": null,
"l_top_eyelid": null,
"l_eye_int": null,
"l_pupil": null,
"r_eye_exterior": null,
"r_temple": null,
"r_mid_chin": null,
"r_up_lip": null,
"r_ext_nostril": null,
"r_mid_cheek": null,
"r_mid_eyebrow": null,
"r_ext_eyebrow": null,
"r_ext_lips": null,
"r_jaw_angle": null,
"r_mid_ext_face": null,
"r_int_eyebrow": null,
"r_mid_jaw": null,
"r_mid_bot_eyelid": null,
"r_ext_mouth": null,
"r_top_eyelid": null,
"r_eye_int": null,
"r_pupil": null,
"l_shoulder": null,
"l_elbow": null,
"l_hip": null,
"l_knee": null,
"l_ankle": null,
"l_body_wrist": null,
"r_shoulder": null,
"r_elbow": null,
"r_hip": null,
"r_knee": null,
"r_ankle": null,
"r_body_wrist": null,
"m_face_position": null,
"m_body_position": null,
"m_face_scale": null,
"m_body_scale": null,
"l_hand_scale": null,
"r_hand_scale": [
0.1761462485152223,
0.1761462485152223,
0.1761462485152223
]
}
],
"framerate": 30,
"mirrorable": true,
"invalid": false
}