{
"label": "g",
"gestures": [
{
"l_hand_position": null,
"l_wrist": null,
"l_thumb_cmc": null,
"l_thumb_mcp": null,
"l_thumb_ip": null,
"l_thumb_tip": null,
"l_index_mcp": null,
"l_index_pip": null,
"l_index_dip": null,
"l_index_tip": null,
"l_middle_mcp": null,
"l_middle_pip": null,
"l_middle_dip": null,
"l_middle_tip": null,
"l_ring_mcp": null,
"l_ring_pip": null,
"l_ring_dip": null,
"l_ring_tip": null,
"l_pinky_mcp": null,
"l_pinky_pip": null,
"l_pinky_dip": null,
"l_pinky_tip": null,
"r_hand_position": [
-0.23277252912521362,
0.04841172695159912,
-0.5301897265017033
],
"r_wrist": [
-0.02183612066684399,
0.9918068340010818,
0.1258665478313191
],
"r_thumb_cmc": [
0.1908488029472088,
0.7961579661086606,
0.017828225789509537
],
"r_thumb_mcp": [
0.3633067171803808,
0.36490011210835255,
-0.026339645049831613
],
"r_thumb_ip": [
0.44762630905537754,
0.007690143393794928,
-0.07055717746397576
],
"r_thumb_tip": [
0.4946623979315623,
-0.29016561575179967,
-0.1091857286883044
],
"r_index_mcp": [
0.17953251813280197,
0.007518677002606455,
0.014562971421946139
],
"r_index_pip": [
0.2473842541462431,
-0.40155179873093744,
-0.10822354441289524
],
"r_index_dip": [
0.2771428675920432,
-0.667760950362537,
-0.16872704474410147
],
"r_index_tip": [
0.3072928717133822,
-0.8929309880242647,
-0.20624146824148137
],
"r_middle_mcp": [
0.0,
0.0,
0.0
],
"r_middle_pip": [
0.18346282602126124,
-0.08550283422520527,
-0.2205523266022892
],
"r_middle_dip": [
0.19230850379045675,
0.2742137743269149,
-0.2543132203329949
],
"r_middle_tip": [
0.16713984683515912,
0.5367491964017974,
-0.2222380710920369
],
"r_ring_mcp": [
-0.1665290288793022,
0.06275172913465699,
-0.0298306634991265
],
"r_ring_pip": [
0.04140789096193527,
0.05706948203188071,
-0.2617069008214451
],
"r_ring_dip": [
0.04517741804590332,
0.4303520641512037,
-0.22309586898925968
],
"r_ring_tip": [
0.02419030451745849,
0.6709221445108103,
-0.13133997853003185
],
"r_pinky_mcp": [
-0.32694347927311773,
0.17398048608652245,
-0.0676381951246322
],
"r_pinky_pip": [
-0.12918209574085132,
0.16222733472760933,
-0.24371678373405942
],
"r_pinky_dip": [
-0.08736951924550965,
0.4462209059026726,
-0.22745739000135634
],
"r_pinky_tip": [
-0.0897959550573387,
0.6396700339475571,
-0.16948774047848816
],
"l_hand_velocity": null,
"r_hand_velocity": null,
"m_nose_point": null,
"m_top_nose": null,
"m_eyebrows": null,
"m_forehead": null,
"m_top_chin": null,
"m_bot_up_lip": null,
"m_top_low_lip": null,
"m_bot_nose": null,
"m_chin": null,
"m_nose": null,
"l_eye_exterior": null,
"l_temple": null,
"l_mid_chin": null,
"l_up_lip": null,
"l_ext_nostril": null,
"l_mid_cheek": null,
"l_mid_eyebrow": null,
"l_ext_eyebrow": null,
"l_ext_lips": null,
"l_jaw_angle": null,
"l_mid_ext_face": null,
"l_int_eyebrow": null,
"l_mid_jaw": null,
"l_mid_bot_eyelid": null,
"l_ext_mouth": null,
"l_top_eyelid": null,
"l_eye_int": null,
"l_pupil": null,
"r_eye_exterior": null,
"r_temple": null,
"r_mid_chin": null,
"r_up_lip": null,
"r_ext_nostril": null,
"r_mid_cheek": null,
"r_mid_eyebrow": null,
"r_ext_eyebrow": null,
"r_ext_lips": null,
"r_jaw_angle": null,
"r_mid_ext_face": null,
"r_int_eyebrow": null,
"r_mid_jaw": null,
"r_mid_bot_eyelid": null,
"r_ext_mouth": null,
"r_top_eyelid": null,
"r_eye_int": null,
"r_pupil": null,
"l_shoulder": null,
"l_elbow": null,
"l_hip": null,
"l_knee": null,
"l_ankle": null,
"l_body_wrist": null,
"r_shoulder": null,
"r_elbow": null,
"r_hip": null,
"r_knee": null,
"r_ankle": null,
"r_body_wrist": null,
"m_face_position": null,
"m_body_position": null,
"m_face_scale": null,
"m_body_scale": null,
"l_hand_scale": null,
"r_hand_scale": [
0.2398557793743561,
0.2398557793743561,
0.2398557793743561
]
}
],
"framerate": 30,
"mirrorable": true,
"invalid": false
}