{
"label": "z",
"gestures": [
{
"l_hand_position": null,
"l_wrist": null,
"l_thumb_cmc": null,
"l_thumb_mcp": null,
"l_thumb_ip": null,
"l_thumb_tip": null,
"l_index_mcp": null,
"l_index_pip": null,
"l_index_dip": null,
"l_index_tip": null,
"l_middle_mcp": null,
"l_middle_pip": null,
"l_middle_dip": null,
"l_middle_tip": null,
"l_ring_mcp": null,
"l_ring_pip": null,
"l_ring_dip": null,
"l_ring_tip": null,
"l_pinky_mcp": null,
"l_pinky_pip": null,
"l_pinky_dip": null,
"l_pinky_tip": null,
"r_hand_position": [
-0.2083832025527954,
0.046024858951568604,
-0.49999996253281154
],
"r_wrist": [
-0.02133549004793167,
0.06904716789722443,
0.061225634068250656
],
"r_thumb_cmc": [
0.012474937364459038,
0.05973038077354431,
0.03512043505907059
],
"r_thumb_mcp": [
0.033298559486866,
0.04172040522098541,
0.016247330233454704
],
"r_thumb_ip": [
0.0321134589612484,
0.017450667917728424,
-0.01511999499052763
],
"r_thumb_tip": [
0.01552707888185978,
0.0007509938441216946,
-0.027220111340284348
],
"r_index_mcp": [
0.027273405343294144,
-0.0007980372756719589,
0.0015103948535397649
],
"r_index_pip": [
0.03110978752374649,
-0.025373604148626328,
-0.01181515771895647
],
"r_index_dip": [
0.03436601161956787,
-0.0447305329144001,
-0.020859545096755028
],
"r_index_tip": [
0.03159826621413231,
-0.060632240027189255,
-0.04473687708377838
],
"r_middle_mcp": [
0.0017929321620613337,
-0.005890325177460909,
0.0045706890523433685
],
"r_middle_pip": [
0.011876210570335388,
-0.0045596095733344555,
-0.029955795034766197
],
"r_middle_dip": [
0.012686902657151222,
0.02616431564092636,
-0.030523890629410744
],
"r_middle_tip": [
0.011062368750572205,
0.03970809653401375,
-0.007122118957340717
],
"r_ring_mcp": [
-0.018084129318594933,
-0.0012634233571588993,
-0.0007646154845133424
],
"r_ring_pip": [
-0.012258276343345642,
0.008127479813992977,
-0.030379464849829674
],
"r_ring_dip": [
-0.006937544792890549,
0.03457581624388695,
-0.02378353476524353
],
"r_ring_tip": [
-0.011050481349229813,
0.048443928360939026,
0.0030881864950060844
],
"r_pinky_mcp": [
-0.03921574726700783,
0.01323626283556223,
-0.0013056211173534393
],
"r_pinky_pip": [
-0.03545814007520676,
0.012541506439447403,
-0.020362472161650658
],
"r_pinky_dip": [
-0.026066813617944717,
0.029540881514549255,
-0.02314956858754158
],
"r_pinky_tip": [
-0.025166014209389687,
0.040263302624225616,
-0.006701977923512459
],
"l_hand_velocity": null,
"r_hand_velocity": [
0.004247099161148071,
-0.023759305477142334,
-1.7287791820308485e-07
]
},
{
"l_hand_position": null,
"l_wrist": null,
"l_thumb_cmc": null,
"l_thumb_mcp": null,
"l_thumb_ip": null,
"l_thumb_tip": null,
"l_index_mcp": null,
"l_index_pip": null,
"l_index_dip": null,
"l_index_tip": null,
"l_middle_mcp": null,
"l_middle_pip": null,
"l_middle_dip": null,
"l_middle_tip": null,
"l_ring_mcp": null,
"l_ring_pip": null,
"l_ring_dip": null,
"l_ring_tip": null,
"l_pinky_mcp": null,
"l_pinky_pip": null,
"l_pinky_dip": null,
"l_pinky_tip": null,
"r_hand_position": [
-0.21263030171394348,
0.06978416442871094,
-0.49999978965489333
],
"r_wrist": [
-0.02541198953986168,
0.05990416929125786,
0.07118777185678482
],
"r_thumb_cmc": [
0.010130345821380615,
0.05388422682881355,
0.04167771711945534
],
"r_thumb_mcp": [
0.03431502729654312,
0.04540400952100754,
0.01973135583102703
],
"r_thumb_ip": [
0.043880414217710495,
0.03812272846698761,
-0.01587190479040146
],
"r_thumb_tip": [
0.03214198723435402,
0.02753482758998871,
-0.036908578127622604
],
"r_index_mcp": [
0.027225911617279053,
-0.0006206976249814034,
0.002480094088241458
],
"r_index_pip": [
0.0348673090338707,
-0.019741777330636978,
-0.013809176161885262
],
"r_index_dip": [
0.037205617874860764,
-0.03906211256980896,
-0.02643641084432602
],
"r_index_tip": [
0.03878260776400566,
-0.05080188810825348,
-0.05499136820435524
],
"r_middle_mcp": [
0.0011600526049733162,
-0.006012182682752609,
0.002819641726091504
],
"r_middle_pip": [
0.016841813921928406,
-0.0035290662199258804,
-0.03391704335808754
],
"r_middle_dip": [
0.023187177255749702,
0.02473917230963707,
-0.04370088502764702
],
"r_middle_tip": [
0.025553088635206223,
0.041168779134750366,
-0.030743105337023735
],
"r_ring_mcp": [
-0.017346767708659172,
-0.0015296735800802708,
-0.00103265221696347
],
"r_ring_pip": [
-0.006829671561717987,
0.01304502971470356,
-0.03252049535512924
],
"r_ring_dip": [
0.002117656171321869,
0.039723481982946396,
-0.03044811822474003
],
"r_ring_tip": [
0.005669429898262024,
0.05751345679163933,
-0.01243322342634201
],
"r_pinky_mcp": [
-0.04059682786464691,
0.01068498007953167,
-0.0013577190693467855
],
"r_pinky_pip": [
-0.030464468523859978,
0.017538506537675858,
-0.02300061658024788
],
"r_pinky_dip": [
-0.018028192222118378,
0.034587521106004715,
-0.027042826637625694
],
"r_pinky_tip": [
-0.011618359014391899,
0.05397706851363182,
-0.016709864139556885
],
"l_hand_velocity": null,
"r_hand_velocity": null
},
{
"l_hand_position": null,
"l_wrist": null,
"l_thumb_cmc": null,
"l_thumb_mcp": null,
"l_thumb_ip": null,
"l_thumb_tip": null,
"l_index_mcp": null,
"l_index_pip": null,
"l_index_dip": null,
"l_index_tip": null,
"l_middle_mcp": null,
"l_middle_pip": null,
"l_middle_dip": null,
"l_middle_tip": null,
"l_ring_mcp": null,
"l_ring_pip": null,
"l_ring_dip": null,
"l_ring_tip": null,
"l_pinky_mcp": null,
"l_pinky_pip": null,
"l_pinky_dip": null,
"l_pinky_tip": null,
"r_hand_position": null,
"r_wrist": null,
"r_thumb_cmc": null,
"r_thumb_mcp": null,
"r_thumb_ip": null,
"r_thumb_tip": null,
"r_index_mcp": null,
"r_index_pip": null,
"r_index_dip": null,
"r_index_tip": null,
"r_middle_mcp": null,
"r_middle_pip": null,
"r_middle_dip": null,
"r_middle_tip": null,
"r_ring_mcp": null,
"r_ring_pip": null,
"r_ring_dip": null,
"r_ring_tip": null,
"r_pinky_mcp": null,
"r_pinky_pip": null,
"r_pinky_dip": null,
"r_pinky_tip": null,
"l_hand_velocity": null,
"r_hand_velocity": null
},
{
"l_hand_position": null,
"l_wrist": null,
"l_thumb_cmc": null,
"l_thumb_mcp": null,
"l_thumb_ip": null,
"l_thumb_tip": null,
"l_index_mcp": null,
"l_index_pip": null,
"l_index_dip": null,
"l_index_tip": null,
"l_middle_mcp": null,
"l_middle_pip": null,
"l_middle_dip": null,
"l_middle_tip": null,
"l_ring_mcp": null,
"l_ring_pip": null,
"l_ring_dip": null,
"l_ring_tip": null,
"l_pinky_mcp": null,
"l_pinky_pip": null,
"l_pinky_dip": null,
"l_pinky_tip": null,
"r_hand_position": null,
"r_wrist": null,
"r_thumb_cmc": null,
"r_thumb_mcp": null,
"r_thumb_ip": null,
"r_thumb_tip": null,
"r_index_mcp": null,
"r_index_pip": null,
"r_index_dip": null,
"r_index_tip": null,
"r_middle_mcp": null,
"r_middle_pip": null,
"r_middle_dip": null,
"r_middle_tip": null,
"r_ring_mcp": null,
"r_ring_pip": null,
"r_ring_dip": null,
"r_ring_tip": null,
"r_pinky_mcp": null,
"r_pinky_pip": null,
"r_pinky_dip": null,
"r_pinky_tip": null,
"l_hand_velocity": null,
"r_hand_velocity": null
},
{
"l_hand_position": null,
"l_wrist": null,
"l_thumb_cmc": null,
"l_thumb_mcp": null,
"l_thumb_ip": null,
"l_thumb_tip": null,
"l_index_mcp": null,
"l_index_pip": null,
"l_index_dip": null,
"l_index_tip": null,
"l_middle_mcp": null,
"l_middle_pip": null,
"l_middle_dip": null,
"l_middle_tip": null,
"l_ring_mcp": null,
"l_ring_pip": null,
"l_ring_dip": null,
"l_ring_tip": null,
"l_pinky_mcp": null,
"l_pinky_pip": null,
"l_pinky_dip": null,
"l_pinky_tip": null,
"r_hand_position": [
-0.15986746549606323,
0.15313047170639038,
-0.4999997013162272
],
"r_wrist": [
-0.05445180833339691,
0.01751338690519333,
0.07032246887683868
],
"r_thumb_cmc": [
-0.018650982528924942,
0.02442835457623005,
0.06015859916806221
],
"r_thumb_mcp": [
3.449828363955021e-05,
0.024273300543427467,
0.0384882427752018
],
"r_thumb_ip": [
0.013104228302836418,
0.020390424877405167,
0.011788840405642986
],
"r_thumb_tip": [
0.020966168493032455,
0.006109257228672504,
-0.020670944824814796
],
"r_index_mcp": [
0.015015363693237305,
0.003190465969964862,
0.010801563039422035
],
"r_index_pip": [
0.029953818768262863,
0.00760165648534894,
-0.012998026795685291
],