{
"label": "s",
"gestures": [
{
"l_hand_position": [
0.41117313504219055,
0.840279757976532,
1.0348187373665496e-07
],
"l_wrist": [
0.04006601870059967,
0.0800233781337738,
0.0333215706050396
],
"l_thumb_cmc": [
0.04348742961883545,
0.06662934273481369,
-0.01186904963105917
],
"l_thumb_mcp": [
0.048687051981687546,
0.03411635383963585,
-0.022887932136654854
],
"l_thumb_ip": [
0.047912657260894775,
-0.003289374290034175,
-0.03794853761792183
],
"l_thumb_tip": [
0.04548531398177147,
-0.014720825478434563,
-0.039518170058727264
],
"l_index_mcp": [
0.0003548682143446058,
0.0008392449817620218,
-0.025313952937722206
],
"l_index_pip": [
0.018316365778446198,
-0.01802479662001133,
-0.03295647352933884
],
"l_index_dip": [
0.03299710154533386,
-0.00887431763112545,
-0.024473577737808228
],
"l_index_tip": [
0.029620567336678505,
0.005070793442428112,
-0.020258285105228424
],
"l_middle_mcp": [
-0.006328359246253967,
-0.0012884155148640275,
-0.00037724446156062186
],
"l_middle_pip": [
0.014421986415982246,
-0.02871399186551571,
-0.010863560251891613
],
"l_middle_dip": [
0.028651628643274307,
-0.014901689253747463,
-0.005848370026797056
],
"l_middle_tip": [
0.025583280250430107,
0.0025055711157619953,
-0.004396569915115833
],
"l_ring_mcp": [
-0.0004620252293534577,
-0.0009561441256664693,
0.01511886715888977
],
"l_ring_pip": [
0.014986359514296055,
-0.018583452329039574,
0.0039025454316288233
],
"l_ring_dip": [
0.02823450043797493,
-0.009077810682356358,
0.011533945798873901
],
"l_ring_tip": [
0.029563000425696373,
0.0038465471006929874,
0.017017342150211334
],
"l_pinky_mcp": [
0.006747770123183727,
0.0046796370297670364,
0.035070206969976425
],
"l_pinky_pip": [
0.013371230103075504,
-0.013137252070009708,
0.02514672838151455
],
"l_pinky_dip": [
0.023667147383093834,
-0.006735277362167835,
0.022988436743617058
],
"l_pinky_tip": [
0.02219119295477867,
0.0026415090542286634,
0.021064192056655884
],
"r_hand_position": null,
"r_wrist": null,
"r_thumb_cmc": null,
"r_thumb_mcp": null,
"r_thumb_ip": null,
"r_thumb_tip": null,
"r_index_mcp": null,
"r_index_pip": null,
"r_index_dip": null,
"r_index_tip": null,
"r_middle_mcp": null,
"r_middle_pip": null,
"r_middle_dip": null,
"r_middle_tip": null,
"r_ring_mcp": null,
"r_ring_pip": null,
"r_ring_dip": null,
"r_ring_tip": null,
"r_pinky_mcp": null,
"r_pinky_pip": null,
"r_pinky_dip": null,
"r_pinky_tip": null,
"l_hand_velocity": null,
"r_hand_velocity": null
}
],
"framerate": 30,
"mirrorable": true
}