{
"label": "o",
"gestures": [
{
"l_hand_position": null,
"l_wrist": null,
"l_thumb_cmc": null,
"l_thumb_mcp": null,
"l_thumb_ip": null,
"l_thumb_tip": null,
"l_index_mcp": null,
"l_index_pip": null,
"l_index_dip": null,
"l_index_tip": null,
"l_middle_mcp": null,
"l_middle_pip": null,
"l_middle_dip": null,
"l_middle_tip": null,
"l_ring_mcp": null,
"l_ring_pip": null,
"l_ring_dip": null,
"l_ring_tip": null,
"l_pinky_mcp": null,
"l_pinky_pip": null,
"l_pinky_dip": null,
"l_pinky_tip": null,
"r_hand_position": [
-0.1743117868900299,
0.07137513160705566,
-0.4999997301584642
],
"r_wrist": [
-0.06412570923566818,
0.048987846821546555,
-0.052352599799633026
],
"r_thumb_cmc": [
-0.03892122209072113,
0.05599755048751831,
-0.027379848062992096
],
"r_thumb_mcp": [
-0.010530373081564903,
0.04687151312828064,
-0.011772078461945057
],
"r_thumb_ip": [
0.012357666157186031,
0.029999887570738792,
-0.0015960106393322349
],
"r_thumb_tip": [
0.025503788143396378,
0.021617596969008446,
0.0023864659015089273
],
"r_index_mcp": [
-0.0020617973059415817,
0.01273005548864603,
0.025357380509376526
],
"r_index_pip": [
0.023702751845121384,
0.013432911597192287,
0.02324838563799858
],
"r_index_dip": [
0.03974936902523041,
0.02243521809577942,
0.019283076748251915
],
"r_index_tip": [
0.04900471493601799,
0.03892411291599274,
0.008455117233097553
],
"r_middle_mcp": [
-4.454050213098526e-06,
-0.004217099864035845,
0.009873958304524422
],
"r_middle_pip": [
0.03339443728327751,
0.002440894488245249,
0.002790758153423667
],
"r_middle_dip": [
0.04471854865550995,
0.020482931286096573,
-0.009663272649049759
],
"r_middle_tip": [
0.05222416669130325,
0.04563786834478378,
-0.017169596627354622
],
"r_ring_mcp": [
0.001976040657609701,
-0.008896428160369396,
-0.01413380354642868
],
"r_ring_pip": [
0.028870753943920135,
-0.004535576794296503,
-0.018922092393040657
],
"r_ring_dip": [
0.0417606458067894,
0.02027011848986149,
-0.030454928055405617
],
"r_ring_tip": [
0.041325416415929794,
0.047622859477996826,
-0.03769104182720184
],
"r_pinky_mcp": [
-0.002689786022529006,
-0.009576233103871346,
-0.04085610434412956
],
"r_pinky_pip": [
0.019705643877387047,
-0.010870532132685184,
-0.039740100502967834
],
"r_pinky_dip": [
0.03639121726155281,
0.004369033966213465,
-0.04538796469569206
],
"r_pinky_tip": [
0.03562679886817932,
0.03226480633020401,
-0.054478682577610016
],
"l_hand_velocity": null,
"r_hand_velocity": null
}
],
"framerate": 30,
"mirrorable": true
}