{
"label": "o",
"gestures": [
{
"l_hand_position": null,
"l_wrist": null,
"l_thumb_cmc": null,
"l_thumb_mcp": null,
"l_thumb_ip": null,
"l_thumb_tip": null,
"l_index_mcp": null,
"l_index_pip": null,
"l_index_dip": null,
"l_index_tip": null,
"l_middle_mcp": null,
"l_middle_pip": null,
"l_middle_dip": null,
"l_middle_tip": null,
"l_ring_mcp": null,
"l_ring_pip": null,
"l_ring_dip": null,
"l_ring_tip": null,
"l_pinky_mcp": null,
"l_pinky_pip": null,
"l_pinky_dip": null,
"l_pinky_tip": null,
"r_hand_position": [
-0.2315858006477356,
0.16031432151794434,
-0.49999951345569116
],
"r_wrist": [
-0.02851712331175804,
0.036919593811035156,
0.06912536919116974
],
"r_thumb_cmc": [
0.00036531221121549606,
0.020758165046572685,
0.05815303325653076
],
"r_thumb_mcp": [
0.014818196184933186,
0.023632222786545753,
0.04241432994604111
],
"r_thumb_ip": [
0.02726709470152855,
0.027890516445040703,
0.01619524136185646
],
"r_thumb_tip": [
0.022382356226444244,
0.017825044691562653,
-0.012734289281070232
],
"r_index_mcp": [
0.005247899331152439,
-0.007196622900664806,
0.011063105426728725
],
"r_index_pip": [
0.018526591360569,
-0.016750242561101913,
-0.006345696281641722
],
"r_index_dip": [
0.03821997717022896,
-0.015413548797369003,
-0.00870359968394041
],
"r_index_tip": [
0.05274183303117752,
-0.01779475063085556,
-0.02724999375641346
],
"r_middle_mcp": [
-0.0015144104836508632,
-0.003549072425812483,
0.0025100649800151587
],
"r_middle_pip": [
0.018645532429218292,
-0.009202190674841404,
-0.01227380521595478
],
"r_middle_dip": [
0.016336161643266678,
-0.003092964179813862,
0.005751741584390402
],
"r_middle_tip": [
0.008117550052702427,
-0.007608671672642231,
0.03663032501935959
],
"r_ring_mcp": [
0.0003953415434807539,
0.003323514247313142,
-0.008694748394191265
],
"r_ring_pip": [
0.010106432251632214,
0.0037880102172493935,
-0.012417161837220192
],
"r_ring_dip": [
0.009834306314587593,
0.013607512228190899,
0.009732930921018124
],
"r_ring_tip": [
0.0037940391339361668,
0.00865232665091753,
0.02723833918571472
],
"r_pinky_mcp": [
-0.013202352449297905,
0.012551480904221535,
-0.008874916471540928
],
"r_pinky_pip": [
0.0026798462495207787,
0.019561592489480972,
-0.005968871060758829
],
"r_pinky_dip": [
0.01160593144595623,
0.02117306739091873,
0.010564619675278664
],
"r_pinky_tip": [
0.003599073737859726,
0.016937583684921265,
0.021049566566944122
]
}
],
"framerate": 30,
"mirrorable": true
}