{
"label": "c",
"gestures": [
{
"l_hand_position": [
0.1448114514350891,
0.03576868772506714,
-0.5496459603309631
],
"l_wrist": [
0.6362339458279633,
0.7202401462774235,
0.27651491436531167
],
"l_thumb_cmc": [
0.2765861141794919,
0.7819047595140933,
0.15181320023821845
],
"l_thumb_mcp": [
-0.0987401349449588,
0.6482496284274424,
0.041641325065510826
],
"l_thumb_ip": [
-0.38045998719480334,
0.5410682390906796,
-0.06274919175942208
],
"l_thumb_tip": [
-0.6316659016060252,
0.49433409248463833,
-0.17364564431356325
],
"l_index_mcp": [
-0.13684247066330998,
0.09523442658858763,
0.039683950484456214
],
"l_index_pip": [
-0.4034811373815987,
-0.28768968184439425,
-0.11389601596706232
],
"l_index_dip": [
-0.5503726413732567,
-0.5250077126830541,
-0.21968918961199643
],
"l_index_tip": [
-0.6671910769105024,
-0.7397839723942559,
-0.29518446137596954
],
"l_middle_mcp": [
0.0,
0.0,
0.0
],
"l_middle_pip": [
-0.2874209440684016,
-0.41473193815786946,
-0.14606699026849587
],
"l_middle_dip": [
-0.4543902639393183,
-0.6932895153178832,
-0.2421314082495525
],
"l_middle_tip": [
-0.5927183449146322,
-0.9573194835262888,
-0.30778683555620584
],
"l_ring_mcp": [
0.19077593463831574,
-0.010711333344537487,
-0.051757522089109664
],
"l_ring_pip": [
-0.07507693551941139,
-0.40507381123005426,
-0.18649517757252287
],
"l_ring_dip": [
-0.23400636476773373,
-0.6511257367934861,
-0.2671330678707249
],
"l_ring_tip": [
-0.37226472995186977,
-0.8601306909250159,
-0.3186122870113023
],
"l_pinky_mcp": [
0.4233707206246773,
0.034065127449238515,
-0.11267569913898695
],
"l_pinky_pip": [
0.2138189955023384,
-0.24995434996960064,
-0.23935070262393607
],
"l_pinky_dip": [
0.053903585778786664,
-0.43378393596694004,
-0.3025593961427106
],
"l_pinky_tip": [
-0.09251119499319817,
-0.5969080979744411,
-0.34055109954006174
],
"r_hand_position": null,
"r_wrist": null,
"r_thumb_cmc": null,
"r_thumb_mcp": null,
"r_thumb_ip": null,
"r_thumb_tip": null,
"r_index_mcp": null,
"r_index_pip": null,
"r_index_dip": null,
"r_index_tip": null,
"r_middle_mcp": null,
"r_middle_pip": null,
"r_middle_dip": null,
"r_middle_tip": null,
"r_ring_mcp": null,
"r_ring_pip": null,
"r_ring_dip": null,
"r_ring_tip": null,
"r_pinky_mcp": null,
"r_pinky_pip": null,
"r_pinky_dip": null,
"r_pinky_tip": null,
"l_hand_velocity": null,
"r_hand_velocity": null,
"m_nose_point": null,
"m_top_nose": null,
"m_eyebrows": null,
"m_forehead": null,
"m_top_chin": null,
"m_bot_up_lip": null,
"m_top_low_lip": null,
"m_bot_nose": null,
"m_chin": null,
"m_nose": null,
"l_eye_exterior": null,
"l_temple": null,
"l_mid_chin": null,
"l_up_lip": null,
"l_ext_nostril": null,
"l_mid_cheek": null,
"l_mid_eyebrow": null,
"l_ext_eyebrow": null,
"l_ext_lips": null,
"l_jaw_angle": null,
"l_mid_ext_face": null,
"l_int_eyebrow": null,
"l_mid_jaw": null,
"l_mid_bot_eyelid": null,
"l_ext_mouth": null,
"l_top_eyelid": null,
"l_eye_int": null,
"l_pupil": null,
"r_eye_exterior": null,
"r_temple": null,
"r_mid_chin": null,
"r_up_lip": null,
"r_ext_nostril": null,
"r_mid_cheek": null,
"r_mid_eyebrow": null,
"r_ext_eyebrow": null,
"r_ext_lips": null,
"r_jaw_angle": null,
"r_mid_ext_face": null,
"r_int_eyebrow": null,
"r_mid_jaw": null,
"r_mid_bot_eyelid": null,
"r_ext_mouth": null,
"r_top_eyelid": null,
"r_eye_int": null,
"r_pupil": null,
"l_shoulder": null,
"l_elbow": null,
"l_hip": null,
"l_knee": null,
"l_ankle": null,
"l_body_wrist": null,
"r_shoulder": null,
"r_elbow": null,
"r_hip": null,
"r_knee": null,
"r_ankle": null,
"r_body_wrist": null,
"m_face_position": null,
"m_body_position": null,
"m_face_scale": null,
"m_body_scale": null,
"l_hand_scale": [
0.17954290113272722,
0.17954290113272722,
0.17954290113272722
],
"r_hand_scale": null
}
],
"framerate": 30,
"mirrorable": true,
"invalid": false
}