{
"label": "l",
"gestures": [
{
"l_hand_position": null,
"l_wrist": null,
"l_thumb_cmc": null,
"l_thumb_mcp": null,
"l_thumb_ip": null,
"l_thumb_tip": null,
"l_index_mcp": null,
"l_index_pip": null,
"l_index_dip": null,
"l_index_tip": null,
"l_middle_mcp": null,
"l_middle_pip": null,
"l_middle_dip": null,
"l_middle_tip": null,
"l_ring_mcp": null,
"l_ring_pip": null,
"l_ring_dip": null,
"l_ring_tip": null,
"l_pinky_mcp": null,
"l_pinky_pip": null,
"l_pinky_dip": null,
"l_pinky_tip": null,
"r_hand_position": [
-0.19328951835632324,
0.20380079746246338,
-0.5000000574535122
],
"r_wrist": [
-0.027637366205453873,
0.07769731432199478,
0.04426147788763046
],
"r_thumb_cmc": [
0.0030509624630212784,
0.061872586607933044,
0.028657134622335434
],
"r_thumb_mcp": [
0.027304982766509056,
0.03414943069219589,
0.02402450703084469
],
"r_thumb_ip": [
0.04311071336269379,
0.0065702348947525024,
0.010883614420890808
],
"r_thumb_tip": [
0.058140337467193604,
-0.01662546768784523,
0.007102273404598236
],
"r_index_mcp": [
0.025351058691740036,
-0.0029228627681732178,
0.007715207990258932
],
"r_index_pip": [
0.029301200062036514,
-0.03504467010498047,
-0.0002176019479520619
],
"r_index_dip": [
0.034217510372400284,
-0.05842486768960953,
-0.004504327662289143
],
"r_index_tip": [
0.03747398406267166,
-0.0809718668460846,
-0.020425470545887947
],
"r_middle_mcp": [
0.0032155336812138557,
-0.006289753131568432,
0.004307202063500881
],
"r_middle_pip": [
0.0118215037509799,
-0.012597580440342426,
-0.02909819781780243
],
"r_middle_dip": [
0.011153257451951504,
0.013778941705822945,
-0.032150089740753174
],
"r_middle_tip": [
0.01184861734509468,
0.020215865224599838,
-0.0045973011292517185
],
"r_ring_mcp": [
-0.015726808458566666,
0.001058892346918583,
-0.003951243124902248
],
"r_ring_pip": [
-0.006242143921554089,
0.0012448844499886036,
-0.03308228403329849
],
"r_ring_dip": [
-0.004689074121415615,
0.028334584087133408,
-0.02727147378027439
],
"r_ring_tip": [
-0.00935445912182331,
0.03385353460907936,
-0.003594036912545562
],
"r_pinky_mcp": [
-0.03761922940611839,
0.01415264792740345,
-0.00945349596440792
],
"r_pinky_pip": [
-0.029421966522932053,
0.007187671959400177,
-0.02873016893863678
],
"r_pinky_dip": [
-0.01896429806947708,
0.02507437765598297,
-0.032470446079969406
],
"r_pinky_tip": [
-0.02360898070037365,
0.032067302614450455,
-0.01449581515043974
],
"l_hand_velocity": null,
"r_hand_velocity": null
}
],
"framerate": 30,
"mirrorable": true
}