{
"label": "l",
"gestures": [
{
"l_hand_position": [
0.7712262272834778,
0.6935857534408569,
4.766144741097378e-07
],
"l_wrist": [
0.00588790699839592,
0.08520251512527466,
0.050179775804281235
],
"l_thumb_cmc": [
-0.026559455320239067,
0.061518456786870956,
0.028219880536198616
],
"l_thumb_mcp": [
-0.04834989830851555,
0.04483719915151596,
0.01947416551411152
],
"l_thumb_ip": [
-0.07347536087036133,
0.025507377460598946,
0.0033806897699832916
],
"l_thumb_tip": [
-0.09464491903781891,
0.008630327880382538,
-0.0036112237721681595
],
"l_index_mcp": [
-0.029730945825576782,
-0.0106126694008708,
0.0046257623471319675
],
"l_index_pip": [
-0.021737469360232353,
-0.03841377794742584,
-0.004915574099868536
],
"l_index_dip": [
-0.020072532817721367,
-0.05960105359554291,
-0.014524107798933983
],
"l_index_tip": [
-0.019071271643042564,
-0.07648377120494843,
-0.038199540227651596
],
"l_middle_mcp": [
-0.004220282658934593,
-0.006985189393162727,
0.004002542234957218
],
"l_middle_pip": [
0.0022101569920778275,
-0.041939184069633484,
-0.01601340062916279
],
"l_middle_dip": [
-0.007525134831666946,
-0.062490418553352356,
-0.03479936346411705
],
"l_middle_tip": [
-0.00546647235751152,
-0.08722558617591858,
-0.04617006331682205
],
"l_ring_mcp": [
0.02094608172774315,
0.005266030319035053,
-0.0024434542283415794
],
"l_ring_pip": [
0.013609422370791435,
0.001104983501136303,
-0.033624231815338135
],
"l_ring_dip": [
-0.00011709984391927719,
0.019023409113287926,
-0.0430113710463047
],
"l_ring_tip": [
-0.003678608685731888,
0.03069741278886795,
-0.03745543956756592
],
"l_pinky_mcp": [
0.03140026330947876,
0.027109941467642784,
-0.004826218821108341
],
"l_pinky_pip": [
0.02935573272407055,
0.020406341180205345,
-0.02635146863758564
],
"l_pinky_dip": [
0.01429879292845726,
0.02812832221388817,
-0.03806736692786217
],
"l_pinky_tip": [
0.007970690727233887,
0.04066283255815506,
-0.035606056451797485
],
"r_hand_position": null,
"r_wrist": null,
"r_thumb_cmc": null,
"r_thumb_mcp": null,
"r_thumb_ip": null,
"r_thumb_tip": null,
"r_index_mcp": null,
"r_index_pip": null,
"r_index_dip": null,
"r_index_tip": null,
"r_middle_mcp": null,
"r_middle_pip": null,
"r_middle_dip": null,
"r_middle_tip": null,
"r_ring_mcp": null,
"r_ring_pip": null,
"r_ring_dip": null,
"r_ring_tip": null,
"r_pinky_mcp": null,
"r_pinky_pip": null,
"r_pinky_dip": null,
"r_pinky_tip": null
}
],
"framerate": 30,
"mirrorable": true
}