{
"label": "l",
"gestures": [
{
"l_hand_position": [
0.6989415287971497,
0.7866672277450562,
-4.112379485832207e-07
],
"l_wrist": [
-0.0024049747735261917,
0.08392038941383362,
0.030757466331124306
],
"l_thumb_cmc": [
-0.025987759232521057,
0.05971961468458176,
0.012921636924147606
],
"l_thumb_mcp": [
-0.037421368062496185,
0.030155697837471962,
0.010561399161815643
],
"l_thumb_ip": [
-0.05136196315288544,
-0.0027009453624486923,
0.011863556690514088
],
"l_thumb_tip": [
-0.06503282487392426,
-0.03268812596797943,
0.019021257758140564
],
"l_index_mcp": [
-0.02657618746161461,
-0.007857602089643478,
0.005430228542536497
],
"l_index_pip": [
-0.027133848518133163,
-0.03667013347148895,
-0.0036269817501306534
],
"l_index_dip": [
-0.028222594410181046,
-0.06034517288208008,
-0.00798279233276844
],
"l_index_tip": [
-0.029081741347908974,
-0.08158104121685028,
-0.023998547345399857
],
"l_middle_mcp": [
-0.004956396762281656,
-0.005918713286519051,
0.005299290642142296
],
"l_middle_pip": [
-0.015278438106179237,
-0.007784026209264994,
-0.02772473357617855
],
"l_middle_dip": [
-0.023862507194280624,
0.020441068336367607,
-0.03443640470504761
],
"l_middle_tip": [
-0.019158080220222473,
0.04339209944009781,
-0.018423965200781822
],
"l_ring_mcp": [
0.017428981140255928,
0.0033418159000575542,
-0.0025927142705768347
],
"l_ring_pip": [
0.0014551435597240925,
0.007630826905369759,
-0.03130935877561569
],
"l_ring_dip": [
-0.00674144271761179,
0.03405272960662842,
-0.030205395072698593
],
"l_ring_tip": [
-0.0017425678670406342,
0.05820247158408165,
-0.012845554389059544
],
"l_pinky_mcp": [
0.02681652083992958,
0.02031264826655388,
-0.010817578062415123
],
"l_pinky_pip": [
0.020046649500727654,
0.01826603151857853,
-0.03219672664999962
],
"l_pinky_dip": [
0.00991819053888321,
0.035014811903238297,
-0.04171633720397949
],
"l_pinky_tip": [
0.0087751355022192,
0.05198662728071213,
-0.02928454987704754
],
"r_hand_position": null,
"r_wrist": null,
"r_thumb_cmc": null,
"r_thumb_mcp": null,
"r_thumb_ip": null,
"r_thumb_tip": null,
"r_index_mcp": null,
"r_index_pip": null,
"r_index_dip": null,
"r_index_tip": null,
"r_middle_mcp": null,
"r_middle_pip": null,
"r_middle_dip": null,
"r_middle_tip": null,
"r_ring_mcp": null,
"r_ring_pip": null,
"r_ring_dip": null,
"r_ring_tip": null,
"r_pinky_mcp": null,
"r_pinky_pip": null,
"r_pinky_dip": null,
"r_pinky_tip": null,
"l_hand_velocity": null,
"r_hand_velocity": null
}
],
"framerate": 30,
"mirrorable": true
}