{
"label": "u",
"gestures": [
{
"l_hand_position": null,
"l_wrist": null,
"l_thumb_cmc": null,
"l_thumb_mcp": null,
"l_thumb_ip": null,
"l_thumb_tip": null,
"l_index_mcp": null,
"l_index_pip": null,
"l_index_dip": null,
"l_index_tip": null,
"l_middle_mcp": null,
"l_middle_pip": null,
"l_middle_dip": null,
"l_middle_tip": null,
"l_ring_mcp": null,
"l_ring_pip": null,
"l_ring_dip": null,
"l_ring_tip": null,
"l_pinky_mcp": null,
"l_pinky_pip": null,
"l_pinky_dip": null,
"l_pinky_tip": null,
"r_hand_position": null,
"r_wrist": [
-0.01581590808928013,
0.08291281759738922,
-0.02882666513323784
],
"r_thumb_cmc": [
0.018537743017077446,
0.0641762763261795,
-0.031650446355342865
],
"r_thumb_mcp": [
0.031656667590141296,
0.03316904604434967,
-0.03640741854906082
],
"r_thumb_ip": [
0.02356751821935177,
-0.0006947619840502739,
-0.037431858479976654
],
"r_thumb_tip": [
-0.007613316643983126,
-0.013895958662033081,
-0.029156791046261787
],
"r_index_mcp": [
0.027286648750305176,
-0.004743906669318676,
0.0035736800637096167
],
"r_index_pip": [
0.03459329903125763,
-0.03630875423550606,
-0.0012124242493882775
],
"r_index_dip": [
0.038675375282764435,
-0.05889413505792618,
-0.008280646987259388
],
"r_index_tip": [
0.040036801248788834,
-0.07690251618623734,
-0.021955667063593864
],
"r_middle_mcp": [
0.0017797531327232718,
-0.005825216881930828,
0.009276877157390118
],
"r_middle_pip": [
0.011055639944970608,
-0.04301773011684418,
-0.0029020800720900297
],
"r_middle_dip": [
0.01682482846081257,
-0.06649620085954666,
-0.015433122403919697
],
"r_middle_tip": [
0.020557904615998268,
-0.0911940410733223,
-0.027545452117919922
],
"r_ring_mcp": [
-0.019053373485803604,
0.0021822601556777954,
-0.0011176271364092827
],
"r_ring_pip": [
-0.012996052391827106,
-0.0253872349858284,
-0.025955654680728912
],
"r_ring_dip": [
-0.003912216052412987,
-0.0029927915893495083,
-0.03346160054206848
],
"r_ring_tip": [
-0.004860394634306431,
0.022576071321964264,
-0.03653407096862793
],
"r_pinky_mcp": [
-0.04037156701087952,
0.012608562596142292,
-0.011674055829644203
],
"r_pinky_pip": [
-0.03178107738494873,
-0.002295120619237423,
-0.028046740218997
],
"r_pinky_dip": [
-0.019577257335186005,
0.009121466428041458,
-0.0370183028280735
],
"r_pinky_tip": [
-0.015080977231264114,
0.028783181682229042,
-0.028675036504864693
]
}
],
"framerate": 30,
"mirrorable": true
}