{
"label": "u",
"gestures": [
{
"l_hand_position": null,
"l_wrist": null,
"l_thumb_cmc": null,
"l_thumb_mcp": null,
"l_thumb_ip": null,
"l_thumb_tip": null,
"l_index_mcp": null,
"l_index_pip": null,
"l_index_dip": null,
"l_index_tip": null,
"l_middle_mcp": null,
"l_middle_pip": null,
"l_middle_dip": null,
"l_middle_tip": null,
"l_ring_mcp": null,
"l_ring_pip": null,
"l_ring_dip": null,
"l_ring_tip": null,
"l_pinky_mcp": null,
"l_pinky_pip": null,
"l_pinky_dip": null,
"l_pinky_tip": null,
"r_hand_position": null,
"r_wrist": [
-0.011201778426766396,
0.09323196858167648,
-0.017039567232131958
],
"r_thumb_cmc": [
0.015325799584388733,
0.06894408166408539,
-0.02454730123281479
],
"r_thumb_mcp": [
0.02446352131664753,
0.03546838089823723,
-0.03395930677652359
],
"r_thumb_ip": [
0.014306114055216312,
0.00031623104587197304,
-0.04047849401831627
],
"r_thumb_tip": [
-0.010475446470081806,
-0.021861985325813293,
-0.039555538445711136
],
"r_index_mcp": [
0.022235095500946045,
-0.006032085977494717,
0.00324242003262043
],
"r_index_pip": [
0.030057888478040695,
-0.03387073799967766,
0.00030542738386429846
],
"r_index_dip": [
0.03342505916953087,
-0.05885016545653343,
-0.0039979880675673485
],
"r_index_tip": [
0.031155064702033997,
-0.07984820008277893,
-0.0220868568867445
],
"r_middle_mcp": [
0.0010812070686370134,
-0.005561757367104292,
0.008711894042789936
],
"r_middle_pip": [
0.009021739475429058,
-0.04385951906442642,
0.0011921547120437026
],
"r_middle_dip": [
0.013189399614930153,
-0.0688001811504364,
-0.01380107644945383
],
"r_middle_tip": [
0.01979055255651474,
-0.09206024557352066,
-0.02841140329837799
],
"r_ring_mcp": [
-0.015463647432625294,
0.0010690330527722836,
-0.001760761602781713
],
"r_ring_pip": [
-0.009447280317544937,
-0.01536059845238924,
-0.025148287415504456
],
"r_ring_dip": [
-0.000423686346039176,
0.002709541004151106,
-0.039327237755060196
],
"r_ring_tip": [
0.0036403080448508263,
0.023936616256833076,
-0.03877754136919975
],
"r_pinky_mcp": [
-0.033345140516757965,
0.01565065048635006,
-0.01288074441254139
],
"r_pinky_pip": [
-0.02093704417347908,
0.007059271447360516,
-0.029535382986068726
],
"r_pinky_dip": [
-0.008329184725880623,
0.016404204070568085,
-0.04180516302585602
],
"r_pinky_tip": [
-0.0040082503110170364,
0.037438616156578064,
-0.03638122230768204
]
}
],
"framerate": 30,
"mirrorable": true
}