{
"label": "u",
"gestures": [
{
"l_hand_position": null,
"l_wrist": null,
"l_thumb_cmc": null,
"l_thumb_mcp": null,
"l_thumb_ip": null,
"l_thumb_tip": null,
"l_index_mcp": null,
"l_index_pip": null,
"l_index_dip": null,
"l_index_tip": null,
"l_middle_mcp": null,
"l_middle_pip": null,
"l_middle_dip": null,
"l_middle_tip": null,
"l_ring_mcp": null,
"l_ring_pip": null,
"l_ring_dip": null,
"l_ring_tip": null,
"l_pinky_mcp": null,
"l_pinky_pip": null,
"l_pinky_dip": null,
"l_pinky_tip": null,
"r_hand_position": null,
"r_wrist": [
-0.027270350605249405,
0.09304672479629517,
0.009122488088905811
],
"r_thumb_cmc": [
0.0031154565513134003,
0.07368087023496628,
0.005962951108813286
],
"r_thumb_mcp": [
0.023917306214571,
0.04584378004074097,
-0.0076763685792684555
],
"r_thumb_ip": [
0.021516118198633194,
0.01049487292766571,
-0.027689458802342415
],
"r_thumb_tip": [
-7.947534322738647e-05,
-0.016245108097791672,
-0.037169162184000015
],
"r_index_mcp": [
0.019273964688181877,
-0.0033928323537111282,
0.012949979864060879
],
"r_index_pip": [
0.02768268994987011,
-0.032769568264484406,
0.012005242519080639
],
"r_index_dip": [
0.032382458448410034,
-0.05656134709715843,
0.01168050616979599
],
"r_index_tip": [
0.03275579586625099,
-0.07934960722923279,
-0.005527859553694725
],
"r_middle_mcp": [
0.0003085262142121792,
-0.006409438792616129,
0.007311110384762287
],
"r_middle_pip": [
0.0109429731965065,
-0.0462752990424633,
0.007637744769454002
],
"r_middle_dip": [
0.015167659148573875,
-0.07570965588092804,
-0.002235252410173416
],
"r_middle_tip": [
0.025044724345207214,
-0.09975632280111313,
-0.016881316900253296
],
"r_ring_mcp": [
-0.01246337965130806,
0.0015110010281205177,
-0.00738124456256628
],
"r_ring_pip": [
-0.0009247409179806709,
-0.022763337939977646,
-0.02782045677304268
],
"r_ring_dip": [
0.004597394727170467,
-0.008564802818000317,
-0.04082442447543144
],
"r_ring_tip": [
0.008047057315707207,
0.009284154511988163,
-0.04183807969093323
],
"r_pinky_mcp": [
-0.027842825278639793,
0.01523739006370306,
-0.021906893700361252
],
"r_pinky_pip": [
-0.008986817672848701,
0.011751358397305012,
-0.0327920988202095
],
"r_pinky_dip": [
0.0061875926330685616,
0.029040319845080376,
-0.03823013976216316
],
"r_pinky_tip": [
0.007489645853638649,
0.045467447489500046,
-0.03212128207087517
]
}
],
"framerate": 30,
"mirrorable": true
}