{
    "label": "l",
    "label_id": 12,
    "gestures": [
        {
            "wrist": [
                -0.0164230614900589,
                0.08036225289106369,
                -0.009354593232274055
            ],
            "thumb_cmc": [
                0.014693347737193108,
                0.05973432585597038,
                -0.016794472932815552
            ],
            "thumb_mcp": [
                0.0427468866109848,
                0.031096354126930237,
                -0.009100613184273243
            ],
            "thumb_ip": [
                0.06629469990730286,
                0.0008483268320560455,
                0.003638239111751318
            ],
            "thumb_tip": [
                0.08908869326114655,
                -0.021313436329364777,
                0.02031535655260086
            ],
            "index_mcp": [
                0.026728510856628418,
                -0.005576658062636852,
                0.005294993985444307
            ],
            "index_pip": [
                0.027155015617609024,
                -0.03555509075522423,
                0.0025372973177582026
            ],
            "index_dip": [
                0.030088428407907486,
                -0.060518842190504074,
                0.002387869404628873
            ],
            "index_tip": [
                0.03028142638504505,
                -0.08567067980766296,
                -0.01726119965314865
            ],
            "middle_mcp": [
                0.0021350949537009,
                -0.005030614323914051,
                0.0074433451518416405
            ],
            "middle_pip": [
                0.01029276754707098,
                -0.023916881531476974,
                -0.021997366100549698
            ],
            "middle_dip": [
                0.011378183960914612,
                -0.00018041394650936127,
                -0.034876178950071335
            ],
            "middle_tip": [
                0.01315288431942463,
                0.02373056858778,
                -0.017891040071845055
            ],
            "ring_mcp": [
                -0.018483413383364677,
                0.0013152537867426872,
                -0.0016686327289789915
            ],
            "ring_pip": [
                -0.009108665399253368,
                -0.01076752133667469,
                -0.02923416718840599
            ],
            "ring_dip": [
                -0.005480974446982145,
                0.015056952834129333,
                -0.03756830841302872
            ],
            "ring_tip": [
                -0.002157062292098999,
                0.03937886655330658,
                -0.02309165894985199
            ],
            "pinky_mcp": [
                -0.03680006414651871,
                0.011835400015115738,
                -0.013742550276219845
            ],
            "pinky_pip": [
                -0.030681896954774857,
                -0.0023467326536774635,
                -0.029280273243784904
            ],
            "pinky_dip": [
                -0.01948048174381256,
                0.012720494531095028,
                -0.04065931588411331
            ],
            "pinky_tip": [
                -0.018913520500063896,
                0.034240301698446274,
                -0.03297711908817291
            ]
        }
    ]
}