{
"label": "p",
"gestures": [
{
"l_hand_position": null,
"l_wrist": null,
"l_thumb_cmc": null,
"l_thumb_mcp": null,
"l_thumb_ip": null,
"l_thumb_tip": null,
"l_index_mcp": null,
"l_index_pip": null,
"l_index_dip": null,
"l_index_tip": null,
"l_middle_mcp": null,
"l_middle_pip": null,
"l_middle_dip": null,
"l_middle_tip": null,
"l_ring_mcp": null,
"l_ring_pip": null,
"l_ring_dip": null,
"l_ring_tip": null,
"l_pinky_mcp": null,
"l_pinky_pip": null,
"l_pinky_dip": null,
"l_pinky_tip": null,
"r_hand_position": null,
"r_wrist": [
0.05287475138902664,
-0.05011589825153351,
0.043998558074235916
],
"r_thumb_cmc": [
0.029379183426499367,
-0.026099545881152153,
0.04634404554963112
],
"r_thumb_mcp": [
0.00868704728782177,
-0.0130058154463768,
0.047566331923007965
],
"r_thumb_ip": [
0.005568792577832937,
0.005523719359189272,
0.031155535951256752
],
"r_thumb_tip": [
0.00368803134188056,
0.022862792015075684,
0.015242342837154865
],
"r_index_mcp": [
-0.01042533665895462,
0.008433816954493523,
0.015743078663945198
],
"r_index_pip": [
-0.016583379358053207,
0.028727035969495773,
0.00930007640272379
],
"r_index_dip": [
-0.033271245658397675,
0.05014906823635101,
0.014928358606994152
],
"r_index_tip": [
-0.042690739035606384,
0.07880695164203644,
0.010405573062598705
],
"r_middle_mcp": [
-0.004095382522791624,
0.003758129198104143,
0.00310905952937901
],
"r_middle_pip": [
0.0030181340407580137,
0.0251916516572237,
0.004442581906914711
],
"r_middle_dip": [
0.00901512335985899,
0.05398521199822426,
0.007605964317917824
],
"r_middle_tip": [
0.010599368251860142,
0.07262934744358063,
0.02001016028225422
],
"r_ring_mcp": [
0.005868115462362766,
-0.0037325748708099127,
-0.010829084552824497
],
"r_ring_pip": [
0.020527252927422523,
0.011739973910152912,
0.0011516851373016834
],
"r_ring_dip": [
0.02766200341284275,
0.008068130351603031,
0.018444301560521126
],
"r_ring_tip": [
0.02150787226855755,
-0.004009852651506662,
0.04101383686065674
],
"r_pinky_mcp": [
0.023080993443727493,
-0.010541318915784359,
-0.010962923988699913
],
"r_pinky_pip": [
0.0339701846241951,
0.0076850722543895245,
-0.005440591834485531
],
"r_pinky_dip": [
0.033858463168144226,
0.0053472500294446945,
0.016509218141436577
],
"r_pinky_tip": [
0.031240545213222504,
-0.006805499084293842,
0.028698578476905823
]
}
],
"framerate": 30,
"mirrorable": true
}