{
"label": "p",
"gestures": [
{
"l_hand_position": null,
"l_wrist": null,
"l_thumb_cmc": null,
"l_thumb_mcp": null,
"l_thumb_ip": null,
"l_thumb_tip": null,
"l_index_mcp": null,
"l_index_pip": null,
"l_index_dip": null,
"l_index_tip": null,
"l_middle_mcp": null,
"l_middle_pip": null,
"l_middle_dip": null,
"l_middle_tip": null,
"l_ring_mcp": null,
"l_ring_pip": null,
"l_ring_dip": null,
"l_ring_tip": null,
"l_pinky_mcp": null,
"l_pinky_pip": null,
"l_pinky_dip": null,
"l_pinky_tip": null,
"r_hand_position": null,
"r_wrist": [
-0.07714194804430008,
-0.007663767784833908,
0.05312240123748779
],
"r_thumb_cmc": [
-0.050027891993522644,
0.01014493964612484,
0.049638159573078156
],
"r_thumb_mcp": [
-0.026731327176094055,
0.027117468416690826,
0.03550441190600395
],
"r_thumb_ip": [
-0.00577716575935483,
0.03330007568001747,
0.004741061478853226
],
"r_thumb_tip": [
0.006801248528063297,
0.02659197337925434,
-0.02460334450006485
],
"r_index_mcp": [
0.016219928860664368,
0.007756310049444437,
0.018215540796518326
],
"r_index_pip": [
0.037480589002370834,
0.014080984517931938,
0.0016977655468508601
],
"r_index_dip": [
0.05568419024348259,
0.01886650361120701,
-0.00704599404707551
],
"r_index_tip": [
0.07516202330589294,
0.01703590713441372,
-0.03147435188293457
],
"r_middle_mcp": [
0.005981065332889557,
-0.002693306189030409,
0.004540180787444115
],
"r_middle_pip": [
0.015327544882893562,
0.0287161972373724,
-0.013289401307702065
],
"r_middle_dip": [
0.012743476778268814,
0.05247647687792778,
-0.017553377896547318
],
"r_middle_tip": [
0.01233038678765297,
0.07637394964694977,
-0.018542027100920677
],
"r_ring_mcp": [
-0.008024354465305805,
-0.005489755421876907,
-0.012991425581276417
],
"r_ring_pip": [
-0.012706813402473927,
0.022912342101335526,
-0.01676863804459572
],
"r_ring_dip": [
-0.028697803616523743,
0.026408854871988297,
-0.0020279749296605587
],
"r_ring_tip": [
-0.03969758376479149,
0.01532826293259859,
0.01799147017300129
],
"r_pinky_mcp": [
-0.03111349605023861,
-0.0140650924295187,
-0.02207035757601261
],
"r_pinky_pip": [
-0.03173503652215004,
0.011699780821800232,
-0.022522691637277603
],
"r_pinky_dip": [
-0.0404069758951664,
0.018086131662130356,
-0.007409964222460985
],
"r_pinky_tip": [
-0.046939950436353683,
0.006771649233996868,
0.00894919317215681
]
}
],
"framerate": 30,
"mirrorable": true
}