{
"label": "p",
"gestures": [
{
"l_hand_position": null,
"l_wrist": null,
"l_thumb_cmc": null,
"l_thumb_mcp": null,
"l_thumb_ip": null,
"l_thumb_tip": null,
"l_index_mcp": null,
"l_index_pip": null,
"l_index_dip": null,
"l_index_tip": null,
"l_middle_mcp": null,
"l_middle_pip": null,
"l_middle_dip": null,
"l_middle_tip": null,
"l_ring_mcp": null,
"l_ring_pip": null,
"l_ring_dip": null,
"l_ring_tip": null,
"l_pinky_mcp": null,
"l_pinky_pip": null,
"l_pinky_dip": null,
"l_pinky_tip": null,
"r_hand_position": null,
"r_wrist": [
-0.05815470218658447,
-0.01353416033089161,
0.06434447318315506
],
"r_thumb_cmc": [
-0.03636154532432556,
0.006003941409289837,
0.05710897594690323
],
"r_thumb_mcp": [
-0.015094554051756859,
0.017414497211575508,
0.03925652056932449
],
"r_thumb_ip": [
-0.0012936461716890335,
0.02568400278687477,
0.010706654749810696
],
"r_thumb_tip": [
0.02313126251101494,
0.034492164850234985,
-0.011310476809740067
],
"r_index_mcp": [
0.013564936816692352,
0.006203020457178354,
0.011856364086270332
],
"r_index_pip": [
0.03120533563196659,
0.01522113848477602,
-0.0056351227685809135
],
"r_index_dip": [
0.04704025387763977,
0.026119964197278023,
-0.013882408849895
],
"r_index_tip": [
0.06700882315635681,
0.02762732096016407,
-0.04555264115333557
],
"r_middle_mcp": [
0.0054367948323488235,
-0.0024676048196852207,
0.0033740561921149492
],
"r_middle_pip": [
0.005418938584625721,
0.028926515951752663,
-0.014970654621720314
],
"r_middle_dip": [
-0.0003550555557012558,
0.05529763177037239,
-0.01807391457259655
],
"r_middle_tip": [
-0.003421962261199951,
0.08204614371061325,
-0.013498203828930855
],
"r_ring_mcp": [
-0.00593201257288456,
-0.003235655138269067,
-0.010189228691160679
],
"r_ring_pip": [
-0.014797630719840527,
0.020971260964870453,
-0.009835521690547466
],
"r_ring_dip": [
-0.030993815511465073,
0.02329177036881447,
0.005497890990227461
],
"r_ring_tip": [
-0.03732281178236008,
0.008829648606479168,
0.026910454034805298
],
"r_pinky_mcp": [
-0.025201942771673203,
-0.012816181406378746,
-0.011677902191877365
],
"r_pinky_pip": [
-0.0313226580619812,
0.009697364643216133,
-0.010297819972038269
],
"r_pinky_dip": [
-0.03993620723485947,
0.014009609818458557,
0.0066970596089959145
],
"r_pinky_tip": [
-0.04137764126062393,
-3.5354867577552795e-05,
0.02262246608734131
]
}
],
"framerate": 30,
"mirrorable": true
}