{
"label": "p",
"gestures": [
{
"l_hand_position": null,
"l_wrist": null,
"l_thumb_cmc": null,
"l_thumb_mcp": null,
"l_thumb_ip": null,
"l_thumb_tip": null,
"l_index_mcp": null,
"l_index_pip": null,
"l_index_dip": null,
"l_index_tip": null,
"l_middle_mcp": null,
"l_middle_pip": null,
"l_middle_dip": null,
"l_middle_tip": null,
"l_ring_mcp": null,
"l_ring_pip": null,
"l_ring_dip": null,
"l_ring_tip": null,
"l_pinky_mcp": null,
"l_pinky_pip": null,
"l_pinky_dip": null,
"l_pinky_tip": null,
"r_hand_position": null,
"r_wrist": [
-0.06910674273967743,
-0.011091085150837898,
0.0582229346036911
],
"r_thumb_cmc": [
-0.04423941671848297,
0.006457816809415817,
0.049804944545030594
],
"r_thumb_mcp": [
-0.023716621100902557,
0.02291676588356495,
0.03541542589664459
],
"r_thumb_ip": [
-0.006884211208671331,
0.027441885322332382,
0.0006304215057753026
],
"r_thumb_tip": [
0.0032463381066918373,
0.023423928767442703,
-0.025681382045149803
],
"r_index_mcp": [
0.014869656413793564,
0.007162307854741812,
0.015277518890798092
],
"r_index_pip": [
0.03474092110991478,
0.015793336555361748,
-0.001623786287382245
],
"r_index_dip": [
0.05258459597826004,
0.022903919219970703,
-0.011629950255155563
],
"r_index_tip": [
0.07272543013095856,
0.022011317312717438,
-0.03583042323589325
],
"r_middle_mcp": [
0.006136954762041569,
-0.001963296439498663,
0.004313416313380003
],
"r_middle_pip": [
0.01220650877803564,
0.027565674856305122,
-0.014644878916442394
],
"r_middle_dip": [
0.009152354672551155,
0.055065471678972244,
-0.023227181285619736
],
"r_middle_tip": [
0.008067943155765533,
0.083319753408432,
-0.02665499970316887
],
"r_ring_mcp": [
-0.008610623888671398,
-0.0036169893573969603,
-0.010475260205566883
],
"r_ring_pip": [
-0.013832706026732922,
0.019568677991628647,
-0.015156957320868969
],
"r_ring_dip": [
-0.03134920448064804,
0.023624304682016373,
0.00034980580676347017
],
"r_ring_tip": [
-0.04034973680973053,
0.011160625144839287,
0.020046977326273918
],
"r_pinky_mcp": [
-0.028297357261180878,
-0.014619121327996254,
-0.017597513273358345
],
"r_pinky_pip": [
-0.03204461932182312,
0.00891462154686451,
-0.01857301965355873
],
"r_pinky_dip": [
-0.042860209941864014,
0.013938173651695251,
-0.0013214919017627835
],
"r_pinky_tip": [
-0.04617293179035187,
0.0025101639330387115,
0.014165099710226059
]
}
],
"framerate": 30,
"mirrorable": true
}