{
    "label": "g",
    "label_id": 7,
    "gestures": [
        {
            "wrist": [
                0.00024758651852607727,
                0.0843292847275734,
                -0.004709251224994659
            ],
            "thumb_cmc": [
                -0.023058947175741196,
                0.055456291884183884,
                -0.014282113872468472
            ],
            "thumb_mcp": [
                -0.027763731777668,
                0.020981378853321075,
                -0.015228504315018654
            ],
            "thumb_ip": [
                -0.03419310227036476,
                -0.013382521457970142,
                -0.01608886383473873
            ],
            "thumb_tip": [
                -0.033159080892801285,
                -0.04482407122850418,
                -0.008625953458249569
            ],
            "index_mcp": [
                -0.026500321924686432,
                -0.009350684471428394,
                0.004693901631981134
            ],
            "index_pip": [
                -0.027104362845420837,
                -0.04126592352986336,
                0.001377255655825138
            ],
            "index_dip": [
                -0.02772526629269123,
                -0.06630617380142212,
                -0.0036633957643061876
            ],
            "index_tip": [
                -0.02525913342833519,
                -0.0851503387093544,
                -0.02275269106030464
            ],
            "middle_mcp": [
                -0.005668905097991228,
                -0.0036201635375618935,
                0.006509760394692421
            ],
            "middle_pip": [
                -0.002898578532040119,
                -0.02679557166993618,
                -0.018673107028007507
            ],
            "middle_dip": [
                -0.010294033214449883,
                -0.013116052374243736,
                -0.039368268102407455
            ],
            "middle_tip": [
                -0.012778757140040398,
                0.008212009444832802,
                -0.04230540990829468
            ],
            "ring_mcp": [
                0.017597435042262077,
                0.004578738939017057,
                -0.0004272736550774425
            ],
            "ring_pip": [
                0.01733303815126419,
                -0.006213626358658075,
                -0.027560831978917122
            ],
            "ring_dip": [
                0.01032203994691372,
                0.01595623791217804,
                -0.03715887293219566
            ],
            "ring_tip": [
                0.004645277746021748,
                0.03595564514398575,
                -0.02878366783261299
            ],
            "pinky_mcp": [
                0.03012920916080475,
                0.0198991596698761,
                -0.012007740326225758
            ],
            "pinky_pip": [
                0.032380055636167526,
                0.009993656538426876,
                -0.02888495847582817
            ],
            "pinky_dip": [
                0.02665330283343792,
                0.023303430527448654,
                -0.04048684239387512
            ],
            "pinky_tip": [
                0.016938302665948868,
                0.03715688735246658,
                -0.03310352563858032
            ]
        }
    ]
}