{
    "label": "g",
    "label_id": 7,
    "gestures": [
        {
            "wrist": [
                -0.024949191138148308,
                0.08046592772006989,
                0.003267153399065137
            ],
            "thumb_cmc": [
                0.004950499162077904,
                0.06513242423534393,
                -0.006051007192581892
            ],
            "thumb_mcp": [
                0.025366056710481644,
                0.034514136612415314,
                -0.015984531491994858
            ],
            "thumb_ip": [
                0.03705885633826256,
                0.0014074109494686127,
                -0.025496745482087135
            ],
            "thumb_tip": [
                0.03900899738073349,
                -0.029158826917409897,
                -0.028433403000235558
            ],
            "index_mcp": [
                0.025315523147583008,
                -0.003610723651945591,
                0.0011402135714888573
            ],
            "index_pip": [
                0.030973749235272408,
                -0.0363045297563076,
                -0.0016018630703911185
            ],
            "index_dip": [
                0.037349142134189606,
                -0.05820484831929207,
                -0.005212501622736454
            ],
            "index_tip": [
                0.04345542937517166,
                -0.08594387024641037,
                -0.02200581505894661
            ],
            "middle_mcp": [
                0.0027193413116037846,
                -0.004545464180409908,
                0.006269298493862152
            ],
            "middle_pip": [
                0.011913045309484005,
                -0.015722427517175674,
                -0.02434873767197132
            ],
            "middle_dip": [
                0.008386635221540928,
                0.009223912842571735,
                -0.03330719843506813
            ],
            "middle_tip": [
                0.00542658194899559,
                0.028827816247940063,
                -0.019286299124360085
            ],
            "ring_mcp": [
                -0.017409907653927803,
                -0.0003684787079691887,
                0.0005182655295357108
            ],
            "ring_pip": [
                -0.009864157997071743,
                -0.007867487147450447,
                -0.02846846543252468
            ],
            "ring_dip": [
                -0.009492053650319576,
                0.017697744071483612,
                -0.034187640994787216
            ],
            "ring_tip": [
                -0.009135962463915348,
                0.0382438525557518,
                -0.01804897002875805
            ],
            "pinky_mcp": [
                -0.0381571389734745,
                0.01049299817532301,
                -0.008912726305425167
            ],
            "pinky_pip": [
                -0.03157509118318558,
                0.0022605061531066895,
                -0.02701045200228691
            ],
            "pinky_dip": [
                -0.023557767271995544,
                0.01801890693604946,
                -0.03640527278184891
            ],
            "pinky_tip": [
                -0.026416560634970665,
                0.03268049657344818,
                -0.024485064670443535
            ]
        }
    ]
}