{
    "label": "g",
    "label_id": 7,
    "gestures": [
        {
            "wrist": [
                -0.01555837132036686,
                0.08772844076156616,
                -0.02817464992403984
            ],
            "thumb_cmc": [
                0.008478829637169838,
                0.05998010188341141,
                -0.04173525422811508
            ],
            "thumb_mcp": [
                0.023450525477528572,
                0.027446342632174492,
                -0.041308578103780746
            ],
            "thumb_ip": [
                0.023955542594194412,
                -0.011851217597723007,
                -0.0407908633351326
            ],
            "thumb_tip": [
                0.020033758133649826,
                -0.0454845055937767,
                -0.027476206421852112
            ],
            "index_mcp": [
                0.024690963327884674,
                -0.006948609836399555,
                -0.003185284323990345
            ],
            "index_pip": [
                0.02805071510374546,
                -0.04086856544017792,
                -0.00034821475856006145
            ],
            "index_dip": [
                0.0333503782749176,
                -0.06375402957201004,
                -0.003550903871655464
            ],
            "index_tip": [
                0.027999117970466614,
                -0.08681845664978027,
                -0.023761924356222153
            ],
            "middle_mcp": [
                0.003510440234094858,
                -0.0037143437657505274,
                0.006973042152822018
            ],
            "middle_pip": [
                0.004464523401111364,
                -0.026034284383058548,
                -0.01772238314151764
            ],
            "middle_dip": [
                -0.000734192319214344,
                -0.0065629747696220875,
                -0.03758472949266434
            ],
            "middle_tip": [
                -0.0002442835830152035,
                0.01162101048976183,
                -0.028778769075870514
            ],
            "ring_mcp": [
                -0.01500006578862667,
                0.0006506000645458698,
                0.002821556758135557
            ],
            "ring_pip": [
                -0.016483094543218613,
                -0.009710278362035751,
                -0.02856484055519104
            ],
            "ring_dip": [
                -0.017907051369547844,
                0.014588912948966026,
                -0.03809410706162453
            ],
            "ring_tip": [
                -0.01296820305287838,
                0.03218252211809158,
                -0.025700563564896584
            ],
            "pinky_mcp": [
                -0.04091013967990875,
                0.015351035632193089,
                -0.008644122630357742
            ],
            "pinky_pip": [
                -0.037013471126556396,
                0.007726253010332584,
                -0.02981484867632389
            ],
            "pinky_dip": [
                -0.0319514125585556,
                0.021442318335175514,
                -0.04449119791388512
            ],
            "pinky_tip": [
                -0.0259872879832983,
                0.04036079719662666,
                -0.032397788017988205
            ]
        }
    ]
}